tf,target_cell,scheme_id,sequence,y,label,id,chr,start,end,cell_line,split,row_idx,grad_idx,jaspar_id,tf_motif_name,begin,stop,pwm_score,strand,tf_key,gradient_method,mean_grad_K562,win_abs_K562,flank_abs_K562,win_enrichment_K562,local_peak_K562,mean_grad_hPSC,win_abs_hPSC,flank_abs_hPSC,win_enrichment_hPSC,local_peak_hPSC,mean_grad_HepG2,win_abs_HepG2,flank_abs_HepG2,win_enrichment_HepG2,local_peak_HepG2,mean_gradient,chip_signal,chip_log2,motif_spec_norm_mean_K562,motif_spec_norm_mean_hPSC,motif_spec_norm_mean_HepG2,motif_spec_raw_mean_K562,motif_spec_raw_mean_hPSC,motif_spec_raw_mean_HepG2,motif_spec_norm_median_K562,motif_spec_norm_median_hPSC,motif_spec_norm_median_HepG2,motif_spec_norm_max_K562,motif_spec_norm_max_hPSC,motif_spec_norm_max_HepG2,motif_spec_win_enrich_K562,motif_spec_win_enrich_hPSC,motif_spec_win_enrich_HepG2,motif_spec_norm_mean_log2_K562,motif_spec_norm_mean_log2_hPSC,motif_spec_norm_mean_log2_HepG2,lineage_target,matrix_delta_norm_mean,motif_spec_K562,motif_spec_hPSC,motif_spec_HepG2,delta_spec_norm,delta,rra_assigned_cell
KLF1,K562,norm_mean,"[[0 0 1 0]
 [0 0 1 0]
 [0 0 1 0]
 ...
 [0 0 1 0]
 [0 0 0 1]
 [0 1 0 0]]",0.6731439399893099,1.0,EH38E3313002,chr19,49128218,49128718,shared,cross_context,214951,-1,MA0493.3,KLF1,20,28,14.331336461977376,+,KLF1,ig,0.0703095984645187,0.0683796694659395,0.0573076228552963,1.1932035238412375,True,0.0370148790534585,0.0777256711700465,0.0445790855027735,1.7435452714649806,True,0.0605699773877859,0.0684170903416816,0.0442742902529425,1.5453003198426478,True,0.055964818301921,0.5510200262069702,-0.8598207237755797,1.1925913421670924,0.69424362166115,1.1843311571446802,0.0703095984645187,0.0370148790534585,0.0605699773877859,1.3143015681843386,0.6246027690275451,1.421274134551885,1.799610225846443,1.3417603194097196,2.6856008368703743,1.1932035238412375,1.7435452714649806,1.5453003198426478,0.2540997696164331,-0.5264860754142042,0.2440725382406066,K562,0.0082601850224122,1.1925913421670924,0.69424362166115,1.1843311571446802,0.0082601850224122,0.008260185022412214,K562
KLF1,K562,norm_mean,"[[0 0 1 0]
 [1 0 0 0]
 [0 0 1 0]
 ...
 [0 0 1 0]
 [0 1 0 0]
 [0 0 0 1]]",0.7390361269333023,1.0,EH38E3880941,chr9,34612151,34612651,shared,cross_context,48889,-1,MA0493.3,KLF1,18,26,14.331336461977376,+,KLF1,ig,0.0658091168734245,0.0497925820481032,0.0556155576271703,0.8952993590193551,False,0.0296429046429693,0.0442088240536395,0.0403950479291961,1.094411700835486,True,0.0402039904729463,0.0395408953924197,0.0348629031266318,1.1341821966740462,True,0.0452186706631133,0.873740017414093,-0.1947223761002965,1.099747335655794,0.7433863101986674,0.9641620320296964,0.0658091168734245,0.0296429046429693,0.0402039904729463,1.7009524178352031,0.735306779256931,0.983950426610099,2.1955569469176632,2.1340275842005534,2.180800751132534,0.8952993590193551,1.094411700835486,1.1341821966740462,0.1371721073647625,-0.4278159723960925,-0.0526524747759191,K562,0.1355853036260974,1.099747335655794,0.7433863101986674,0.9641620320296964,0.1355853036260974,0.13558530362609766,K562
KLF1,K562,norm_mean,"[[0 1 0 0]
 [1 0 0 0]
 [0 1 0 0]
 ...
 [0 1 0 0]
 [0 0 1 0]
 [0 1 0 0]]",0.1999148776402024,0.0,EH38E3010892,chr12,32896557,32897057,shared,cross_context,20698,-1,MA0493.3,KLF1,423,431,14.331336461977376,+,KLF1,ig,0.0486548690241761,0.0484938561893068,0.0573442244992475,0.8456622817058126,False,0.0214915839023888,0.0487764146814879,0.0571531135903205,0.8534339265710527,False,0.0279389332863502,0.0461638807842973,0.0471049321664031,0.9800220244665326,False,0.0326951287376383,1.291200041770935,0.3687136477286061,0.9238855259886468,0.3928314782059356,0.592552583716179,0.0486548690241761,0.0214915839023888,0.0279389332863502,0.9136752701987356,0.4583097378712487,0.7517874606217627,2.3045141654086985,0.8394812517324616,1.4289977253697834,0.8456622817058126,0.8534339265710527,0.9800220244665326,-0.1142139877013477,-1.3480175515010382,-0.7549849065423166,K562,0.3313329422724679,0.9238855259886468,0.3928314782059356,0.592552583716179,0.3313329422724679,0.3313329422724678,K562
KLF1,K562,norm_mean,"[[0 0 1 0]
 [1 0 0 0]
 [0 0 1 0]
 ...
 [0 1 0 0]
 [0 0 0 1]
 [0 0 1 0]]",0.1643870159636641,0.0,EH38E3018641,chr12,53325591,53326091,shared,cross_context,209897,-1,MA0493.3,KLF1,189,197,14.331336461977376,+,KLF1,ig,0.0448962227674201,0.0649294204951729,0.0483584102988561,1.3426704200407646,True,0.0356664485880173,0.0579989829612895,0.0399641552999609,1.4512747238923638,True,0.0277988805901259,0.0441682263760594,0.0379680336128011,1.1633000326929648,True,0.0361205173151878,0.6795600056648254,-0.5573250242192698,0.8108812032505325,0.7565183381325326,0.6787801201783029,0.0448962227674201,0.0356664485880173,0.0277988805901259,0.7525363364384892,1.0724183001194667,0.9489717709384908,1.7862269758764922,1.4317055188127108,1.0896160743162473,1.3426704200407646,1.4512747238923638,1.1633000326929648,-0.3024375227286913,-0.4025530389425497,-0.558983780297632,K562,0.0543628651179999,0.8108812032505325,0.7565183381325326,0.6787801201783029,0.0543628651179999,0.054362865117999926,K562
KLF1,K562,norm_mean,"[[1 0 0 0]
 [0 0 1 0]
 [0 0 1 0]
 ...
 [0 1 0 0]
 [1 0 0 0]
 [1 0 0 0]]",0.6924457653840547,1.0,EH38E3223482,chr17,41812919,41813419,shared,cross_context,96951,-1,MA0493.3,KLF1,1,9,14.331336461977376,+,KLF1,ig,0.0706400484777987,0.0861840756598394,0.0661160143162123,1.303527799064986,True,0.0318619085883256,0.065661809341982,0.0529662366962293,1.2396915665662316,True,0.0176213918603025,0.0534231029398506,0.0540191159088863,0.9889664455133732,False,0.0400411163088089,0.9786099791526794,-0.0311926262587852,0.9531682119036564,0.5612010966402866,0.3232656705174244,0.0706400484777987,0.0318619085883256,0.0176213918603025,1.1551830097541664,0.6206672116512704,0.2898012074033074,1.342331908304433,1.2125073237597266,0.8769670151312593,1.303527799064986,1.2396915665662316,0.9889664455133732,-0.0691972548267879,-0.8334102641928263,-1.6292077830964449,K562,0.3919671152633698,0.9531682119036564,0.5612010966402866,0.3232656705174244,0.3919671152633698,0.3919671152633698,K562
KLF1,K562,norm_mean,"[[0 0 1 0]
 [0 0 1 0]
 [1 0 0 0]
 ...
 [0 1 0 0]
 [0 0 0 1]
 [0 0 1 0]]",0.0473895943400446,0.0,EH38E3039689,chr12,109097805,109098305,shared,cross_context,73823,-1,MA0493.3,KLF1,357,365,14.331336461977376,+,KLF1,ig,0.0834067108808085,0.0722817532427143,0.0817842262164426,0.8838103354223436,False,0.0308542151469737,0.0466810044331941,0.0523109981489638,0.8923743985255003,False,0.0447465821634978,0.0485756090044742,0.0519270732779931,0.9354580680841116,False,0.0530025027304266,0.5272300243377686,-0.9234928282186882,1.0132694488713658,0.5825898822346883,0.8419868879363264,0.0834067108808085,0.0308542151469737,0.0447465821634978,1.3400901260302056,0.6423471065313341,1.1377223808374015,1.8962495273389808,1.51824231622239,1.7552496688464927,0.8838103354223436,0.8923743985255003,0.9354580680841116,0.0190178684157464,-0.7794474458187646,-0.2481303264577007,K562,0.1712825609350394,1.0132694488713658,0.5825898822346883,0.8419868879363264,0.1712825609350394,0.17128256093503946,K562
KLF1,K562,norm_mean,"[[0 0 0 1]
 [0 1 0 0]
 [0 1 0 0]
 ...
 [0 1 0 0]
 [0 1 0 0]
 [0 1 0 0]]",1.0,1.0,EH38E3804610,chr7,140924502,140925002,shared,cross_context,161927,-1,MA0493.3,KLF1,244,252,14.331336461977376,+,KLF1,ig,0.055549731478095,0.0536614305526018,0.060464271291074,0.8874897610090923,False,0.0236445927002932,0.0381750036723678,0.0472018536831735,0.8087605169279881,False,0.0294705382548272,0.0469923535964335,0.0417420561033605,1.1257792913286169,True,0.0362216208110718,0.711359977722168,-0.4913462585123383,0.9609531094818904,0.541366728645933,0.6729516019826958,0.055549731478095,0.0236445927002932,0.0294705382548272,1.1947182829791472,0.7316598651681735,0.7040058169349247,1.4916918543702185,0.8662469633291812,1.3429079671816453,0.8874897610090923,0.8087605169279881,1.1257792913286169,-0.0574620581918094,-0.8853218671972649,-0.5714253413853752,K562,0.2880015074991946,0.9609531094818904,0.541366728645933,0.6729516019826958,0.2880015074991946,0.2880015074991946,K562
KLF1,K562,norm_mean,"[[0 0 0 1]
 [0 0 1 0]
 [0 1 0 0]
 ...
 [0 0 1 0]
 [1 0 0 0]
 [0 1 0 0]]",0.0523429538090361,0.0,EH38E3302748,chr19,35533878,35534378,shared,cross_context,109564,-1,MA0493.3,KLF1,419,427,14.331336461977376,+,KLF1,ig,0.0871925735846161,0.0693515619297977,0.0600642174016684,1.1546233911579682,True,0.0529646896466147,0.0526469184237066,0.0471234883472789,1.117211588064253,True,0.0360700513701885,0.054844046565704,0.040005196906568,1.3709227074813557,True,0.0587424382004731,0.4955500066280365,-1.0128945345047256,1.2316764050480526,0.9849764831038224,0.6996916878623598,0.0871925735846161,0.0529646896466147,0.0360700513701885,1.613006618902194,1.4401375891495831,0.8844384297405073,1.92626967831126,1.9684626964671728,1.2623369412072092,1.1546233911579682,1.117211588064253,1.3709227074813557,0.3006232716895178,-0.0218388136399545,-0.5152087398764978,K562,0.2466999219442303,1.2316764050480526,0.9849764831038224,0.6996916878623598,0.2466999219442303,0.2466999219442303,K562
KLF1,K562,norm_mean,"[[0 0 1 0]
 [0 0 0 1]
 [0 0 1 0]
 ...
 [0 0 1 0]
 [0 0 1 0]
 [0 0 1 0]]",0.7437412341807328,1.0,EH38E3511950,chr3,48609435,48609935,shared,cross_context,38777,-1,MA0493.3,KLF1,504,512,14.331336461977376,+,KLF1,ig,0.0582797332899645,0.0585679017670918,0.0597683239076286,0.9799152483923664,False,0.0258924628142267,0.036850119747105,0.046537915066001,0.7918298827213178,False,0.03829533958924,0.0383443043584702,0.0403738537232857,0.9497308610658208,False,0.0408225118978104,0.9061099886894226,-0.1422403194229421,0.9095279866631044,0.5231685365918854,0.8980760784843334,0.0582797332899645,0.0258924628142267,0.03829533958924,1.0388975002445355,0.615994970669675,1.049814444555132,1.6987551591466126,1.421878380459795,2.1451981058734697,0.9799152483923664,0.7918298827213178,0.9497308610658208,-0.1368100622425775,-0.9346523125089166,-0.1550904284893644,K562,0.011451908178771,0.9095279866631044,0.5231685365918854,0.8980760784843334,0.011451908178771,0.011451908178771064,K562
KLF1,K562,norm_mean,"[[1 0 0 0]
 [0 1 0 0]
 [1 0 0 0]
 ...
 [0 0 1 0]
 [0 0 1 0]
 [0 1 0 0]]",0.0451920033724105,0.0,EH38E2962752,chr11,64165064,64165564,shared,cross_context,19137,-1,MA0493.3,KLF1,467,475,14.331336461977376,+,KLF1,ig,0.0703443584498018,0.0468161783140385,0.0546485492144711,0.8566772662808183,False,0.0442227405728772,0.0474268106650561,0.0473697141744196,1.0012051260933306,True,0.039639051828999,0.0387993254361208,0.0406001670251134,0.9556442429332586,False,0.0514020502838927,0.6533799767494202,-0.6140036437061177,1.3208814789964516,0.9019962467571856,0.8617999190883789,0.0703443584498018,0.0442227405728772,0.039639051828999,1.548586009338559,0.9126868817070016,1.288037630768662,2.4495467906149533,1.772385259323257,1.5507847982953784,0.8566772662808183,1.0012051260933306,0.9556442429332586,0.4015010223059001,-0.1488066629071054,-0.2145751302150064,K562,0.418885232239266,1.3208814789964516,0.9019962467571856,0.8617999190883789,0.418885232239266,0.418885232239266,K562
KLF1,K562,norm_mean,"[[0 1 0 0]
 [0 0 0 1]
 [1 0 0 0]
 ...
 [0 1 0 0]
 [0 0 0 1]
 [0 1 0 0]]",0.0318943862076388,0.0,EH38E3295394,chr19,17829712,17830212,shared,cross_context,15848,-1,MA0493.3,KLF1,469,477,14.331336461977376,+,KLF1,ig,0.0611778725869953,0.0470894901687279,0.0509237817977555,0.9247051035740708,False,0.0300845847232267,0.0353603507345542,0.046151041885605,0.7661873194613671,False,0.043499942519702,0.0426922091530286,0.0519917017157422,0.8211349029330413,False,0.044920799943308,0.2831400036811828,-1.8204074034893207,1.166223637424664,0.699384459662525,0.8500775746299825,0.0611778725869953,0.0300845847232267,0.043499942519702,1.1367402931094728,0.8742533686863694,0.616201207136899,2.425889960333552,1.416428150874465,2.5105055467393527,0.9247051035740708,0.7661873194613671,0.8211349029330413,0.221844470449945,-0.5158423531470806,-0.2343335914371898,K562,0.3161460627946815,1.166223637424664,0.699384459662525,0.8500775746299825,0.3161460627946815,0.3161460627946815,K562
KLF1,K562,norm_mean,"[[0 0 0 1]
 [0 0 0 1]
 [0 0 1 0]
 ...
 [0 0 0 1]
 [0 1 0 0]
 [0 1 0 0]]",0.139503570702807,0.0,EH38E3880998,chr9,34665839,34666339,shared,cross_context,169513,-1,MA0493.3,KLF1,339,347,14.331336461977376,+,KLF1,ig,0.0891684871749021,0.0502181023091543,0.0608065255448485,0.8258668555802762,False,0.0519579304382205,0.0480879779637325,0.0505788109904037,0.9507532406272624,False,0.0357431225129403,0.0415686106623616,0.0486175948815622,0.8550114873743209,False,0.0589565133753543,4.242549896240234,2.084931967325497,1.5452854173263866,1.0301369832763454,0.803785544485147,0.0891684871749021,0.0519579304382205,0.0357431225129403,2.1039943883805554,1.1478510003407811,0.847764940685148,2.5524556101260423,1.8190550336959936,1.5890617217809864,0.8258668555802762,0.9507532406272624,0.8550114873743209,0.6278733323523426,0.0428361950742343,-0.3151174613130482,K562,0.5151484340500412,1.5452854173263866,1.0301369832763454,0.803785544485147,0.5151484340500412,0.5151484340500412,K562
KLF1,K562,norm_mean,"[[0 0 0 1]
 [0 0 0 1]
 [1 0 0 0]
 ...
 [1 0 0 0]
 [0 0 0 1]
 [0 1 0 0]]",0.12389139082902,0.0,EH38E3208660,chr17,9644424,9644924,shared,cross_context,94593,-1,MA0493.3,KLF1,206,214,14.331336461977376,+,KLF1,ig,0.1273895632475614,0.0719186294660903,0.0653381310072877,1.1007143508730772,True,0.021365251741372,0.0522913976659765,0.0486043047355187,1.0758591690988983,True,0.0274222333682701,0.0453920500055392,0.0494643618931032,0.9176716143012048,False,0.0587256827857345,0.9222599864006042,-0.1167530248124705,1.877738254999076,0.4282763586713339,0.5742874595843139,0.1273895632475614,0.021365251741372,0.0274222333682701,2.5578802640228355,0.5029333039684807,0.6415091850260677,2.641961645204845,0.8855133763609561,1.2557275468212945,1.1007143508730772,1.0758591690988983,0.9176716143012048,0.9089959750846036,-1.223386050453674,-0.8001550336863619,K562,1.3034507954147618,1.877738254999076,0.4282763586713339,0.5742874595843139,1.3034507954147618,1.303450795414762,K562
KLF1,K562,norm_mean,"[[1 0 0 0]
 [0 1 0 0]
 [0 0 0 1]
 ...
 [0 1 0 0]
 [0 1 0 0]
 [1 0 0 0]]",0.0340667964476485,0.0,EH38E2839617,chr1,155017233,155017733,shared,cross_context,52717,-1,MA0493.3,KLF1,87,95,14.331336461977376,+,KLF1,ig,0.0862290430814027,0.0870068567839916,0.0740043786703608,1.1756986085183128,True,0.048200431279838,0.0639985195922781,0.0488507619951269,1.3100820514906553,True,0.0465052365325391,0.0616398183212731,0.0485759964090539,1.2689354864253386,True,0.0603115702979266,1.6989799737930298,0.7646696964490683,1.1802889850163198,0.9757378722753588,0.9494858453963008,0.0862290430814027,0.048200431279838,0.0465052365325391,1.2573417355380023,0.779411735263877,1.434454362686507,2.514157384024447,2.5000965615071298,1.273147608809046,1.1756986085183128,1.3100820514906553,1.2689354864253386,0.2391401372553888,-0.0354344673017612,-0.0747816000271324,K562,0.2045511127409611,1.1802889850163198,0.9757378722753588,0.9494858453963008,0.2045511127409611,0.20455111274096105,K562
KLF1,K562,norm_mean,"[[0 0 1 0]
 [0 0 1 0]
 [0 1 0 0]
 ...
 [0 0 0 1]
 [0 1 0 0]
 [0 1 0 0]]",0.0584356897109359,0.0,EH38E3183215,chr16,57416034,57416534,shared,cross_context,89989,-1,MA0493.3,KLF1,227,235,14.331336461977376,+,KLF1,ig,0.0729509469820186,0.0601527924364199,0.0783966571049323,0.7672876240504809,False,0.0419751143781468,0.0504549338680226,0.046674429547961,1.0809971015544149,True,0.0355380570399574,0.0569322280219057,0.0534565862110004,1.0650178286171936,True,0.0501547061333743,1.0889999866485596,0.123005261155223,1.0235834998652122,0.8717357807367229,0.6483359954553657,0.0729509469820186,0.0419751143781468,0.0355380570399574,1.2639042787984451,1.2962249204109062,0.9102177386211846,1.9536575750069576,1.503308534406809,1.3684148487067809,0.7672876240504809,1.0809971015544149,1.0650178286171936,0.0336287978868531,-0.1980371664677771,-0.6251864194453315,K562,0.1518477191284893,1.0235834998652122,0.8717357807367229,0.6483359954553657,0.1518477191284893,0.15184771912848938,K562
KLF1,K562,norm_mean,"[[0 0 1 0]
 [0 0 1 0]
 [0 0 1 0]
 ...
 [0 1 0 0]
 [0 0 1 0]
 [1 0 0 0]]",0.1492045712950676,0.0,EH38E3806880,chr7,148884689,148885189,shared,cross_context,46729,-1,MA0493.3,KLF1,61,69,14.331336461977376,+,KLF1,ig,0.1494965851306915,0.0930840026203077,0.0635673539876006,1.4643363635223972,True,0.0379520815331488,0.0522250705567421,0.0420907207307755,1.2407736727306733,True,0.0996970273554325,0.0502963570741121,0.0527991829533129,0.9525970807657244,False,0.0957152313397576,3.253309965133667,1.7019087278246887,2.1403727812658158,0.8798234413336775,2.065826889911519,0.1494965851306915,0.0379520815331488,0.0996970273554325,3.083664482001805,1.313781974138415,2.3417583848905834,2.8455983246384697,1.8416838389379004,3.1301301586023005,1.4643363635223972,1.2407736727306733,0.9525970807657244,1.09786208835027,-0.1847140534393011,1.0467193664551435,K562,0.0745458913542962,2.1403727812658158,0.8798234413336775,2.065826889911519,0.0745458913542962,0.07454589135429668,K562
KLF1,K562,norm_mean,"[[0 1 0 0]
 [0 1 0 0]
 [0 1 0 0]
 ...
 [0 0 0 1]
 [0 0 0 1]
 [0 1 0 0]]",0.7443903274351762,1.0,EH38E3195710,chr16,85027780,85028280,shared,cross_context,54775,-1,MA0493.3,KLF1,246,254,14.331336461977376,+,KLF1,ig,0.0476827403181232,0.0715813722647726,0.0498767346128797,1.4351652823445915,True,0.0363782437052577,0.058204369021987,0.0474839133948523,1.2257700051023357,True,0.0233295962098054,0.0516263860289473,0.0458190280373972,1.1267453058881365,True,0.0357968600777288,0.1332399994134903,-2.907890014361389,0.8171133836252688,0.7040279336823443,0.4851485934624449,0.0476827403181232,0.0363782437052577,0.0233295962098054,0.8678008065211414,1.012919979270979,0.3204569841837693,1.5438979960966408,1.1018367839275154,1.154109038233616,1.4351652823445915,1.2257700051023357,1.1267453058881365,-0.2913918107798987,-0.5062954210984649,-1.043501401896034,K562,0.1130854499429244,0.8171133836252688,0.7040279336823443,0.4851485934624449,0.1130854499429244,0.11308544994292447,K562
KLF1,K562,norm_mean,"[[0 0 1 0]
 [0 1 0 0]
 [0 1 0 0]
 ...
 [1 0 0 0]
 [0 0 0 1]
 [0 0 1 0]]",0.1286319093545086,0.0,EH38E3040122,chr12,109714552,109715052,shared,cross_context,73889,-1,MA0493.3,KLF1,363,371,14.331336461977376,+,KLF1,ig,0.0848969451617449,0.0587336246490303,0.0546641833890153,1.0744441838015446,True,0.063853837782517,0.0489944517391268,0.0465469113123432,1.0525820045188374,True,0.0190043015754781,0.0342594259732868,0.04367101895908,0.7844886367433216,False,0.05591836150658,1.3068499565124512,0.3860946143074681,1.5364698750463903,1.3322333929827743,0.4504304586725574,0.0848969451617449,0.063853837782517,0.0190043015754781,1.924962961463127,1.5022165787530168,0.1982997061818926,3.264243027522065,2.813523721697872,1.468087689182756,1.0744441838015446,1.0525820045188374,0.7844886367433216,0.6196194817993974,0.413846850310924,-1.150623704119556,K562,0.2042364820636162,1.5364698750463903,1.3322333929827743,0.4504304586725574,0.2042364820636162,0.204236482063616,K562
KLF1,K562,norm_mean,"[[0 0 0 1]
 [0 0 0 1]
 [0 1 0 0]
 ...
 [0 0 1 0]
 [0 0 1 0]
 [0 0 1 0]]",0.892061766716658,1.0,EH38E3619016,chr4,184474418,184474918,shared,cross_context,218897,-1,MA0493.3,KLF1,502,510,14.331336461977376,+,KLF1,ig,0.1100729350000619,0.0570586105657275,0.0773289698315784,0.7378683992728281,False,0.0214358412194997,0.0490498011669842,0.0588632734352722,0.8332834715365613,False,0.0277567505836486,0.0362668679817579,0.0412341870309319,0.8795337509434774,False,0.0530885089344034,2.545010089874268,1.3476719428517572,1.5169975041996335,0.4132451480633277,0.6042334212424166,0.1100729350000619,0.0214358412194997,0.0277567505836486,1.951162469778248,0.3280411140545606,0.8549217062420672,2.19762375949078,0.9473637464089544,1.2304832715245435,0.7378683992728281,0.8332834715365613,0.8795337509434774,0.6012187129817321,-1.2749302105503095,-0.7268221081571422,K562,0.9127640829572168,1.5169975041996335,0.4132451480633277,0.6042334212424166,0.9127640829572168,0.9127640829572169,K562
KLF1,K562,norm_mean,"[[1 0 0 0]
 [0 0 1 0]
 [1 0 0 0]
 ...
 [0 0 1 0]
 [0 0 1 0]
 [0 0 1 0]]",0.6513452856125923,1.0,EH38E2618883,chr8,26291253,26291753,shared,cross_context,38901,-1,MA0493.3,KLF1,136,144,14.331336461977376,+,KLF1,ig,0.1401067897677421,0.0907398626871872,0.0513139224853754,1.768327982133278,True,0.0518311192281544,0.057790002078982,0.0499419081087883,1.1571442240784229,True,0.0750584511552006,0.0673859214165713,0.0421795716664443,1.5975957739329534,True,0.0889987867170323,1.6801999807357788,0.7486338142947562,2.148450737100053,1.0459988860302831,1.4009632053470735,0.1401067897677421,0.0518311192281544,0.0750584511552006,2.587038916459839,1.2781385561574266,1.7730652969991632,3.2084418653951667,1.7085761730123932,2.613952845519923,1.768327982133278,1.1571442240784229,1.5975957739329534,1.1032966978874932,0.0648813165210445,0.4864190666055215,K562,0.7474875317529794,2.148450737100053,1.0459988860302831,1.4009632053470735,0.7474875317529794,0.7474875317529794,K562
KLF1,K562,norm_mean,"[[0 1 0 0]
 [0 1 0 0]
 [0 1 0 0]
 ...
 [1 0 0 0]
 [1 0 0 0]
 [0 0 1 0]]",0.1693768450214816,0.0,EH38E3921481,chr9,137459147,137459647,shared,cross_context,174584,-1,MA0493.3,KLF1,341,349,14.331336461977376,+,KLF1,ig,0.0355333994084503,0.0524499911663588,0.0503784862093188,1.0411186341972796,True,0.0274610498454421,0.0299677592789521,0.0452837697884298,0.6617768971354513,False,0.0276098902686499,0.0385430586570873,0.0382014312851155,1.0089425257393347,True,0.0302014465075141,5.015689849853516,2.326448428058574,0.7043159499654761,0.6735445943635218,0.7017906659043027,0.0355333994084503,0.0274610498454421,0.0276098902686499,0.7849510265812432,0.8635706111416832,0.8671749969937651,1.5657861279206369,1.3754320902703543,1.2893420182833977,1.0411186341972796,0.6617768971354513,1.0089425257393347,-0.5057053384156815,-0.5701546252504738,-0.510887333383265,K562,0.0025252840611733,0.7043159499654761,0.6735445943635218,0.7017906659043027,0.0025252840611733,0.0025252840611733607,K562
KLF1,K562,norm_mean,"[[0 1 0 0]
 [0 0 1 0]
 [0 0 1 0]
 ...
 [0 0 1 0]
 [0 0 1 0]
 [0 1 0 0]]",0.7838693224980461,1.0,EH38E3305178,chr19,39341996,39342496,shared,cross_context,214712,-1,MA0493.3,KLF1,406,414,14.331336461977376,+,KLF1,ig,0.0826434093760326,0.0568191349459812,0.086821156689934,0.6544387401392608,False,0.0388453793566441,0.0438111881288932,0.0600182253787856,0.7299646157937357,False,0.034276581951417,0.0361729163517884,0.0610758880398807,0.5922617188234969,False,0.0519217902280312,1.3774900436401367,0.4620429385147879,1.1545208519453265,0.7465185048568445,0.7391828541772772,0.0826434093760326,0.0388453793566441,0.034276581951417,1.3948479899822313,0.851726230755944,0.8063438841384618,2.201442728446195,1.4791518251064222,1.808314561413212,0.6544387401392608,0.7299646157937357,0.5922617188234969,0.2072942312922933,-0.4217500703253024,-0.4359968000348656,K562,0.4080023470884818,1.1545208519453265,0.7465185048568445,0.7391828541772772,0.4080023470884818,0.40800234708848204,K562
KLF1,K562,norm_mean,"[[0 0 1 0]
 [0 0 1 0]
 [0 1 0 0]
 ...
 [0 0 0 1]
 [0 0 1 0]
 [0 0 1 0]]",0.0581968820509223,0.0,EH38E3230950,chr17,51259176,51259676,shared,cross_context,98292,-1,MA0493.3,KLF1,376,384,14.331336461977376,+,KLF1,ig,0.0727371193934232,0.0699638944183243,0.0761798683389347,0.91840386128008,False,0.020819984114496,0.0577405910362722,0.0424056290781852,1.361625300111933,True,0.035679378255736,0.0520038029400166,0.0499949959911614,1.0401799521578268,True,0.0430788272545517,1.0657600164413452,0.091883968070467,0.9445646742161544,0.3911778178104886,0.6658216648109457,0.0727371193934232,0.020819984114496,0.035679378255736,1.253355597558933,0.2501459695360036,0.6611806166112009,2.071401525419005,1.134623998771878,1.8390032412401944,0.91840386128008,1.361625300111933,1.0401799521578268,-0.0822785122290943,-1.3541035282765843,-0.5867922784052071,K562,0.2787430094052087,0.9445646742161544,0.3911778178104886,0.6658216648109457,0.2787430094052087,0.2787430094052087,K562
KLF1,K562,norm_mean,"[[0 0 1 0]
 [0 1 0 0]
 [0 0 0 1]
 ...
 [0 0 0 1]
 [0 1 0 0]
 [0 1 0 0]]",0.700065720275463,1.0,EH38E2776722,chr1,966752,967252,shared,cross_context,206621,-1,MA0493.3,KLF1,298,306,14.331336461977376,+,KLF1,ig,0.0808409457094967,0.0598098859447054,0.0561750494743577,1.0647053426264184,True,0.0357830869033932,0.0408388604715582,0.0495869947987,0.8235799003659305,False,0.0220511597581207,0.0547944387572351,0.0482096977319733,1.1365851679058143,True,0.0462250641236702,2.0840001106262207,1.0593560464717542,1.4047506279381583,0.7769679790712108,0.4342903095365709,0.0808409457094967,0.0357830869033932,0.0220511597581207,1.8417782131550733,0.8823700623318991,0.6184453642677904,2.09916826110243,1.587034418887108,0.780608412730065,1.0647053426264184,0.8235799003659305,1.1365851679058143,0.4903140462289765,-0.3640729504941975,-1.203268329746441,K562,0.6277826488669477,1.4047506279381583,0.7769679790712108,0.4342903095365709,0.6277826488669477,0.6277826488669475,K562
KLF1,K562,norm_mean,"[[0 0 1 0]
 [1 0 0 0]
 [0 0 1 0]
 ...
 [1 0 0 0]
 [0 1 0 0]
 [0 1 0 0]]",0.1356397309468805,0.0,EH38E3790731,chr7,102465402,102465902,shared,cross_context,160716,-1,MA0493.3,KLF1,298,306,14.331336461977376,+,KLF1,ig,0.0463016983121633,0.0619187628536019,0.055547223975619,1.1147047012418203,True,0.0371744860894978,0.0623080215335357,0.0504751957412208,1.2344282825310335,True,0.0164009940053802,0.0423392562067601,0.0426773272655648,0.9920782063627598,False,0.0332923928023471,1.2685099840164185,0.3431360117293318,0.7977433794806553,0.6758733379917016,0.3858705393374818,0.0463016983121633,0.0371744860894978,0.0164009940053802,0.9849608057720513,0.5374560862455019,0.554980699659486,1.307062144425493,1.6921032455680132,0.6138222316796083,1.1147047012418203,1.2344282825310335,0.9920782063627598,-0.3260033625358347,-0.5651751891046,-1.3738111907630066,K562,0.1218700414889537,0.7977433794806553,0.6758733379917016,0.3858705393374818,0.1218700414889537,0.12187004148895375,K562
KLF1,K562,norm_mean,"[[0 1 0 0]
 [1 0 0 0]
 [0 0 1 0]
 ...
 [0 1 0 0]
 [1 0 0 0]
 [0 0 1 0]]",0.081686235182379,0.0,EH38E2776844,chr1,1032973,1033473,shared,cross_context,184155,-1,MA0493.3,KLF1,361,369,14.331336461977376,+,KLF1,ig,0.0295273925876244,0.056089047610294,0.0670303397544241,0.8367709226609266,False,0.0179311608662828,0.0318576627026777,0.0676088557109191,0.4712054013580738,False,0.0178812408703379,0.0273480278791976,0.0559376318786323,0.48890205165485,False,0.0217799314414151,4.888179779052734,2.2892976411754806,0.4207442101638328,0.3521969522807051,0.408393148039942,0.0295273925876244,0.0179311608662828,0.0178812408703379,0.3216482083349625,0.4411063823960391,0.532135067582277,1.0893977728949882,0.6382290142879218,0.8954729181018417,0.8367709226609266,0.4712054013580738,0.48890205165485,-1.2489846726076772,-1.5055456658597215,-1.2919694302607845,K562,0.0123510621238908,0.4207442101638328,0.3521969522807051,0.408393148039942,0.0123510621238908,0.01235106212389081,K562
KLF1,K562,norm_mean,"[[1 0 0 0]
 [0 0 1 0]
 [0 0 1 0]
 ...
 [0 0 0 1]
 [0 0 1 0]
 [0 0 1 0]]",0.7946319290834873,1.0,EH38E3324481,chr2,10302317,10302817,shared,cross_context,114562,-1,MA0493.3,KLF1,475,483,14.331336461977376,+,KLF1,ig,0.2056626630946993,0.0804193516355007,0.1105076645209919,0.7277263953303478,False,0.0874149887822568,0.0478266801312565,0.0601705792691791,0.7948514500547625,False,0.0411440271418541,0.0500481805368326,0.0706787686358438,0.7081076031986119,False,0.1114072263396034,0.3775399923324585,-1.4052947982005335,2.08870270141094,1.613600591930331,0.666476569241459,0.2056626630946993,0.0874149887822568,0.0411440271418541,2.684722670220319,1.5678416147468897,0.8094586144502846,3.094868503020568,2.724607970515484,1.0759594037185995,0.7277263953303478,0.7948514500547625,0.7081076031986119,1.062607159575626,0.6902835191933403,-0.5853739361381525,K562,0.4751021094806091,2.08870270141094,1.613600591930331,0.666476569241459,0.4751021094806091,0.47510210948060916,K562
KLF1,K562,norm_mean,"[[0 0 1 0]
 [0 0 1 0]
 [0 1 0 0]
 ...
 [0 1 0 0]
 [1 0 0 0]
 [0 1 0 0]]",0.0819516829803231,0.0,EH38E3251455,chr17,82098143,82098643,shared,cross_context,100899,-1,MA0493.3,KLF1,326,334,14.331336461977376,+,KLF1,ig,0.0487240874208509,0.0466850359657837,0.0542794856152427,0.860086031320336,False,0.0337528077652677,0.0355945005078683,0.0400138336377456,0.8895546458898933,False,0.0369044661638326,0.0333928108861437,0.0442046477617894,0.7554138540352758,False,0.0397937871166504,0.4611299932003021,-1.1167514605109552,0.9688746070337814,0.8985691963337884,0.9461315954863548,0.0487240874208509,0.0337528077652677,0.0369044661638326,1.0313540915449044,1.1343475672503625,1.1522947177950646,1.8104990318882968,1.519686841263688,1.8943803393377865,0.860086031320336,0.8895546458898933,0.7554138540352758,-0.0456181310772827,-0.1542984873053966,-0.0798872343730323,K562,0.0227430115474265,0.9688746070337814,0.8985691963337884,0.9461315954863548,0.0227430115474265,0.022743011547426528,K562
KLF1,K562,norm_mean,"[[0 0 0 1]
 [0 0 0 1]
 [0 0 1 0]
 ...
 [0 0 1 0]
 [0 0 0 1]
 [0 0 0 1]]",0.7484109102357028,1.0,EH38E1887400,chr17,76737690,76738190,shared,cross_context,17996,-1,MA0493.3,KLF1,330,338,14.331336461977376,+,KLF1,ig,0.08402156655211,0.0657533746812259,0.0639441123269096,1.0282942714432248,True,0.0192588009522296,0.0396163898770464,0.046257051965473,0.8564398211589127,False,0.0545109384402167,0.0526348385354503,0.0413828233563468,1.271900309053581,True,0.0525971019815187,2.4464499950408936,1.2906903843775073,1.2803152142879963,0.4264427191540568,1.118041713806079,0.08402156655211,0.0192588009522296,0.0545109384402167,0.9581401304960694,0.597071028849886,1.115617111350748,2.654782581337228,0.6620179126458651,3.1022314426365725,1.0282942714432248,0.8564398211589127,1.271900309053581,0.3564990473713791,-1.229576123330589,0.1609740170014424,K562,0.1622735004819173,1.2803152142879963,0.4264427191540568,1.118041713806079,0.1622735004819173,0.16227350048191735,K562
KLF1,K562,norm_mean,"[[0 0 1 0]
 [0 0 1 0]
 [0 0 1 0]
 ...
 [0 0 0 1]
 [0 1 0 0]
 [1 0 0 0]]",0.7537745525523463,1.0,EH38E3160021,chr16,138480,138980,shared,cross_context,24911,-1,MA0493.3,KLF1,448,456,14.331336461977376,+,KLF1,ig,0.0427570209139958,0.0608851649973075,0.0635629713407252,0.9578714483346312,False,0.0337269925512373,0.0422972429450601,0.0496793676615925,0.8514044445802388,False,0.0155781175708398,0.0409582171530928,0.040253855617484,1.0174977365478868,True,0.0306873770120243,3.14559006690979,1.653331129721178,0.577252989603692,0.5635087465521046,0.2939997062693763,0.0427570209139958,0.0337269925512373,0.0155781175708398,0.961328238489651,0.828079713180375,0.2943161357539733,1.1523008345157353,1.2315398181559671,0.8323278796574927,0.9578714483346312,0.8514044445802388,1.0174977365478868,-0.7927243526256256,-0.8274900888339869,-1.766113376292489,K562,0.0137442430515873,0.577252989603692,0.5635087465521046,0.2939997062693763,0.0137442430515873,0.01374424305158739,K562
KLF1,K562,norm_mean,"[[1 0 0 0]
 [1 0 0 0]
 [1 0 0 0]
 ...
 [0 1 0 0]
 [0 0 0 1]
 [1 0 0 0]]",0.0729602755939743,0.0,EH38E3221346,chr17,39152384,39152884,shared,cross_context,96400,-1,MA0493.3,KLF1,330,338,14.331336461977376,+,KLF1,ig,0.0823642421746626,0.0611318998225033,0.0602454325601311,1.0147140966138215,True,0.0532667874358594,0.054006792474538,0.0585563136733693,0.9223050404562828,False,0.024308038293384,0.0509095486311707,0.0492184983362048,1.0343578127848707,True,0.0533130226346353,0.7572799921035767,-0.4010993776419663,1.331525906217096,0.9264438028206576,0.4777656030586741,0.0823642421746626,0.0532667874358594,0.024308038293384,1.4800600379632192,0.8135232709957745,0.5487048593789582,2.855348294513812,1.9359099439745404,1.218996455299139,1.0147140966138215,0.9223050404562828,1.0343578127848707,0.4130804990329543,-0.1102246269004384,-1.0656251017883709,K562,0.4050821033964383,1.331525906217096,0.9264438028206576,0.4777656030586741,0.4050821033964383,0.40508210339643846,K562
KLF1,K562,norm_mean,"[[0 1 0 0]
 [1 0 0 0]
 [0 1 0 0]
 ...
 [0 0 1 0]
 [0 1 0 0]
 [0 1 0 0]]",0.7838693224980461,1.0,EH38E3305177,chr19,39341731,39342231,shared,cross_context,110191,-1,MA0493.3,KLF1,262,270,14.331336461977376,+,KLF1,ig,0.1189302336424589,0.0515737855283077,0.0636826714467949,0.809855746595661,False,0.0312257276382297,0.0433746069262269,0.0462112749239447,0.9386150373791504,False,0.0778699051588773,0.0441503102847491,0.0570399553081444,0.7740241433569934,False,0.076008622146522,2.8542699813842773,1.5131223092148005,2.017386124004976,0.6923173213546061,1.4973559929408702,0.1189302336424589,0.0312257276382297,0.0778699051588773,2.1670598937101166,0.7578234849959022,1.861464891831824,3.3864655742867,1.2420192705892297,2.881051634592737,0.809855746595661,0.9386150373791504,0.7740241433569934,1.0124872402801317,-0.5304946488525699,0.5824172605650451,K562,0.520030131064106,2.017386124004976,0.6923173213546061,1.4973559929408702,0.520030131064106,0.520030131064106,K562
KLF1,K562,norm_mean,"[[0 1 0 0]
 [0 0 1 0]
 [0 0 1 0]
 ...
 [0 1 0 0]
 [1 0 0 0]
 [1 0 0 0]]",0.1410701167017552,0.0,EH38E1614210,chr12,54053165,54053665,shared,cross_context,9421,-1,MA0493.3,KLF1,380,388,14.331336461977376,+,KLF1,ig,0.0618694969452917,0.0717690062505425,0.0700685517804231,1.0242682941808938,True,0.027160640747752,0.0461903435793647,0.0515066773922738,0.8967834259574889,False,0.0382814873591996,0.0535360635654069,0.0497483113847505,1.0761380901952895,True,0.0424372083507478,1.0774400234222412,0.1076089017553008,0.881985689952789,0.5527161467028885,0.7600924677679435,0.0618694969452917,0.027160640747752,0.0382814873591996,1.2140293309621588,0.6769569089496094,0.8087618318754597,1.15659251689824,1.2184112920650432,2.0451394419593534,1.0242682941808938,0.8967834259574889,1.0761380901952895,-0.1811728447269107,-0.8553893331212951,-0.3957531551232461,K562,0.1218932221848455,0.881985689952789,0.5527161467028885,0.7600924677679435,0.1218932221848455,0.12189322218484555,K562
KLF1,K562,norm_mean,"[[0 1 0 0]
 [1 0 0 0]
 [0 0 1 0]
 ...
 [0 1 0 0]
 [0 1 0 0]
 [1 0 0 0]]",1.0,1.0,EH38E2798592,chr1,28518348,28518848,shared,cross_context,13759,-1,MA0493.3,KLF1,309,317,14.331336461977376,+,KLF1,ig,0.0363662997260689,0.0460558764648158,0.0557030829636809,0.8268100389837371,False,0.0285463307081954,0.0413658664550166,0.0375633396202056,1.101229439686752,True,0.0265710371313616,0.0372393880458548,0.0388419506335506,0.958741202515109,False,0.0304945558552087,2.208630084991455,1.143152460657383,0.6996879125239966,0.699521044379299,0.6935786735798096,0.0363662997260689,0.0285463307081954,0.0265710371313616,0.6291742918150938,1.0056218458095283,0.6345618769271485,2.2472478000926834,1.192209996603985,1.7086978702330724,0.8268100389837371,1.101229439686752,0.958741202515109,-0.5152165242717041,-0.5155606327687905,-0.527868554100005,K562,0.0001668681446976,0.6996879125239966,0.699521044379299,0.6935786735798096,0.0001668681446976,0.00016686814469768496,K562
KLF1,K562,norm_mean,"[[0 1 0 0]
 [0 0 0 1]
 [0 0 1 0]
 ...
 [1 0 0 0]
 [0 0 0 1]
 [0 0 1 0]]",0.1371678708572946,0.0,EH38E3464994,chr21,46324588,46325088,shared,cross_context,56097,-1,MA0493.3,KLF1,37,45,14.331336461977376,+,KLF1,ig,0.1688816295936703,0.0627025683037936,0.0499882653704844,1.2543455008015016,True,0.0641847780207172,0.0477615662984317,0.0426161359110847,1.1207387546983372,True,0.0379617010476067,0.0409785284480312,0.0442947818979155,0.9251319780996576,False,0.0903427028873314,1.4687999486923218,0.5546388956952857,3.0980855602777218,1.453507626858568,0.9598975473362984,0.1688816295936703,0.0641847780207172,0.0379617010476067,3.607789192055385,1.8855540585132244,0.9995670398113108,4.655459331020995,3.0639000065673656,2.371212359161132,1.2543455008015016,1.1207387546983372,0.9251319780996576,1.6313769882612812,0.5395386426092401,-0.0590476623813866,K562,1.6445779334191537,3.0980855602777218,1.453507626858568,0.9598975473362984,1.6445779334191537,1.6445779334191537,K562
KLF1,K562,norm_mean,"[[0 0 1 0]
 [0 1 0 0]
 [0 0 0 1]
 ...
 [0 1 0 0]
 [0 1 0 0]
 [0 0 0 1]]",0.8204263277751651,1.0,EH38E2006488,chr2,68467585,68468085,shared,cross_context,22569,-1,MA0493.3,KLF1,256,264,14.331336461977376,+,KLF1,ig,0.0566394507186487,0.0597562951920554,0.0617839060781616,0.9671820594288472,False,0.0349190012784674,0.0423018023557961,0.0527398897926711,0.8020834799097301,False,0.0377264670096337,0.0388152317411731,0.0433608584452229,0.8951673048294182,False,0.0430949730022499,1.6585099697113037,0.7298885544206349,0.928639344620195,0.7175749858349463,0.9072084811707044,0.0566394507186487,0.0349190012784674,0.0377264670096337,0.9306907069987816,0.8506579296138818,0.939294309976586,2.0633729965947403,1.2858551430415317,1.7930832838593296,0.9671820594288472,0.8020834799097301,0.8951673048294182,-0.1068096869866594,-0.4787984930891073,-0.1404939657090685,K562,0.0214308634494907,0.928639344620195,0.7175749858349463,0.9072084811707044,0.0214308634494907,0.021430863449490634,K562
KLF1,K562,norm_mean,"[[0 0 1 0]
 [0 1 0 0]
 [0 1 0 0]
 ...
 [0 0 0 1]
 [1 0 0 0]
 [0 1 0 0]]",0.7125443387703042,1.0,EH38E1982489,chr2,27071513,27072013,shared,cross_context,6464,-1,MA0493.3,KLF1,326,334,14.331336461977376,+,KLF1,ig,0.03388733335305,0.0655257689394056,0.079975466243097,0.81932327280216,False,0.0219435891485773,0.0503211818693671,0.0569165247692297,0.8841223745155306,False,0.0182517962821293,0.0602206223190296,0.0565908253911208,1.06414089671626,True,0.0246942395945855,2.4548099040985107,1.2956118969528598,0.4600591557309615,0.4024687980551394,0.320589674117923,0.03388733335305,0.0219435891485773,0.0182517962821293,0.4544815638904023,0.4915395931627885,0.4269665530017249,1.387059451065054,0.7822091089298127,0.5330095730237528,0.81932327280216,0.8841223745155306,1.06414089671626,-1.120108712771832,-1.313051150649387,-1.6412001319527043,K562,0.057590357675822,0.4600591557309615,0.4024687980551394,0.320589674117923,0.057590357675822,0.0575903576758221,K562
KLF1,K562,norm_mean,"[[0 0 1 0]
 [1 0 0 0]
 [0 0 1 0]
 ...
 [0 0 1 0]
 [0 0 1 0]
 [0 0 1 0]]",0.1858463660281796,0.0,EH38E1860163,chr17,38605222,38605722,shared,cross_context,16760,-1,MA0493.3,KLF1,490,498,14.331336461977376,+,KLF1,ig,0.0250978770200163,0.0506893405521987,0.0699558843777049,0.7245899863493631,False,0.0175312302308157,0.0414457525959005,0.0637047923053614,0.6505907105281518,False,0.0128126709605567,0.0271216132474364,0.0571801500028232,0.4743185966268259,False,0.0184805927371295,0.553380012512207,-0.8536549515257369,0.3964161532011998,0.2906200818762349,0.2802688269758737,0.0250978770200163,0.0175312302308157,0.0128126709605567,0.3963494274436684,0.2306083495366563,0.2436179888204286,1.0883830872762217,1.0249052928892128,0.6802000126711198,0.7245899863493631,0.6505907105281518,0.4743185966268259,-1.3349123404580785,-1.7827936931387574,-1.83511680083964,K562,0.1057960713249648,0.3964161532011998,0.2906200818762349,0.2802688269758737,0.1057960713249648,0.10579607132496488,K562
KLF1,K562,norm_mean,"[[0 0 1 0]
 [0 1 0 0]
 [0 0 0 1]
 ...
 [0 0 1 0]
 [0 1 0 0]
 [1 0 0 0]]",0.2007086607015871,0.0,EH38E1874509,chr17,59106724,59107224,shared,cross_context,5249,-1,MA0493.3,KLF1,357,365,14.331336461977376,+,KLF1,ig,0.043757329462096,0.057212775782682,0.0792958463502276,0.7215102833367382,False,0.0270112259604502,0.0501933724089758,0.0504991925781614,0.993943861416182,False,0.0176664990140125,0.0485206313082017,0.0439559682754732,1.1038460116647069,True,0.0294783514788529,2.7862799167633057,1.4783407198165268,0.6317037776603851,0.4992389576718321,0.3884373021704004,0.043757329462096,0.0270112259604502,0.0176664990140125,0.6466853419630112,0.5323142336769247,0.528133386319032,1.3067934043222265,1.0722700165969004,0.7453800620033995,0.7215102833367382,0.993943861416182,1.1038460116647069,-0.6626798928791199,-1.0021975739693207,-1.3642463397668971,K562,0.1324648199885529,0.6317037776603851,0.4992389576718321,0.3884373021704004,0.1324648199885529,0.13246481998855303,K562
KLF1,K562,norm_mean,"[[0 0 0 1]
 [0 0 0 1]
 [1 0 0 0]
 ...
 [0 0 1 0]
 [0 0 1 0]
 [0 0 1 0]]",0.0993265032497345,0.0,EH38E3870988,chr9,469980,470480,shared,cross_context,48631,-1,MA0493.3,KLF1,178,186,14.331336461977376,+,KLF1,ig,0.0933076497167348,0.0550582571642007,0.0577489380697482,0.953407100986538,False,0.0306991232209838,0.0359762440749909,0.0395111185960894,0.9105344583488229,False,0.0500297758262604,0.0329026133808656,0.0441100533757728,0.745920791375176,False,0.0580121829213264,0.8300099968910217,-0.2687976439036525,1.6597432041417424,0.7821452648779591,1.2534708916440578,0.0933076497167348,0.0306991232209838,0.0500297758262604,1.9503275703297471,0.9474332644663176,1.6439876886976588,2.4083552937701302,1.5252595165922618,2.173163506521839,0.953407100986538,0.9105344583488229,0.745920791375176,0.7309600455920416,-0.3544915143385241,0.3259284951541928,K562,0.4062723124976846,1.6597432041417424,0.7821452648779591,1.2534708916440578,0.4062723124976846,0.4062723124976846,K562
KLF1,K562,norm_mean,"[[0 0 1 0]
 [0 1 0 0]
 [0 0 1 0]
 ...
 [0 0 1 0]
 [1 0 0 0]
 [1 0 0 0]]",0.7257730548234409,1.0,EH38E3284403,chr19,4065347,4065847,shared,cross_context,105117,-1,MA0493.3,KLF1,472,480,14.331336461977376,+,KLF1,ig,0.0840079640038311,0.0580903172632679,0.0542995034600608,1.069812850275268,True,0.0273316227830946,0.0418660526315216,0.0420644756383262,0.9952826474924524,False,0.0491540129296481,0.0318772909604012,0.0557828796171816,0.5714528447551562,False,0.0534978665721913,0.0,-19.93156856932417,1.4337065917145644,0.5739297558946814,1.1529171787818768,0.0840079640038311,0.0273316227830946,0.0491540129296481,1.7262709158056442,0.7131404770001731,1.5605560798158762,3.294378921012126,1.3697095357847604,1.7866716100683544,1.069812850275268,0.9952826474924524,0.5714528447551562,0.519749807480208,-0.801053918231863,0.2052888801974314,K562,0.2807894129326875,1.4337065917145644,0.5739297558946814,1.1529171787818768,0.2807894129326875,0.28078941293268755,K562
KLF1,K562,norm_mean,"[[0 1 0 0]
 [0 0 1 0]
 [0 0 1 0]
 ...
 [0 0 1 0]
 [0 1 0 0]
 [0 0 0 1]]",0.128590382622154,0.0,EH38E3568538,chr4,3293275,3293775,shared,cross_context,40412,-1,MA0493.3,KLF1,53,61,14.331336461977376,+,KLF1,ig,0.0268000357609707,0.0417949561914429,0.0517088386425166,0.8082747399847882,False,0.0197674192604608,0.0344068296364275,0.0383244063635356,0.8977783069167482,False,0.015717122121714,0.0542631470225751,0.0440402099708444,1.2321270660886456,True,0.0207615257143819,0.0880500003695488,-3.505516794804117,0.5983090280937333,0.5557141299128032,0.3423740252999986,0.0268000357609707,0.0197674192604608,0.015717122121714,0.6890731943187517,0.5884454810785004,0.4726415573650475,1.3931177564892925,1.3838946224301898,0.6919039538685833,0.8082747399847882,0.8977783069167482,1.2321270660886456,-0.7410372599899931,-0.8475851687277656,-1.546354836926145,K562,0.04259489818093,0.5983090280937333,0.5557141299128032,0.3423740252999986,0.04259489818093,0.042594898180930096,K562
KLF1,K562,norm_mean,"[[0 1 0 0]
 [0 0 1 0]
 [0 1 0 0]
 ...
 [0 0 1 0]
 [0 0 0 1]
 [0 0 0 1]]",0.0872357719002409,0.0,EH38E3287478,chr19,7516464,7516964,shared,cross_context,15524,-1,MA0493.3,KLF1,50,58,14.331336461977376,+,KLF1,ig,0.0409288525115698,0.0629619929994805,0.0586553784250281,1.073422147394983,True,0.0326402012724429,0.056577174955164,0.0633931582968216,0.8924806327750732,False,0.0172806649352423,0.0447147441163542,0.051606028456008,0.8664634111465787,False,0.030283239573085,0.3251399993896484,-1.6208626074943868,0.6858008904653897,0.608855469512865,0.379134547438088,0.0409288525115698,0.0326402012724429,0.0172806649352423,0.7692249124438584,0.7709686537509439,0.3525315897258365,1.2103783415725475,1.0989272728724555,1.1764831018658195,1.073422147394983,0.8924806327750732,0.8664634111465787,-0.5441383152684359,-0.7158282915842822,-1.399218167555068,K562,0.0769454209525247,0.6858008904653897,0.608855469512865,0.379134547438088,0.0769454209525247,0.07694542095252477,K562
KLF1,K562,norm_mean,"[[0 0 0 1]
 [0 1 0 0]
 [0 1 0 0]
 ...
 [0 0 1 0]
 [0 0 0 1]
 [0 1 0 0]]",0.1056933610391595,0.0,EH38E3206890,chr17,7330144,7330644,shared,cross_context,94026,-1,MA0493.3,KLF1,249,257,14.331336461977376,+,KLF1,ig,0.2459031846374273,0.0774078478023875,0.0735827549875606,1.0519834069224436,True,0.0756397298537194,0.0464401841379003,0.0630724796173103,0.7362985735884892,False,0.025340644584503,0.0461271080747246,0.04805901463148,0.9598011700909568,False,0.1156278530252166,0.4854199886322021,-1.042691605803021,3.275349411835572,1.3369699657765253,0.5356935943846078,0.2459031846374273,0.0756397298537194,0.025340644584503,4.449479031834833,1.7491216408198489,0.5052293983928364,4.629813264297617,2.160320985236366,1.3847696309318476,1.0519834069224436,0.7362985735884892,0.9598011700909568,1.7116488209327652,0.4189670576008795,-0.9005200472190201,K562,1.9383794460590464,3.275349411835572,1.3369699657765253,0.5356935943846078,1.9383794460590464,1.9383794460590469,K562
KLF1,K562,norm_mean,"[[0 1 0 0]
 [0 0 0 1]
 [0 0 1 0]
 ...
 [0 1 0 0]
 [0 1 0 0]
 [0 0 0 1]]",0.0749116763060627,0.0,EH38E1872640,chr17,56834690,56835190,shared,cross_context,17441,-1,MA0493.3,KLF1,38,46,14.331336461977376,+,KLF1,ig,0.0948217522818595,0.0755529767798725,0.0643598577182274,1.173914419940225,True,0.0570761130948085,0.0593920204861206,0.0463749144872417,1.2806925540646428,True,0.0343077117577195,0.0406011857540579,0.0516795250360155,0.7856337276595643,False,0.0620685257114625,2.232929944992065,1.1589386354604436,1.396525302427133,1.1242579737846494,0.7434850627143166,0.0948217522818595,0.0570761130948085,0.0343077117577195,1.630643287891392,1.2537301221013122,1.083356402602479,2.687716978596504,2.029347379079616,1.3727844068319095,1.173914419940225,1.2806925540646428,0.7856337276595643,0.4818417138241821,0.168973117621748,-0.4276243354230286,K562,0.2722673286424835,1.396525302427133,1.1242579737846494,0.7434850627143166,0.2722673286424835,0.2722673286424835,K562
KLF1,K562,norm_mean,"[[0 1 0 0]
 [0 0 0 1]
 [0 0 1 0]
 ...
 [0 0 1 0]
 [0 0 1 0]
 [0 0 1 0]]",0.0088917740937938,0.0,EH38E2836941,chr1,150561208,150561708,shared,cross_context,15223,-1,MA0493.3,KLF1,214,222,14.331336461977376,+,KLF1,ig,0.0382108291960321,0.0525313520943745,0.0539399482621751,0.9738856644835718,False,0.0192572149680927,0.0426686567813158,0.0382688057587261,1.1149719670012634,True,0.0259277587756514,0.0382952178828418,0.0363675034918392,1.0530062191751202,True,0.0277986009799254,2.3105099201202397,1.2082119081004592,0.7156964393069536,0.481580897555962,0.6984751539818561,0.0382108291960321,0.0192572149680927,0.0259277587756514,0.8197892401419462,0.625520267540661,0.7194565683109172,1.4860103828667792,0.9571537655662758,1.2893717548539951,0.9738856644835718,1.1149719670012634,1.0530062191751202,-0.4825802908150481,-1.05414992476878,-0.5177192955331504,K562,0.0172212853250974,0.7156964393069536,0.481580897555962,0.6984751539818561,0.0172212853250974,0.01722128532509748,K562
KLF1,K562,norm_mean,"[[0 0 1 0]
 [0 1 0 0]
 [0 1 0 0]
 ...
 [0 0 1 0]
 [0 0 1 0]
 [0 0 1 0]]",0.6788202338444557,1.0,EH38E3566547,chr4,1346524,1347024,shared,cross_context,139638,-1,MA0493.3,KLF1,153,161,14.331336461977376,+,KLF1,ig,0.0577093820029404,0.0653592050052248,0.056305522146247,1.1607954407652508,True,0.0186668738315347,0.0483809971617301,0.0475685424674193,1.017079449597868,True,0.0191888346598716,0.0510866209754021,0.042986148309709,1.1884435126146984,True,0.0318550301647822,2.165339946746826,1.1145942043764008,0.9795279245411757,0.4085041089555954,0.4312091220703448,0.0577093820029404,0.0186668738315347,0.0191888346598716,1.0825711967809264,0.5013769041238432,0.5114142577717703,1.959571527095829,0.9220497620084772,0.888350900065339,1.1607954407652508,1.017079449597868,1.1884435126146984,-0.0298414717508318,-1.291577501503606,-1.2135403934455726,K562,0.5483188024708308,0.9795279245411757,0.4085041089555954,0.4312091220703448,0.5483188024708308,0.5483188024708309,K562
KLF1,K562,norm_mean,"[[0 0 1 0]
 [0 0 1 0]
 [0 0 0 1]
 ...
 [0 0 0 1]
 [0 0 1 0]
 [0 1 0 0]]",0.7173115609806687,1.0,EH38E3389335,chr2,186590004,186590504,shared,cross_context,120218,-1,MA0493.3,KLF1,285,293,14.331336461977376,+,KLF1,ig,0.0495397384511306,0.0531367984495591,0.0657028569519006,0.8087439850754035,False,0.0405560657382011,0.0393168601609068,0.0566766279404803,0.6937048771699522,False,0.0341257969266735,0.0327852683799574,0.0577077463676687,0.5681258541932439,False,0.0414072003720017,1.544510006904602,0.6271501523188053,0.8148755238390025,0.8128206194714892,0.7113630859701298,0.0495397384511306,0.0405560657382011,0.0341257969266735,0.8629475717078118,0.871333074019753,1.025454059821613,1.784349765556996,1.957308047083419,1.5867935195176563,0.8087439850754035,0.6937048771699522,0.5681258541932439,-0.2953483955589947,-0.2989910925378609,-0.491341980800799,K562,0.0020549043675133,0.8148755238390025,0.8128206194714892,0.7113630859701298,0.0020549043675133,0.0020549043675133216,K562
KLF1,K562,norm_mean,"[[0 1 0 0]
 [0 0 1 0]
 [0 1 0 0]
 ...
 [1 0 0 0]
 [0 0 0 1]
 [0 0 0 1]]",0.0273996106450728,0.0,EH38E3687856,chr6,5084378,5084878,shared,cross_context,43014,-1,MA0493.3,KLF1,25,33,14.331336461977376,+,KLF1,ig,0.114256335189566,0.0727326224045828,0.0706246650568209,1.029847179418042,True,0.0868558785878121,0.0412272288498934,0.0530320824304362,0.7774015121875943,False,0.0516093550249934,0.0346704882686026,0.0379808633512584,0.9128407329647114,False,0.0842405229341238,1.4375900030136108,0.5236532850593634,1.700506695108881,1.6983337329444463,1.3233185850857696,0.114256335189566,0.0868558785878121,0.0516093550249934,2.013461227080041,1.8559317606607155,1.577027846670666,3.481569377517421,2.645346516564268,2.534425591178248,1.029847179418042,0.7774015121875943,0.9128407329647114,0.7659646869772785,0.7641199859798042,0.4041604291411752,K562,0.0021729621644346,1.700506695108881,1.6983337329444463,1.3233185850857696,0.0021729621644346,0.002172962164434633,K562
KLF1,K562,norm_mean,"[[0 0 1 0]
 [0 0 1 0]
 [0 0 1 0]
 ...
 [0 1 0 0]
 [1 0 0 0]
 [0 0 1 0]]",0.6768972943252118,1.0,EH38E3870195,chr8,144444324,144444824,shared,cross_context,168301,-1,MA0493.3,KLF1,344,352,14.331336461977376,+,KLF1,ig,0.0712464714888483,0.0544115144095849,0.0712604201486983,0.7635586018221477,False,0.0460879935417324,0.0457259705883916,0.0518049517528252,0.8826561981951062,False,0.039507444249466,0.04905605066946,0.0606082231977118,0.8093958210171371,False,0.0522806364266822,2.01747989654541,1.012555012739891,1.0623936059175565,0.8777988975714617,0.6524289354008974,0.0712464714888483,0.0460879935417324,0.039507444249466,1.391004806894282,1.1690011842242305,0.716668182721448,1.674914228772684,1.5060335669955665,1.229690876750344,0.7635586018221477,0.8826561981951062,0.8093958210171371,0.0873183702311273,-0.1880376349273172,-0.6161073252895913,K562,0.1845947083460948,1.0623936059175565,0.8777988975714617,0.6524289354008974,0.1845947083460948,0.18459470834609482,K562
KLF1,K562,norm_mean,"[[0 0 1 0]
 [0 0 1 0]
 [0 0 0 1]
 ...
 [0 0 0 1]
 [0 0 1 0]
 [0 1 0 0]]",0.0406285166958938,0.0,EH38E3233311,chr17,58249109,58249609,shared,cross_context,98479,-1,MA0493.3,KLF1,284,292,14.331336461977376,+,KLF1,ig,0.1184046794660389,0.0601948213751893,0.0608742112963227,0.9888392835807092,False,0.0560689107514917,0.0591795724857365,0.0480575832023019,1.231430218251168,True,0.0363542288541793,0.038157139441464,0.035619503225555,1.0712425854850929,True,0.07027593969057,0.8737599849700928,-0.1946894066456332,1.95358811577527,1.069974290476566,0.9929928123165044,0.1184046794660389,0.0560689107514917,0.0363542288541793,2.059381122240857,1.3278956478826702,0.993460473443032,3.615229738331096,1.9799485986080736,1.805811731822586,0.9888392835807092,1.231430218251168,1.0712425854850929,0.966126329884346,0.0975761330704944,-0.0101448184531078,K562,0.883613825298704,1.95358811577527,1.069974290476566,0.9929928123165044,0.883613825298704,0.883613825298704,K562
KLF1,K562,norm_mean,"[[0 0 1 0]
 [0 0 1 0]
 [1 0 0 0]
 ...
 [1 0 0 0]
 [0 1 0 0]
 [0 1 0 0]]",0.1701154100260262,0.0,EH38E3682258,chr5,178113697,178114197,shared,cross_context,42838,-1,MA0493.3,KLF1,220,228,14.331336461977376,+,KLF1,ig,0.0503016705624759,0.0609472839185036,0.0500944818710335,1.2166464144483244,True,0.0306332453619688,0.0458232434012461,0.0385820937143505,1.187681307906552,True,0.0217483936576172,0.0373268302867654,0.039615932722555,0.9422173933403252,False,0.0342277698606873,1.291260004043579,0.3687806436974644,0.9257886834986204,0.7397428484353968,0.56165830540614,0.0503016705624759,0.0306332453619688,0.0217483936576172,1.170987105419213,0.5739207387170573,0.525427438341949,1.6122126972255857,1.582506765499402,1.787609148367071,1.2166464144483244,1.187681307906552,0.9422173933403252,-0.1112451655665783,-0.4349042489010167,-0.8322353836098704,K562,0.1860458350632234,0.9257886834986204,0.7397428484353968,0.56165830540614,0.1860458350632234,0.18604583506322359,K562
KLF1,K562,norm_mean,"[[1 0 0 0]
 [0 0 0 1]
 [1 0 0 0]
 ...
 [0 0 1 0]
 [1 0 0 0]
 [1 0 0 0]]",0.0532505454392046,0.0,EH38E3219404,chr17,35567400,35567900,shared,cross_context,27559,-1,MA0493.3,KLF1,482,490,14.331336461977376,+,KLF1,ig,0.1131506459787488,0.0581279055061168,0.0562316029949579,1.03372289020642,True,0.056645713513717,0.0440621478800312,0.0509209682524669,0.8653044264305068,False,0.0471326382248662,0.0434430003899615,0.0354383536655223,1.2258748964819408,True,0.0723096659057773,0.8332099914550781,-0.2632462238079617,1.9305894228217848,1.1753765517073058,1.1074629397477678,0.1131506459787488,0.056645713513717,0.0471326382248662,2.1060446641013293,1.2100463123963996,1.0243499537401253,3.4637459344099093,2.071617724673376,3.150226595045972,1.03372289020642,0.8653044264305068,1.2258748964819408,0.9490413806544482,0.2331230237640377,0.147258422397483,K562,0.755212871114479,1.9305894228217848,1.1753765517073058,1.1074629397477678,0.755212871114479,0.755212871114479,K562
KLF1,K562,norm_mean,"[[1 0 0 0]
 [1 0 0 0]
 [1 0 0 0]
 ...
 [1 0 0 0]
 [0 0 0 1]
 [0 0 1 0]]",0.6719377042145873,1.0,EH38E3663889,chr5,138337487,138337987,shared,cross_context,147031,-1,MA0493.3,KLF1,352,360,14.331336461977376,+,KLF1,ig,0.1086849044077098,0.0804640940506942,0.0545185981495706,1.475901472575066,True,0.0333880063844844,0.0499326978402677,0.0417810962892417,1.1951023387124862,True,0.0667344450484961,0.0528728836082154,0.037145758033148,1.42338916134492,True,0.0696024519468968,1.1636899709701538,0.2187079879357221,1.631225163615713,0.7040428847118211,1.5284150085761128,0.1086849044077098,0.0333880063844844,0.0667344450484961,1.995458221383274,0.5771693971092074,1.5763774910718096,2.7382756084917625,1.708244567184357,3.164825609622928,1.475901472575066,1.1951023387124862,1.42338916134492,0.7059559368343975,-0.5062647837529979,0.612036330653323,K562,0.1028101550395999,1.631225163615713,0.7040428847118211,1.5284150085761128,0.1028101550395999,0.10281015503960012,K562
KLF1,K562,norm_mean,"[[0 0 1 0]
 [0 0 1 0]
 [0 0 1 0]
 ...
 [0 0 1 0]
 [0 1 0 0]
 [0 1 0 0]]",0.7838693224980461,1.0,EH38E3305176,chr19,39341563,39342063,shared,cross_context,61744,-1,MA0493.3,KLF1,430,438,14.331336461977376,+,KLF1,ig,0.082086703274399,0.0455482954595936,0.0484306053631007,0.9404855816533118,False,0.0263863685540854,0.0366224540825351,0.0435701786878053,0.840539258274666,False,0.0625489531084895,0.0398783485393505,0.0394824743387289,1.0100263245145722,True,0.057007341645658,2.8542699813842773,1.5131223092148005,1.622104895862066,0.5928636577885444,1.5752601030001778,0.082086703274399,0.0263863685540854,0.0625489531084895,1.7408423853255073,0.7530481836243519,2.0835814705273394,2.8200717964430435,1.6090856972676155,2.546346252801513,0.9404855816533118,0.840539258274666,1.0100263245145722,0.6978671175141433,-0.7542277294168785,0.6555900633865959,K562,0.0468447928618882,1.622104895862066,0.5928636577885444,1.5752601030001778,0.0468447928618882,0.04684479286188825,K562
KLF1,K562,norm_mean,"[[0 0 1 0]
 [0 1 0 0]
 [0 0 1 0]
 ...
 [0 0 1 0]
 [0 0 1 0]
 [0 0 1 0]]",0.2035740253543861,0.0,EH38E2941307,chr11,3422056,3422556,shared,cross_context,18334,-1,MA0493.3,KLF1,451,459,14.331336461977376,+,KLF1,ig,0.0282065210922155,0.0499263071699533,0.0485361380048561,1.028641728325002,True,0.0183074192609637,0.0291699139261618,0.05101297110843,0.5718135520086552,False,0.0172197585925459,0.0297208171279635,0.0489148998091695,0.6076024108786574,False,0.0212445663152417,0.7378799915313721,-0.4385399436049949,0.5740059797115722,0.4583208871389135,0.4308530712853302,0.0282065210922155,0.0183074192609637,0.0172197585925459,0.5634900512340967,0.4576252978338194,0.3796435686791801,1.6964045104925982,1.336659646086139,1.208178370374788,1.028641728325002,0.5718135520086552,0.6076024108786574,-0.800862326108393,-1.1255700563326712,-1.2147321235407358,K562,0.1156850925726586,0.5740059797115722,0.4583208871389135,0.4308530712853302,0.1156850925726586,0.11568509257265869,K562
KLF1,K562,norm_mean,"[[1 0 0 0]
 [0 0 1 0]
 [1 0 0 0]
 ...
 [0 0 0 1]
 [0 0 0 1]
 [0 1 0 0]]",0.0225535460037862,0.0,EH38E3220297,chr17,37358640,37359140,shared,cross_context,96136,-1,MA0493.3,KLF1,500,508,14.331336461977376,+,KLF1,ig,0.0977432066574692,0.0626266420207684,0.0504076517844805,1.242403234026814,True,0.0513209108030423,0.040301378241711,0.0482544643385335,0.8351842765703579,False,0.0243491400615312,0.0335559668787755,0.0393795371515443,0.8521166266753156,False,0.0578044191740142,1.764310002326965,0.8191048930762893,1.5929736565799149,1.190929966742173,0.5976804466860922,0.0977432066574692,0.0513209108030423,0.0243491400615312,1.9917902395966225,1.32618065045181,0.8560756244646384,2.017624956727199,2.2938019913624763,0.8904643066393554,1.242403234026814,0.8351842765703579,0.8521166266753156,0.6717224097426642,0.2520885784734949,-0.7425537471844121,K562,0.4020436898377415,1.5929736565799149,1.190929966742173,0.5976804466860922,0.4020436898377415,0.40204368983774175,K562
KLF1,K562,norm_mean,"[[0 0 1 0]
 [0 0 1 0]
 [0 0 0 1]
 ...
 [0 0 1 0]
 [0 0 1 0]
 [0 0 1 0]]",0.1503081145840961,0.0,EH38E3286698,chr19,6373126,6373626,shared,cross_context,105627,-1,MA0493.3,KLF1,456,464,14.331336461977376,+,KLF1,ig,0.0631727453437633,0.0617093108047265,0.0632742218370549,0.9752676407615914,False,0.0399597763316705,0.0422344527882523,0.0364919811522122,1.1573622445562828,True,0.0432219647336751,0.0444198059954214,0.0388233234189101,1.1441522940888271,True,0.0487848288030363,0.3554100096225738,-1.492439722238066,1.052655634883,0.9586623712045336,1.0293441157004095,0.0631727453437633,0.0399597763316705,0.0432219647336751,1.365083632278032,1.0630161279460593,1.118624303654306,2.1429775442788026,1.895209972573544,2.0809741002701965,0.9752676407615914,1.1573622445562828,1.1441522940888271,0.0740335525476641,-0.0609052876836181,0.0417253655785391,K562,0.0233115191825903,1.052655634883,0.9586623712045336,1.0293441157004095,0.0233115191825903,0.023311519182590557,K562
KLF1,K562,norm_mean,"[[0 0 1 0]
 [0 0 0 1]
 [0 0 1 0]
 ...
 [0 0 0 1]
 [0 0 0 1]
 [0 1 0 0]]",0.0378116187386061,0.0,EH38E3161747,chr16,1308524,1309024,shared,cross_context,86717,-1,MA0493.3,KLF1,271,279,14.331336461977376,+,KLF1,ig,0.0377778804249828,0.0483219958527479,0.0463733308406051,1.0420210184735397,True,0.0214257244078908,0.0410642771552375,0.0364363403018498,1.1270140070300267,True,0.0245109621901065,0.0369137474132003,0.0312443427485563,1.181453420087442,True,0.0279048556743267,2.766900062561035,1.4682710577156766,0.8014905832098017,0.5602356610704914,0.7325680961185308,0.0377778804249828,0.0214257244078908,0.0245109621901065,0.6155744859420077,0.361659275434564,1.0268655489487053,2.339402825320015,1.5050324989850354,1.451768971262812,1.0420210184735397,1.1270140070300267,1.181453420087442,-0.3192425229711908,-0.8358942731052716,-0.4489652209376354,K562,0.0689224870912709,0.8014905832098017,0.5602356610704914,0.7325680961185308,0.0689224870912709,0.06892248709127091,K562
KLF1,K562,norm_mean,"[[0 1 0 0]
 [0 0 1 0]
 [0 1 0 0]
 ...
 [0 0 0 1]
 [0 1 0 0]
 [1 0 0 0]]",0.1697624280391871,0.0,EH38E1545619,chr11,65859268,65859768,shared,cross_context,7266,-1,MA0493.3,KLF1,229,237,14.331336461977376,+,KLF1,ig,0.0728179323486983,0.0698812042200006,0.052943886356773,1.3199104907030677,True,0.0352420456474646,0.0372866985047585,0.0467305656512064,0.7979079646496043,False,0.0470737988362088,0.0557220513117499,0.0370805255747071,1.5027304877915044,True,0.0517112589441239,2.705970048904419,1.4361464040500536,1.2225973871948743,0.8187911800323884,1.06111998017174,0.0728179323486983,0.0352420456474646,0.0470737988362088,1.4643931514606436,0.4690532392851864,1.011836732499633,1.834418452296023,2.3736186710603877,3.408601156721696,1.3199104907030677,0.7979079646496043,1.5027304877915044,0.2899493902242899,-0.2884325313015117,0.085587791460102,K562,0.1614774070231346,1.2225973871948743,0.8187911800323884,1.06111998017174,0.1614774070231346,0.1614774070231344,K562
KLF1,K562,norm_mean,"[[1 0 0 0]
 [0 0 1 0]
 [0 0 1 0]
 ...
 [0 1 0 0]
 [0 0 1 0]
 [0 1 0 0]]",0.098367023136918,0.0,EH38E2467954,chr6,42746778,42747278,shared,cross_context,10319,-1,MA0493.3,KLF1,144,152,14.331336461977376,+,KLF1,ig,0.0450030039064586,0.0730231320331222,0.0657835797699649,1.1100508848555224,True,0.0299077880335971,0.0539568733569467,0.0515803465987705,1.0460740660764023,True,0.0272065024473704,0.0591957487270701,0.0619451909625504,0.9556147660713455,False,0.034039098129142,1.8348400592803955,0.8756550968999766,0.6771303597229812,0.6052574396288236,0.4805105139526346,0.0450030039064586,0.0299077880335971,0.0272065024473704,0.7126102239466184,0.8703880540161221,0.4889088030498131,1.1450994330922089,1.0745732403261483,1.185501321930932,1.1100508848555224,1.0460740660764023,0.9556147660713455,-0.5624944875807756,-0.7243791850294077,-1.057360093224362,K562,0.0718729200941575,0.6771303597229812,0.6052574396288236,0.4805105139526346,0.0718729200941575,0.07187292009415758,K562
KLF1,K562,norm_mean,"[[0 1 0 0]
 [0 1 0 0]
 [0 0 1 0]
 ...
 [0 0 1 0]
 [1 0 0 0]
 [1 0 0 0]]",0.6949394776859387,1.0,EH38E3260132,chr18,23503174,23503674,shared,cross_context,29341,-1,MA0493.3,KLF1,294,302,14.331336461977376,+,KLF1,ig,0.130736761726439,0.0789009324286598,0.0767568724232916,1.0279330001125422,True,0.0827165464870631,0.0618572480394504,0.066065954635866,0.9362952373493284,False,0.04431959008798,0.0434871093230322,0.0440992339886762,0.9861191573760038,False,0.0859242994338274,10.69262981414795,3.418544952208514,1.6848737627580006,1.2839812197003408,1.0104757412333014,0.130736761726439,0.0827165464870631,0.04431959008798,2.498603346189821,1.5452179987795576,1.1202335799808236,2.320237267975961,1.8746010931080093,2.117048350961555,1.0279330001125422,0.9362952373493284,0.9861191573760038,0.7526405040346293,0.3606241019924466,0.0150346883878271,K562,0.4008925430576597,1.6848737627580006,1.2839812197003408,1.0104757412333014,0.4008925430576597,0.40089254305765976,K562
KLF1,K562,norm_mean,"[[0 0 1 0]
 [0 1 0 0]
 [0 1 0 0]
 ...
 [1 0 0 0]
 [0 0 1 0]
 [0 1 0 0]]",0.128183195497834,0.0,EH38E3250540,chr17,81481282,81481782,shared,cross_context,100608,-1,MA0493.3,KLF1,421,429,14.331336461977376,+,KLF1,ig,0.0347419636091217,0.0450869403290562,0.0419925552792847,1.0736886405770023,True,0.0184931053081527,0.0267044880791218,0.0343525699584279,0.7773648474565367,False,0.0277480695440317,0.0498396327791852,0.0376438753987895,1.3239768491269457,True,0.026994379487102,2.1203598976135254,1.0843098406774758,0.7298378323795544,0.566322793980402,0.5975316435785135,0.0347419636091217,0.0184931053081527,0.0277480695440317,1.0048594549966354,0.6110150419093818,0.9664782173470208,1.4275600771749692,1.2731490625437163,1.1021954549029174,1.0736886405770023,0.7773648474565367,1.3239768491269457,-0.4543521555101512,-0.8203034941748377,-0.7429129763252,K562,0.1323061888010408,0.7298378323795544,0.566322793980402,0.5975316435785135,0.1323061888010408,0.13230618880104084,K562
KLF1,K562,norm_mean,"[[1 0 0 0]
 [0 0 1 0]
 [0 0 1 0]
 ...
 [0 0 1 0]
 [0 1 0 0]
 [0 1 0 0]]",0.1102414446886686,0.0,EH38E3018352,chr12,53047107,53047607,shared,cross_context,71465,-1,MA0493.3,KLF1,473,481,14.331336461977376,+,KLF1,ig,0.0290688532113563,0.0403891804875456,0.0405589670833433,0.9958135878168544,False,0.0143578494898974,0.0398585129529237,0.0447209861860028,0.8912706860809827,False,0.0192163450410589,0.0362304946893709,0.040645558387041,0.891376258891787,False,0.0208810159141042,1.4444199800491333,0.5304912805314411,0.686615975145365,0.3428510512026984,0.4769694533225724,0.0290688532113563,0.0143578494898974,0.0192163450410589,0.3992288180402245,0.2867606066100391,0.491481585282982,2.5197230443779004,1.2826746232264057,1.2828259080151516,0.9958135878168544,0.8912706860809827,0.891376258891787,-0.5424246686473335,-1.5443461450759264,-1.068031217563077,K562,0.2096465218227926,0.686615975145365,0.3428510512026984,0.4769694533225724,0.2096465218227926,0.2096465218227926,K562
KLF1,K562,norm_mean,"[[0 0 1 0]
 [0 0 1 0]
 [0 1 0 0]
 ...
 [0 1 0 0]
 [0 0 0 1]
 [0 1 0 0]]",0.7994658561552328,1.0,EH38E2803792,chr1,37692115,37692615,shared,cross_context,48158,-1,MA0493.3,KLF1,204,212,14.331336461977376,+,KLF1,ig,0.1114857224747538,0.0632821339101065,0.05769402270928,1.0968575247458416,True,0.0398597621824592,0.0420284274828736,0.0446628804043443,0.9410145000106304,False,0.0227152314037084,0.0391926538219559,0.0414953585096117,0.944506705920144,False,0.0580202386869738,1.4044300317764282,0.4899857789269731,1.8688926245108743,0.9199820514703332,0.5629512995776,0.1114857224747538,0.0398597621824592,0.0227152314037084,1.9681333249441768,0.6122552300745336,0.5122201546411996,2.8508015758376857,2.5091155342514373,1.128103599107383,1.0968575247458416,0.9410145000106304,0.944506705920144,0.902183683533088,-0.1203223783531581,-0.8289179709016399,K562,0.9489105730405412,1.8688926245108743,0.9199820514703332,0.5629512995776,0.9489105730405412,0.9489105730405412,K562
KLF1,K562,norm_mean,"[[0 0 1 0]
 [0 1 0 0]
 [1 0 0 0]
 ...
 [0 0 1 0]
 [0 0 1 0]
 [0 0 1 0]]",0.2034423002192068,0.0,EH38E3280020,chr19,940794,941294,shared,cross_context,103455,-1,MA0493.3,KLF1,417,425,14.331336461977376,+,KLF1,ig,0.079032972222194,0.0458888153114821,0.081580129621434,0.5624998378824242,False,0.0313238217495381,0.040059915438469,0.0491753345477627,0.8146341587817418,False,0.0436080038780346,0.0499145493365358,0.0512206616549519,0.97450009388368,False,0.0513215992832556,1.106760025024414,0.1463437449458981,1.2299642788462908,0.7180993237769491,0.813238146743915,0.079032972222194,0.0313238217495381,0.0436080038780346,1.9594811324358652,0.8787523535774804,1.138094105584849,2.0721635520267414,1.2127510682684608,1.2721905893179044,0.5624998378824242,0.8146341587817418,0.97450009388368,0.2986164179735284,-0.4777446889272682,-0.298250203524035,K562,0.4167261321023757,1.2299642788462908,0.7180993237769491,0.813238146743915,0.4167261321023757,0.41672613210237575,K562
KLF1,K562,norm_mean,"[[0 0 1 0]
 [1 0 0 0]
 [1 0 0 0]
 ...
 [0 1 0 0]
 [0 0 1 0]
 [0 0 0 1]]",0.9070864571354555,1.0,EH38E2837489,chr1,151399510,151400010,shared,cross_context,52346,-1,MA0493.3,KLF1,117,125,14.331336461977376,+,KLF1,ig,0.1609399495646357,0.0722021459520328,0.060932217403926,1.1849582565462011,True,0.0408440694445744,0.056665273772669,0.0538297082725238,1.0526763949569575,True,0.0352616016170941,0.0496934287832118,0.0466432973776198,1.0653924770149454,True,0.0790152068754347,2.129309892654419,1.0903866076321929,2.5856240407355937,0.794278529070482,0.7439070803344353,0.1609399495646357,0.0408440694445744,0.0352616016170941,3.392483366480934,1.151236723232134,0.6635488885660943,3.810302550165405,1.3159660824707158,1.9722993870873675,1.1849582565462011,1.0526763949569575,1.0653924770149454,1.370512517779798,-0.3322830881645648,-0.426805663970342,K562,1.7913455116651118,2.5856240407355937,0.794278529070482,0.7439070803344353,1.7913455116651118,1.7913455116651118,K562
KLF1,K562,norm_mean,"[[0 0 1 0]
 [1 0 0 0]
 [0 0 1 0]
 ...
 [1 0 0 0]
 [1 0 0 0]
 [1 0 0 0]]",0.1320099013003161,0.0,EH38E3036863,chr12,103840585,103841085,shared,cross_context,73486,-1,MA0493.3,KLF1,456,464,14.331336461977376,+,KLF1,ig,0.0647337024565786,0.0536737186228856,0.061355261451099,0.8748020724782267,False,0.051623664679937,0.0468407520814798,0.0408526580047328,1.14657755219447,True,0.0327048574690707,0.0440466878376901,0.0402438426401931,1.0944948097165748,True,0.0496874082018621,5.03095006942749,2.3308311581709025,1.1117606778622102,1.0814206845730443,0.7328631555475098,0.0647337024565786,0.051623664679937,0.0327048574690707,1.484859199173352,1.4096190876943235,0.7552824010179576,1.4581129863684854,2.3440549044346457,2.225873336635035,0.8748020724782267,1.14657755219447,1.0944948097165748,0.1528462623620643,0.1129278578782381,-0.4483842577847847,K562,0.0303399932891657,1.1117606778622102,1.0814206845730443,0.7328631555475098,0.0303399932891657,0.030339993289165923,K562
KLF1,K562,norm_mean,"[[0 0 1 0]
 [0 0 1 0]
 [0 1 0 0]
 ...
 [1 0 0 0]
 [0 0 1 0]
 [0 0 1 0]]",0.0711899693050009,0.0,EH38E3875665,chr9,15510129,15510629,shared,cross_context,199931,-1,MA0493.3,KLF1,167,175,14.331336461977376,+,KLF1,ig,0.0597292298916727,0.0565235841530375,0.0536521198683353,1.0535198563738082,True,0.0455975179793313,0.0525462077395059,0.0430459515148657,1.2207000585028018,True,0.0342870282474905,0.0382857767253881,0.0386423220191274,0.9907729354024792,False,0.0465379253728315,0.2912499904632568,-1.7796651389092888,1.0903706363443515,0.9972069678349592,0.921018321827822,0.0597292298916727,0.0455975179793313,0.0342870282474905,1.4719691115606028,0.9485891187821888,0.9614272710951968,2.079981778022261,2.3395220286457583,1.8670804410298785,1.0535198563738082,1.2207000585028018,0.9907729354024792,0.1248186173584179,-0.0040351299595672,-0.1186982371702201,K562,0.0931636685093924,1.0903706363443515,0.9972069678349592,0.921018321827822,0.0931636685093924,0.09316366850939228,K562
KLF1,K562,norm_mean,"[[0 0 0 1]
 [0 0 1 0]
 [0 0 1 0]
 ...
 [0 0 1 0]
 [0 1 0 0]
 [0 0 1 0]]",0.0403107267204342,0.0,EH38E3279804,chr19,812081,812581,shared,cross_context,29705,-1,MA0493.3,KLF1,332,340,14.331336461977376,+,KLF1,ig,0.0688120744889602,0.0591296014841645,0.0589522696876277,1.0030078870143178,True,0.0361178218154236,0.0415609140775632,0.050843217455701,0.8174326485031786,False,0.0387480021454393,0.0528286984923761,0.047870955048247,1.1035645184744527,True,0.0478926328166077,2.305769920349121,1.205249187537371,1.1646178022343747,0.7800594314765324,0.789228981551302,0.0688120744889602,0.0361178218154236,0.0387480021454393,1.1600944982109622,0.8932547466983779,0.7139004685136681,1.9676435160068149,1.8217977119249256,2.34824368754456,1.0030078870143178,0.8174326485031786,1.1035645184744527,0.2198565781886728,-0.3583440482551498,-0.3414841583199541,K562,0.3753888206830728,1.1646178022343747,0.7800594314765324,0.789228981551302,0.3753888206830728,0.3753888206830728,K562
KLF1,K562,norm_mean,"[[0 1 0 0]
 [0 1 0 0]
 [0 0 1 0]
 ...
 [0 1 0 0]
 [0 0 0 1]
 [0 0 0 1]]",0.0778729144307251,0.0,EH38E1863032,chr17,41918875,41919375,shared,cross_context,16986,-1,MA0493.3,KLF1,321,329,14.331336461977376,+,KLF1,ig,0.1355587281286716,0.063856834184844,0.0588437822764619,1.0851923663388257,True,0.0366816243040375,0.0426771273970371,0.057653797347462,0.7402308600338394,False,0.0477970400825142,0.0479615491116419,0.0529146071276806,0.906395089204045,False,0.0733457975050744,1.3153300285339355,0.395425927368515,2.22893647132341,0.7184878765228075,0.9466450321233796,0.1355587281286716,0.0366816243040375,0.0477970400825142,2.881640821408926,0.9911233949568036,0.9302970966272824,2.9264165830299387,1.449375230431848,2.555213905791248,1.0851923663388257,0.7402308600338394,0.906395089204045,1.1563554984415183,-0.4769642794507735,-0.0791045403175089,K562,1.2822914392000304,2.22893647132341,0.7184878765228075,0.9466450321233796,1.2822914392000304,1.2822914392000304,K562
KLF1,K562,norm_mean,"[[0 0 1 0]
 [1 0 0 0]
 [0 1 0 0]
 ...
 [0 0 1 0]
 [0 0 0 1]
 [1 0 0 0]]",0.087409972059933,0.0,EH38E2875949,chr1,236281840,236282340,shared,cross_context,56572,-1,MA0493.3,KLF1,393,401,14.331336461977376,+,KLF1,ig,0.0391218359291087,0.0651234811835456,0.0604746230044077,1.0768726976614988,True,0.0307870830292813,0.0392897670125239,0.0766375232672015,0.5126700369587538,False,0.0254331206378992,0.0423201469221385,0.0518303835604794,0.8165121662207002,False,0.0317806798654297,0.6795799732208252,-0.5572826341018734,0.6408277172754268,0.4961525977926602,0.4816514256308823,0.0391218359291087,0.0307870830292813,0.0254331206378992,0.7022711979700078,0.57396089862227,0.8412552593357099,1.4124499442861935,1.1250614637426757,0.8725263273962498,1.0768726976614988,0.5126700369587538,0.8165121662207002,-0.6419915436550216,-1.0111441846335367,-1.0539386558953168,K562,0.1446751194827665,0.6408277172754268,0.4961525977926602,0.4816514256308823,0.1446751194827665,0.14467511948276657,K562
KLF1,K562,norm_mean,"[[1 0 0 0]
 [0 0 1 0]
 [0 0 0 1]
 ...
 [0 1 0 0]
 [1 0 0 0]
 [0 0 1 0]]",0.0318943862076388,0.0,EH38E1943681,chr19,17830024,17830524,shared,cross_context,19955,-1,MA0493.3,KLF1,157,165,14.331336461977376,+,KLF1,ig,0.0670432331971824,0.074324355002027,0.0640543440537049,1.1603325972144136,True,0.0406191074289381,0.0509320607525296,0.0477843008796288,1.0658741292896357,True,0.040592735633254,0.0516272503568325,0.0564909178975048,0.9139033872926136,False,0.0494183587531248,0.2831400036811828,-1.8204074034893207,0.995862705495834,0.8308834434539735,0.7387020090474491,0.0670432331971824,0.0406191074289381,0.040592735633254,1.2309580440527548,0.940596593259464,0.8310271978866792,1.6697883147239474,1.5606133125167416,1.7892551433634594,1.1603325972144136,1.0658741292896357,0.9139033872926136,-0.00598123443187,-0.267281983598047,-0.4369355915808658,K562,0.1649792620418605,0.995862705495834,0.8308834434539735,0.7387020090474491,0.1649792620418605,0.16497926204186053,K562
KLF1,K562,norm_mean,"[[0 0 1 0]
 [0 0 1 0]
 [0 0 0 1]
 ...
 [1 0 0 0]
 [0 0 1 0]
 [0 0 0 1]]",0.152908669853561,0.0,EH38E1867141,chr17,47323625,47324125,shared,cross_context,17176,-1,MA0493.3,KLF1,323,331,14.331336461977376,+,KLF1,ig,0.0603585704229772,0.0546791659833979,0.0544901256821232,1.0034690737857113,True,0.0196244064718484,0.0431839831569232,0.0433141616201681,0.9969943217571692,False,0.04157717974158,0.0470476490468718,0.0519066971699143,0.9063886270586068,False,0.0405200522121352,3.6187798976898193,1.855503761099409,1.0978891634591066,0.4388536294078715,0.819406464290852,0.0603585704229772,0.0196244064718484,0.04157717974158,1.4573377738986242,0.4456930073122144,0.9839605659565436,1.8450338943234497,1.2496089840142266,1.9990061446725529,1.0034690737857113,0.9969943217571692,0.9063886270586068,0.1347324168601959,-1.1881882528390193,-0.2873488188542934,K562,0.2784826991682546,1.0978891634591066,0.4388536294078715,0.819406464290852,0.2784826991682546,0.27848269916825463,K562
KLF1,K562,norm_mean,"[[1 0 0 0]
 [0 1 0 0]
 [1 0 0 0]
 ...
 [1 0 0 0]
 [0 0 1 0]
 [0 1 0 0]]",0.0948462493883021,0.0,EH38E3463342,chr21,45012592,45013092,shared,cross_context,56080,-1,MA0493.3,KLF1,224,232,14.331336461977376,+,KLF1,ig,0.057651935290778,0.0494360209611477,0.0556605544026332,0.8881695953267946,False,0.0483883392298594,0.0408198022010037,0.0485347940008908,0.8410418676101905,False,0.0471439813263714,0.041100116429734,0.0461190912416592,0.8911734037134358,False,0.0510614186156696,1.1108700037002563,0.1516912981610463,1.0830906326396612,1.0629864459648823,1.0676069942577884,0.057651935290778,0.0483883392298594,0.0471439813263714,0.778765597276763,1.0364115905383606,1.4147846962808852,3.824888180487757,2.2919483276874884,1.608833629470484,0.8881695953267946,0.8410418676101905,0.8911734037134358,0.1151539735385087,0.0881232026816216,0.0943806635624104,K562,0.0154836383818728,1.0830906326396612,1.0629864459648823,1.0676069942577884,0.0154836383818728,0.015483638381872833,K562
KLF1,K562,norm_mean,"[[1 0 0 0]
 [0 0 1 0]
 [0 1 0 0]
 ...
 [0 0 1 0]
 [0 0 1 0]
 [0 1 0 0]]",0.7257730548234409,1.0,EH38E1933835,chr19,4064951,4065451,shared,cross_context,58491,-1,MA0493.3,KLF1,381,389,14.331336461977376,+,KLF1,ig,0.0538453171320725,0.0440420210000593,0.0475608974588534,0.9260130504902911,False,0.0289485459506977,0.0313910557227791,0.0343917933465002,0.912748174514482,False,0.0308220225851982,0.0454783884776406,0.0389351920001126,1.1680532305318223,True,0.0378719618893228,0.0779500007629394,-3.681288644895772,1.0912850079031018,0.7572627195554769,0.6722890781393318,0.0538453171320725,0.0289485459506977,0.0308220225851982,1.573730042086089,0.6979945025709109,0.6156815202364619,1.8770669384404373,1.7724820359146487,1.218511263285032,0.9260130504902911,0.912748174514482,1.1680532305318223,0.1260279368886097,-0.4011341871646152,-0.5728463806882641,K562,0.3340222883476249,1.0912850079031018,0.7572627195554769,0.6722890781393318,0.3340222883476249,0.33402228834762493,K562
KLF1,K562,norm_mean,"[[0 1 0 0]
 [1 0 0 0]
 [0 0 1 0]
 ...
 [0 0 1 0]
 [1 0 0 0]
 [0 1 0 0]]",0.6719377042145873,1.0,EH38E2412467,chr5,138337705,138338205,shared,cross_context,182808,-1,MA0493.3,KLF1,134,142,14.331336461977376,+,KLF1,ig,0.122654571197927,0.0766377029498107,0.0599366758789616,1.278644319850713,True,0.0385720852063968,0.0407049243024084,0.0365114308015185,1.1148539583438064,True,0.0564791380311362,0.0517691402073251,0.0411089376699054,1.2593156269291632,True,0.0725685981451533,1.1636899709701538,0.2187079879357221,1.880972637719289,1.0406813926564786,1.2703148243321192,0.122654571197927,0.0385720852063968,0.0564791380311362,2.482927040728703,1.0453354087448818,1.0709225369727422,3.220108451824114,2.4789279432315308,2.8358280669139058,1.278644319850713,1.1148539583438064,1.2593156269291632,0.9114788630710527,0.0575284527428096,0.3451860880670131,K562,0.6106578133871698,1.880972637719289,1.0406813926564786,1.2703148243321192,0.6106578133871698,0.6106578133871698,K562
KLF1,K562,norm_mean,"[[0 1 0 0]
 [0 0 0 1]
 [0 1 0 0]
 ...
 [1 0 0 0]
 [0 0 1 0]
 [0 1 0 0]]",0.081686235182379,0.0,EH38E2776845,chr1,1033275,1033775,shared,cross_context,43647,-1,MA0493.3,KLF1,59,67,14.331336461977376,+,KLF1,ig,0.0360560547560453,0.0528297640645178,0.0497432966038468,1.0620476938787236,True,0.0261701656927471,0.0486170733431936,0.0474870711727999,1.023795780715218,True,0.0281405663699843,0.04376476860416,0.0403712793265003,1.084056747611282,True,0.0301222622729255,4.888179779052734,2.2892976411754806,0.7019644633843208,0.5745322962096849,0.6772621376034383,0.0360560547560453,0.0261701656927471,0.0281405663699843,0.7382049801138302,0.7952096849770721,0.8963868389631308,1.6882475966142756,1.4265636998978588,1.2944912616093187,1.0620476938787236,1.023795780715218,1.084056747611282,-0.5105300962010335,-0.7995400989445067,-0.5622137487324301,K562,0.0247023257808824,0.7019644633843208,0.5745322962096849,0.6772621376034383,0.0247023257808824,0.024702325780882495,K562
KLF1,K562,norm_mean,"[[0 1 0 0]
 [0 0 1 0]
 [0 1 0 0]
 ...
 [0 1 0 0]
 [0 1 0 0]
 [0 0 1 0]]",0.2007143024904955,0.0,EH38E3921480,chr9,137458836,137459336,shared,cross_context,200660,-1,MA0493.3,KLF1,146,154,14.331336461977376,+,KLF1,ig,0.0538017738144844,0.0755420496675651,0.056060245251283,1.3475152642269894,True,0.0247037094086408,0.0532234344107564,0.0337583649521693,1.576599421215216,True,0.0280776194995269,0.0453809908125549,0.0439785893508233,1.03188804287614,True,0.0355277009075507,1.998669981956482,0.999040997461462,0.8867064370328811,0.5732096027856965,0.6510571624605809,0.0538017738144844,0.0247037094086408,0.0280776194995269,1.0045111144790588,0.5820947203528979,0.4561781947177179,2.4180532331468383,1.5437869581159005,2.066498558869823,1.3475152642269894,1.576599421215216,1.03188804287614,-0.1734715444691234,-0.802865313588196,-0.6191438758888556,K562,0.2356492745723002,0.8867064370328811,0.5732096027856965,0.6510571624605809,0.2356492745723002,0.23564927457230023,K562
KLF1,K562,norm_mean,"[[0 1 0 0]
 [1 0 0 0]
 [0 0 1 0]
 ...
 [0 1 0 0]
 [0 0 1 0]
 [0 1 0 0]]",0.0649199055964717,0.0,EH38E1549466,chr11,70270360,70270860,shared,cross_context,2175,-1,MA0493.3,KLF1,161,169,14.331336461977376,+,KLF1,ig,0.0830518367001786,0.0541077443165704,0.058996679761693,0.9171318685019344,False,0.0664608725346624,0.0497793091123458,0.0466470687325059,1.067147406974858,True,0.0288947564404224,0.0542551717764581,0.0385538051038857,1.4072581826276875,True,0.0594691552250878,3.334939956665039,1.7376612194966403,1.510469011475971,1.460985725378165,0.667745142155641,0.0830518367001786,0.0664608725346624,0.0288947564404224,1.803227403668247,2.1249125766346744,0.4928184583365962,2.599198379824944,2.042742080166049,2.039699687185774,0.9171318685019344,1.067147406974858,1.4072581826276875,0.5949965872397603,0.546942083285813,-0.5826305174313255,K562,0.0494832860978056,1.510469011475971,1.460985725378165,0.667745142155641,0.0494832860978056,0.049483286097805834,K562
KLF1,K562,norm_mean,"[[0 0 1 0]
 [1 0 0 0]
 [0 0 0 1]
 ...
 [1 0 0 0]
 [0 1 0 0]
 [0 0 0 1]]",0.1055087022253858,0.0,EH38E3661015,chr5,133051596,133052096,shared,cross_context,146696,-1,MA0493.3,KLF1,314,322,14.331336461977376,+,KLF1,ig,0.0362435227725654,0.0503611462123808,0.0724222470048362,0.6953821697246724,False,0.0200709290220402,0.0366821349828387,0.0357095894237844,1.0272345692684135,True,0.0285821402212604,0.0532431961549446,0.0508483529641676,1.0470975475152384,True,0.0282988640052887,1.1374000310897827,0.185741017251773,0.5609066444560795,0.5517156699335007,0.5504379033828675,0.0362435227725654,0.0200709290220402,0.0285821402212604,0.6605100017165066,0.48488183089659,0.671758940172575,1.1013831520123996,1.4515002768452865,1.2976293719733412,0.6953821697246724,1.0272345692684135,1.0470975475152384,-0.8341674191421591,-0.8580031355202882,-0.8613482742254394,K562,0.0091909745225787,0.5609066444560795,0.5517156699335007,0.5504379033828675,0.0091909745225787,0.009190974522578776,K562
KLF1,K562,norm_mean,"[[0 1 0 0]
 [0 0 0 1]
 [0 0 1 0]
 ...
 [1 0 0 0]
 [1 0 0 0]
 [0 0 0 1]]",0.191068140968474,0.0,EH38E3484127,chr22,42070372,42070872,shared,cross_context,131540,-1,MA0493.3,KLF1,467,475,14.331336461977376,+,KLF1,ig,0.0616810715291649,0.0498141741717699,0.0782152355590369,0.6368857352006931,False,0.0362068594768061,0.0387274015028378,0.0523577979719266,0.7396681221567348,False,0.0306251040310598,0.0440454570087604,0.0596510467812186,0.7383851919054067,False,0.0428376783456769,1.6990000009536743,0.7646867024753274,0.8922911107646954,0.7292821649043845,0.5101855971622115,0.0616810715291649,0.0362068594768061,0.0306251040310598,0.7616851837533916,0.5406936429395197,0.6292455892035066,2.0185293167310983,1.6037470494240351,1.1511542959173355,0.6368857352006931,0.7396681221567348,0.7383851919054067,-0.1644136257941781,-0.4554509804867922,-0.9709059206690744,K562,0.1630089458603109,0.8922911107646954,0.7292821649043845,0.5101855971622115,0.1630089458603109,0.1630089458603109,K562
KLF1,K562,norm_mean,"[[0 0 1 0]
 [0 0 0 1]
 [1 0 0 0]
 ...
 [1 0 0 0]
 [0 1 0 0]
 [0 0 0 1]]",0.0705394561010842,0.0,EH38E2988430,chr11,118928429,118928929,shared,cross_context,68362,-1,MA0493.3,KLF1,266,274,14.331336461977376,+,KLF1,ig,0.100079467985779,0.0778511041030287,0.052249418785859,1.4899895733233108,True,0.0303339931415393,0.0537119868071749,0.0403876345280411,1.3299113487512926,True,0.0276027501095086,0.059583442605799,0.0379868564882482,1.5685274441952706,True,0.0526720704122756,1.035040020942688,0.0496879460220327,1.607700305403708,0.6653291658972145,0.5945918288202916,0.100079467985779,0.0303339931415393,0.0276027501095086,2.0771014942519845,0.8289192975005593,0.5611813882080549,3.0746218404047263,1.3946963217537545,1.5514048562100635,1.4899895733233108,1.3299113487512926,1.5685274441952706,0.6849984968391907,-0.5878598144881886,-0.7500284553194543,K562,0.9423711395064936,1.607700305403708,0.6653291658972145,0.5945918288202916,0.9423711395064936,0.9423711395064935,K562
KLF1,K562,norm_mean,"[[1 0 0 0]
 [1 0 0 0]
 [1 0 0 0]
 ...
 [0 1 0 0]
 [0 0 1 0]
 [0 1 0 0]]",0.0405473618858474,0.0,EH38E2801459,chr1,32963730,32964230,shared,cross_context,13896,-1,MA0493.3,KLF1,147,155,14.331336461977376,+,KLF1,ig,0.1715126074850559,0.0690880997083149,0.0695496240512011,0.9933639572776704,False,0.0639555868692696,0.0528401202894747,0.0595774304156982,0.8869149114293228,False,0.0744012016803026,0.0455870113705168,0.0435266756977648,1.047334770376459,True,0.1032897986782093,2.2557098865509038,1.1735821700115088,2.572630774473681,1.1794952602555218,1.742242687274305,0.1715126074850559,0.0639555868692696,0.0744012016803026,2.9475685456313303,1.129298530903276,2.1279872755320923,4.464680190821153,2.3475682987133784,2.986043826187682,0.9933639572776704,0.8869149114293228,1.047334770376459,1.3632444160237822,0.2381696224121428,0.8009456002760931,K562,0.8303880871993758,2.572630774473681,1.1794952602555218,1.742242687274305,0.8303880871993758,0.8303880871993758,K562
KLF1,K562,norm_mean,"[[1 0 0 0]
 [0 1 0 0]
 [0 0 1 0]
 ...
 [0 1 0 0]
 [0 1 0 0]
 [0 1 0 0]]",0.1111046555088728,0.0,EH38E3394671,chr2,202634935,202635435,shared,cross_context,120579,-1,MA0493.3,KLF1,26,34,14.331336461977376,+,KLF1,ig,0.0619485328206792,0.0752852494671242,0.0748968113097362,1.005186176804242,True,0.0474604805931448,0.0646914719499182,0.0458810089586768,1.4099833311937378,True,0.0289938749046996,0.0622623366111656,0.043845870187506,1.4200270662808443,True,0.0461342961061745,1.4950300455093384,0.5801754434449986,0.8735770558699196,0.8468355317644369,0.5286450754057831,0.0619485328206792,0.0474604805931448,0.0289938749046996,0.8143751490806871,0.9619890845110588,0.6507856437987297,2.2992247228389773,1.7417144363531265,1.2042816275678652,1.005186176804242,1.4099833311937378,1.4200270662808443,-0.1949931282525876,-0.2398462895622375,-0.9196286492221842,K562,0.0267415241054826,0.8735770558699196,0.8468355317644369,0.5286450754057831,0.0267415241054826,0.026741524105482695,K562
KLF1,K562,norm_mean,"[[0 0 1 0]
 [0 0 0 1]
 [0 1 0 0]
 ...
 [0 1 0 0]
 [0 1 0 0]
 [1 0 0 0]]",0.1111046555088728,0.0,EH38E3394670,chr2,202634631,202635131,shared,cross_context,62050,-1,MA0493.3,KLF1,330,338,14.331336461977376,+,KLF1,ig,0.0716758158523589,0.0720202560792677,0.0530895507909531,1.356580371098878,True,0.0195794025203213,0.0438406800566008,0.0365883986866177,1.1982122653132947,True,0.0429553729481995,0.0544927853328408,0.0371696894438585,1.4660539672952495,True,0.0447368637736265,1.4950300455093384,0.5801754434449986,1.1969190089340744,0.4888238605658625,0.99312595556035,0.0716758158523589,0.0195794025203213,0.0429553729481995,1.2805792015780515,0.595108717369091,1.3430961337605452,3.0396647303115767,0.7481470257633367,1.5732632481074655,1.356580371098878,1.1982122653132947,1.4660539672952495,0.2593255349718638,-1.032613383948171,-0.0099513908486511,K562,0.2037930533737243,1.1969190089340744,0.4888238605658625,0.99312595556035,0.2037930533737243,0.20379305337372444,K562
KLF1,K562,norm_mean,"[[0 1 0 0]
 [0 0 0 1]
 [0 1 0 0]
 ...
 [0 0 1 0]
 [0 0 1 0]
 [0 0 1 0]]",0.078361091477769,0.0,EH38E3928568,chrX,24054103,24054603,shared,cross_context,200735,-1,MA0493.3,KLF1,451,459,14.331336461977376,+,KLF1,ig,0.0355425870802719,0.0556573959806701,0.0502797224826645,1.1069548947950294,True,0.0186374294571578,0.0428944537125062,0.0342654878922621,1.2518263662000555,True,0.0296123726293444,0.0476575858850264,0.0431663071003276,1.1040456792795212,True,0.0279307963889247,2.293570041656494,1.197595594517413,0.6504752034428022,0.4451744600454365,0.5920638430682305,0.0355425870802719,0.0186374294571578,0.0296123726293444,0.3849349883745184,0.4588426540666169,0.7785557275469378,2.460608542229129,1.2170093817082626,1.01178978359536,1.1069548947950294,1.2518263662000555,1.1040456792795212,-0.6204340311944129,-1.1675572649656782,-0.7561753403940682,K562,0.0584113603745717,0.6504752034428022,0.4451744600454365,0.5920638430682305,0.0584113603745717,0.05841136037457173,K562
KLF1,K562,norm_mean,"[[0 0 1 0]
 [0 0 1 0]
 [0 0 1 0]
 ...
 [0 0 1 0]
 [0 0 1 0]
 [0 0 1 0]]",0.6564313589159942,1.0,EH38E3187165,chr16,67873096,67873596,shared,cross_context,90694,-1,MA0493.3,KLF1,146,154,14.331336461977376,+,KLF1,ig,0.0583112381864339,0.0549963668198324,0.0573767911030445,0.9585122516862352,False,0.0387818596791476,0.0380479693470988,0.0541003370808903,0.7032851247739665,False,0.0347674743388779,0.0426127216534223,0.0494201767537742,0.8622533513629014,False,0.0439535240681531,2.1122400760650635,1.0787745029705766,1.0560800042090217,0.836187394051319,0.7717991244419307,0.0583112381864339,0.0387818596791476,0.0347674743388779,1.1026725415903322,1.0748835008467217,0.9315297126697314,2.0029878033683644,1.4126798832709249,1.7341829402517694,0.9585122516862352,0.7032851247739665,0.8622533513629014,0.078719132751432,-0.2581017989748358,-0.3737026857857338,K562,0.2198926101577026,1.0560800042090217,0.836187394051319,0.7717991244419307,0.2198926101577026,0.21989261015770267,K562
KLF1,K562,norm_mean,"[[0 0 0 1]
 [0 0 0 1]
 [0 1 0 0]
 ...
 [0 0 1 0]
 [1 0 0 0]
 [0 1 0 0]]",0.0044395253020126,0.0,EH38E3131890,chr15,45278764,45279264,shared,cross_context,60741,-1,MA0493.3,KLF1,257,265,14.331336461977376,+,KLF1,ig,0.2461690567433834,0.0796558405808173,0.0478919679798985,1.6632397311769165,True,0.0261176012572832,0.044724707902933,0.0370040933117613,1.2086418505030418,True,0.1061255605891347,0.0630427056096959,0.0350105450965295,1.8006771225385445,True,0.1261374061966004,1.553380012512207,0.6354117366428911,4.0824238155950425,0.6526144031707473,2.3090547683335045,0.2461690567433834,0.0261176012572832,0.1061255605891347,4.997153607214902,0.4838322578606462,2.737232209481594,5.389983135256814,2.185427908385265,3.598714146388073,1.6632397311769165,1.2086418505030418,1.8006771225385445,2.0294259634486846,-0.6156972646804298,1.2073023933410163,K562,1.773369047261538,4.0824238155950425,0.6526144031707473,2.3090547683335045,1.773369047261538,1.773369047261538,K562
KLF1,K562,norm_mean,"[[0 1 0 0]
 [0 0 0 1]
 [0 1 0 0]
 ...
 [0 1 0 0]
 [0 0 0 1]
 [0 0 1 0]]",0.1732216048781459,0.0,EH38E2966590,chr11,67373225,67373725,shared,cross_context,209359,-1,MA0493.3,KLF1,268,276,14.331336461977376,+,KLF1,ig,0.0444108111551031,0.0667608436371665,0.0500468687361064,1.3339661797730007,True,0.0272108836797997,0.0501643808721564,0.0549640296059153,0.912676383173949,False,0.0337112181587144,0.0511200848576845,0.0511452197602827,0.9995083627013496,False,0.0351109709978724,1.9248700141906736,0.944761773899912,0.7849794167585351,0.5125505881910402,0.6592540042725274,0.0444108111551031,0.0272108836797997,0.0337112181587144,0.5590290084063628,0.559637858238813,0.7386199172731613,2.4710892862864333,0.9262588857257696,1.4332935162789116,1.3339661797730007,0.912676383173949,0.9995083627013496,-0.3492732680002658,-0.9642336879803282,-0.6010936637322868,K562,0.1257254124860076,0.7849794167585351,0.5125505881910402,0.6592540042725274,0.1257254124860076,0.12572541248600766,K562
KLF1,K562,norm_mean,"[[1 0 0 0]
 [0 1 0 0]
 [0 0 1 0]
 ...
 [0 0 0 1]
 [1 0 0 0]
 [0 0 0 1]]",0.0135123277299987,0.0,EH38E2013846,chr2,85539392,85539892,shared,cross_context,22835,-1,MA0493.3,KLF1,265,273,14.331336461977376,+,KLF1,ig,0.0717587366234511,0.05271744702477,0.0637085069745528,0.8274787976280642,False,0.0570786583703011,0.0515522126067662,0.0551116613737226,0.935413703155198,False,0.0301151189487427,0.0428163474623579,0.0691782951997503,0.6189273839352813,False,0.0529841713141649,2.135890007019043,1.0948380292141071,1.207752026302934,1.062496806477522,0.5114602871911802,0.0717587366234511,0.0570786583703011,0.0301151189487427,1.4896933916467925,1.1436300738709733,0.6826078695295665,2.0813586962582,2.071013571407125,0.796696795450382,0.8274787976280642,0.935413703155198,0.6189273839352813,0.2723242744445373,0.0874585063390297,-0.967305867143116,K562,0.145255219825412,1.207752026302934,1.062496806477522,0.5114602871911802,0.145255219825412,0.145255219825412,K562
KLF1,K562,norm_mean,"[[0 0 1 0]
 [0 0 1 0]
 [0 1 0 0]
 ...
 [0 0 1 0]
 [0 0 1 0]
 [0 0 1 0]]",0.0867937254727046,0.0,EH38E3283156,chr19,3094600,3095100,shared,cross_context,30061,-1,MA0493.3,KLF1,413,421,14.331336461977376,+,KLF1,ig,0.1150278956629335,0.0755402661924017,0.0639004180952906,1.1821558703762256,True,0.0489120892016217,0.0449425088055431,0.0553109223966021,0.8125429613676901,False,0.0779240764677524,0.043574890976306,0.0409539764921646,1.0639963214482873,True,0.0806213537774359,3.043540000915528,1.6057508011431705,1.634997749143716,1.0294032316434327,1.6287940233514042,0.1150278956629335,0.0489120892016217,0.0779240764677524,1.9341913121300405,1.2326452943661548,2.239524147035754,2.768523162512346,2.93036235718168,2.1297662020516364,1.1821558703762256,0.8125429613676901,1.0639963214482873,0.7092886504886564,0.041808218171294,0.7038041736392068,K562,0.0062037257923117,1.634997749143716,1.0294032316434327,1.6287940233514042,0.0062037257923117,0.006203725792311765,K562
KLF1,K562,norm_mean,"[[1 0 0 0]
 [1 0 0 0]
 [1 0 0 0]
 ...
 [0 1 0 0]
 [0 0 0 1]
 [0 0 1 0]]",0.7307981022919645,1.0,EH38E3775900,chr7,55951646,55952146,shared,cross_context,159236,-1,MA0493.3,KLF1,138,146,14.331336461977376,+,KLF1,ig,0.0576374548254534,0.0699397717323154,0.0853294254442261,0.8196441400111002,False,0.0256192567758262,0.0514894583221757,0.0596511869937612,0.863175609494658,False,0.0202421098947525,0.0458624671545112,0.0512898008561354,0.8941828091967907,False,0.034499607165344,1.8574800491333008,0.8933474918078143,0.7746937479670463,0.4775419875032678,0.4367362242089904,0.0576374548254534,0.0256192567758262,0.0202421098947525,0.9540854466188516,0.5332808823506852,0.6745384900241037,1.5398408314975744,1.1209729543397633,0.6807722445898242,0.8196441400111002,0.863175609494658,0.8941828091967907,-0.3683019963278958,-1.066300505315474,-1.1951658940603198,K562,0.2971517604637784,0.7746937479670463,0.4775419875032678,0.4367362242089904,0.2971517604637784,0.29715176046377845,K562
KLF1,K562,norm_mean,"[[1 0 0 0]
 [0 0 0 1]
 [0 0 0 1]
 ...
 [1 0 0 0]
 [0 0 1 0]
 [0 1 0 0]]",0.1901972611801977,0.0,EH38E3222362,chr17,40341680,40342180,shared,cross_context,27791,-1,MA0493.3,KLF1,418,426,14.331336461977376,+,KLF1,ig,0.0431383960240054,0.0618754456366878,0.0708745713112875,0.8730273180017142,False,0.0205689760623499,0.036158255552873,0.0617137871752493,0.5859022975072178,False,0.0291687849676236,0.0508601098030339,0.0559166675398591,0.909569596061556,False,0.030958719017993,0.5239199995994568,-0.932578806175232,0.6526700481503847,0.3362680504583308,0.491694365177773,0.0431383960240054,0.0205689760623499,0.0291687849676236,0.5116882240476031,0.5555018489266432,0.7337772682103186,2.2838339314435454,0.5449613823782735,0.7136879507131864,0.8730273180017142,0.5859022975072178,0.909569596061556,-0.6155742589462887,-1.5723163787410983,-1.0241662699992278,K562,0.1609756829726116,0.6526700481503847,0.3362680504583308,0.491694365177773,0.1609756829726116,0.16097568297261167,K562
KLF1,K562,norm_mean,"[[0 1 0 0]
 [0 0 1 0]
 [0 0 1 0]
 ...
 [1 0 0 0]
 [0 0 1 0]
 [0 0 0 1]]",0.0710004062637028,0.0,EH38E3250541,chr17,81481673,81482173,shared,cross_context,100613,-1,MA0493.3,KLF1,30,38,14.331336461977376,+,KLF1,ig,0.0953556834720075,0.0578731852094642,0.058088830577617,0.9962874905746376,False,0.0549668704625219,0.0433602764748502,0.039032161081559,1.1108855918941198,True,0.0582777895033359,0.04422007749381,0.0339552672603167,1.3023035316365894,True,0.0695334478126217,2.1203598976135254,1.0843098406774758,1.742520328299158,1.2078381599039114,1.5563523949752214,0.0953556834720075,0.0549668704625219,0.0582777895033359,2.3171508559525225,0.9914294651235532,1.533260853955428,2.6177878597038875,2.2771611166618726,3.848162745087156,0.9962874905746376,1.1108855918941198,1.3023035316365894,0.8011754875473538,0.2724271598757196,0.6381687585017991,K562,0.1861679333239365,1.742520328299158,1.2078381599039114,1.5563523949752214,0.1861679333239365,0.18616793332393655,K562
KLF1,K562,norm_mean,"[[0 0 1 0]
 [0 1 0 0]
 [1 0 0 0]
 ...
 [0 0 1 0]
 [0 0 1 0]
 [0 0 1 0]]",0.1433478831796485,0.0,EH38E1863563,chr17,42458556,42459056,shared,cross_context,17021,-1,MA0493.3,KLF1,303,311,14.331336461977376,+,KLF1,ig,0.0639875414781272,0.0621312764903996,0.0454955288023901,1.3656564605216956,True,0.0498796137981116,0.0478988711192505,0.0459803334796098,1.041724952326453,True,0.0352240409119986,0.0382105272040644,0.0384443065964571,0.9939187528069044,False,0.0496970653960791,0.8970500230789185,-0.1567380488181369,1.226200038834112,1.072128443254789,0.9222630594247117,0.0639875414781272,0.0498796137981116,0.0352240409119986,1.4020725708484292,1.3049681185727018,0.9864399503810908,2.133363674502814,2.0463471905646484,1.912768201262712,1.3656564605216956,1.041724952326453,0.9939187528069044,0.2941943566264484,0.1004777554121653,-0.1167497804153055,K562,0.154071595579323,1.226200038834112,1.072128443254789,0.9222630594247117,0.154071595579323,0.15407159557932304,K562
KLF1,K562,norm_mean,"[[0 1 0 0]
 [0 1 0 0]
 [0 1 0 0]
 ...
 [0 1 0 0]
 [0 0 1 0]
 [0 1 0 0]]",0.7804896187275691,1.0,EH38E1885992,chr17,75515381,75515881,shared,cross_context,5377,-1,MA0493.3,KLF1,340,348,14.331336461977376,+,KLF1,ig,0.1453144266270101,0.0573837832984281,0.0602068182597034,0.9531108838835028,False,0.024187670322135,0.0304823599325027,0.0349999106708052,0.8709265434972612,False,0.1148399444646202,0.0488576675648801,0.0501919970556627,0.973415299186922,False,0.0947806804712551,1.8534300327301023,0.8901984326162294,2.467472102109356,0.7084006889957563,2.248548269029866,0.1453144266270101,0.024187670322135,0.1148399444646202,3.1115291044979805,0.7533230571346683,3.1703801375394667,3.4951991172033265,1.9376271657518964,3.738365027847878,0.9531108838835028,0.8709265434972612,0.973415299186922,1.3030337738677726,-0.4973624775844197,1.1689938549587764,K562,0.21892383307949,2.467472102109356,0.7084006889957563,2.248548269029866,0.21892383307949,0.21892383307949004,K562
KLF1,K562,norm_mean,"[[0 1 0 0]
 [0 1 0 0]
 [0 0 1 0]
 ...
 [0 1 0 0]
 [0 1 0 0]
 [0 0 1 0]]",0.1341093038066603,0.0,EH38E3299687,chr19,29811569,29812069,shared,cross_context,109183,-1,MA0493.3,KLF1,283,291,14.331336461977376,+,KLF1,ig,0.0738309973385185,0.0548582267086021,0.0690174996823024,0.7948450612188485,False,0.055128562671598,0.0491456905618542,0.0641865868972859,0.7656690483295021,False,0.0575609672814607,0.0536084578582085,0.0535123637347192,1.001795549641764,True,0.0621735090971924,0.2807799875736236,-1.8324828446504344,1.1629394938177786,0.9454191975481891,1.0749033470122995,0.0738309973385185,0.055128562671598,0.0575609672814607,1.2825703153413106,1.2316063670426478,1.3927999210850028,2.2868534362927253,2.0312144172509674,1.4185284844252553,0.7948450612188485,0.7656690483295021,1.001795549641764,0.2177760385161473,-0.0809739332064163,0.104206942966236,K562,0.0880361468054791,1.1629394938177786,0.9454191975481891,1.0749033470122995,0.0880361468054791,0.08803614680547911,K562
KLF1,K562,norm_mean,"[[0 0 0 1]
 [0 0 1 0]
 [1 0 0 0]
 ...
 [1 0 0 0]
 [0 0 1 0]
 [0 0 1 0]]",0.1503081145840961,0.0,EH38E3286697,chr19,6372808,6373308,shared,cross_context,30334,-1,MA0493.3,KLF1,297,305,14.331336461977376,+,KLF1,ig,0.1381281982176005,0.0641838888230268,0.0477088510004168,1.3453242747184,True,0.091799575544428,0.0492801536328624,0.0513796450314186,0.95913749523479,False,0.0401616774324793,0.0375225345464423,0.0459448092742868,0.8166869548976976,False,0.090029817064836,0.9316800236701964,-0.1020919858621318,2.5486726009672025,1.818687022830864,0.9417924188887932,0.1381281982176005,0.091799575544428,0.0401616774324793,3.7761419001596033,2.414029555776779,0.4619413190986247,3.2020448346440613,2.8756616478953925,3.459032574450225,1.3453242747184,0.95913749523479,0.8166869548976976,1.3497460591762338,0.8628972922931271,-0.0865189838796269,K562,0.7299855781363387,2.5486726009672025,1.818687022830864,0.9417924188887932,0.7299855781363387,0.7299855781363385,K562
KLF1,K562,norm_mean,"[[0 0 0 1]
 [0 0 0 1]
 [0 0 0 1]
 ...
 [0 0 1 0]
 [0 1 0 0]
 [1 0 0 0]]",0.0026186793416044,0.0,EH38E2964270,chr11,65416787,65417287,shared,cross_context,65727,-1,MA0493.3,KLF1,13,21,14.331336461977376,+,KLF1,ig,0.1055232260841876,0.0769307217770256,0.0701713274023495,1.0963268568748945,True,0.0719079147092998,0.0480067217664327,0.0595988917494833,0.8054967517392037,False,0.0678390096873045,0.0588004440633812,0.0595635520730866,0.9871881737232412,False,0.0817567168269306,1.3591300249099731,0.4426845435784725,1.4742754233100308,1.4543298799760251,1.2486174842455935,0.1055232260841876,0.0719079147092998,0.0678390096873045,1.7174510510340952,1.835475002114477,1.3217467817121509,3.209561527463689,2.066079065961226,2.4908383598221024,1.0963268568748945,0.8054967517392037,0.9871881737232412,0.5600060740714603,0.540354548259349,0.3203315740949944,K562,0.0199455433340056,1.4742754233100308,1.4543298799760251,1.2486174842455935,0.0199455433340056,0.019945543334005666,K562
KLF1,K562,norm_mean,"[[0 0 1 0]
 [0 1 0 0]
 [0 0 1 0]
 ...
 [0 1 0 0]
 [0 0 1 0]
 [0 0 1 0]]",0.1987165714728968,0.0,EH38E3292428,chr19,14090946,14091446,shared,cross_context,214448,-1,MA0493.3,KLF1,106,114,14.331336461977376,+,KLF1,ig,0.0530024680774658,0.0419027839411864,0.0483168863236815,0.8672490811593935,False,0.0179492570459842,0.0323858925478998,0.0440106266488631,0.7358651229312863,False,0.0092120244808029,0.0313944999975501,0.0413880967307791,0.758539166861744,False,0.0267212498680843,0.0,-19.93156856932417,1.1655336172582609,0.4870174096718746,0.2500042324376755,0.0530024680774658,0.0179492570459842,0.0092120244808029,1.3859175321630994,0.4181540789732663,0.3337868464015411,1.8214773650790104,0.9528579959497542,0.5264938103895114,0.8672490811593935,0.7358651229312863,0.758539166861744,0.2209906176757007,-1.0379547459042162,-1.999975569968684,K562,0.6785162075863862,1.1655336172582609,0.4870174096718746,0.2500042324376755,0.6785162075863862,0.6785162075863862,K562
KLF1,K562,norm_mean,"[[0 1 0 0]
 [0 0 1 0]
 [0 0 1 0]
 ...
 [1 0 0 0]
 [0 0 1 0]
 [1 0 0 0]]",0.1964035539191768,0.0,EH38E3700781,chr6,31666023,31666523,shared,cross_context,151415,-1,MA0493.3,KLF1,267,275,14.331336461977376,+,KLF1,ig,0.0511429797043092,0.0659365878510288,0.0584669590631771,1.1277579273825595,True,0.0249770815717056,0.0535900801100069,0.0551676775443737,0.9714034155755056,False,0.0266034581145504,0.0476591967104468,0.0561067480676007,0.8494377210856529,False,0.0342411731301884,2.7247700691223145,1.4461350220670892,0.8331540385817626,0.4578630154548751,0.5037873150455506,0.0511429797043092,0.0249770815717056,0.0266034581145504,1.242025551728331,0.4307045859534516,0.3264367371435558,1.4348093285319985,1.6958761388704495,2.1766596583759097,1.1277579273825595,0.9714034155755056,0.8494377210856529,-0.2633448386776971,-1.1270120577902565,-0.9891132953807916,K562,0.329366723536212,0.8331540385817626,0.4578630154548751,0.5037873150455506,0.329366723536212,0.329366723536212,K562
KLF1,K562,norm_mean,"[[0 1 0 0]
 [0 0 1 0]
 [0 1 0 0]
 ...
 [1 0 0 0]
 [0 0 0 1]
 [0 0 0 1]]",0.1680927633799806,0.0,EH38E3225611,chr17,44308901,44309401,shared,cross_context,61263,-1,MA0493.3,KLF1,59,67,14.331336461977376,+,KLF1,ig,0.0464293105178512,0.0778013875061879,0.0679235920438077,1.145424935738971,True,0.0241885069408454,0.0696619324764469,0.0585739809367805,1.1892980376159394,True,0.0245346469455398,0.04559493060573,0.0560604619071818,0.8133169246455966,False,0.0317174881347455,0.1844999939203262,-2.4382995066772284,0.6773729741606082,0.4253646191683097,0.5382225518743786,0.0464293105178512,0.0241885069408454,0.0245346469455398,0.8544318335502108,0.4870034445605996,0.6833265195551546,1.5951794266653565,1.388794800641124,1.0175678668473265,1.145424935738971,1.1892980376159394,0.8133169246455966,-0.561977665450504,-1.233228053197611,-0.8937252501031513,K562,0.1391504222862295,0.6773729741606082,0.4253646191683097,0.5382225518743786,0.1391504222862295,0.13915042228622954,K562
KLF1,K562,norm_mean,"[[0 1 0 0]
 [1 0 0 0]
 [0 1 0 0]
 ...
 [0 0 1 0]
 [0 0 0 1]
 [0 1 0 0]]",0.7315460123655974,1.0,EH38E2108789,chr20,34955580,34956080,shared,cross_context,7349,-1,MA0493.3,KLF1,212,220,14.331336461977376,+,KLF1,ig,0.0527186334365978,0.0589301206893287,0.0540893239397122,1.0894961427147911,True,0.0218746312893927,0.0519745242863427,0.0392042345133048,1.3257371728896343,True,0.0306920854200143,0.0582131826045224,0.0442257103825865,1.3162743783692736,True,0.0350951167153349,1.168869972229004,0.2251156843613668,0.9417361276363015,0.4949837066996528,0.6176766562165528,0.0527186334365978,0.0218746312893927,0.0306920854200143,0.6675830028503846,0.3405636856498374,0.4825599091505973,2.668238021905554,1.1980491896435228,1.3965547623368992,1.0894961427147911,1.3257371728896343,1.3162743783692736,-0.0866052168288463,-1.0145470549632762,-0.6950762844392817,K562,0.3240594714197488,0.9417361276363015,0.4949837066996528,0.6176766562165528,0.3240594714197488,0.3240594714197488,K562
KLF1,K562,norm_mean,"[[0 1 0 0]
 [0 0 1 0]
 [0 1 0 0]
 ...
 [1 0 0 0]
 [0 0 1 0]
 [0 0 1 0]]",0.8682133915781977,1.0,EH38E2836769,chr1,150282147,150282647,shared,cross_context,52124,-1,MA0493.3,KLF1,379,387,14.331336461977376,+,KLF1,ig,0.0434550278587266,0.0550928957515861,0.0640831312066041,0.8597096633257504,False,0.0234259581193327,0.0390952703298535,0.0473790339653799,0.8251595443424443,False,0.0170134576619602,0.0322149361448828,0.0521903165382756,0.6172587581197995,False,0.0279648145466732,0.1359400004148483,-2.878947449862548,0.7215022089583959,0.5130655896335286,0.4086266579018019,0.0434550278587266,0.0234259581193327,0.0170134576619602,0.9947242862258412,0.4551635536920369,0.4341482050884747,1.135770673196557,1.2807859104285244,0.9526216922812606,0.8597096633257504,0.8251595443424443,0.6172587581197995,-0.4709242811949563,-0.9627848222073596,-1.2911447659733282,K562,0.2084366193248673,0.7215022089583959,0.5130655896335286,0.4086266579018019,0.2084366193248673,0.20843661932486734,K562
KLF1,K562,norm_mean,"[[0 0 0 1]
 [1 0 0 0]
 [1 0 0 0]
 ...
 [1 0 0 0]
 [0 0 1 0]
 [1 0 0 0]]",0.0547566910897483,0.0,EH38E3394418,chr2,202032840,202033340,shared,cross_context,120543,-1,MA0493.3,KLF1,229,237,14.331336461977376,+,KLF1,ig,0.0477165422635152,0.0620112425903789,0.0504849374063689,1.228311522070754,True,0.0360016571357846,0.0370409731013933,0.0511982369228066,0.723481277732835,False,0.0222646626934874,0.043589863483794,0.0420662038112566,1.0362202711984896,True,0.0353276206975958,1.3980400562286377,0.483406728916295,0.8677722886228056,0.7883334762208324,0.5218926564089117,0.0477165422635152,0.0360016571357846,0.0222646626934874,0.5699377321357614,0.9238315565318328,0.5863957315168941,2.377386578626842,1.486300426277657,1.0225488981794493,1.228311522070754,0.723481277732835,1.0362202711984896,-0.2046115772531621,-0.3431220538341656,-0.938174990292924,K562,0.0794388124019732,0.8677722886228056,0.7883334762208324,0.5218926564089117,0.0794388124019732,0.07943881240197326,K562
KLF1,K562,norm_mean,"[[1 0 0 0]
 [0 0 1 0]
 [0 1 0 0]
 ...
 [0 0 1 0]
 [0 1 0 0]
 [0 0 0 1]]",0.122031943067586,0.0,EH38E3474388,chr22,28883391,28883891,shared,cross_context,129786,-1,MA0493.3,KLF1,179,187,14.331336461977376,+,KLF1,ig,0.0836520954035222,0.0573626507504377,0.0556084747926427,1.031544933553505,True,0.0261826972709968,0.0388556751740543,0.0347362178336259,1.1185922478444996,True,0.0665932351257652,0.0558920158649561,0.0395397798655153,1.4135638063595906,True,0.0588093426000947,0.9222599864006042,-0.1167530248124705,1.501165299985318,0.7325182202540571,1.4542789509007488,0.0836520954035222,0.0261826972709968,0.0665932351257652,1.9359453139129617,0.7944484126059583,1.7003431917929546,3.143770087105295,1.0373345123006723,2.8250984541297446,1.031544933553505,1.1185922478444996,1.4135638063595906,0.586082848231902,-0.449063448136213,0.5403040257390876,K562,0.0468863490845692,1.501165299985318,0.7325182202540571,1.4542789509007488,0.0468863490845692,0.046886349084569234,K562
KLF1,K562,norm_mean,"[[0 1 0 0]
 [0 1 0 0]
 [0 0 1 0]
 ...
 [0 1 0 0]
 [0 0 0 1]
 [1 0 0 0]]",0.1328357841340836,0.0,EH38E2839850,chr1,155193687,155194187,shared,cross_context,52797,-1,MA0493.3,KLF1,285,293,14.331336461977376,+,KLF1,ig,0.0637928068172186,0.0641641084570437,0.0625852019375321,1.0252279487538936,True,0.0433353066327981,0.0355028016649885,0.0664502664768429,0.5342762069223409,False,0.0324284605449065,0.0348999870865372,0.0477010170288849,0.7316401608167449,False,0.0465188579983077,2.011509895324707,1.0082795523251409,1.0093485154421065,0.7971703495846684,0.7594377918660912,0.0637928068172186,0.0433353066327981,0.0324284605449065,0.947146894817308,1.2511277785535606,0.8305646822386047,2.055397169942262,1.6599959598063136,1.7940118639566076,1.0252279487538936,0.5342762069223409,0.7316401608167449,0.0134244064825892,-0.3270400423369942,-0.3969962994807881,K562,0.2121781658574381,1.0093485154421065,0.7971703495846684,0.7594377918660912,0.2121781658574381,0.2121781658574381,K562
KLF1,K562,norm_mean,"[[0 1 0 0]
 [0 0 1 0]
 [0 1 0 0]
 ...
 [0 0 1 0]
 [0 0 1 0]
 [0 0 1 0]]",0.7686036955724677,1.0,EH38E3700864,chr6,31729591,31730091,shared,cross_context,219984,-1,MA0493.3,KLF1,258,266,14.331336461977376,+,KLF1,ig,0.0907554375007748,0.064498697630479,0.0623322698348858,1.034755953116617,True,0.0345300866756588,0.0435374308616155,0.0475146649062084,0.9162944068870568,False,0.0476216976530849,0.05841367099958,0.042454528550689,1.375911103823127,True,0.0576357406098395,1.5162400007247925,0.6004990826099288,1.4364917402470063,0.7512900765401898,0.978087856183882,0.0907554375007748,0.0345300866756588,0.0476216976530849,1.6690722246582583,0.7549737689545547,1.192797931392216,2.855715933853879,1.7065040490039292,2.38343475189119,1.034755953116617,0.9162944068870568,1.375911103823127,0.5225496984769535,-0.4125580464994642,-0.0319640331550639,K562,0.4584038840631244,1.4364917402470063,0.7512900765401898,0.978087856183882,0.4584038840631244,0.45840388406312427,K562
KLF1,K562,norm_mean,"[[0 1 0 0]
 [0 1 0 0]
 [0 1 0 0]
 ...
 [0 0 0 1]
 [0 1 0 0]
 [0 0 1 0]]",0.128590382622154,0.0,EH38E3568537,chr4,3292996,3293496,shared,cross_context,20370,-1,MA0493.3,KLF1,316,324,14.331336461977376,+,KLF1,ig,0.0597048824420198,0.0499613813072937,0.0436973636762609,1.1433497508898542,True,0.031342294649221,0.0359203050873475,0.0295339877655799,1.2162357894267322,True,0.0334706038702279,0.0435476195755472,0.0324399424928132,1.3424070083085011,True,0.0415059269871562,0.0880500003695488,-3.505516794804117,1.2860469274696211,0.9738940456910652,0.8635728151353501,0.0597048824420198,0.031342294649221,0.0334706038702279,1.9338355827427771,1.409951085227199,0.91052207614458,2.2030519666156883,2.1523918732052323,1.5969708152611164,1.1433497508898542,1.2162357894267322,1.3424070083085011,0.3629432882608198,-0.0381632698364773,-0.2116102645005151,K562,0.3121528817785559,1.2860469274696211,0.9738940456910652,0.8635728151353501,0.3121528817785559,0.31215288177855594,K562
KLF1,K562,norm_mean,"[[0 0 1 0]
 [0 0 0 1]
 [1 0 0 0]
 ...
 [0 0 1 0]
 [1 0 0 0]
 [0 0 1 0]]",0.0329662045136829,0.0,EH38E3424695,chr20,23361080,23361580,shared,cross_context,194115,-1,MA0493.3,KLF1,479,487,14.331336461977376,+,KLF1,ig,0.0662196355697233,0.0519432491011684,0.0581193805835209,0.8937335470942864,False,0.0338693892117589,0.0382558848545886,0.0510100385511759,0.7499676228735274,False,0.038223224459216,0.0408583523437846,0.051522140635061,0.7930249774158367,False,0.0461040830802327,3.840980052947998,1.941474847262526,1.08041694884459,0.7611955173929892,0.8041435371944805,0.0662196355697233,0.0338693892117589,0.038223224459216,1.4021211414978647,0.964268781897858,0.7370724974392081,1.9478271880499047,1.5728659529295146,1.5334058135873276,0.8937335470942864,0.7499676228735274,0.7930249774158367,0.1115881784886893,-0.3936610272471079,-0.3144750519926301,K562,0.2762734116501095,1.08041694884459,0.7611955173929892,0.8041435371944805,0.2762734116501095,0.27627341165010955,K562
KLF1,K562,norm_mean,"[[0 1 0 0]
 [0 1 0 0]
 [0 1 0 0]
 ...
 [0 0 1 0]
 [0 0 0 1]
 [0 0 1 0]]",0.6977118678504652,1.0,EH38E2920500,chr10,100999502,101000002,shared,cross_context,60110,-1,MA0493.3,KLF1,267,275,14.331336461977376,+,KLF1,ig,0.1175738298334181,0.0675473575881915,0.0475037929927333,1.4219357889835529,True,0.0676259449683129,0.0568722196482121,0.0318838513436882,1.7837306164132678,True,0.0294604133814573,0.0441466313062846,0.031670050833222,1.3939547365812033,True,0.0715533960610628,1.106760025024414,0.1463437449458981,2.1248291301607662,1.6238697138723563,0.8061690858893503,0.1175738298334181,0.0676259449683129,0.0294604133814573,2.499151270566637,1.6373141653854872,1.0839195594930868,2.8723683212321207,3.0910733188607606,1.925308933042246,1.4219357889835529,1.7837306164132678,1.3939547365812033,1.0873468311146235,0.6994358879125261,-0.3108456317758891,K562,0.5009594162884099,2.1248291301607662,1.6238697138723563,0.8061690858893503,0.5009594162884099,0.5009594162884099,K562
KLF1,K562,norm_mean,"[[1 0 0 0]
 [1 0 0 0]
 [0 1 0 0]
 ...
 [0 0 1 0]
 [1 0 0 0]
 [0 0 0 1]]",0.8891149263610305,1.0,EH38E3286273,chr19,5903847,5904347,shared,cross_context,61559,-1,MA0493.3,KLF1,413,421,14.331336461977376,+,KLF1,ig,0.0725815021432936,0.0710982486116699,0.0717817646265029,0.9904777219790184,False,0.0352669869316741,0.0529218879688414,0.0547271960799116,0.9670124195919284,False,0.031205468083499,0.0520573767754831,0.0499756789871025,1.0416540087905095,True,0.0463513190528222,1.926859974861145,0.9462524833544872,1.062369507757344,0.6978876603432056,0.6497887876598862,0.0725815021432936,0.0352669869316741,0.031205468083499,1.2802986979598283,0.8511891940868741,0.7068247975751921,1.8091201220417192,1.5629440141308992,1.3273996356728774,0.9904777219790184,0.9670124195919284,1.0416540087905095,0.087285645363138,-0.5189332697225758,-0.6219572430087001,K562,0.3644818474141384,1.062369507757344,0.6978876603432056,0.6497887876598862,0.3644818474141384,0.36448184741413847,K562
KLF1,K562,norm_mean,"[[0 0 1 0]
 [1 0 0 0]
 [0 1 0 0]
 ...
 [0 0 1 0]
 [0 0 1 0]
 [0 1 0 0]]",0.6972842947520278,1.0,EH38E3314816,chr19,51064760,51065260,shared,cross_context,215004,-1,MA0493.3,KLF1,343,351,14.331336461977376,+,KLF1,ig,0.12382114934735,0.0752233098598662,0.0673953885722132,1.116149046574234,True,0.0611990856705233,0.0658381044596899,0.0503898179304636,1.3065752983031491,True,0.0397734632715582,0.0442781319690402,0.0538207574400453,0.8226960349156063,False,0.0749312327631438,0.6795399785041809,-0.5573675421254808,1.764438346649471,1.0713389439507972,0.8206192282234984,0.12382114934735,0.0611990856705233,0.0397734632715582,2.605629947403928,1.2225883370047363,0.7697724093240628,3.409426676326464,2.290781069846222,2.3782790958073385,1.116149046574234,1.3065752983031491,0.8226960349156063,0.8192090208831231,0.0994149850729492,-0.2852151341978033,K562,0.6930994026986739,1.764438346649471,1.0713389439507972,0.8206192282234984,0.6930994026986739,0.6930994026986739,K562
KLF1,K562,norm_mean,"[[0 1 0 0]
 [0 0 1 0]
 [0 1 0 0]
 ...
 [0 1 0 0]
 [0 0 0 1]
 [0 0 1 0]]",0.7881452510211578,1.0,EH38E1474516,chr10,68407329,68407829,shared,cross_context,4919,-1,MA0493.3,KLF1,32,40,14.331336461977376,+,KLF1,ig,0.0904112691059708,0.0636964978667674,0.0721938617803971,0.8822978501627201,False,0.0288329062750563,0.0447816743736621,0.0525235564843751,0.8526015533804977,False,0.039513977302704,0.0431376840622397,0.0486964749649632,0.8858480051132424,False,0.0529193842279103,3.4431400299072266,1.7837252744253496,1.2960328336512157,0.5911011400591454,0.8763181514210799,0.0904112691059708,0.0288329062750563,0.039513977302704,1.80734515902472,0.639786029651506,0.7670739785680946,2.231640247192399,1.3545364506428457,2.030057958915085,0.8822978501627201,0.8526015533804977,0.8858480051132424,0.3741022689852034,-0.7585230893234587,-0.1904733511005279,K562,0.4197146822301355,1.2960328336512157,0.5911011400591454,0.8763181514210799,0.4197146822301355,0.41971468223013575,K562
KLF1,K562,norm_mean,"[[0 1 0 0]
 [0 0 1 0]
 [0 0 1 0]
 ...
 [0 0 0 1]
 [0 0 0 1]
 [0 1 0 0]]",0.1624502657208802,0.0,EH38E3565130,chr3,197790989,197791489,shared,cross_context,139408,-1,MA0493.3,KLF1,139,147,14.331336461977376,+,KLF1,ig,0.0620185174047946,0.065498221986345,0.0558312708411821,1.173145609405979,True,0.0396932403091341,0.0428316332140821,0.0395070819981605,1.0841504916655569,True,0.0345769066479988,0.0433226204809034,0.0425627469856468,1.0178527790272804,True,0.0454295547873092,2.3445401191711426,1.229305581640983,1.0702991169711762,0.9643865685515728,0.8229764366172045,0.0620185174047946,0.0396932403091341,0.0345769066479988,1.3608421760773433,0.8562739793544367,1.0176205718952689,2.569151864429327,2.19079429990982,1.3740358373502468,1.173145609405979,1.0841504916655569,1.0178527790272804,0.0980140449507736,-0.0523165353781362,-0.2810769690028334,K562,0.1059125484196035,1.0702991169711762,0.9643865685515728,0.8229764366172045,0.1059125484196035,0.1059125484196034,K562
KLF1,K562,norm_mean,"[[1 0 0 0]
 [0 1 0 0]
 [0 1 0 0]
 ...
 [0 0 1 0]
 [1 0 0 0]
 [0 0 1 0]]",0.0891682354890232,0.0,EH38E1935775,chr19,6393591,6394091,shared,cross_context,5821,-1,MA0493.3,KLF1,166,174,14.331336461977376,+,KLF1,ig,0.224675671197474,0.0978275394299998,0.0674260815027756,1.4508855140442596,True,0.0996523429639637,0.0539792188460705,0.0480730550988853,1.1228578567860488,True,0.0194439737824723,0.0370657848194241,0.054103887905108,0.6850852943060267,False,0.11459066264797,2.998110055923462,1.5840538245341298,2.892229013836349,2.017110158948753,0.4115155716878271,0.224675671197474,0.0996523429639637,0.0194439737824723,3.450056739641556,2.670601957080028,0.4859981615503631,4.734843901458866,3.1726344203712475,0.8264380981115087,1.4508855140442596,1.1228578567860488,0.6850852943060267,1.5321817934672468,1.012289875657352,-1.280981068336691,K562,0.8751188548875959,2.892229013836349,2.017110158948753,0.4115155716878271,0.8751188548875959,0.8751188548875959,K562
KLF1,K562,norm_mean,"[[0 1 0 0]
 [1 0 0 0]
 [1 0 0 0]
 ...
 [0 0 0 1]
 [0 1 0 0]
 [0 1 0 0]]",0.1761349978350827,0.0,EH38E3221905,chr17,39863670,39864170,shared,cross_context,27744,-1,MA0493.3,KLF1,265,273,14.331336461977376,+,KLF1,ig,0.0645065669668838,0.0520890622865408,0.0632549601253301,0.8234777786367506,False,0.0257224580273032,0.0398145023570396,0.0479841946207437,0.8297418425860003,False,0.049331686226651,0.0416828371270094,0.0571943571369793,0.7287926978399787,False,0.0465202370736127,0.9583399891853333,-0.0613890194304774,1.0953128364158806,0.5742529083867913,0.9647310565433832,0.0645065669668838,0.0257224580273032,0.049331686226651,1.1817013719352845,0.6505494411683891,0.6808256675466133,3.4544695542735635,1.207319457435945,2.8355214399134683,0.8234777786367506,0.8297418425860003,0.7287926978399787,0.1313429835518077,-0.8002418340159645,-0.0518012831034865,K562,0.1305817798724973,1.0953128364158806,0.5742529083867913,0.9647310565433832,0.1305817798724973,0.13058177987249742,K562
KLF1,K562,norm_mean,"[[0 0 1 0]
 [0 1 0 0]
 [0 0 1 0]
 ...
 [0 0 1 0]
 [0 1 0 0]
 [0 1 0 0]]",0.0722030063965352,0.0,EH38E3251089,chr17,81910676,81911176,shared,cross_context,100749,-1,MA0493.3,KLF1,370,378,14.331336461977376,+,KLF1,ig,0.0653961591888219,0.0606040115625364,0.0639069169503441,0.9483167859037565,False,0.0226583393523469,0.0360338033892912,0.0470003951314011,0.7666700593016162,False,0.0118874222971498,0.034152806152415,0.0378021669599517,0.9034613585507806,False,0.0333139736127729,1.9697699546813965,0.9780278825971324,1.0732438547835357,0.5482744100686388,0.3189834936839067,0.0653961591888219,0.0226583393523469,0.0118874222971498,0.8177659671197196,0.7666163893100109,0.2694204194101591,2.540215399393277,0.9022344553571652,0.7442837434937434,0.9483167859037565,0.7666700593016162,0.9034613585507806,0.1019779135208903,-0.8670299527971594,-1.6484463190280223,K562,0.5249694447148969,1.0732438547835357,0.5482744100686388,0.3189834936839067,0.5249694447148969,0.5249694447148969,K562
KLF1,K562,norm_mean,"[[0 1 0 0]
 [0 0 1 0]
 [0 0 1 0]
 ...
 [0 0 1 0]
 [0 1 0 0]
 [0 0 1 0]]",0.0722030063965352,0.0,EH38E3251090,chr17,81910923,81911423,shared,cross_context,100756,-1,MA0493.3,KLF1,123,131,14.331336461977376,+,KLF1,ig,0.0651134387589991,0.0755953065957874,0.0545559359246676,1.3856474361231226,True,0.0225110478932037,0.0548941053613089,0.0627131553044715,0.8753202791598675,False,0.0259449711884371,0.0365894581587053,0.050670632477624,0.7221036949524198,False,0.03785648594688,1.9697699546813965,0.9780278825971324,1.0436497905236646,0.4108866360125427,0.6229419339772344,0.0651134387589991,0.0225110478932037,0.0259449711884371,1.2327032700156455,0.49830573427398,0.7956805306520013,2.3244516523435057,0.6212131137324636,1.1556707419430334,1.3856474361231226,0.8753202791598675,0.7221036949524198,0.0616376804970914,-1.283187683411306,-0.6828304003771204,K562,0.4207078565464301,1.0436497905236646,0.4108866360125427,0.6229419339772344,0.4207078565464301,0.42070785654643017,K562
KLF1,K562,norm_mean,"[[0 0 1 0]
 [0 0 1 0]
 [0 1 0 0]
 ...
 [0 0 1 0]
 [0 0 1 0]
 [1 0 0 0]]",0.0736668775479198,0.0,EH38E3588010,chr4,70704824,70705324,shared,cross_context,141533,-1,MA0493.3,KLF1,180,188,14.331336461977376,+,KLF1,ig,0.0685625134501606,0.0694575328577775,0.0644895117197015,1.0770359432912078,True,0.0426543299108743,0.0662570263765519,0.0537225282972376,1.233318984482138,True,0.0385455937357619,0.0618884830363094,0.0631575597684607,0.9799060233507432,False,0.0499208123655989,2.498389959335327,1.320999253951716,1.0485907385745965,0.7376123679970468,0.6311475241229884,0.0685625134501606,0.0426543299108743,0.0385455937357619,1.1991848716350917,0.8286071584033852,0.5450773280877081,2.0052702713955397,1.9486499312192205,1.8095562798872729,1.0770359432912078,1.233318984482138,0.9799060233507432,0.0684517101421882,-0.4390652464125724,-0.6639508331226387,K562,0.3109783705775497,1.0485907385745965,0.7376123679970468,0.6311475241229884,0.3109783705775497,0.31097837057754973,K562
KLF1,K562,norm_mean,"[[0 0 1 0]
 [0 1 0 0]
 [0 1 0 0]
 ...
 [1 0 0 0]
 [0 1 0 0]
 [0 0 1 0]]",0.1880510843140999,0.0,EH38E3186899,chr16,67563224,67563724,shared,cross_context,90612,-1,MA0493.3,KLF1,274,282,14.331336461977376,+,KLF1,ig,0.043317018658854,0.0512710867379792,0.0570262429145469,0.8990786544367247,False,0.0284792509046383,0.0437208961683791,0.0486395296637709,0.8988756158180615,False,0.0320758081506937,0.051978979660198,0.0523468156088477,0.9929729082065384,False,0.0346240259047287,3.250109910964966,1.7004889513622925,0.7907720595580546,0.6095966441912359,0.6144422439862639,0.043317018658854,0.0284792509046383,0.0320758081506937,1.046241158136958,0.8246236222628437,0.6860675543530743,1.2759763128207269,1.0664375931444814,1.2816402581721684,0.8990786544367247,0.8988756158180615,0.9929729082065384,-0.3386661960084196,-0.714073131654692,-0.7026506852459469,K562,0.1763298155717907,0.7907720595580546,0.6095966441912359,0.6144422439862639,0.1763298155717907,0.17632981557179073,K562
KLF1,K562,norm_mean,"[[0 1 0 0]
 [0 0 0 1]
 [0 0 1 0]
 ...
 [0 1 0 0]
 [0 0 1 0]
 [0 1 0 0]]",0.1233925858696458,0.0,EH38E2879720,chr1,247331347,247331847,shared,cross_context,56847,-1,MA0493.3,KLF1,412,420,14.331336461977376,+,KLF1,ig,0.0562009661225602,0.0568475601777754,0.0621714291837997,0.9143677695752686,False,0.0310601255623623,0.0407391014578752,0.0436018662858987,0.9343428523751544,False,0.0334115982986986,0.0438785315555287,0.0469201217766385,0.9351749429095976,False,0.0402242299945404,1.67493999004364,0.7441102687817202,1.0308050612396915,0.7314682752611346,0.7729378230105938,0.0562009661225602,0.0310601255623623,0.0334115982986986,1.2676842682774947,0.6968106731643994,0.6664868166747744,1.763222610898315,1.905766517121951,2.902217750140329,0.9143677695752686,0.9343428523751544,0.9351749429095976,0.0437715273413753,-0.4511327987713052,-0.3715757280843372,K562,0.2578672382290979,1.0308050612396915,0.7314682752611346,0.7729378230105938,0.2578672382290979,0.25786723822909774,K562
KLF1,K562,norm_mean,"[[0 0 1 0]
 [0 1 0 0]
 [1 0 0 0]
 ...
 [0 1 0 0]
 [0 0 1 0]
 [0 0 0 1]]",0.0625295035455412,0.0,EH38E3456116,chr21,34073744,34074244,shared,cross_context,36810,-1,MA0493.3,KLF1,269,277,14.331336461977376,+,KLF1,ig,0.1030508095864206,0.0600533347483724,0.0673348555286886,0.8918609145032916,False,0.0313056810409761,0.0345035136089427,0.0445062951356447,0.7752500124147392,False,0.0503198849037289,0.0525203044497175,0.036458617772904,1.44054528812383,True,0.0615587918437086,0.767300009727478,-0.3821354414752947,1.5979220389368778,0.7710956664687982,1.177549470633426,0.1030508095864206,0.0313056810409761,0.0503198849037289,1.9466979491445653,1.008674585974702,1.7626965747812269,3.5499224513912733,1.2994834968133395,2.274132288379394,0.8918609145032916,0.7752500124147392,1.44054528812383,0.6761970231969985,-0.3750182329044327,0.2357876721360833,K562,0.4203725683034518,1.5979220389368778,0.7710956664687982,1.177549470633426,0.4203725683034518,0.4203725683034518,K562
KLF1,K562,norm_mean,"[[0 0 0 1]
 [0 0 1 0]
 [0 0 0 1]
 ...
 [1 0 0 0]
 [0 0 1 0]
 [0 0 1 0]]",0.1174752189079994,0.0,EH38E2870768,chr1,227762496,227762996,shared,cross_context,16350,-1,MA0493.3,KLF1,162,170,14.331336461977376,+,KLF1,ig,0.0923251626081764,0.0632343565806513,0.0616244288324203,1.0261246638303514,True,0.0384380747564137,0.0396855400293134,0.0464339396011266,0.8546664750730254,False,0.0477285142987966,0.0544527536525856,0.0441328543925454,1.2338368334366108,True,0.0594972505544622,2.1406900882720947,1.098076623106806,1.5418571948072344,0.9163482668782772,0.9933703955457652,0.0923251626081764,0.0384380747564137,0.0477285142987966,1.8837050776973832,1.0932297242351912,1.2301456028376905,2.4024435237364967,2.1573938928096834,2.1306784948119435,1.0261246638303514,0.8546664750730254,1.2338368334366108,0.6246691514778682,-0.1260320807909699,-0.0095963412599801,K562,0.548486799261469,1.5418571948072344,0.9163482668782772,0.9933703955457652,0.548486799261469,0.5484867992614691,K562
KLF1,K562,norm_mean,"[[1 0 0 0]
 [1 0 0 0]
 [0 1 0 0]
 ...
 [0 0 1 0]
 [0 0 1 0]
 [0 0 1 0]]",0.0233423482603452,0.0,EH38E3788178,chr7,99373701,99374201,shared,cross_context,160138,-1,MA0493.3,KLF1,504,512,14.331336461977376,+,KLF1,ig,0.1196959735825657,0.0671037140162661,0.0651510785575374,1.0299707265367382,True,0.0643445167224854,0.0431580246856901,0.0575813313014805,0.749514056293449,False,0.0850858712801709,0.0441979883948806,0.0574459922220557,0.7693831891736291,False,0.089708787195074,1.3931100368499756,0.4783102514270647,1.6736110192964375,1.193614315718209,1.630562858082352,0.1196959735825657,0.0643445167224854,0.0850858712801709,1.7214526124605791,1.660461782011024,2.055859246483646,2.341200659863372,2.0290993857544697,2.616185580903674,1.0299707265367382,0.749514056293449,0.7693831891736291,0.7429642565031052,0.2553367451080097,0.7053700588345262,K562,0.0430481612140853,1.6736110192964375,1.193614315718209,1.630562858082352,0.0430481612140853,0.04304816121408561,K562
KLF1,K562,norm_mean,"[[1 0 0 0]
 [0 0 1 0]
 [1 0 0 0]
 ...
 [0 1 0 0]
 [1 0 0 0]
 [0 1 0 0]]",0.1765599857403552,0.0,EH38E3017625,chr12,52250245,52250745,shared,cross_context,71351,-1,MA0493.3,KLF1,67,75,14.331336461977376,+,KLF1,ig,0.1066888412460684,0.0755033232021378,0.0538513038863311,1.4020702143221526,True,0.0321994655532762,0.043294326623436,0.0473916051071137,0.9135440209324576,False,0.0354070252506062,0.0519420993923995,0.0589830429363064,0.8806275159831051,False,0.0580984440166503,1.0145100355148315,0.0207845583384651,1.7583804165317605,0.7720405867593602,0.7065057761969536,0.1066888412460684,0.0321994655532762,0.0354070252506062,2.9114133656057706,0.7570810538998649,0.7525585289872608,2.5045022290513863,1.891553776998317,1.6468996218480716,1.4020702143221526,0.9135440209324576,0.8806275159831051,0.8142472246987293,-0.3732513999588714,-0.5012267371599692,K562,0.9863398297724004,1.7583804165317605,0.7720405867593602,0.7065057761969536,0.9863398297724004,0.9863398297724003,K562
KLF1,K562,norm_mean,"[[0 0 1 0]
 [0 0 1 0]
 [0 0 1 0]
 ...
 [0 1 0 0]
 [0 1 0 0]
 [0 0 0 1]]",0.1852331384062235,0.0,EH38E3317836,chr19,55648240,55648740,shared,cross_context,113662,-1,MA0493.3,KLF1,192,200,14.331336461977376,+,KLF1,ig,0.0392435695976018,0.0548960558761609,0.0471716785148207,1.163750071378371,True,0.0220208645332604,0.0385507104056887,0.0390919872789291,0.9861535119482842,False,0.0277210340718738,0.030972527959384,0.0408441308265193,0.758310184340422,False,0.0296618227342454,6.116260051727295,2.612649984526537,0.7782066572485655,0.5693057740978286,0.7520501471073491,0.0392435695976018,0.0220208645332604,0.0277210340718738,0.7196146828151355,0.5399779216142011,1.0142252884116336,1.5928157078150502,1.3483931411145065,1.3856676802620318,1.163750071378371,0.9861535119482842,0.758310184340422,-0.3617747709874224,-0.8127243602334149,-0.4110992281791773,K562,0.0261565101412164,0.7782066572485655,0.5693057740978286,0.7520501471073491,0.0261565101412164,0.02615651014121645,K562
KLF1,K562,norm_mean,"[[0 1 0 0]
 [0 1 0 0]
 [0 0 1 0]
 ...
 [0 0 0 1]
 [0 0 1 0]
 [1 0 0 0]]",0.6662196896883361,1.0,EH38E3206495,chr17,7014801,7015301,shared,cross_context,93876,-1,MA0493.3,KLF1,164,172,14.331336461977376,+,KLF1,ig,0.0703239503782242,0.0610700769379036,0.0669676738503604,0.9119335390837912,False,0.0458723562769591,0.0470475220054504,0.049134205476426,0.9575307461258484,False,0.0211585384677164,0.0280077265272848,0.0424294476979412,0.6601009781146422,False,0.0457849483742999,0.254830002784729,-1.9723872880824336,1.1173255005833598,0.9899596742629908,0.5801209794893849,0.0703239503782242,0.0458723562769591,0.0211585384677164,1.1076588996989516,1.119043643344695,0.4092253144402423,3.165925527819555,2.5436881994943144,1.4165674804240096,0.9119335390837912,0.9575307461258484,0.6601009781146422,0.1600495359654696,-0.0145583348294189,-0.7855742985239932,K562,0.127365826320369,1.1173255005833598,0.9899596742629908,0.5801209794893849,0.127365826320369,0.12736582632036897,K562
KLF1,K562,norm_mean,"[[0 0 1 0]
 [0 1 0 0]
 [0 0 1 0]
 ...
 [0 0 1 0]
 [1 0 0 0]
 [1 0 0 0]]",0.7609870681635503,1.0,EH38E3449625,chr20,63981085,63981585,shared,cross_context,36620,-1,MA0493.3,KLF1,308,316,14.331336461977376,+,KLF1,ig,0.0683906653430312,0.073407824645983,0.0555809015776806,1.3207380476908377,True,0.0215333680971525,0.0628341290005482,0.0540666543572054,1.1621602654348764,True,0.0263888593763113,0.0426721530035138,0.0620092479900146,0.6881577749307257,False,0.038770964272165,2.0764400959014893,1.0541129462360257,1.1014328110359606,0.3795419032188226,0.4943434221925651,0.0683906653430312,0.0215333680971525,0.0263888593763113,1.541114370374398,0.5415150449912521,0.7692194650778985,2.390926800803477,0.7119322731552703,0.8995665722825651,1.3207380476908377,1.1621602654348764,0.6881577749307257,0.1393814925885829,-1.3976689163053135,-1.016414456317713,K562,0.6070893888433955,1.1014328110359606,0.3795419032188226,0.4943434221925651,0.6070893888433955,0.6070893888433955,K562
KLF1,K562,norm_mean,"[[0 1 0 0]
 [0 0 0 1]
 [0 1 0 0]
 ...
 [0 1 0 0]
 [0 1 0 0]
 [0 0 1 0]]",0.0236336256394164,0.0,EH38E3353321,chr2,74834594,74835094,shared,cross_context,33829,-1,MA0493.3,KLF1,67,75,14.331336461977376,+,KLF1,ig,0.0537395175779238,0.0663402638662955,0.0476645304705016,1.391815870067013,True,0.0366787457023747,0.0545599663181928,0.0364643881999654,1.4962530306682686,True,0.02579287358094,0.0457573530473746,0.0350285180448554,1.3062882056813945,True,0.0387370456204128,1.572759985923767,0.6532994395884282,1.0257587637025165,0.8815611453959862,0.6134358839143702,0.0537395175779238,0.0366787457023747,0.02579287358094,1.3677837171475824,1.042653793309892,0.7862185623171075,1.761728297024313,1.6872474758991078,0.9869716148066302,1.391815870067013,1.4962530306682686,1.3062882056813945,0.0366914815410331,-0.1818674543914756,-0.70501553070545,K562,0.1441976183065301,1.0257587637025165,0.8815611453959862,0.6134358839143702,0.1441976183065301,0.14419761830653033,K562
KLF1,K562,norm_mean,"[[0 1 0 0]
 [0 0 0 1]
 [0 0 1 0]
 ...
 [0 0 0 1]
 [0 1 0 0]
 [0 1 0 0]]",0.1765599857403552,0.0,EH38E3017624,chr12,52249872,52250372,shared,cross_context,10368,-1,MA0493.3,KLF1,440,448,14.331336461977376,+,KLF1,ig,0.0651324870996177,0.0558612612722208,0.0476944151963107,1.171232508669417,True,0.029211122309789,0.0364706946260412,0.051598779404303,0.7068129901318918,False,0.0253931923070922,0.0450578557630069,0.0518893243893398,0.8683452253390942,False,0.039912267238833,1.0145100355148315,0.0207845583384651,1.230516658407069,0.644211251641908,0.5279474386146943,0.0651324870996177,0.029211122309789,0.0253931923070922,1.642654599206809,0.6618445236745879,0.6624133847323248,1.681014911107377,1.3866857291234016,0.885409492600692,1.171232508669417,0.7068129901318918,0.8683452253390942,0.2992641899222542,-0.6343942339355055,-0.9215337872386764,K562,0.5863054067651611,1.230516658407069,0.644211251641908,0.5279474386146943,0.5863054067651611,0.5863054067651611,K562
KLF1,K562,norm_mean,"[[0 1 0 0]
 [0 0 1 0]
 [0 1 0 0]
 ...
 [0 1 0 0]
 [1 0 0 0]
 [0 1 0 0]]",0.7241393633288985,1.0,EH38E2274055,chr4,674143,674643,shared,cross_context,58909,-1,MA0493.3,KLF1,390,398,14.331336461977376,+,KLF1,ig,0.0980537634459324,0.0522948394645936,0.054057700003587,0.9673891006689634,False,0.0694041065871715,0.046255808857968,0.0345785061603437,1.3377036956552912,True,0.0156055741244927,0.0332803367136511,0.0458134243856483,0.7264318242003858,False,0.0610211480525322,2.201879978179932,1.1387364866904726,1.688264285245487,1.3983907418661616,0.309996514067651,0.0980537634459324,0.0694041065871715,0.0156055741244927,2.3811229439504125,1.807293823473247,0.3648876465028336,2.9206226432823,2.6616313755592538,0.7181777726197973,0.9673891006689634,1.3377036956552912,0.7264318242003858,0.7555407657811426,0.4837675395612134,-1.6896760978487455,K562,0.2898735433793253,1.688264285245487,1.3983907418661616,0.309996514067651,0.2898735433793253,0.28987354337932536,K562
KLF1,K562,norm_mean,"[[1 0 0 0]
 [0 0 1 0]
 [0 0 0 1]
 ...
 [1 0 0 0]
 [0 0 0 1]
 [0 0 0 1]]",0.1624502657208802,0.0,EH38E3565131,chr3,197791266,197791766,shared,cross_context,218385,-1,MA0493.3,KLF1,287,295,14.331336461977376,+,KLF1,ig,0.0653998646885156,0.0755663282150635,0.0494406902218589,1.5284235028219475,True,0.0230324732838198,0.0325469331466592,0.0372035201220662,0.8748345396222211,False,0.0299271856783889,0.0390504245855845,0.0434722344606341,0.898284067687056,False,0.0394531745502414,3.0163700580596924,1.5928139122587344,1.0964665766576644,0.6509190946225089,0.7169052769363333,0.0653998646885156,0.0230324732838198,0.0299271856783889,0.7842129514930078,0.8115593139297866,1.059200155579764,2.6165368089639105,1.1836963741582982,1.5853356730984791,1.5284235028219475,0.8748345396222211,0.898284067687056,0.132861836651337,-0.6194498565619282,-0.4801455813701996,K562,0.3795612997213311,1.0964665766576644,0.6509190946225089,0.7169052769363333,0.3795612997213311,0.3795612997213311,K562
KLF1,K562,norm_mean,"[[0 1 0 0]
 [0 1 0 0]
 [0 0 1 0]
 ...
 [1 0 0 0]
 [1 0 0 0]
 [1 0 0 0]]",0.7304981467192346,1.0,EH38E1965031,chr19,55599371,55599871,shared,cross_context,29486,-1,MA0493.3,KLF1,336,344,14.331336461977376,+,KLF1,ig,0.1023876890540123,0.0764269097114447,0.0749032303189297,1.0203418354937304,True,0.0160609648155514,0.0420879676297772,0.0742022899931351,0.5672057016247617,False,0.0405244824942201,0.0592725663416786,0.0538197914816812,1.101315216888218,True,0.0529910454545946,1.3863400220870972,0.4712821855827803,1.3289362561200706,0.2709877626150358,0.7355515439541306,0.1023876890540123,0.0160609648155514,0.0405244824942201,1.723273103834115,0.3566691466216382,0.6936266510119672,2.228941598766412,0.4855306104989736,2.0639069552614893,1.0203418354937304,0.5672057016247617,1.101315216888218,0.4102719069149047,-1.8837003863726691,-0.4431016506960807,K562,0.59338471216594,1.3289362561200706,0.2709877626150358,0.7355515439541306,0.59338471216594,0.59338471216594,K562
KLF1,K562,norm_mean,"[[0 0 1 0]
 [0 0 1 0]
 [1 0 0 0]
 ...
 [0 0 1 0]
 [0 1 0 0]
 [0 0 1 0]]",0.651001301284676,1.0,EH38E2965124,chr11,66002483,66002983,shared,cross_context,9517,-1,MA0493.3,KLF1,313,321,14.331336461977376,+,KLF1,ig,0.059316573664546,0.0543942505988525,0.041046354084836,1.325190472082463,True,0.0213166206958703,0.0349715735489735,0.0377101229259081,0.9273786867228698,False,0.0357409554271725,0.0362825373274972,0.0380936130664264,0.9524569837904098,False,0.0387913832625296,0.5663099884986877,-0.8203335712445285,1.279928714516705,0.5769944631904029,0.9514207778094056,0.059316573664546,0.0213166206958703,0.0357409554271725,1.1730308605583126,0.7494137362386227,1.342935451380901,3.239808446782431,1.4937797604237038,1.645000526633446,1.325190472082463,0.9273786867228698,0.9524569837904098,0.3560634628547059,-0.7933706174782422,-0.0718445611174425,K562,0.3285079367072994,1.279928714516705,0.5769944631904029,0.9514207778094056,0.3285079367072994,0.3285079367072995,K562
KLF1,K562,norm_mean,"[[0 0 0 1]
 [0 0 1 0]
 [1 0 0 0]
 ...
 [0 0 0 1]
 [0 0 0 1]
 [0 0 0 1]]",0.0293539875183858,0.0,EH38E3701941,chr6,33288403,33288903,shared,cross_context,152058,-1,MA0493.3,KLF1,269,277,14.331336461977376,+,KLF1,ig,0.0710938237607479,0.0610000788711477,0.0532752056195675,1.1449991926216232,True,0.0181470559618901,0.0410483807011041,0.042672201403501,0.9619464131576828,False,0.0345930766779929,0.0495637460326543,0.0390684380692665,1.268638722090523,True,0.041277985466877,0.7475100159645081,-0.4198332546264366,1.2629307268305086,0.4316832548243389,0.8013561493823476,0.0710938237607479,0.0181470559618901,0.0345930766779929,1.3179847709504482,0.4459492430824347,0.7339800535782953,2.5202619439266565,0.87982183709458,2.256706300474996,1.1449991926216232,0.9619464131576828,1.268638722090523,0.3367755089938898,-1.2119549604101658,-0.3194845261677096,K562,0.461574577448161,1.2629307268305086,0.4316832548243389,0.8013561493823476,0.461574577448161,0.461574577448161,K562
KLF1,K562,norm_mean,"[[1 0 0 0]
 [0 1 0 0]
 [0 1 0 0]
 ...
 [0 0 1 0]
 [0 1 0 0]
 [0 1 0 0]]",0.698771795708889,1.0,EH38E3564984,chr3,197555719,197556219,shared,cross_context,139387,-1,MA0493.3,KLF1,459,467,14.331336461977376,+,KLF1,ig,0.059293960861396,0.044560885032115,0.0495956962765194,0.898482719122238,False,0.043420699541457,0.0440151390188839,0.0329644417802046,1.3352304267749198,True,0.0283556235372088,0.0443107179091021,0.0409272731904638,1.0826694189030983,True,0.0436900946466873,0.9945399761199952,-0.007897282071406,1.2593271288326235,1.111046934792515,0.6688783933956574,0.059293960861396,0.043420699541457,0.0283556235372088,1.569677428122055,1.2096408178503522,0.7201409201529216,2.872978711131096,2.113862480845417,1.3293696388891247,0.898482719122238,1.3352304267749198,1.0826694189030983,0.3326530942435435,0.151919764166072,-0.5801841497146496,K562,0.1482801940401086,1.2593271288326235,1.111046934792515,0.6688783933956574,0.1482801940401086,0.14828019404010861,K562
KLF1,K562,norm_mean,"[[0 0 1 0]
 [0 0 1 0]
 [0 0 1 0]
 ...
 [0 0 1 0]
 [0 0 1 0]
 [0 0 1 0]]",0.1375371039644047,0.0,EH38E3417700,chr20,4592087,4592587,shared,cross_context,194049,-1,MA0493.3,KLF1,121,129,14.331336461977376,+,KLF1,ig,0.0498655508272349,0.0814746752555947,0.0575100858131837,1.4167021303573857,True,0.0311438648495823,0.0538377756823319,0.0393628459159905,1.3677304257911125,True,0.0312805772409774,0.0487668458480038,0.0405032991879205,1.2040212719840615,True,0.0374299976392649,1.106760025024414,0.1463437449458981,0.7600242240447156,0.6987881354414864,0.7341943666174895,0.0498655508272349,0.0311438648495823,0.0312805772409774,1.03374895089293,0.8569653969169937,0.7601013453288982,1.3742264061883016,1.032662107583319,1.729562699144155,1.4167021303573857,1.3677304257911125,1.2040212719840615,-0.3958826910747156,-0.5170729795381304,-0.4457660480629297,K562,0.0258298574272261,0.7600242240447156,0.6987881354414864,0.7341943666174895,0.0258298574272261,0.0258298574272261,K562
KLF1,K562,norm_mean,"[[0 0 1 0]
 [0 0 1 0]
 [0 1 0 0]
 ...
 [1 0 0 0]
 [0 1 0 0]
 [0 0 0 1]]",0.7686036955724677,1.0,EH38E3700865,chr6,31730063,31730563,shared,cross_context,151467,-1,MA0493.3,KLF1,209,217,14.331336461977376,+,KLF1,ig,0.0686494737165048,0.0519207944977097,0.0583610733529218,0.889647544472978,False,0.0357488302397541,0.0643790683615952,0.0446991133473765,1.440275860921861,True,0.0351424117106944,0.0486637080967193,0.0544932009822962,0.8930233183089401,False,0.0465135718889844,2.053839921951294,1.0383244435842316,1.2292784755757848,0.682404147683649,0.6730192752540419,0.0686494737165048,0.0357488302397541,0.0351424117106944,1.1474281077983433,0.6716998355033016,0.6512061379404173,2.764819542754459,1.5063601011847123,1.5576250108526193,0.889647544472978,1.440275860921861,0.8930233183089401,0.2978117759751341,-0.5513016773238721,-0.5712802685690754,K562,0.5468743278921359,1.2292784755757848,0.682404147683649,0.6730192752540419,0.5468743278921359,0.5468743278921359,K562
KLF1,K562,norm_mean,"[[1 0 0 0]
 [0 1 0 0]
 [0 1 0 0]
 ...
 [0 0 1 0]
 [1 0 0 0]
 [0 1 0 0]]",0.8516384415720314,1.0,EH38E2962833,chr11,64229931,64230431,shared,cross_context,65297,-1,MA0493.3,KLF1,467,475,14.331336461977376,+,KLF1,ig,0.0726020775618963,0.0463568951620254,0.0575290160311851,0.805800104053499,False,0.0358276265324093,0.0434445978316944,0.042302673086524,1.026993908231182,True,0.0265532291959971,0.038986533335119,0.0576440534135326,0.6763321498596234,False,0.0449943110967675,1.4271399974822998,0.5131278760327939,1.232937710111771,0.7762716010331878,0.4620143697915344,0.0726020775618963,0.0358276265324093,0.0265532291959971,1.666499492689534,0.794990635690469,0.5959319884036223,2.65452221078992,1.8647161401876164,0.7956103851226815,0.805800104053499,1.026993908231182,0.6763321498596234,0.3020999156044134,-0.3653665837764419,-1.113990368035562,K562,0.456666109078583,1.232937710111771,0.7762716010331878,0.4620143697915344,0.456666109078583,0.45666610907858307,K562
KLF1,K562,norm_mean,"[[0 0 0 1]
 [0 0 0 1]
 [0 0 0 1]
 ...
 [0 0 1 0]
 [0 1 0 0]
 [0 0 0 1]]",0.0336243274270672,0.0,EH38E2651943,chr8,100416428,100416928,shared,cross_context,39701,-1,MA0493.3,KLF1,492,500,14.331336461977376,+,KLF1,ig,0.0525935007026419,0.0441807630856055,0.0611166073771892,0.722892806925786,False,0.0209028823737753,0.0312816402537282,0.0466093468561302,0.671145073944824,False,0.0292445365921594,0.0384652983181877,0.046412742138491,0.8287657280785915,False,0.0342469732228588,0.7841500043869019,-0.3507965932219723,0.9025538745326388,0.4959024014405035,0.668072756467777,0.0525935007026419,0.0209028823737753,0.0292445365921594,1.1839958671742683,0.5896099031228951,0.6248514732682205,1.6745022051883234,1.1217323711774736,1.8910603844565013,0.722892806925786,0.671145073944824,0.8287657280785915,-0.1479150425065061,-1.0118718802627291,-0.5819228647599566,K562,0.2344811180648617,0.9025538745326388,0.4959024014405035,0.668072756467777,0.2344811180648617,0.23448111806486183,K562
KLF1,K562,norm_mean,"[[0 1 0 0]
 [0 0 0 1]
 [0 1 0 0]
 ...
 [0 0 1 0]
 [0 0 1 0]
 [0 0 1 0]]",0.1952879160895118,0.0,EH38E2869832,chr1,226186504,226187004,shared,cross_context,185596,-1,MA0493.3,KLF1,504,512,14.331336461977376,+,KLF1,ig,0.0958049329929053,0.0825383397517725,0.076191242680652,1.0833046688144594,True,0.0223658726317808,0.0455282955203438,0.0598578309285221,0.7606070451941354,False,0.0444709588773548,0.0620584932219935,0.0635923536401242,0.9758796444992832,False,0.0542139215006803,2.477890014648437,1.3091127346601257,1.2836391732534504,0.4087656584733801,0.7259170238014526,0.0958049329929053,0.0223658726317808,0.0444709588773548,1.0211066873660106,0.3525768313555479,0.5359111775178068,3.3721917246297823,1.094004737268384,1.5856123679792382,1.0833046688144594,0.7606070451941354,0.9758796444992832,0.3602397237435658,-1.29065409476754,-0.46212344301447,K562,0.5577221494519978,1.2836391732534504,0.4087656584733801,0.7259170238014526,0.5577221494519978,0.5577221494519978,K562
KLF1,K562,norm_mean,"[[0 0 1 0]
 [0 0 1 0]
 [0 0 1 0]
 ...
 [0 0 0 1]
 [0 0 1 0]
 [0 0 1 0]]",0.7472898444473052,1.0,EH38E3648387,chr5,90474551,90475051,shared,cross_context,145893,-1,MA0493.3,KLF1,294,302,14.331336461977376,+,KLF1,ig,0.0740095046494389,0.0685792523733107,0.0518582525951504,1.322436366769526,True,0.0178903762716799,0.0606644320324994,0.0485137670921409,1.2504578218529776,True,0.0194911271391902,0.0434211288206279,0.0423269267935561,1.0258509618215133,True,0.037130336020103,0.93614000082016,-0.0952022511217727,1.2675053965287135,0.3359056659157681,0.4558864158897321,0.0740095046494389,0.0178903762716799,0.0194911271391902,1.7033945373988064,0.4022534211128095,0.6340454591225989,2.1858234104706167,0.7240610591511382,0.904427288958801,1.322436366769526,1.2504578218529776,1.0258509618215133,0.3419918907957386,-1.5738719600404296,-1.1332536700623013,K562,0.8116189806389814,1.2675053965287135,0.3359056659157681,0.4558864158897321,0.8116189806389814,0.8116189806389814,K562
KLF1,K562,norm_mean,"[[0 0 1 0]
 [0 0 0 1]
 [0 1 0 0]
 ...
 [0 0 0 1]
 [0 0 1 0]
 [0 0 1 0]]",0.0649199055964717,0.0,EH38E2969543,chr11,70270022,70270522,shared,cross_context,66917,-1,MA0493.3,KLF1,499,507,14.331336461977376,+,KLF1,ig,0.082474596099928,0.0656731282532564,0.0771606635709758,0.851121759491217,False,0.0255162382964044,0.044730348723242,0.0350461164576699,1.276327892535257,True,0.0255397397559136,0.0484252221876522,0.0534562549713882,0.9058848801645828,False,0.044510191384082,3.334939956665039,1.7376612194966403,1.1819058836932994,0.5899947096072483,0.5202696643413116,0.082474596099928,0.0255162382964044,0.0255397397559136,1.4323191375073026,0.8124962142510035,0.5077031283219862,1.9700288307287532,0.8758919450538122,1.3856637374937608,0.851121759491217,1.276327892535257,0.9058848801645828,0.2411151581108926,-0.7612260743364403,-0.9426685023862612,K562,0.5919111740860511,1.1819058836932994,0.5899947096072483,0.5202696643413116,0.5919111740860511,0.5919111740860511,K562
KLF1,K562,norm_mean,"[[1 0 0 0]
 [0 0 1 0]
 [0 0 1 0]
 ...
 [0 0 0 1]
 [0 0 0 1]
 [0 0 0 1]]",0.0013927254773121,0.0,EH38E2649462,chr8,96234607,96235107,shared,cross_context,183619,-1,MA0493.3,KLF1,56,64,14.331336461977376,+,KLF1,ig,0.1745921410620212,0.0832008505926933,0.052712782433955,1.578380631171029,True,0.0252745235775364,0.0561372540565207,0.0476258779817726,1.1787130158708132,True,0.0778870820067823,0.0644930556043982,0.046029294625041,1.4011303479330086,True,0.0925845822154466,0.5051000118255615,-0.9853561630880392,2.631971513895016,0.5053690201510823,1.5622081645468433,0.1745921410620212,0.0252745235775364,0.0778870820067823,3.643253714547544,0.5868861773974182,1.7517020431426056,4.01907379812436,1.1236867675212985,2.821323452046741,1.578380631171029,1.1787130158708132,1.4011303479330086,1.3961438752653732,-0.9845908643235256,0.6435867066119794,K562,1.0697633493481726,2.631971513895016,0.5053690201510823,1.5622081645468433,1.0697633493481726,1.0697633493481726,K562
KLF1,K562,norm_mean,"[[0 0 1 0]
 [0 0 1 0]
 [0 1 0 0]
 ...
 [0 0 0 1]
 [0 0 1 0]
 [0 1 0 0]]",0.0556785926214594,0.0,EH38E3915658,chr9,133148671,133149171,shared,cross_context,200484,-1,MA0493.3,KLF1,156,164,14.331336461977376,+,KLF1,ig,0.0761212101206183,0.0752400113723706,0.0832725241542973,0.9035393498768388,False,0.045515892910771,0.0674433021212462,0.0467198861108045,1.443567039646075,True,0.0364670872222632,0.0450736621319083,0.0614176975997487,0.7338870806713854,False,0.0527013967512175,1.6859899759292605,0.7535968144431351,0.9389069848499456,0.8028448759065384,0.6398691339459753,0.0761212101206183,0.045515892910771,0.0364670872222632,1.173447857276547,0.9616916221146816,0.6446321500903822,1.8358005251574117,1.626609912179405,1.3929168061666717,0.9035393498768388,1.443567039646075,0.7338870806713854,-0.0909458525564591,-0.3168068330934354,-0.6441512173833606,K562,0.1360621089434073,0.9389069848499456,0.8028448759065384,0.6398691339459753,0.1360621089434073,0.1360621089434072,K562
KLF1,K562,norm_mean,"[[0 0 1 0]
 [0 1 0 0]
 [0 0 1 0]
 ...
 [0 1 0 0]
 [0 0 0 1]
 [0 0 1 0]]",0.764926900560084,1.0,EH38E3446947,chr20,62302946,62303446,shared,cross_context,126250,-1,MA0493.3,KLF1,182,190,14.331336461977376,+,KLF1,ig,0.1075292711611837,0.0817466155497823,0.0738429592269427,1.1070331597656806,True,0.0568123827688396,0.0515575136448023,0.0612801990790904,0.8413403677892216,False,0.0314138221729081,0.0493558083905372,0.0527409239899256,0.9358159717073844,False,0.0652518253676438,0.2912499904632568,-1.7796651389092888,1.358466822295028,0.9688831929725964,0.5863214319289431,0.1075292711611837,0.0568123827688396,0.0314138221729081,1.6566416940194446,1.252500324071187,0.7084314052223102,2.018678213310096,1.8500414593757943,1.1095228776476362,1.1070331597656806,0.8413403677892216,0.9358159717073844,0.4419793322494713,-0.045605346309922,-0.7702362995974065,K562,0.3895836293224315,1.358466822295028,0.9688831929725964,0.5863214319289431,0.3895836293224315,0.3895836293224316,K562
KLF1,K562,norm_mean,"[[0 0 1 0]
 [1 0 0 0]
 [0 1 0 0]
 ...
 [0 0 0 1]
 [0 1 0 0]
 [0 1 0 0]]",0.7944383525481683,1.0,EH38E1811082,chr16,29973660,29974160,shared,cross_context,14797,-1,MA0493.3,KLF1,137,145,14.331336461977376,+,KLF1,ig,0.0690904853399843,0.0643402321805479,0.0501890574181954,1.2819571171633704,True,0.0375169615726918,0.0354492265486624,0.0357695387693748,0.9910448347342125,False,0.0379724584636278,0.0444959633410326,0.0499627676471696,0.8905822581614063,False,0.0481933017921013,1.202839970588684,0.2664459142437504,1.271386488904421,1.034006821639109,0.7831580106146093,0.0690904853399843,0.0375169615726918,0.0379724584636278,1.5443868734777957,1.2707544462462426,0.8532537539463593,3.1146326270441014,1.9679870900135028,2.5542247949003083,1.2819571171633704,0.9910448347342125,0.8905822581614063,0.3464026631589063,0.0482457049518176,-0.3526246768038078,K562,0.2373796672653121,1.271386488904421,1.034006821639109,0.7831580106146093,0.2373796672653121,0.23737966726531212,K562
KLF1,K562,norm_mean,"[[0 1 0 0]
 [0 1 0 0]
 [0 0 1 0]
 ...
 [0 0 1 0]
 [0 0 1 0]
 [0 0 1 0]]",0.0935592462356032,0.0,EH38E2969542,chr11,70269823,70270323,shared,cross_context,9634,-1,MA0493.3,KLF1,430,438,14.331336461977376,+,KLF1,ig,0.0493793137138709,0.055723619396449,0.0652909502464171,0.8534660722731043,False,0.0210202730377204,0.0354063803935423,0.0493651728308759,0.7172338551817753,False,0.0344002154888585,0.0488974846305791,0.0389072185772238,1.2567712072713284,True,0.0349332674134833,1.3344500064849854,0.4162463388267009,0.8493866408792863,0.515597685468128,0.7963377059815212,0.0493793137138709,0.0210202730377204,0.0344002154888585,0.5728613014091215,0.5971850221247993,0.8518938331247147,2.102309503406526,1.14632899757004,1.6575833664826334,0.8534660722731043,0.7172338551817753,1.2567712072713284,-0.2355066749777119,-0.9556823046719858,-0.3285477233314019,K562,0.053048934897765,0.8493866408792863,0.515597685468128,0.7963377059815212,0.053048934897765,0.05304893489776508,K562
KLF1,K562,norm_mean,"[[0 0 1 0]
 [0 0 1 0]
 [0 1 0 0]
 ...
 [1 0 0 0]
 [0 0 1 0]
 [1 0 0 0]]",0.0395747137352666,0.0,EH38E3220757,chr17,38508984,38509484,shared,cross_context,14082,-1,MA0493.3,KLF1,64,72,14.331336461977376,+,KLF1,ig,0.0797188151627779,0.0699920697859488,0.0604466772451996,1.1579140723134864,True,0.0470631459320429,0.0679710820433683,0.0449173614673782,1.5132470984579582,True,0.0579072864493355,0.0572106471873121,0.043712325374945,1.3087986879809674,True,0.0615630825147187,0.7841500043869019,-0.3507965932219723,1.2596741604279924,0.8857433326843493,1.1979342687500951,0.0797188151627779,0.0470631459320429,0.0579072864493355,1.2560629469062208,0.3870694380535905,1.3064233210627092,2.643567642153212,3.2783842353565213,2.99819957171141,1.1579140723134864,1.5132470984579582,1.3087986879809674,0.3330506015942343,-0.1750393925699907,0.2605487501073867,K562,0.061739891677897,1.2596741604279924,0.8857433326843493,1.1979342687500951,0.061739891677897,0.061739891677897285,K562
KLF1,K562,norm_mean,"[[0 0 0 1]
 [0 1 0 0]
 [0 1 0 0]
 ...
 [1 0 0 0]
 [0 0 1 0]
 [0 1 0 0]]",0.0492310427896259,0.0,EH38E3283821,chr19,3577854,3578354,shared,cross_context,104925,-1,MA0493.3,KLF1,284,292,14.331336461977376,+,KLF1,ig,0.1584372418001294,0.0718247657147003,0.0695000552663352,1.0334488959032837,True,0.0891086845658719,0.0448686263235868,0.0377400373933293,1.1888863269291343,True,0.0866981763392686,0.0484965081146219,0.0526559960570198,0.9210062013079068,False,0.1114147009017566,1.01937997341156,0.0276933309270899,2.2502686465932324,2.1988765154077474,1.6989250301750527,0.1584372418001294,0.0891086845658719,0.0866981763392686,2.706756675081859,2.2085670307535468,1.3332208635077507,2.8455728475732065,3.5228012706048024,4.069035642795843,1.0334488959032837,1.1888863269291343,0.9210062013079068,1.1700972474041933,1.1367665882000235,0.7646221918168514,K562,0.051392131185485,2.2502686465932324,2.1988765154077474,1.6989250301750527,0.051392131185485,0.051392131185485024,K562
KLF1,K562,norm_mean,"[[0 0 0 1]
 [0 0 0 1]
 [0 1 0 0]
 ...
 [0 0 0 1]
 [0 1 0 0]
 [1 0 0 0]]",0.2026424971657104,0.0,EH38E2272888,chr3,196740053,196740553,shared,cross_context,4390,-1,MA0493.3,KLF1,85,93,14.331336461977376,+,KLF1,ig,0.0912354835309088,0.0646158017183188,0.063862096107332,1.0118019222497936,True,0.0573981044581159,0.0483631955352029,0.0592981939576566,0.8155929236868277,False,0.0320997973904013,0.0432575885194819,0.0622132304904516,0.6953116117801483,False,0.060244461793142,1.4016200304031372,0.4870963269058146,1.485999256741278,1.155505444017098,0.6593163679957027,0.0912354835309088,0.0573981044581159,0.0320997973904013,1.857773813663665,1.519975248082966,0.9217349356724648,2.388198749780744,2.348858909860624,1.5207838017548512,1.0118019222497936,0.8155929236868277,0.6953116117801483,0.5714333952484845,0.2085240581444936,-0.6009571949688758,K562,0.3304938127241799,1.485999256741278,1.155505444017098,0.6593163679957027,0.3304938127241799,0.3304938127241801,K562
KLF1,K562,norm_mean,"[[0 0 0 1]
 [1 0 0 0]
 [1 0 0 0]
 ...
 [0 1 0 0]
 [0 0 0 1]
 [0 0 1 0]]",0.072205694943611,0.0,EH38E1448673,chr10,12264093,12264593,shared,cross_context,4339,-1,MA0493.3,KLF1,339,347,14.331336461977376,+,KLF1,ig,0.0223554808471817,0.0442386088889907,0.0570534194255296,0.7753891279530223,False,0.017647216503974,0.040622005930054,0.0531271212051802,0.7646188493252027,False,0.0157937846379354,0.0388789786736015,0.0421541447718333,0.9223047854722914,False,0.018598827329697,1.1416800022125244,0.1911596027018512,0.4125690910169395,0.3550102942751824,0.3783861719815403,0.0223554808471817,0.017647216503974,0.0157937846379354,0.5011854449953694,0.4084855535249019,0.4031928207783632,0.7001838350896572,0.6786223030249998,0.7817953705207067,0.7753891279530223,0.7646188493252027,0.9223047854722914,-1.2772923504058709,-1.4940672316022088,-1.4020687243269447,K562,0.0341829190353992,0.4125690910169395,0.3550102942751824,0.3783861719815403,0.0341829190353992,0.03418291903539922,K562
KLF1,K562,norm_mean,"[[0 1 0 0]
 [0 0 1 0]
 [0 0 1 0]
 ...
 [0 1 0 0]
 [0 0 1 0]
 [0 0 1 0]]",0.1858463660281796,0.0,EH38E1860165,chr17,38605803,38606303,shared,cross_context,5070,-1,MA0493.3,KLF1,259,267,14.331336461977376,+,KLF1,ig,0.0273381115985102,0.0499555102398153,0.0501495252702182,0.9961310702211412,False,0.0201912506017833,0.0368391096073901,0.0430517449642185,0.8556935632010377,False,0.0201860419547301,0.0402208727647666,0.0391413282389597,1.027580419433192,True,0.0225718013850079,0.2445999979972839,-2.0314978046655825,0.545957074688146,0.4970162034880855,0.5102249333004306,0.0273381115985102,0.0201912506017833,0.0201860419547301,0.7500083326315813,0.5735189586023858,0.7444023123358126,1.0758726483725198,1.050496241953515,1.1620578168112536,0.9961310702211412,0.8556935632010377,1.027580419433192,-0.8731405670502674,-1.0086352053664165,-0.9707946908262628,K562,0.0357321413877154,0.545957074688146,0.4970162034880855,0.5102249333004306,0.0357321413877154,0.03573214138771541,K562
KLF1,K562,norm_mean,"[[1 0 0 0]
 [0 1 0 0]
 [0 1 0 0]
 ...
 [0 0 0 1]
 [0 0 1 0]
 [1 0 0 0]]",0.1342808545239165,0.0,EH38E1967918,chr2,2613632,2614132,shared,cross_context,3190,-1,MA0493.3,KLF1,122,130,14.331336461977376,+,KLF1,ig,0.0569505071034655,0.0655298459832556,0.0584649610903888,1.1208394490086078,True,0.048136985162273,0.07163642393396,0.0546493233388611,1.3108380204707708,True,0.0360964605642948,0.0546274658152833,0.0367831793918678,1.485120423716183,True,0.0470613176100111,0.9319999814033508,-0.1015966208393498,0.9317212010826909,0.8152591753110492,0.8371683039966987,0.0569505071034655,0.048136985162273,0.0360964605642948,0.9466521057284144,0.7903308596081116,0.8234733379933125,2.2636074479447643,2.1560045153336485,2.708447298623728,1.1208394490086078,1.3108380204707708,1.485120423716183,-0.102029771493528,-0.2946693202826017,-0.2564104023688299,K562,0.094552897085992,0.9317212010826909,0.8152591753110492,0.8371683039966987,0.094552897085992,0.09455289708599213,K562
KLF1,K562,norm_mean,"[[0 0 1 0]
 [1 0 0 0]
 [0 1 0 0]
 ...
 [1 0 0 0]
 [0 0 1 0]
 [1 0 0 0]]",0.1342808545239165,0.0,EH38E3320649,chr2,2613312,2613812,shared,cross_context,16671,-1,MA0493.3,KLF1,442,450,14.331336461977376,+,KLF1,ig,0.0290394822950474,0.0582737523841206,0.0494973790668882,1.1773096214301817,True,0.0169777678675018,0.0458628788671921,0.0379896896786522,1.2072451020970878,True,0.0173515547066926,0.0383747162856161,0.0394617676071357,0.9724528040185656,False,0.021122934956414,0.9319999814033508,-0.1015966208393498,0.4599221242992606,0.4028150443657035,0.3790808876279914,0.0290394822950474,0.0169777678675018,0.0173515547066926,0.3334773239599708,0.4920978905215951,0.416019267574631,1.4053184183524885,0.8069524618110988,0.6191903880438752,1.1773096214301817,1.2072451020970878,0.9724528040185656,-1.1205384923168822,-1.3118105250751362,-1.3994223700502062,K562,0.0571070799335571,0.4599221242992606,0.4028150443657035,0.3790808876279914,0.0571070799335571,0.057107079933557126,K562
KLF1,K562,norm_mean,"[[1 0 0 0]
 [1 0 0 0]
 [0 1 0 0]
 ...
 [0 0 1 0]
 [0 0 1 0]
 [0 1 0 0]]",0.1374179110715364,0.0,EH38E3435312,chr20,46021418,46021918,shared,cross_context,18260,-1,MA0493.3,KLF1,488,496,14.331336461977376,+,KLF1,ig,0.0631382910069078,0.0620360581576824,0.0469081884261686,1.3224992696175348,True,0.0266577318543568,0.0408732254110509,0.0437042527552694,0.9352228554896028,False,0.0301264226436615,0.0374024084967095,0.0437247800640761,0.8554051018174916,False,0.039974148501642,1.106760025024414,0.1463437449458981,1.109016003662351,0.6104923098455686,0.6987729342040327,0.0631382910069078,0.0266577318543568,0.0301264226436615,1.544353043954952,0.4616058422677774,0.809066936628495,1.7058462285563154,1.5964372825513558,1.6305819327868103,1.3224992696175348,0.9352228554896028,0.8554051018174916,0.1492801857704932,-0.7119549703132186,-0.5171043638551889,K562,0.4102430694583185,1.109016003662351,0.6104923098455686,0.6987729342040327,0.4102430694583185,0.41024306945831834,K562
KLF1,K562,norm_mean,"[[1 0 0 0]
 [1 0 0 0]
 [1 0 0 0]
 ...
 [0 0 0 1]
 [0 0 1 0]
 [1 0 0 0]]",0.1395196493011268,0.0,EH38E3515790,chr3,53882245,53882745,shared,cross_context,39095,-1,MA0493.3,KLF1,36,44,14.331336461977376,+,KLF1,ig,0.1342285675927996,0.0731638558278791,0.0622529325459618,1.175267430513212,True,0.0646360942628234,0.0445755226549226,0.0416335771494777,1.0706625517249428,True,0.0396065437234938,0.0572738470637705,0.0517765956989023,1.1061723009970248,True,0.0794904018597056,0.089429996907711,-3.483081231584324,2.1263210483710213,1.580825108346641,0.8067624445555281,0.1342285675927996,0.0646360942628234,0.0396065437234938,2.3918366846196912,1.8209874687326253,1.1091199864021075,3.427855000149173,2.7604240795298494,1.3732468249482503,1.175267430513212,1.0706625517249428,1.1061723009970248,1.0883594432314891,0.6606777675477428,-0.3097841662064459,K562,0.5454959400243804,2.1263210483710213,1.580825108346641,0.8067624445555281,0.5454959400243804,0.5454959400243804,K562
KLF1,K562,norm_mean,"[[0 0 1 0]
 [0 0 1 0]
 [0 0 1 0]
 ...
 [0 0 1 0]
 [1 0 0 0]
 [0 0 1 0]]",0.8340502924405692,1.0,EH38E3312493,chr19,48646449,48646949,shared,cross_context,112116,-1,MA0493.3,KLF1,271,279,14.331336461977376,+,KLF1,ig,0.0788976959884166,0.0534507025469793,0.0610278118845785,0.8758415571191476,False,0.0669234741944819,0.0627026033581933,0.0446464730956414,1.404424246001014,True,0.0530952313856687,0.0528421891381731,0.04027850196461,1.3119200923957155,True,0.0663054671895224,1.1012200117111206,0.1391040424727699,1.3587120473507115,1.2944667036536794,1.175032210552064,0.0788976959884166,0.0669234741944819,0.0530952313856687,1.791264354445387,1.7256180317908538,1.2684903395256562,1.893841549018016,2.416004356616467,2.797921678989989,0.8758415571191476,1.404424246001014,1.3119200923957155,0.4422397383466838,0.372357857745728,0.232700306415337,K562,0.064245343697032,1.3587120473507115,1.2944667036536794,1.175032210552064,0.064245343697032,0.06424534369703205,K562
KLF1,K562,norm_mean,"[[1 0 0 0]
 [0 1 0 0]
 [1 0 0 0]
 ...
 [1 0 0 0]
 [0 0 1 0]
 [0 1 0 0]]",0.8852895154691596,1.0,EH38E3808477,chr7,151086119,151086619,shared,cross_context,162357,-1,MA0493.3,KLF1,247,255,14.331336461977376,+,KLF1,ig,0.1451245956122875,0.0552845870517194,0.0641778516489863,0.8614276891008358,False,0.034184111340437,0.032716381738719,0.0415508930268399,0.7873807632432405,False,0.0626747087226249,0.0422019323788117,0.0431163999754248,0.978790497698339,False,0.0806611385584498,0.226510003209114,-2.1423469612178176,2.390695612675419,0.8972228411226691,1.465760097006803,0.1451245956122875,0.034184111340437,0.0626747087226249,2.946902094022227,1.0131043143162417,2.1342196716875965,2.886869351733566,1.8329831629574505,2.701584554880719,0.8614276891008358,0.7873807632432405,0.978790497698339,1.2574304560238143,-0.1564617448626322,0.5516489958741813,K562,0.924935515668616,2.390695612675419,0.8972228411226691,1.465760097006803,0.924935515668616,0.9249355156686159,K562
KLF1,K562,norm_mean,"[[0 1 0 0]
 [0 1 0 0]
 [0 0 0 1]
 ...
 [1 0 0 0]
 [0 1 0 0]
 [1 0 0 0]]",0.0228802353463531,0.0,EH38E3052732,chr12,132189563,132190063,shared,cross_context,75654,-1,MA0493.3,KLF1,148,156,14.331336461977376,+,KLF1,ig,0.240820862352848,0.0888758210081141,0.0860130707876542,1.033282614623784,True,0.1066902985330671,0.0626928005658555,0.0727343865504418,0.8619415783889495,False,0.1065865941345691,0.0662522929965052,0.0514359394913458,1.288054243222483,True,0.1513659183401614,3.203850030899048,1.6798070684770858,2.86438133302179,1.62735713840639,1.7849996985862446,0.240820862352848,0.1066902985330671,0.1065865941345691,3.4836186404751444,2.358831106283769,2.168024568538783,3.980671894821121,2.923958947538794,3.015604910696764,1.033282614623784,0.8619415783889495,1.288054243222483,1.5182235708423883,0.7025308992641524,0.8359238314501893,K562,1.0793816344355454,2.86438133302179,1.62735713840639,1.7849996985862446,1.0793816344355454,1.0793816344355454,K562
KLF1,K562,norm_mean,"[[0 0 1 0]
 [0 0 1 0]
 [0 0 1 0]
 ...
 [0 1 0 0]
 [1 0 0 0]
 [0 0 1 0]]",0.0797020983147149,0.0,EH38E2675333,chr8,143553344,143553844,shared,cross_context,183760,-1,MA0493.3,KLF1,287,295,14.331336461977376,+,KLF1,ig,0.0477361739613115,0.054335136890877,0.0623672042834536,0.8712131448412699,False,0.0341942528757499,0.041128636043868,0.0497114123514993,0.8273478025443689,False,0.0325851519010029,0.0488765665644314,0.0467978354449419,1.044419162885075,True,0.0381718595793548,1.7597500085830688,0.8153713128997366,0.8059502534350667,0.7376005942548316,0.6844205325151906,0.0477361739613115,0.0341942528757499,0.0325851519010029,0.9985781074337722,0.8093669904609458,0.728078586733405,1.500069284790181,1.6374396737001802,1.6794785663470986,0.8712131448412699,0.8273478025443689,1.044419162885075,-0.3112373006684171,-0.4390882748429326,-0.5470450516641278,K562,0.068349659180235,0.8059502534350667,0.7376005942548316,0.6844205325151906,0.068349659180235,0.06834965918023506,K562
KLF1,K562,norm_mean,"[[1 0 0 0]
 [1 0 0 0]
 [0 0 1 0]
 ...
 [0 0 1 0]
 [0 1 0 0]
 [0 0 1 0]]",0.0187008224156359,0.0,EH38E3020934,chr12,57093854,57094354,shared,cross_context,72237,-1,MA0493.3,KLF1,281,289,14.331336461977376,+,KLF1,ig,0.1223254413343966,0.0623813644656911,0.0768044183668023,0.8122105169218942,False,0.0954323748592287,0.0562338607793208,0.0660616065565241,0.8512334954928871,False,0.0375133366906084,0.0523831314698327,0.0579995705816261,0.9031639702309726,False,0.0850903842947445,0.4510399997234344,-1.148669514157888,1.7187681831104116,1.5337242152114008,0.6722139662705101,0.1223254413343966,0.0954323748592287,0.0375133366906084,2.112105961820588,2.0020074200923577,0.6036877547215537,3.6797057743668016,3.1220203500404837,2.2570554785851704,0.8122105169218942,0.8512334954928871,0.9031639702309726,0.7813749769353583,0.6170390906157313,-0.5730075755937916,K562,0.1850439678990108,1.7187681831104116,1.5337242152114008,0.6722139662705101,0.1850439678990108,0.1850439678990108,K562
KLF1,K562,norm_mean,"[[0 1 0 0]
 [0 0 1 0]
 [0 1 0 0]
 ...
 [0 1 0 0]
 [0 1 0 0]
 [0 1 0 0]]",0.91920933530117,1.0,EH38E3176320,chr16,29815412,29815912,shared,cross_context,25699,-1,MA0493.3,KLF1,190,198,14.331336461977376,+,KLF1,ig,0.0444941273308359,0.057096963848453,0.073405641144566,0.777827905047876,False,0.0285470124217681,0.0359242686993093,0.0692339735644153,0.5188820121246577,False,0.0103114955709315,0.0536291739699663,0.0564571476951685,0.9499092083155976,False,0.0277842117745118,1.5856200456619265,0.6650480163949818,0.6731084419889285,0.5234650426842423,0.1904040412205348,0.0444941273308359,0.0285470124217681,0.0103114955709315,0.9304809495828088,0.6424297243784157,0.1798353934766678,1.346189003460004,1.1638655113951788,0.4512340653655153,0.777827905047876,0.5188820121246577,0.9499092083155976,-0.5710891419700428,-0.9338348958157532,-2.3928639879346947,K562,0.1496433993046861,0.6731084419889285,0.5234650426842423,0.1904040412205348,0.1496433993046861,0.14964339930468618,K562
KLF1,K562,norm_mean,"[[1 0 0 0]
 [0 0 1 0]
 [0 0 0 1]
 ...
 [1 0 0 0]
 [0 1 0 0]
 [0 0 0 1]]",0.1166987057096538,0.0,EH38E3661972,chr5,134526729,134527229,shared,cross_context,197025,-1,MA0493.3,KLF1,13,21,14.331336461977376,+,KLF1,ig,0.2125667901709675,0.0876814075914444,0.0643905863398686,1.361711376745783,True,0.0875048672314733,0.0498786691202258,0.0544557022629305,0.9159492557804544,False,0.1491619423031807,0.0635596963777788,0.0590208484767936,1.0769022684204077,True,0.1497445332352072,3.876070022583008,1.954595005992816,2.685728161167394,1.6956248173937978,2.5922911343944137,0.2125667901709675,0.0875048672314733,0.1491619423031807,3.782029631484704,2.2538837963881813,2.84737132191286,3.949993446078387,3.7686099392637256,4.447165866995586,1.361711376745783,0.9159492557804544,1.0769022684204077,1.4253132887788715,0.7618169879904403,1.3742277537175438,K562,0.0934370267729804,2.685728161167394,1.6956248173937978,2.5922911343944137,0.0934370267729804,0.09343702677298049,K562
KLF1,K562,norm_mean,"[[1 0 0 0]
 [1 0 0 0]
 [1 0 0 0]
 ...
 [0 1 0 0]
 [0 1 0 0]
 [0 0 1 0]]",0.0719907542500601,0.0,EH38E3280603,chr19,1248308,1248808,shared,cross_context,29805,-1,MA0493.3,KLF1,166,174,14.331336461977376,+,KLF1,ig,0.1002818514243699,0.0602895671164151,0.0610428906334736,0.9876589495380986,False,0.0468590182717889,0.0522517802717629,0.0713436467874864,0.732395599336981,False,0.011991084436886,0.0448771248408593,0.0485659169880414,0.9240454702307968,False,0.0530439847110149,0.4611299932003021,-1.1167514605109552,1.6440405576791064,0.7710368523650908,0.2463583046832128,0.1002818514243699,0.0468590182717889,0.011991084436886,2.424639125953461,0.7846428672856998,0.2439201000217097,3.084394286897683,2.054784312068853,0.5974344923268331,0.9876589495380986,0.732395599336981,0.9240454702307968,0.7172458909194952,-0.3751282763859726,-2.0211699836351102,K562,0.8730037053140156,1.6440405576791064,0.7710368523650908,0.2463583046832128,0.8730037053140156,0.8730037053140156,K562
KLF1,K562,norm_mean,"[[0 0 0 1]
 [0 1 0 0]
 [1 0 0 0]
 ...
 [0 1 0 0]
 [1 0 0 0]
 [0 1 0 0]]",0.1188213026948829,0.0,EH38E3754155,chr7,2524710,2525210,shared,cross_context,45248,-1,MA0493.3,KLF1,310,318,14.331336461977376,+,KLF1,ig,0.0557610802352428,0.0733677146257832,0.05063068384114,1.449075828507968,True,0.0129473088600207,0.053010967351729,0.0446718599426172,1.1866744647095293,True,0.0188992661423981,0.0557220879962551,0.0455239495007014,1.2240167289358144,True,0.0292025517458872,0.2766300141811371,-1.8539651831675108,0.9407561100756144,0.2710113823213199,0.3847583944655009,0.0557610802352428,0.0129473088600207,0.0188992661423981,0.996661169059754,0.2152817549174177,0.3812191164703062,1.8894613754192784,0.9636978708717846,1.0213891403257696,1.449075828507968,1.1866744647095293,1.2240167289358144,-0.0881073389334587,-1.883574644355039,-1.377975288244729,K562,0.5559977156101135,0.9407561100756144,0.2710113823213199,0.3847583944655009,0.5559977156101135,0.5559977156101135,K562
KLF1,K562,norm_mean,"[[0 0 1 0]
 [0 0 1 0]
 [0 0 1 0]
 ...
 [0 0 1 0]
 [0 1 0 0]
 [0 0 1 0]]",0.1225413740838739,0.0,EH38E3313388,chr19,49533896,49534396,shared,cross_context,192832,-1,MA0493.3,KLF1,247,255,14.331336461977376,+,KLF1,ig,0.0988758313469588,0.0627401987067423,0.0603050413617613,1.040380487040346,True,0.0476788432570174,0.0508745581994298,0.0469750802619203,1.083011398504338,True,0.0712600145488977,0.0491662808205001,0.0524078085074553,0.9381478226098248,False,0.0726048963842913,3.7754199504852295,1.9166375104826996,1.614133928838683,0.983103112056766,1.3933868514999732,0.0988758313469588,0.0476788432570174,0.0712600145488977,2.209884748782035,0.8965986212540097,1.6574230480381331,3.269750280649802,2.112640719993969,2.606998475773152,1.040380487040346,1.083011398504338,0.9381478226098248,0.6907602885895698,-0.0245853528952906,0.4785958557142754,K562,0.2207470773387094,1.614133928838683,0.983103112056766,1.3933868514999732,0.2207470773387094,0.22074707733870969,K562
KLF1,K562,norm_mean,"[[0 0 0 1]
 [0 1 0 0]
 [0 1 0 0]
 ...
 [0 1 0 0]
 [0 0 1 0]
 [0 0 1 0]]",0.6885506878301456,1.0,EH38E3227147,chr17,46193614,46194114,shared,cross_context,97557,-1,MA0493.3,KLF1,442,450,14.331336461977376,+,KLF1,ig,0.0859464462846517,0.0636508236837107,0.0596484484747634,1.0670992228682772,True,0.065700217615813,0.0447719387931283,0.0636847096867859,0.7030248231180983,False,0.0113097700523212,0.0324907436408102,0.0463026942091528,0.7017029392937202,False,0.0543188113175953,1.822849988937378,0.8661966314222276,1.293601554798812,1.1357146085806016,0.26351391592943,0.0859464462846517,0.065700217615813,0.0113097700523212,1.3543790869385186,1.5466489087113926,0.2983059356594818,2.0087574845864125,1.6871558304801095,0.4457560906618021,1.0670992228682772,0.7030248231180983,0.7017029392937202,0.3713933190369837,0.1836003497459083,-1.9240489381296983,K562,0.1578869462182104,1.293601554798812,1.1357146085806016,0.26351391592943,0.1578869462182104,0.15788694621821042,K562
KLF1,K562,norm_mean,"[[0 0 0 1]
 [0 0 1 0]
 [0 0 0 1]
 ...
 [0 0 0 1]
 [0 1 0 0]
 [0 1 0 0]]",0.0236336256394164,0.0,EH38E3353320,chr2,74834302,74834802,shared,cross_context,117363,-1,MA0493.3,KLF1,359,367,14.331336461977376,+,KLF1,ig,0.0567583476076833,0.0655702829692745,0.0640218308163679,1.0241861548053257,True,0.0359579734504222,0.0410018179664621,0.0451380469753074,0.9083647084962472,False,0.027807124541141,0.0483999314939137,0.0428965130337442,1.1282949775635718,True,0.0401744818664155,1.572759985923767,0.6532994395884282,0.8596380675785726,0.8131594513890709,0.6120483681182052,0.0567583476076833,0.0359579734504222,0.027807124541141,1.316360781016807,1.0761087974635806,0.7391403962240851,1.3369568563369876,1.2437397519673383,1.114064220788472,1.0241861548053257,0.9083647084962472,1.1282949775635718,-0.2181987217849718,-0.2983898168612091,-0.7082824237839394,K562,0.0464786161895017,0.8596380675785726,0.8131594513890709,0.6120483681182052,0.0464786161895017,0.046478616189501776,K562
KLF1,K562,norm_mean,"[[0 1 0 0]
 [0 1 0 0]
 [0 0 1 0]
 ...
 [0 0 1 0]
 [0 1 0 0]
 [0 1 0 0]]",0.91920933530117,1.0,EH38E3176323,chr16,29816345,29816845,shared,cross_context,88916,-1,MA0493.3,KLF1,3,11,14.331336461977376,+,KLF1,ig,0.0429222644306719,0.0433213168487418,0.0555988868436543,0.7791758345594988,False,0.0253121616551652,0.0496236275622504,0.0416324818474822,1.1919446893556882,True,0.024054099805653,0.0464658440853236,0.0379690601094625,1.2237814608407669,True,0.03076284196383,2.592099905014038,1.3741218803868318,0.8782021743850559,0.5619329259761587,0.568936861182583,0.0429222644306719,0.0253121616551652,0.024054099805653,1.1495578044630512,0.8571171572761974,0.6426900273189566,1.2403924381382307,1.0824074579149976,1.218748604047682,0.7791758345594988,1.1919446893556882,1.2237814608407669,-0.1873749867342891,-0.8315301560669521,-0.8136595366791899,K562,0.3092653132024728,0.8782021743850559,0.5619329259761587,0.568936861182583,0.3092653132024728,0.30926531320247286,K562
KLF1,K562,norm_mean,"[[0 1 0 0]
 [0 1 0 0]
 [0 0 1 0]
 ...
 [0 0 1 0]
 [0 1 0 0]
 [0 1 0 0]]",0.6788202338444557,1.0,EH38E3566548,chr4,1346812,1347312,shared,cross_context,196119,-1,MA0493.3,KLF1,392,400,14.331336461977376,+,KLF1,ig,0.0965029937215149,0.062479571015574,0.062162944186841,1.0050933362623238,True,0.062433140585199,0.0466611887473845,0.0465516857921439,1.0023520723225543,True,0.0370534877292811,0.0393767688953084,0.0397692593865536,0.990130558159616,False,0.0653298740119983,2.650320053100586,1.4061671346421092,1.506977309288173,1.2991014064521536,0.8401091006850716,0.0965029937215149,0.062433140585199,0.0370534877292811,1.518692528955024,1.0377930536778106,0.7574895427737094,2.830826276332973,2.5385253245726527,1.759649800873634,1.0050933362623238,1.0023520723225543,0.990130558159616,0.5916576952494981,0.3775140515079767,-0.2513513976637361,K562,0.2078759028360195,1.506977309288173,1.2991014064521536,0.8401091006850716,0.2078759028360195,0.20787590283601953,K562
KLF1,K562,norm_mean,"[[0 0 1 0]
 [1 0 0 0]
 [0 0 1 0]
 ...
 [0 0 1 0]
 [0 1 0 0]
 [0 1 0 0]]",0.1766045186917161,0.0,EH38E3198696,chr16,87951137,87951637,shared,cross_context,92302,-1,MA0493.3,KLF1,257,265,14.331336461977376,+,KLF1,ig,0.0433819164172746,0.0520446977938991,0.0609277588630972,0.8542032436940512,False,0.0263241321663372,0.0469092748509137,0.041994792256446,1.117025734862541,True,0.0075582041754387,0.0373829703085357,0.0470695761218965,0.7942064799916596,False,0.0257547509196835,3.260220050811768,1.7049697859588937,0.7550220596962276,0.5994403889630459,0.1746118508220515,0.0433819164172746,0.0263241321663372,0.0075582041754387,0.7755674260194882,0.5957315528328688,0.1299071234761627,1.3194561079730265,1.5361464409735206,0.4677213958092301,0.8542032436940512,1.117025734862541,0.7942064799916596,-0.4054092962879594,-0.7383117997642197,-2.5177766093186262,K562,0.1555816707331817,0.7550220596962276,0.5994403889630459,0.1746118508220515,0.1555816707331817,0.15558167073318174,K562
KLF1,K562,norm_mean,"[[0 1 0 0]
 [1 0 0 0]
 [1 0 0 0]
 ...
 [0 0 1 0]
 [1 0 0 0]
 [0 0 1 0]]",0.1630782230120248,0.0,EH38E2961909,chr11,62855455,62855955,shared,cross_context,19068,-1,MA0493.3,KLF1,494,502,14.331336461977376,+,KLF1,ig,0.0650442955084145,0.0553024878154974,0.0615928638602781,0.8978715287899978,False,0.0442784450133331,0.0421811487432569,0.0632765643496532,0.6666155552317461,False,0.0195845583511982,0.0365560772124445,0.0406629138928838,0.89900267154281,False,0.0429690996243152,1.4950799942016602,0.5802236427965688,1.061636700377624,0.8610034156369081,0.4700264753834055,0.0650442955084145,0.0442784450133331,0.0195845583511982,1.0259440803515631,1.028153367383156,0.5071168454550908,1.9649509510561611,1.6398362565725644,1.109087509116572,0.8978715287899978,0.6666155552317461,0.89900267154281,0.0862901514615171,-0.2159091323461446,-1.0891860694349602,K562,0.2006332847407158,1.061636700377624,0.8610034156369081,0.4700264753834055,0.2006332847407158,0.20063328474071584,K562
KLF1,K562,norm_mean,"[[0 1 0 0]
 [1 0 0 0]
 [0 1 0 0]
 ...
 [1 0 0 0]
 [0 1 0 0]
 [0 0 0 1]]",0.1418464561420185,0.0,EH38E3356477,chr2,86622812,86623312,shared,cross_context,117944,-1,MA0493.3,KLF1,139,147,14.331336461977376,+,KLF1,ig,0.0606767521239817,0.0624863303109304,0.0557098131322152,1.121639359052221,True,0.0306304414989426,0.0446524851064896,0.065965425070287,0.676907308485297,False,0.0355589571408927,0.0438417668524198,0.0566343938728934,0.7741189781182376,False,0.0422887169212723,1.9113199710845947,0.9345700726682534,0.9733221830420726,0.5232877043731852,0.7081584813981048,0.0606767521239817,0.0306304414989426,0.0355589571408927,1.1540237258725805,0.5383488612462957,0.8356668422218371,2.3483973647087137,1.2367700058372473,1.3449874823109509,1.121639359052221,0.676907308485297,0.7741189781182376,-0.0390106574234016,-0.9343237316073952,-0.4978558303651753,K562,0.2651637016439678,0.9733221830420726,0.5232877043731852,0.7081584813981048,0.2651637016439678,0.26516370164396785,K562
KLF1,K562,norm_mean,"[[0 1 0 0]
 [1 0 0 0]
 [0 0 1 0]
 ...
 [0 1 0 0]
 [1 0 0 0]
 [1 0 0 0]]",0.8516384415720314,1.0,EH38E2962834,chr11,64230245,64230745,shared,cross_context,65300,-1,MA0493.3,KLF1,153,161,14.331336461977376,+,KLF1,ig,0.0738172917626798,0.0524159443227108,0.0549544231311131,0.9538073879800404,False,0.0312485010363161,0.0359025057818507,0.0498525640319811,0.7201735613254149,False,0.0306832364876754,0.0458968796054978,0.0459514090312094,0.998813106823218,False,0.0452496764288904,1.4271399974822998,0.5131278760327939,1.379308745607858,0.7357651113134744,0.6716042002880289,0.0738172917626798,0.0312485010363161,0.0306832364876754,1.4645002350863416,0.7261280541600598,0.7701547560855051,2.807661220934798,1.6739195026006626,1.5983267354711277,0.9538073879800404,0.7201735613254149,0.998813106823218,0.4639454280946565,-0.4426828250532619,-0.5743168396594021,K562,0.6435436342943834,1.379308745607858,0.7357651113134744,0.6716042002880289,0.6435436342943834,0.6435436342943837,K562
KLF1,K562,norm_mean,"[[0 0 1 0]
 [1 0 0 0]
 [0 0 1 0]
 ...
 [0 0 0 1]
 [0 1 0 0]
 [1 0 0 0]]",0.1395196493011268,0.0,EH38E3515789,chr3,53881975,53882475,shared,cross_context,135487,-1,MA0493.3,KLF1,306,314,14.331336461977376,+,KLF1,ig,0.1509062554687261,0.0760226581175811,0.0632294159099638,1.2023303552658278,True,0.0602450696751475,0.0517948271671775,0.0554943010611891,0.9333357992329622,False,0.1159019190818071,0.0649883160786703,0.0700711597232086,0.9274615556638156,False,0.1090177480752269,0.089429996907711,-3.483081231584324,2.18780803217754,1.124230897510503,1.6948471845301645,0.1509062554687261,0.0602450696751475,0.1159019190818071,2.952266718519235,1.4510900275166745,1.9652134499634375,3.813220238846026,1.6935941623049977,2.910005070486977,1.2023303552658278,0.9333357992329622,0.9274615556638156,1.1294861559857063,0.1689383717914242,0.7611551998415513,K562,0.4929608476473757,2.18780803217754,1.124230897510503,1.6948471845301645,0.4929608476473757,0.4929608476473757,K562
KLF1,K562,norm_mean,"[[0 0 1 0]
 [0 1 0 0]
 [0 1 0 0]
 ...
 [0 1 0 0]
 [0 1 0 0]
 [0 0 0 1]]",0.0301045898675207,0.0,EH38E3299771,chr19,29942696,29943196,shared,cross_context,55397,-1,MA0493.3,KLF1,233,241,14.331336461977376,+,KLF1,ig,0.0791374698164872,0.0628004692104877,0.0547089807182484,1.1479003429968295,True,0.0368977163452655,0.0429623003931192,0.040228981301763,1.0679437640097216,True,0.036882996559143,0.0392064836590725,0.033901454979712,1.1564834641374715,True,0.0509727275736319,1.7533600330352783,0.8101230907585691,1.3675108846233497,0.8934789117957319,1.0252757972517064,0.0791374698164872,0.0368977163452655,0.036882996559143,1.8423534566900557,0.8635368336635858,1.0523123311101217,2.926283005259337,1.9571915847148005,2.282021696784317,1.1479003429968295,1.0679437640097216,1.1564834641374715,0.451552317165779,-0.1624944146010376,0.0360120455832363,K562,0.3422350873716433,1.3675108846233497,0.8934789117957319,1.0252757972517064,0.3422350873716433,0.3422350873716433,K562
KLF1,K562,norm_mean,"[[0 0 1 0]
 [1 0 0 0]
 [1 0 0 0]
 ...
 [0 1 0 0]
 [0 0 0 1]
 [0 0 1 0]]",0.9251618349680656,1.0,EH38E3662264,chr5,135032936,135033436,shared,cross_context,42351,-1,MA0493.3,KLF1,138,146,14.331336461977376,+,KLF1,ig,0.0644709069747477,0.0506912497943267,0.0376768227527591,1.3454222685587736,True,0.0205140659963944,0.038340968323173,0.0321759614609528,1.191602509024528,True,0.0365332886576652,0.0330125987529754,0.0348524238557308,0.9472107138809516,False,0.0405060872096025,1.6250100135803225,0.7004494961003956,1.4520145134258575,0.5856882177098961,0.925430278792662,0.0644709069747477,0.0205140659963944,0.0365332886576652,1.7171711797771707,0.7053273002401668,1.2378801013282796,2.88864840516891,1.0215083811767087,1.4221352582268938,1.3454222685587736,1.191602509024528,0.9472107138809516,0.5380558746735724,-0.7717952203814634,-0.1118037906761431,K562,0.5265842346331956,1.4520145134258575,0.5856882177098961,0.925430278792662,0.5265842346331956,0.5265842346331955,K562
KLF1,K562,norm_mean,"[[0 0 1 0]
 [0 1 0 0]
 [0 1 0 0]
 ...
 [1 0 0 0]
 [0 1 0 0]
 [1 0 0 0]]",0.7692466697837781,1.0,EH38E2972383,chr11,74493478,74493978,shared,cross_context,67235,-1,MA0493.3,KLF1,293,301,14.331336461977376,+,KLF1,ig,0.0324825611605774,0.0558069579582661,0.073881650765916,0.7553560298960104,False,0.0174025173764675,0.0570851698305341,0.0553005849076912,1.0322704471049855,True,0.0207120406703325,0.0498955810099141,0.0555998783928748,0.8974043375293599,False,0.0235323730691258,3.4657700061798096,1.7931763344857483,0.4861114369149696,0.3107720671303292,0.3880720499913773,0.0324825611605774,0.0174025173764675,0.0207120406703325,0.4518245017299712,0.2341833755048038,0.5296658829752149,1.4678819985068383,1.1001475860853391,0.7322616964755853,0.7553560298960104,1.0322704471049855,0.8974043375293599,-1.0406410145994425,-1.6860712532419204,-1.3656035611407016,K562,0.0980393869235923,0.4861114369149696,0.3107720671303292,0.3880720499913773,0.0980393869235923,0.09803938692359232,K562
KLF1,K562,norm_mean,"[[0 1 0 0]
 [0 0 0 1]
 [1 0 0 0]
 ...
 [1 0 0 0]
 [1 0 0 0]
 [0 1 0 0]]",0.0004599200779671,0.0,EH38E3314854,chr19,51107606,51108106,shared,cross_context,215008,-1,MA0493.3,KLF1,488,496,14.331336461977376,+,KLF1,ig,0.0917544129770249,0.0587193967268103,0.0627667100739199,0.9355180047269782,False,0.0547033137409016,0.0367824466584716,0.0432630699657602,0.8502040697884292,False,0.0362006073119118,0.0377129985205829,0.0571886487456504,0.6594489073141838,False,0.0608861113432794,0.8919500112533569,-0.1649636199017314,1.3092956978392138,1.257358052325229,0.7674016877618405,0.0917544129770249,0.0547033137409016,0.0362006073119118,1.5932465876397224,1.6862953089667114,0.9327736946567886,2.278035687344821,2.71931728638918,1.9701246192473327,0.9355180047269782,0.8502040697884292,0.6594489073141838,0.3887909605925831,0.3303955393367689,-0.3819461551152102,K562,0.0519376455139848,1.3092956978392138,1.257358052325229,0.7674016877618405,0.0519376455139848,0.05193764551398483,K562
KLF1,K562,norm_mean,"[[1 0 0 0]
 [0 0 1 0]
 [0 1 0 0]
 ...
 [0 1 0 0]
 [1 0 0 0]
 [0 0 1 0]]",0.000503167806025,0.0,EH38E3944533,chrX,129932693,129933193,shared,cross_context,176930,-1,MA0493.3,KLF1,335,343,14.331336461977376,+,KLF1,ig,0.0514012770727276,0.0575402672123163,0.0805179155105469,0.714626797045079,False,0.0364639956969767,0.0445716982608428,0.0518773782822634,0.859173904791225,False,0.0241173687390983,0.0515924806287512,0.0541305087631288,0.9531126212648376,False,0.0373275471696009,2.242539882659912,1.165134286448029,0.7479497804912492,0.7108423848217448,0.4676504005934477,0.0514012770727276,0.0364639956969767,0.0241173687390983,0.8791517457624586,0.7004354485730745,0.6024757930162937,1.6977890667245965,1.2090785489471712,0.7814596434657957,0.714626797045079,0.859173904791225,0.9531126212648376,-0.4189866863061132,-0.4923983865206436,-1.0964976684173822,K562,0.0371073956695043,0.7479497804912492,0.7108423848217448,0.4676504005934477,0.0371073956695043,0.037107395669504384,K562
KLF1,K562,norm_mean,"[[0 0 1 0]
 [0 0 1 0]
 [0 1 0 0]
 ...
 [0 1 0 0]
 [1 0 0 0]
 [1 0 0 0]]",0.90604558940084,1.0,EH38E1419620,chr1,211579377,211579877,shared,cross_context,57916,-1,MA0493.3,KLF1,26,34,14.331336461977376,+,KLF1,ig,0.0890512358164414,0.0687012458470417,0.0526151705248048,1.305730497582409,True,0.0431010224856436,0.0664889191591646,0.0548349744835286,1.2125273634231923,True,0.0544726049993187,0.0532628403705894,0.0600581790338037,0.88685391996436,False,0.0622082877671346,0.6868199706077576,-0.54199400527076,1.5094648953144034,0.7493357617379247,1.0218581672209508,0.0890512358164414,0.0431010224856436,0.0544726049993187,1.7812154699530856,0.6718971474450722,1.5907575237592455,3.037134785490552,2.567934622396464,1.8068492077598115,1.305730497582409,1.2125273634231923,0.88685391996436,0.5940372063367962,-0.4163157878256516,0.0311949671130761,K562,0.4876067280934526,1.5094648953144034,0.7493357617379247,1.0218581672209508,0.4876067280934526,0.4876067280934526,K562
KLF1,K562,norm_mean,"[[0 0 0 1]
 [0 1 0 0]
 [0 0 0 1]
 ...
 [0 1 0 0]
 [1 0 0 0]
 [0 1 0 0]]",0.022932807315321,0.0,EH38E3486756,chr22,45263645,45264145,shared,cross_context,131937,-1,MA0493.3,KLF1,99,107,14.331336461977376,+,KLF1,ig,0.0843185801059007,0.0929014212172478,0.0704572235860315,1.318550509137019,True,0.034577622427605,0.077506129508838,0.0698354746137052,1.1098387866506965,True,0.0327493807999417,0.0661971346253994,0.0444089849720355,1.490624470720041,True,0.0505485277778158,3.043540000915528,1.6057508011431705,1.1128801488024649,0.5294826888509895,0.6375906425343206,0.0843185801059007,0.034577622427605,0.0327493807999417,0.9732935824526172,0.5269986669538302,0.8795621065609933,3.067886843648565,1.1348233501400529,1.5032288469398452,1.318550509137019,1.1098387866506965,1.490624470720041,0.1542982318570391,-0.9173445753049728,-0.649297636552828,K562,0.475289506268144,1.1128801488024649,0.5294826888509895,0.6375906425343206,0.475289506268144,0.47528950626814426,K562
KLF1,K562,norm_mean,"[[0 0 0 1]
 [0 1 0 0]
 [1 0 0 0]
 ...
 [0 1 0 0]
 [0 1 0 0]
 [0 0 1 0]]",0.0263991535348487,0.0,EH38E3315683,chr19,52638182,52638682,shared,cross_context,215048,-1,MA0493.3,KLF1,215,223,14.331336461977376,+,KLF1,ig,0.0745290147315245,0.069608909121016,0.059321797103621,1.1734118112657266,True,0.0321933791274204,0.0466430888080503,0.0404513039557525,1.1530673356882946,True,0.0343540323665365,0.0468504631187534,0.0486148612865527,0.9637064107935344,False,0.0470254754084938,0.2740199863910675,-1.867641706070605,1.1766463392051678,0.7509540872606577,0.7168194318376587,0.0745290147315245,0.0321933791274204,0.0343540323665365,1.5624534038631668,0.763024048875761,0.9628931497266996,2.14766576678872,1.320418732857465,1.4171600727768097,1.1734118112657266,1.1530673356882946,0.9637064107935344,0.2346807605612818,-0.4132033877648728,-0.4803183457751928,K562,0.4256922519445101,1.1766463392051678,0.7509540872606577,0.7168194318376587,0.4256922519445101,0.4256922519445101,K562
KLF1,K562,norm_mean,"[[0 0 0 1]
 [0 1 0 0]
 [0 0 0 1]
 ...
 [0 1 0 0]
 [0 0 0 1]
 [0 0 1 0]]",0.1011690942143514,0.0,EH38E3203643,chr17,2393651,2394151,shared,cross_context,93411,-1,MA0493.3,KLF1,319,327,14.331336461977376,+,KLF1,ig,0.0775685743428766,0.0540177949529606,0.0568152114496788,0.9507627282735164,False,0.0415835983585566,0.0389742315358307,0.0511113699464365,0.7625353018579181,False,0.0372340626781806,0.0403878697755862,0.0462487147352416,0.8732753174664432,False,0.0521287451265379,0.3688800036907196,-1.438772598581234,1.387780864369654,0.9031608949652016,0.8545319087525195,0.0775685743428766,0.0415835983585566,0.0372340626781806,1.5725958931658113,1.2413467173474086,1.1269603925586766,1.9336088459057863,1.3559414604244724,1.5375406073335485,0.9507627282735164,0.7625353018579181,0.8732753174664432,0.4727797801616808,-0.1469450715957194,-0.2267937291624591,K562,0.4846199694044525,1.387780864369654,0.9031608949652016,0.8545319087525195,0.4846199694044525,0.4846199694044525,K562
KLF1,K562,norm_mean,"[[0 0 1 0]
 [1 0 0 0]
 [0 0 1 0]
 ...
 [0 0 1 0]
 [0 1 0 0]
 [0 1 0 0]]",0.0214640581567562,0.0,EH38E1861697,chr17,40341940,40342440,shared,cross_context,16894,-1,MA0493.3,KLF1,158,166,14.331336461977376,+,KLF1,ig,0.0698894723318517,0.0667082251422107,0.0603098874406903,1.1060908403602012,True,0.0313582739327102,0.055710603078478,0.0425606614253341,1.3089690837282326,True,0.0307993310270831,0.059536858323845,0.0507621780799467,1.1728583927485334,True,0.0440156924305483,0.5239199995994568,-0.932578806175232,1.156385523038384,0.6550098556240145,0.5890872544233869,0.0698894723318517,0.0313582739327102,0.0307993310270831,1.2104825362228346,0.4566287004308538,0.7328253857781107,2.597143226755315,1.664250095793504,1.0290816435367245,1.1060908403602012,1.3089690837282326,1.1728583927485334,0.2096224539753748,-0.6104114783203392,-0.7634467534576408,K562,0.5013756674143695,1.156385523038384,0.6550098556240145,0.5890872544233869,0.5013756674143695,0.5013756674143695,K562
KLF1,K562,norm_mean,"[[0 0 0 1]
 [0 0 1 0]
 [0 1 0 0]
 ...
 [1 0 0 0]
 [1 0 0 0]
 [1 0 0 0]]",0.0034216207070423,0.0,EH38E2840843,chr1,156457152,156457652,shared,cross_context,53039,-1,MA0493.3,KLF1,494,502,14.331336461977376,+,KLF1,ig,0.0552972162840887,0.0599213094642618,0.0516358865523943,1.160458391643503,True,0.034023656102363,0.0427284383150981,0.0384010946264606,1.1126877398640165,True,0.0380623965174891,0.0458443510066717,0.0448951066384324,1.02114337681499,True,0.0424610896346469,0.2235199958086013,-2.16151774166098,0.99973093192823,0.7768678489512714,0.8717223802209415,0.0552972162840887,0.034023656102363,0.0380623965174891,1.1096557181374875,0.8169820524587084,0.9198649818866182,2.147400119851181,1.4276547991144708,2.083224414214436,1.160458391643503,1.1126877398640165,1.02114337681499,-0.0003882339629392,-0.3642588867750955,-0.1980593440663846,K562,0.1280085517072886,0.99973093192823,0.7768678489512714,0.8717223802209415,0.1280085517072886,0.12800855170728853,K562
KLF1,K562,norm_mean,"[[0 0 1 0]
 [0 1 0 0]
 [0 0 1 0]
 ...
 [0 0 1 0]
 [0 1 0 0]
 [0 0 0 1]]",0.0934488723534643,0.0,EH38E3491379,chr22,50508421,50508921,shared,cross_context,132434,-1,MA0493.3,KLF1,80,88,14.331336461977376,+,KLF1,ig,0.1035622772760689,0.0696655074076261,0.0631699962646234,1.102825716302648,True,0.0231029453425435,0.0493168578116456,0.0484583663148805,1.0177158535231696,True,0.0445152146276086,0.0436558608454652,0.0683539043820928,0.6386738965881672,False,0.0570601457487403,0.3261699974536896,-1.6162995890176102,1.6034677561561943,0.48732324636101,0.8480499394700902,0.1035622772760689,0.0231029453425435,0.0445152146276086,1.907235365075932,0.7363413493688242,1.2443815663777091,2.735774807797022,0.9719913396961256,1.4224610959296748,1.102825716302648,1.0177158535231696,0.6386738965881672,0.6811953440766964,-1.0370490481165051,-0.2377788693122501,K562,0.7554178166861043,1.6034677561561943,0.48732324636101,0.8480499394700902,0.7554178166861043,0.7554178166861041,K562
KLF1,K562,norm_mean,"[[0 1 0 0]
 [1 0 0 0]
 [0 0 1 0]
 ...
 [0 1 0 0]
 [1 0 0 0]
 [1 0 0 0]]",0.6535556275061576,1.0,EH38E1940055,chr19,12919109,12919609,shared,cross_context,180993,-1,MA0493.3,KLF1,292,300,14.331336461977376,+,KLF1,ig,0.1190215907990932,0.0557825176313053,0.0482229269635774,1.1567631742014737,True,0.0681060873903334,0.0339044048346113,0.0344121572624993,0.9852446832536078,False,0.0933126951567828,0.0550864189397543,0.0364643642663931,1.5106914638742042,True,0.0934801244487365,6.554699897766113,2.7125299493021413,2.3257355365798853,1.990601880072152,2.1334172979239368,0.1190215907990932,0.0681060873903334,0.0933126951567828,3.831218140772417,1.7408055592510665,2.5807060420736514,4.053968801577033,5.003003077798543,3.856035945797808,1.1567631742014737,0.9852446832536078,1.5106914638742042,1.217687055403648,0.9932047119497904,1.0931661861214794,K562,0.1923182386559485,2.3257355365798853,1.990601880072152,2.1334172979239368,0.1923182386559485,0.19231823865594855,K562
KLF1,K562,norm_mean,"[[1 0 0 0]
 [0 0 1 0]
 [0 0 0 1]
 ...
 [0 0 1 0]
 [1 0 0 0]
 [0 1 0 0]]",0.680916586886972,1.0,EH38E2842944,chr1,160367101,160367601,shared,cross_context,53337,-1,MA0493.3,KLF1,258,266,14.331336461977376,+,KLF1,ig,0.0890132569038542,0.0563177470373921,0.0521676175285859,1.079553541255678,True,0.0495865086195408,0.0495028830194496,0.0502864295069743,0.9844181354813162,False,0.0393102434463799,0.0510759923997102,0.0519779952312371,0.9826462591722378,False,0.0593033363232583,1.943490028381348,0.9586504478676872,1.6548671843824432,0.9921199433725306,0.7614479074007976,0.0890132569038542,0.0495865086195408,0.0393102434463799,1.5041513622785565,0.6025768954953707,0.6810886393178373,3.8309484548770514,2.8101600621999845,1.7271883595198405,1.079553541255678,0.9844181354813162,0.9826462591722378,0.7267154353533636,-0.0114135461594781,-0.3931827513624686,K562,0.6627472410099126,1.6548671843824432,0.9921199433725306,0.7614479074007976,0.6627472410099126,0.6627472410099126,K562
KLF1,K562,norm_mean,"[[0 0 1 0]
 [0 1 0 0]
 [0 0 0 1]
 ...
 [0 0 1 0]
 [0 0 1 0]
 [0 1 0 0]]",0.0875607017521208,0.0,EH38E2787310,chr1,12595470,12595970,shared,cross_context,6544,-1,MA0493.3,KLF1,72,80,14.331336461977376,+,KLF1,ig,0.0608407825930044,0.0662317105405964,0.0572103156894445,1.1576880526799085,True,0.0427703656023368,0.0400959995604353,0.0548459378781262,0.7310658510184384,False,0.0361540048616007,0.0358356038562487,0.0544492890627589,0.6581462842146827,False,0.0465883843523139,0.0,-19.93156856932417,1.028652322998708,0.9221366678407236,0.8079840642878717,0.0608407825930044,0.0427703656023368,0.0361540048616007,1.2574967116780675,1.351282957230868,0.7723488946038474,1.9807970494691425,1.8514581601130715,2.4678096798804345,1.1576880526799085,0.7310658510184384,0.6581462842146827,0.0407554455943036,-0.1169475081733631,-0.3076012538370904,K562,0.1065156551579844,1.028652322998708,0.9221366678407236,0.8079840642878717,0.1065156551579844,0.10651565515798433,K562
KLF1,K562,norm_mean,"[[0 0 0 1]
 [1 0 0 0]
 [0 0 1 0]
 ...
 [0 0 1 0]
 [0 0 1 0]
 [0 0 1 0]]",0.8594688786944575,1.0,EH38E3205255,chr17,4709915,4710415,shared,cross_context,93661,-1,MA0493.3,KLF1,484,492,14.331336461977376,+,KLF1,ig,0.1202796013094484,0.0582187433110084,0.0598539464559871,0.9726799489657604,False,0.0565094578778371,0.0382871675177011,0.0348410325031727,1.0989099282610326,True,0.0298785064951516,0.0376074735081056,0.0586453271942446,0.6412696270044872,False,0.0688891885608124,1.3833999633789062,0.4682193662056783,1.91159361147578,1.2878945306523375,0.6338629019775198,0.1202796013094484,0.0565094578778371,0.0298785064951516,2.5241971154825587,1.981738257443468,0.8957763089532146,3.4823704521188823,1.7439519665828809,1.0052562580045503,0.9726799489657604,1.0989099282610326,0.6412696270044872,0.9347758519892788,0.3650144530082232,-0.6577572585962421,K562,0.6236990808234426,1.91159361147578,1.2878945306523375,0.6338629019775198,0.6236990808234426,0.6236990808234426,K562
KLF1,K562,norm_mean,"[[0 0 0 1]
 [0 0 1 0]
 [0 1 0 0]
 ...
 [0 0 1 0]
 [0 0 1 0]
 [0 1 0 0]]",0.0229035983268315,0.0,EH38E3315251,chr19,51703097,51703597,shared,cross_context,16469,-1,MA0493.3,KLF1,254,262,14.331336461977376,+,KLF1,ig,0.045012867078185,0.0650247875764034,0.0580503881576124,1.120143696514447,True,0.0281046003510709,0.0448393600498093,0.0468438999773636,0.9572078861793788,False,0.0274585527367889,0.0475005618028808,0.0506066421762508,0.9386228837554346,False,0.0335253400553483,1.0101900100708008,0.0146281080538142,0.7406506402929576,0.6101620821193162,0.5559162137447599,0.045012867078185,0.0281046003510709,0.0274585527367889,0.8786028984135077,0.4033903000462664,0.7021161462933823,1.3353423355771616,1.6096616429486792,0.9047855446186108,1.120143696514447,0.9572078861793788,0.9386228837554346,-0.4331348990850102,-0.7127355645862684,-0.8470606322277354,K562,0.1304885581736413,0.7406506402929576,0.6101620821193162,0.5559162137447599,0.1304885581736413,0.13048855817364136,K562
KLF1,K562,norm_mean,"[[0 1 0 0]
 [0 0 1 0]
 [0 0 1 0]
 ...
 [0 1 0 0]
 [0 0 1 0]
 [0 1 0 0]]",0.1270795884045629,0.0,EH38E3422493,chr20,18287961,18288461,shared,cross_context,17952,-1,MA0493.3,KLF1,256,264,14.331336461977376,+,KLF1,ig,0.0412978077656589,0.0559057425335049,0.0659131867343183,0.8481722220035655,False,0.0276526067173108,0.0462975467205978,0.0498051077218126,0.9295740847194393,False,0.022358526213793,0.0521619909367291,0.0510818006508858,1.0211460845275375,True,0.0304363135655876,1.8008500337600708,0.8486788465722583,0.6660503927894534,0.5709223851711474,0.4341145299500309,0.0412978077656589,0.0276526067173108,0.022358526213793,0.7827123153876455,0.56249125919165,0.547011542642008,1.5394553724205813,1.07537371743842,0.9769501164351778,0.8481722220035655,0.9295740847194393,1.0211460845275375,-0.5862967582519445,-0.8086334626034734,-1.203852380707788,K562,0.095128007618306,0.6660503927894534,0.5709223851711474,0.4341145299500309,0.095128007618306,0.09512800761830609,K562
KLF1,K562,norm_mean,"[[1 0 0 0]
 [1 0 0 0]
 [0 0 0 1]
 ...
 [0 1 0 0]
 [0 0 1 0]
 [0 1 0 0]]",0.0623475117704296,0.0,EH38E3257869,chr18,12376500,12377000,shared,cross_context,101698,-1,MA0493.3,KLF1,381,389,14.331336461977376,+,KLF1,ig,0.0248666878324002,0.0458954575064126,0.072697919401615,0.6313172587470286,False,0.0191062602971214,0.0384930917969904,0.0561965056012963,0.6849729273268776,False,0.0177564260957296,0.0391104236419778,0.0471130885606393,0.8301390661375991,False,0.0205764580750837,5.351729869842529,2.420005566931133,0.405114585454476,0.381526779339255,0.353899531379921,0.0248666878324002,0.0191062602971214,0.0177564260957296,0.4254200987939238,0.313546604874192,0.3819227999055923,1.2305110138626336,1.3807844791839292,0.918853974511342,0.6313172587470286,0.6849729273268776,0.8301390661375991,-1.3035980636110178,-1.3901437678232842,-1.498588239407391,K562,0.0235878061152209,0.405114585454476,0.381526779339255,0.353899531379921,0.0235878061152209,0.02358780611522099,K562
KLF1,K562,norm_mean,"[[0 0 1 0]
 [1 0 0 0]
 [0 0 1 0]
 ...
 [0 0 1 0]
 [0 0 1 0]
 [0 0 1 0]]",0.6901909896482754,1.0,EH38E2941512,chr11,3841208,3841708,shared,cross_context,8984,-1,MA0493.3,KLF1,380,388,14.331336461977376,+,KLF1,ig,0.2008920861408114,0.0658375971450004,0.0526362844036173,1.2508022817897289,True,0.1206251614494249,0.0406158786459127,0.0443257445288493,0.9163042812836492,False,0.048858800320886,0.0474767698626965,0.0440251013907918,1.078402038356378,True,0.1234586826370408,1.223230004310608,0.2906968791742473,3.465887055107281,2.741019080468309,1.123688639886326,0.2008920861408114,0.1206251614494249,0.048858800320886,4.628492780954123,3.599440739564588,1.3305375202518392,5.381087453040623,4.611670458394385,2.07560446020084,1.2508022817897289,0.9163042812836492,1.078402038356378,1.7932246417315387,1.4547123714485777,0.1682423394052569,K562,0.7248679746389719,3.465887055107281,2.741019080468309,1.123688639886326,0.7248679746389719,0.7248679746389719,K562
KLF1,K562,norm_mean,"[[0 1 0 0]
 [0 1 0 0]
 [0 0 0 1]
 ...
 [0 0 0 1]
 [0 0 1 0]
 [0 0 0 1]]",0.0532505454392046,0.0,EH38E1858460,chr17,35567783,35568283,shared,cross_context,2570,-1,MA0493.3,KLF1,99,107,14.331336461977376,+,KLF1,ig,0.1794228656217456,0.0893696399894543,0.0897071115842336,0.9962379620612116,False,0.0765629634261131,0.0469039682095171,0.0579763113387993,0.8090193914757363,False,0.0768394394690403,0.0552829368319362,0.0477950275678352,1.1566668768378603,True,0.1109417561722996,0.8332099914550781,-0.2632462238079617,2.220191441965718,1.6327080054753649,1.6612998617151826,0.1794228656217456,0.0765629634261131,0.0768394394690403,2.6181564060663614,1.7504724632914184,2.2130646803436878,3.857508064900353,3.699517026586295,3.3572709276025186,0.9962379620612116,0.8090193914757363,1.1566668768378603,1.1506840828407296,0.7072668023652686,0.7323125016006791,K562,0.5588915802505354,2.220191441965718,1.6327080054753649,1.6612998617151826,0.5588915802505354,0.5588915802505354,K562
KLF1,K562,norm_mean,"[[0 1 0 0]
 [0 1 0 0]
 [0 1 0 0]
 ...
 [0 0 1 0]
 [1 0 0 0]
 [0 0 1 0]]",0.0881442417730837,0.0,EH38E1589856,chr12,6363225,6363725,shared,cross_context,2465,-1,MA0493.3,KLF1,188,196,14.331336461977376,+,KLF1,ig,0.0518922044429928,0.0569411784689873,0.0457413088664259,1.2448521354460131,True,0.0355865501333028,0.0689951744466088,0.0436798408683325,1.5795652474772903,True,0.0351897769141942,0.0715637652523582,0.0429663168232926,1.6655779198133034,True,0.0408895104968299,0.6456300020217896,-0.6312182390268819,1.035042414335489,0.6604224832942865,0.6506463693200969,0.0518922044429928,0.0355865501333028,0.0351897769141942,1.1984772138954232,0.8047509459174407,0.7232088645030296,1.6971477903532737,1.228163151873018,1.6742210455713729,1.2448521354460131,1.5795652474772903,1.6655779198133034,0.0496898895993245,-0.5985388567868908,-0.6200544507331296,K562,0.3746199310412025,1.035042414335489,0.6604224832942865,0.6506463693200969,0.3746199310412025,0.3746199310412025,K562
KLF1,K562,norm_mean,"[[0 1 0 0]
 [1 0 0 0]
 [0 0 1 0]
 ...
 [1 0 0 0]
 [0 1 0 0]
 [0 1 0 0]]",0.1096357625050731,0.0,EH38E3690118,chr6,10404279,10404779,shared,cross_context,149571,-1,MA0493.3,KLF1,201,209,14.331336461977376,+,KLF1,ig,0.0786908202571794,0.0673738908302039,0.055508901343345,1.2137490936089377,True,0.0338953226892044,0.05428878645238,0.0419744820975255,1.2933756607761395,True,0.0582980110775679,0.0544356938981218,0.0410259224795049,1.3268606124995677,True,0.0569613846746506,3.013580083847046,1.591478882675316,1.3116753420633194,0.7289098058800912,1.2605039249683885,0.0786908202571794,0.0338953226892044,0.0582980110775679,1.8175616666422152,0.6526295248331686,1.582334874810727,2.9714335248986643,2.824870672903852,2.8439163305335766,1.2137490936089377,1.2933756607761395,1.3268606124995677,0.3914106781015857,-0.4561877840620151,0.3340006116246989,K562,0.0511714170949308,1.3116753420633194,0.7289098058800912,1.2605039249683885,0.0511714170949308,0.05117141709493089,K562
KLF1,K562,norm_mean,"[[1 0 0 0]
 [0 0 1 0]
 [1 0 0 0]
 ...
 [0 0 1 0]
 [0 1 0 0]
 [0 0 0 1]]",0.0031619386649583,0.0,EH38E2435729,chr5,177494198,177494698,shared,cross_context,4928,-1,MA0493.3,KLF1,375,383,14.331336461977376,+,KLF1,ig,0.0706639036070555,0.05375734383706,0.0691477851759814,0.7774267234442888,False,0.0179405864328145,0.0465050437941681,0.0574635345205992,0.8092964710434328,False,0.0304592027096077,0.0380753080768045,0.0486335190956864,0.7829024293485127,False,0.0396878975831593,0.8525599837303162,-0.2301250610102742,1.0091856197212077,0.3309513005909396,0.668323841764659,0.0706639036070555,0.0179405864328145,0.0304592027096077,0.925982268629876,0.3524146837110031,0.6924548364676616,2.0568877288573537,0.7974266948919595,1.6340214865059357,0.7774267234442888,0.8092964710434328,0.7829024293485127,0.0131915554795703,-1.5953091501268886,-0.5813807509640203,K562,0.3408617779565485,1.0091856197212077,0.3309513005909396,0.668323841764659,0.3408617779565485,0.3408617779565487,K562
KLF1,K562,norm_mean,"[[0 1 0 0]
 [1 0 0 0]
 [1 0 0 0]
 ...
 [0 1 0 0]
 [0 1 0 0]
 [0 1 0 0]]",0.7152202956216737,1.0,EH38E3539584,chr3,129893245,129893745,shared,cross_context,137123,-1,MA0493.3,KLF1,234,242,14.331336461977376,+,KLF1,ig,0.0485855692531913,0.0549000762886134,0.0596317332652128,0.920651875703931,False,0.0296541921561583,0.0462332156277261,0.0435335895819708,1.0620122404689296,True,0.0198726329836063,0.0342389363936672,0.0372789292836946,0.918452537855413,False,0.0327041314643186,1.844640016555786,0.883340082396364,0.8408218317268028,0.6650691896483714,0.5506191317097997,0.0485855692531913,0.0296541921561583,0.0198726329836063,0.9181070735546856,0.7717239560986213,0.5593476650501773,1.419504725073485,1.2765177513555503,1.1349603925077665,0.920651875703931,1.0620122404689296,0.918452537855413,-0.2501279641722534,-0.5884236553071458,-0.860873353849679,K562,0.1757526420784314,0.8408218317268028,0.6650691896483714,0.5506191317097997,0.1757526420784314,0.17575264207843144,K562
KLF1,K562,norm_mean,"[[0 0 1 0]
 [0 0 1 0]
 [0 1 0 0]
 ...
 [0 1 0 0]
 [0 0 0 1]
 [0 1 0 0]]",0.0411163631246708,0.0,EH38E3048119,chr12,123384091,123384591,shared,cross_context,75199,-1,MA0493.3,KLF1,468,476,14.331336461977376,+,KLF1,ig,0.0671995470765978,0.0519066646834835,0.0609218936425168,0.8520197429822002,False,0.0224791579239536,0.0405871555948397,0.0559477749234065,0.725447051217563,False,0.0357345935772173,0.0422689032196649,0.0424960194231243,0.9946553547109545,False,0.0418044328592562,1.6717900037765503,0.7413945025257161,1.156097749300014,0.4495498879446448,0.7912662962861664,0.0671995470765978,0.0224791579239536,0.0357345935772173,1.0311109451827982,0.567461808088879,1.205838675276949,2.4453825035749,1.0047939354288709,1.8659687202259911,0.8520197429822002,0.725447051217563,0.9946553547109545,0.2092633856508643,-1.153446866713406,-0.337764785626891,K562,0.3648314530138475,1.156097749300014,0.4495498879446448,0.7912662962861664,0.3648314530138475,0.36483145301384756,K562
KLF1,K562,norm_mean,"[[0 1 0 0]
 [0 0 0 1]
 [0 1 0 0]
 ...
 [0 1 0 0]
 [0 1 0 0]
 [0 1 0 0]]",0.0023318260509088,0.0,EH38E1972422,chr2,10120093,10120593,shared,cross_context,21687,-1,MA0493.3,KLF1,273,281,14.331336461977376,+,KLF1,ig,0.0515816821134649,0.0595093941770028,0.0635643473935301,0.9362069659349682,False,0.0362361706211231,0.0501723218115512,0.0511229474407931,0.9814049171481746,False,0.0250970241031609,0.0468429971218574,0.0600178071580534,0.7804848516649504,False,0.0376382922792496,1.645859956741333,0.7188424612195727,0.8322259566192879,0.713990573260554,0.4573789894360259,0.0515816821134649,0.0362361706211231,0.0250970241031609,1.0782129490572874,1.057982374228643,0.4284963302980785,1.5063923452576928,1.3335382350423042,1.3538146465260226,0.9362069659349682,0.9814049171481746,0.7804848516649504,-0.2649528072922575,-0.4860230662314678,-1.1285379973710414,K562,0.1182353833587338,0.8322259566192879,0.713990573260554,0.4573789894360259,0.1182353833587338,0.11823538335873385,K562
KLF1,K562,norm_mean,"[[1 0 0 0]
 [0 0 1 0]
 [0 0 1 0]
 ...
 [0 0 1 0]
 [1 0 0 0]
 [1 0 0 0]]",0.1883252459574388,0.0,EH38E3494852,chr3,10249225,10249725,shared,cross_context,132899,-1,MA0493.3,KLF1,259,267,14.331336461977376,+,KLF1,ig,0.0464238157728686,0.0582487164303893,0.0536221300993556,1.0862810831955076,True,0.0337731331819668,0.0507778894354123,0.0569820891340406,0.891120022025971,False,0.0380184632776945,0.0527116737606411,0.0554546428095655,0.9505365391368702,False,0.0394051374108433,1.5856800079345703,0.6651025727077721,0.8375306935632884,0.6190252225618902,0.6990850829547837,0.0464238157728686,0.0337731331819668,0.0380184632776945,0.9664335954161,0.7681470477522357,1.0797301651802416,1.7700486436803953,1.610621796959874,1.1167771253785863,1.0862810831955076,0.891120022025971,0.9505365391368702,-0.2557860303009103,-0.6919298984264193,-0.5164600416764824,K562,0.1384456106085047,0.8375306935632884,0.6190252225618902,0.6990850829547837,0.1384456106085047,0.1384456106085047,K562
KLF1,K562,norm_mean,"[[0 0 0 1]
 [0 1 0 0]
 [1 0 0 0]
 ...
 [0 0 1 0]
 [0 0 1 0]
 [1 0 0 0]]",0.7016666164862956,1.0,EH38E3921150,chr9,137254606,137255106,shared,cross_context,174487,-1,MA0493.3,KLF1,379,387,14.331336461977376,+,KLF1,ig,0.0918327383697032,0.0698165698570665,0.0535804825869498,1.303022172552238,True,0.0485721309669315,0.0421971431426936,0.0441235147414558,0.9563411669840548,False,0.044890362303704,0.0409944531001383,0.0471781852083711,0.8689279638417451,False,0.0617650772134463,2.4465699195861816,1.2907611032705846,1.466506774116888,1.1089626046092822,0.9602829530557936,0.0918327383697032,0.0485721309669315,0.044890362303704,1.76257910637409,1.481820268715487,1.170743174369896,1.9628906621023976,1.6199716637492858,1.5602191398096492,1.303022172552238,0.9563411669840548,0.8689279638417451,0.5523837362192856,0.1492107184197179,-0.0584685262772339,K562,0.3575441695076058,1.466506774116888,1.1089626046092822,0.9602829530557936,0.3575441695076058,0.3575441695076058,K562
KLF1,K562,norm_mean,"[[0 0 1 0]
 [0 1 0 0]
 [0 1 0 0]
 ...
 [0 0 0 1]
 [0 0 0 1]
 [0 0 1 0]]",0.1027921776671883,0.0,EH38E3280006,chr19,933255,933755,shared,cross_context,103441,-1,MA0493.3,KLF1,134,142,14.331336461977376,+,KLF1,ig,0.0807590545155108,0.0640682437864597,0.0887799392568784,0.7216521784787561,False,0.0225216390681453,0.0512397762795444,0.0535658748439873,0.9565748130322548,False,0.0446145327296108,0.0507014321896713,0.0607004941953737,0.8352720106983148,False,0.0492984087710889,0.8300099968910217,-0.2687976439036525,1.1013153713306123,0.4534520821924189,0.8434892276663365,0.0807590545155108,0.0225216390681453,0.0446145327296108,1.2980484659136229,0.5667234179563949,1.051331273015131,2.175100174471751,0.9221576843374324,1.6036401716963256,0.7216521784787561,0.9565748130322548,0.8352720106983148,0.1392276577727177,-1.1409779873376056,-0.2455584494318785,K562,0.257826143664276,1.1013153713306123,0.4534520821924189,0.8434892276663365,0.257826143664276,0.2578261436642758,K562
KLF1,K562,norm_mean,"[[1 0 0 0]
 [0 0 1 0]
 [1 0 0 0]
 ...
 [0 1 0 0]
 [0 0 1 0]
 [0 0 0 1]]",0.0089836464566857,0.0,EH38E3914960,chr9,132240540,132241040,shared,cross_context,173037,-1,MA0493.3,KLF1,131,139,14.331336461977376,+,KLF1,ig,0.0869443118572235,0.0731173261301592,0.0727169490691789,1.0055058278853404,True,0.0325177237391471,0.0546006397251039,0.0430956484046467,1.2669638136730894,True,0.0208929660730063,0.0459984838648233,0.0441405144411119,1.0420919200040346,True,0.046785000556459,0.8154799938201904,-0.2942768420346802,1.222980000497064,0.6901254788854828,0.487097793486074,0.0869443118572235,0.0325177237391471,0.0208929660730063,1.4624232011018463,0.7001431739095502,0.5158489041382311,2.463450355505829,1.3818225531098207,0.9675743282425918,1.0055058278853404,1.2669638136730894,1.0420919200040346,0.2904008127149272,-0.5350693956777328,-1.0377166440251726,K562,0.5328545216115811,1.222980000497064,0.6901254788854828,0.487097793486074,0.5328545216115811,0.5328545216115811,K562
KLF1,K562,norm_mean,"[[0 1 0 0]
 [1 0 0 0]
 [0 0 1 0]
 ...
 [0 0 0 1]
 [0 0 1 0]
 [0 1 0 0]]",0.1424340410596475,0.0,EH38E3748455,chr6,167351012,167351512,shared,cross_context,198339,-1,MA0493.3,KLF1,385,393,14.331336461977376,+,KLF1,ig,0.1023677578195929,0.0636897127225529,0.0692314668391484,0.9199531142536338,False,0.0473016533651389,0.064475868930458,0.0452402709751502,1.4251871902801314,True,0.0906757824122905,0.0621596491482341,0.060422333195438,1.0287527073747662,True,0.0801150645323408,1.087309956550598,0.1207645910720464,1.5405165387493314,0.8217333330487887,1.5127843173655244,0.1023677578195929,0.0473016533651389,0.0906757824122905,1.6807309036061877,0.9714917889698732,1.8630259632111252,2.102580140640922,1.957854030246358,2.7690699556377023,0.9199531142536338,1.4251871902801314,1.0287527073747662,0.6234141719496378,-0.2832578032458903,0.597206313393999,K562,0.0277322213838069,1.5405165387493314,0.8217333330487887,1.5127843173655244,0.0277322213838069,0.027732221383806932,K562
KLF1,K562,norm_mean,"[[0 1 0 0]
 [0 1 0 0]
 [1 0 0 0]
 ...
 [0 0 1 0]
 [0 1 0 0]
 [0 0 0 1]]",0.7948470907643599,1.0,EH38E2676596,chr8,144792239,144792739,shared,cross_context,40609,-1,MA0493.3,KLF1,191,199,14.331336461977376,+,KLF1,ig,0.0374628731515258,0.0617306965292664,0.0576487895282837,1.0708062793047404,True,0.0231218442786484,0.0390201782202348,0.0388727190896426,1.003793125258896,True,0.0232229693938279,0.0374712687425198,0.0464097458076016,0.8074006874300844,False,0.0279358956080007,4.893070220947266,2.290740282026959,0.6418602768541539,0.5921139897691989,0.5425679347626974,0.0374628731515258,0.0231218442786484,0.0232229693938279,0.7073384734181046,0.5934826200915054,0.4470889020037,1.3450544900729968,1.0840072691682523,1.536254447008343,1.0708062793047404,1.003793125258896,0.8074006874300844,-0.6396688137161348,-0.7560531519951318,-0.8821243039631331,K562,0.0497462870849549,0.6418602768541539,0.5921139897691989,0.5425679347626974,0.0497462870849549,0.04974628708495499,K562
KLF1,K562,norm_mean,"[[0 1 0 0]
 [0 0 0 1]
 [0 0 0 1]
 ...
 [0 0 1 0]
 [0 0 1 0]
 [0 1 0 0]]",0.1797139731737541,0.0,EH38E3911257,chr9,128689700,128690200,shared,cross_context,172462,-1,MA0493.3,KLF1,85,93,14.331336461977376,+,KLF1,ig,0.0370772641617804,0.0460577424429357,0.062320455420413,0.7390468304790533,False,0.0118434014148078,0.0432436081644846,0.042507288083143,1.017321968568817,True,0.018398544169031,0.0424665896454826,0.0510302775778109,0.8321840158303946,False,0.0224397365818731,0.0,-19.93156856932417,0.6810003133574749,0.286365680956215,0.4164582333536794,0.0370772641617804,0.0118434014148078,0.018398544169031,0.6607431318147314,0.2620093720999344,0.4981215049876117,1.6566182944525685,0.6302609877295714,0.8961501476344143,0.7390468304790533,1.017321968568817,0.8321840158303946,-0.5542726306854557,-1.8040694844015643,-1.2637562766366306,K562,0.2645420800037955,0.6810003133574749,0.286365680956215,0.4164582333536794,0.2645420800037955,0.26454208000379553,K562
KLF1,K562,norm_mean,"[[0 0 1 0]
 [0 1 0 0]
 [1 0 0 0]
 ...
 [0 1 0 0]
 [0 0 0 1]
 [0 0 1 0]]",0.6501746621235289,1.0,EH38E3528348,chr3,101573875,101574375,shared,cross_context,136016,-1,MA0493.3,KLF1,292,300,14.331336461977376,+,KLF1,ig,0.1679370063357055,0.0784741098782978,0.080651415879868,0.9730033787026496,False,0.0451661415281705,0.0442114005252369,0.0516620892203018,0.8557801791349394,False,0.0465999252046458,0.0509377803691313,0.0564205900665957,0.902822378865294,False,0.0865676910228406,1.936750054359436,0.9536385250705204,2.104449878283691,0.9264533324567596,0.8585279562097978,0.1679370063357055,0.0451661415281705,0.0465999252046458,2.841148227590992,0.7245315913448657,0.9759988708001331,3.274308518666201,2.6122060513338257,1.7671366947356495,0.9730033787026496,0.8557801791349394,0.902822378865294,1.073443150082897,-0.1102097870494079,-0.220062979796576,K562,1.1779965458269317,2.104449878283691,0.9264533324567596,0.8585279562097978,1.1779965458269317,1.1779965458269313,K562
KLF1,K562,norm_mean,"[[0 0 0 1]
 [0 1 0 0]
 [0 1 0 0]
 ...
 [0 0 0 1]
 [0 0 0 1]
 [0 1 0 0]]",0.0005281245465897,0.0,EH38E2878402,chr1,244450970,244451470,shared,cross_context,185707,-1,MA0493.3,KLF1,221,229,14.331336461977376,+,KLF1,ig,0.0544549203477799,0.0719379532337188,0.0690029006099137,1.0425350553746564,True,0.0308399284840561,0.0487888070044573,0.0637352000971403,0.7654922127046752,False,0.0440047737210989,0.0746891862689517,0.0591267316646199,1.2632048404190013,True,0.0430998741843116,1.70510995388031,0.7698656204252289,0.7762705888631498,0.5326710106644559,0.6748596484442881,0.0544549203477799,0.0308399284840561,0.0440047737210989,1.0365766825014815,0.8063743729137197,0.7159076640472253,1.2210775579397477,0.937715547693403,1.339495372529895,1.0425350553746564,0.7654922127046752,1.2632048404190013,-0.3653684648882107,-0.9086833243428816,-0.5673405988045623,K562,0.1014109404188616,0.7762705888631498,0.5326710106644559,0.6748596484442881,0.1014109404188616,0.10141094041886167,K562
KLF1,K562,norm_mean,"[[0 1 0 0]
 [1 0 0 0]
 [0 0 1 0]
 ...
 [0 1 0 0]
 [1 0 0 0]
 [0 1 0 0]]",0.0397709238410638,0.0,EH38E2129725,chr20,63846415,63846915,shared,cross_context,204389,-1,MA0493.3,KLF1,63,71,13.71883804756092,+,KLF1,ig,0.0675837245071306,0.069308841942111,0.0576354805764276,1.2025375554009363,True,0.0468281664070673,0.0598978378984611,0.0535668276879005,1.1181887989626584,True,0.0228926743293413,0.0527370419213548,0.0394988111004931,1.3351548337906305,True,0.0457681884145131,2.7718400955200195,1.4708445528299698,1.0980244032743407,0.9234730271177792,0.5304286174429974,0.0675837245071306,0.0468281664070673,0.0228926743293413,1.483267505190984,1.1287442986308631,0.3357500703941757,1.754942657584871,2.374217661288012,1.2716275914304993,1.2025375554009363,1.1181887989626584,1.3351548337906305,0.1349101194927527,-0.1148582698669498,-0.914769478991982,K562,0.1745513761565615,1.0980244032743407,0.9234730271177792,0.5304286174429974,0.1745513761565615,0.17455137615656147,K562
KLF1,K562,norm_mean,"[[0 1 0 0]
 [1 0 0 0]
 [0 0 1 0]
 ...
 [1 0 0 0]
 [1 0 0 0]
 [0 0 1 0]]",0.0525610488722801,0.0,EH38E2938693,chr11,1202955,1203455,shared,cross_context,8917,-1,MA0493.3,KLF1,147,155,13.71883804756092,+,KLF1,ig,0.0562329111853614,0.0672245078312698,0.0611742755161149,1.09890139728009,True,0.0387076159822754,0.0496981868182774,0.0552722011614902,0.8991532231824954,False,0.0304025272198487,0.0537435448972974,0.0541414449022029,0.9926505483529346,False,0.0417810181291618,1.753790020942688,0.8104768486882071,0.9146055539511356,0.7834278329056272,0.6020390668628574,0.0562329111853614,0.0387076159822754,0.0304025272198487,1.0389546438212969,0.8074536256243392,1.0616058507227912,2.1442707979673794,1.5062326274189186,0.9474093561387862,1.09890139728009,0.8991532231824954,0.9926505483529346,-0.1287784133588008,-0.3521277091002692,-0.7320709846744906,K562,0.1311777210455083,0.9146055539511356,0.7834278329056272,0.6020390668628574,0.1311777210455083,0.1311777210455084,K562
KLF1,K562,norm_mean,"[[1 0 0 0]
 [1 0 0 0]
 [0 0 1 0]
 ...
 [0 0 0 1]
 [0 0 0 1]
 [0 1 0 0]]",0.2007086607015871,0.0,EH38E3233833,chr17,59107116,59107616,shared,cross_context,98548,-1,MA0493.3,KLF1,84,92,13.71883804756092,+,KLF1,ig,0.0884998459368944,0.0815505007881438,0.0624327035044552,1.3062142618921135,True,0.0443435541819781,0.0457055315288016,0.0583390136796515,0.7834469733291678,False,0.052817583840806,0.0627682252484373,0.0622976240993011,1.007553916869236,True,0.0618869946532261,2.7059500217437744,1.436135726481172,1.3124018621037326,0.9028133758430448,0.898877821819381,0.0884998459368944,0.0443435541819781,0.052817583840806,1.3729465114131931,1.0890979409792223,1.1590640815555855,3.097124553774799,1.82639948637439,1.971121264052953,1.3062142618921135,0.7834469733291678,1.007553916869236,0.3922095470401437,-0.1475003000149576,-0.1538030596717142,K562,0.4095884862606879,1.3124018621037326,0.9028133758430448,0.898877821819381,0.4095884862606879,0.4095884862606878,K562
KLF1,K562,norm_mean,"[[0 0 0 1]
 [1 0 0 0]
 [0 0 1 0]
 ...
 [0 1 0 0]
 [0 1 0 0]
 [0 0 0 1]]",0.0437159878066455,0.0,EH38E2719521,chr9,113548087,113548587,shared,cross_context,6087,-1,MA0493.3,KLF1,486,494,13.71883804756092,+,KLF1,ig,0.0758679721620865,0.0742128720716573,0.0839650996125419,0.8838536913024178,False,0.0398769897874444,0.042773425654741,0.0413908618298592,1.033402384723011,True,0.0478491572430357,0.0475364370815805,0.0640855536330491,0.7417651400207991,False,0.0545313730641889,1.087309956550598,0.1207645910720464,0.8990082865198932,0.750136529078399,0.8611684932870345,0.0758679721620865,0.0398769897874444,0.0478491572430357,1.1245609671025327,0.8374887749522844,1.1209079853319115,1.837160631240029,1.4325906183293828,1.6517135912717995,0.8838536913024178,1.033402384723011,0.7417651400207991,-0.1535936795828555,-0.4147748948243387,-0.2156325551863178,K562,0.0378397932328586,0.8990082865198932,0.750136529078399,0.8611684932870345,0.0378397932328586,0.03783979323285869,K562
KLF1,K562,norm_mean,"[[0 0 0 1]
 [0 0 1 0]
 [0 0 0 1]
 ...
 [0 0 1 0]
 [0 0 1 0]
 [1 0 0 0]]",0.1235574711015294,0.0,EH38E3682348,chr5,178204534,178205034,shared,cross_context,148624,-1,MA0493.3,KLF1,171,179,13.71883804756092,+,KLF1,ig,0.0774933169595897,0.0595077582460362,0.0488652146252041,1.2177936088999946,True,0.0422243098728358,0.0714908504951745,0.037419459357519,1.910525502436319,True,0.0490502209868282,0.0434382145211566,0.0401696847696703,1.0813678015286807,True,0.0562559492730846,2.9221699237823486,1.5470405668071263,1.4612477703754445,0.8365370805845719,1.1679748508754864,0.0774933169595897,0.0422243098728358,0.0490502209868282,1.9197240357746048,0.5359371603678104,1.31850230542948,2.492770310430474,1.9327161458786288,2.5659814823052427,1.2177936088999946,1.910525502436319,1.0813678015286807,0.547200824429783,-0.2574986021641413,0.2240092113197182,K562,0.2932729194999581,1.4612477703754445,0.8365370805845719,1.1679748508754864,0.2932729194999581,0.29327291949995815,K562
KLF1,K562,norm_mean,"[[0 0 0 1]
 [0 0 0 1]
 [0 0 0 1]
 ...
 [0 0 0 1]
 [0 0 1 0]
 [0 0 1 0]]",0.0175102908921834,0.0,EH38E3282594,chr19,2578624,2579124,shared,cross_context,15328,-1,MA0493.3,KLF1,68,76,13.71883804756092,+,KLF1,ig,0.0621639421442523,0.0723768075654516,0.0586581958853639,1.233873530105881,True,0.0163448305393103,0.067182120669895,0.0395825436979066,1.6972659516267652,True,0.0341741697193356,0.055682502668933,0.0563030709023587,0.9889778991934396,False,0.0375609808009661,1.2232500314712524,0.2907204992825686,1.006902731488223,0.3311712741623855,0.6728861533959513,0.0621639421442523,0.0163448305393103,0.0341741697193356,1.2867463026040666,0.4231972226023797,0.7640881345340833,1.8153951741763157,0.9095896249026548,1.6347116876008942,1.233873530105881,1.6972659516267652,0.9889778991934396,0.0099243247205442,-1.5943505518145225,-0.5715656589698481,K562,0.3340165780922718,1.006902731488223,0.3311712741623855,0.6728861533959513,0.3340165780922718,0.3340165780922718,K562
KLF1,K562,norm_mean,"[[0 0 1 0]
 [0 0 1 0]
 [0 0 1 0]
 ...
 [1 0 0 0]
 [0 1 0 0]
 [1 0 0 0]]",0.6511855463697287,1.0,EH38E3221819,chr17,39740446,39740946,shared,cross_context,96573,-1,MA0493.3,KLF1,165,173,13.71883804756092,+,KLF1,ig,0.1072814352810382,0.0865129073988646,0.0724021004163227,1.1948948297418782,True,0.0563041216228157,0.0675532124144956,0.0620433890752383,1.0888057943533314,True,0.033528464322444,0.0548153972317231,0.045917776706464,1.1937726350387567,True,0.0657046737420993,0.2854399979114532,-1.8087355307966773,1.3840189546584756,0.8978347633214385,0.6898889961361592,0.1072814352810382,0.0563041216228157,0.033528464322444,1.7200356438504203,0.9603528619675786,1.0135570004931136,2.083815603085691,1.8646734888929253,1.311719165281468,1.1948948297418782,1.0888057943533314,1.1937726350387567,0.4688637024018078,-0.1554781361443359,-0.5355638433791523,K562,0.486184191337037,1.3840189546584756,0.8978347633214385,0.6898889961361592,0.486184191337037,0.48618419133703705,K562
KLF1,K562,norm_mean,"[[0 0 0 1]
 [0 0 1 0]
 [1 0 0 0]
 ...
 [0 1 0 0]
 [1 0 0 0]
 [0 1 0 0]]",0.767149502850906,1.0,EH38E1818347,chr16,56931479,56931979,shared,cross_context,15007,-1,MA0493.3,KLF1,261,269,13.71883804756092,+,KLF1,ig,0.0630043084383942,0.0675492269685491,0.060675533496415,1.1132858986675624,True,0.0413574511185288,0.0441372637200402,0.0423273196360335,1.042760412706638,True,0.0312498460989445,0.0416695544403046,0.0520032724967817,0.8012870041979251,False,0.0452038685519558,2.528049945831299,1.3380255373115255,0.994377235392251,0.9610339474884998,0.6514909224558804,0.0630043084383942,0.0413574511185288,0.0312498460989445,1.1839239937294888,0.9907174213166178,0.8378416117087021,2.295063443494048,1.990029425043233,1.4121877882035734,1.1132858986675624,1.042760412706638,0.8012870041979251,-0.0081348247639718,-0.0573406998394987,-0.618183015520517,K562,0.0333432879037511,0.994377235392251,0.9610339474884998,0.6514909224558804,0.0333432879037511,0.033343287903751184,K562
KLF1,K562,norm_mean,"[[1 0 0 0]
 [0 0 1 0]
 [0 1 0 0]
 ...
 [1 0 0 0]
 [0 1 0 0]
 [1 0 0 0]]",0.1216581129546581,0.0,EH38E3200916,chr16,89565902,89566402,shared,cross_context,13550,-1,MA0493.3,KLF1,243,251,13.71883804756092,+,KLF1,ig,0.1325996001251042,0.0692783941788366,0.0540332544403962,1.282143414734032,True,0.0457309416960924,0.0487644275830825,0.0425211540533405,1.1468272016709171,True,0.0428668652893975,0.0553932062152307,0.0419669197487961,1.3199251540868264,True,0.0737324690368647,1.7475299835205078,0.8053180346422697,2.2104211568805727,1.017148800556254,0.9079738660722692,0.1325996001251042,0.0457309416960924,0.0428668652893975,2.685326554535121,1.092907926248818,1.0857268229581454,3.938504153299443,2.2327650274601174,1.9268528366036892,1.282143414734032,1.1468272016709171,1.3199251540868264,1.1443212766293516,0.0245307505462435,-0.1392773198246911,K562,1.1932723563243186,2.2104211568805727,1.017148800556254,0.9079738660722692,1.1932723563243186,1.1932723563243188,K562
KLF1,K562,norm_mean,"[[0 1 0 0]
 [0 1 0 0]
 [1 0 0 0]
 ...
 [0 0 1 0]
 [0 1 0 0]
 [0 0 0 1]]",0.16380978675297,0.0,EH38E3220721,chr17,38464925,38465425,shared,cross_context,96250,-1,MA0493.3,KLF1,78,86,13.71883804756092,+,KLF1,ig,0.0908818454481661,0.0627897328638937,0.0580646707944106,1.0813756659786535,True,0.061580937821418,0.0651399423100519,0.042132604708895,1.5460693042698717,True,0.0600882333237677,0.0453918726847041,0.051377910512383,0.8834898772083195,False,0.0708503388644506,0.9786099791526794,-0.0311926262587852,1.520287181359196,1.170000585770912,1.3262803516148796,0.0908818454481661,0.061580937821418,0.0600882333237677,1.5495047545467435,1.6579271626797727,1.5234617608127703,3.085585695597261,1.801416507285626,2.405133225231806,1.0813756659786535,1.5460693042698717,0.8834898772083195,0.604343874610153,0.2265092533396823,0.4073857683433483,K562,0.1940068297443165,1.520287181359196,1.170000585770912,1.3262803516148796,0.1940068297443165,0.1940068297443165,K562
KLF1,K562,norm_mean,"[[1 0 0 0]
 [0 0 1 0]
 [1 0 0 0]
 ...
 [0 1 0 0]
 [0 1 0 0]
 [0 1 0 0]]",0.1563376391396371,0.0,EH38E3283159,chr19,3095476,3095976,shared,cross_context,55251,-1,MA0493.3,KLF1,217,225,13.71883804756092,+,KLF1,ig,0.1475575678050518,0.0696564202639274,0.0726220694934734,0.9591631188444208,False,0.0723935421556234,0.0585534243122674,0.0588602338942179,0.9947873205809012,False,0.0372801623889245,0.0504529972583986,0.0482420778537813,1.0458294717948031,True,0.0857437574498665,1.0145100355148315,0.0207845583384651,2.0647930058340584,1.232432174706635,0.7591816945229549,0.1475575678050518,0.0723935421556234,0.0372801623889245,2.643695436802236,1.3530824052071273,0.8580031742470972,3.887220743684257,3.4307830881797106,1.6493843605060254,0.9591631188444208,0.9947873205809012,1.0458294717948031,1.0459971603459013,0.3015082531231723,-0.3974828866387362,K562,0.8323608311274238,2.0647930058340584,1.232432174706635,0.7591816945229549,0.8323608311274238,0.8323608311274235,K562
KLF1,K562,norm_mean,"[[0 0 1 0]
 [0 1 0 0]
 [0 0 1 0]
 ...
 [0 1 0 0]
 [0 1 0 0]
 [0 0 0 1]]",0.0024060138723613,0.0,EH38E2111120,chr20,37915189,37915689,shared,cross_context,181680,-1,MA0493.3,KLF1,181,189,13.71883804756092,+,KLF1,ig,0.146394740557298,0.0716172867803834,0.0653173229775571,1.0964514856261962,True,0.0402335573453456,0.0393471240877988,0.0468009614110965,0.8407330638968248,False,0.0984202488907612,0.0537872714945115,0.0510985220785011,1.0526187212556264,True,0.0950161822644683,1.0703099966049194,0.0980300565036268,2.1787531651834264,0.940842672470634,1.9444578764041196,0.146394740557298,0.0402335573453456,0.0984202488907612,3.0133825529666227,1.1621247690301708,3.3349914824308087,3.3083037925393586,1.616916123539372,3.152182290939547,1.0964514856261962,0.8407330638968248,1.0526187212556264,1.1235027608897137,-0.0879745974168973,0.9593679821527284,K562,0.234295288779307,2.1787531651834264,0.940842672470634,1.9444578764041196,0.234295288779307,0.23429528877930683,K562
KLF1,K562,norm_mean,"[[0 0 0 1]
 [0 0 1 0]
 [0 0 1 0]
 ...
 [1 0 0 0]
 [0 0 1 0]
 [0 1 0 0]]",0.044200412984034,0.0,EH38E3289417,chr19,10390618,10391118,shared,cross_context,30551,-1,MA0493.3,KLF1,117,125,13.71883804756092,+,KLF1,ig,0.0589661542326211,0.0904628688667435,0.0603264516664087,1.4995553587575232,True,0.0273114384035579,0.0500922280098893,0.0508093808527943,0.9858852304491758,False,0.0239793693763203,0.0446279660135041,0.0421289840904886,1.0593171514527036,True,0.0367523206708331,0.92671000957489,-0.1098085834955232,0.8299926853545997,0.548906973632041,0.5741839889899378,0.0589661542326211,0.0273114384035579,0.0239793693763203,1.067206411911971,0.3244469997909261,0.617777285325817,1.3836856353346791,1.626040376200231,1.3047304717609187,1.4995553587575232,0.9858852304491758,1.0593171514527036,-0.2688294709656764,-0.8653664239969545,-0.8004149905424309,K562,0.2558086963646618,0.8299926853545997,0.548906973632041,0.5741839889899378,0.2558086963646618,0.25580869636466186,K562
KLF1,K562,norm_mean,"[[0 1 0 0]
 [0 0 1 0]
 [0 1 0 0]
 ...
 [0 1 0 0]
 [1 0 0 0]
 [0 0 1 0]]",0.1564659159789851,0.0,EH38E3162564,chr16,1952770,1953270,shared,cross_context,86889,-1,MA0493.3,KLF1,405,413,13.71883804756092,+,KLF1,ig,0.0841263143811374,0.0592813467700034,0.0543417151675564,1.090899241553636,True,0.0401788997696712,0.0487702825537417,0.0504961592848343,0.9658214324861466,False,0.0287367883138358,0.0387871356419054,0.0437094656506259,0.8873850592932017,False,0.0510140008215482,1.087280035018921,0.1207248892378296,1.3339562557015692,0.8090209265868745,0.585010738105836,0.0841263143811374,0.0401788997696712,0.0287367883138358,1.673642105125638,0.8729708917591301,0.7277399201100646,1.9967346947164928,2.2636011942306298,1.231837720801574,1.090899241553636,0.9658214324861466,0.8873850592932017,0.415711358220823,-0.3057510724109767,-0.7734649862382832,K562,0.5249353291146946,1.3339562557015692,0.8090209265868745,0.585010738105836,0.5249353291146946,0.5249353291146946,K562
KLF1,K562,norm_mean,"[[0 1 0 0]
 [0 1 0 0]
 [0 1 0 0]
 ...
 [1 0 0 0]
 [0 1 0 0]
 [1 0 0 0]]",0.0,0.0,EH38E3216276,chr17,29141174,29141674,shared,cross_context,95471,-1,MA0493.3,KLF1,283,291,13.71883804756092,+,KLF1,ig,0.1647636443376541,0.0717016349278856,0.0661218719144996,1.0843858772894723,True,0.0352547969669103,0.040453703609528,0.0499001847242769,0.8106922995602439,False,0.0930264776106923,0.0460521737387171,0.0479328009909621,0.960765137421219,False,0.0976816396384189,0.6845300197601318,-0.5468121756976585,2.412300232435036,0.7629231813469104,1.9709759083454896,0.1647636443376541,0.0352547969669103,0.0930264776106923,2.9828388991260124,0.63057965706679,2.345798840207298,3.845644434010182,1.9331395233145676,3.00466976082768,1.0843858772894723,0.8106922995602439,0.960765137421219,1.270409475369099,-0.3903902934322172,0.9789101428551708,K562,0.4413243240895459,2.412300232435036,0.7629231813469104,1.9709759083454896,0.4413243240895459,0.4413243240895466,K562
KLF1,K562,norm_mean,"[[0 1 0 0]
 [0 0 1 0]
 [0 0 1 0]
 ...
 [0 1 0 0]
 [0 1 0 0]
 [0 1 0 0]]",0.9221518500901272,1.0,EH38E1403139,chr1,182391614,182392114,shared,cross_context,3186,-1,MA0493.3,KLF1,335,343,13.71883804756092,+,KLF1,ig,0.0805563770700246,0.0545381207787431,0.0555671394952733,0.9814813477769329,False,0.0300761735998094,0.0419106754031963,0.0454326442616817,0.9224791305786448,False,0.026656599540729,0.0422049645599327,0.0581576475778069,0.7256991824931786,False,0.0457630500701876,1.0824300050735474,0.1142750694688552,1.4774132294948703,0.6787346346684296,0.5284323878933875,0.0805563770700246,0.0300761735998094,0.026656599540729,2.023112153096678,0.6251948571177922,0.5584493563689389,2.5087545944560645,1.68234669767413,0.986578745831143,0.9814813477769329,0.9224791305786448,0.7256991824931786,0.5630734024091092,-0.5590804594964695,-0.9202091993400432,K562,0.7986785948264409,1.4774132294948703,0.6787346346684296,0.5284323878933875,0.7986785948264409,0.7986785948264407,K562
KLF1,K562,norm_mean,"[[1 0 0 0]
 [1 0 0 0]
 [0 0 0 1]
 ...
 [0 0 0 1]
 [1 0 0 0]
 [0 0 0 1]]",0.0384698201999886,0.0,EH38E2814536,chr1,58896567,58897067,shared,cross_context,49785,-1,MA0493.3,KLF1,276,284,13.71883804756092,+,KLF1,ig,0.0950800036080181,0.0543575168971438,0.0672077465666613,0.8087982648733146,False,0.0534204677678644,0.0462972240860108,0.0482470898964376,0.9595856369686002,False,0.054657905595377,0.040700333159184,0.0527642304991903,0.7713620583586082,False,0.0677194589904199,1.1861900091171265,0.2463363418551442,1.528909300410738,1.1249866539696267,1.1374795332624754,0.0950800036080181,0.0534204677678644,0.054657905595377,1.8463814597996848,0.9310408743737498,1.1576553424007765,2.628171302643963,3.4938381535724297,2.0967462241193817,0.8087982648733146,0.9595856369686002,0.7713620583586082,0.6125028250858676,0.1699078877326842,0.1858405883147184,K562,0.3914297671482627,1.528909300410738,1.1249866539696267,1.1374795332624754,0.3914297671482627,0.3914297671482625,K562
KLF1,K562,norm_mean,"[[1 0 0 0]
 [0 0 0 1]
 [1 0 0 0]
 ...
 [0 1 0 0]
 [0 1 0 0]
 [0 0 0 1]]",0.1209742703039548,0.0,EH38E1448431,chr10,11875778,11876278,shared,cross_context,1274,-1,MA0493.3,KLF1,193,201,13.71883804756092,+,KLF1,ig,0.0528625496663153,0.0733069152757525,0.0600785991256924,1.2201832955617309,True,0.0212749420315958,0.0556588729814393,0.0413419391233975,1.3463050040361806,True,0.0349151766858994,0.044744888448622,0.0442842329171821,1.0104020188919427,True,0.0363508894612702,10.7847900390625,3.430926318689504,0.8204573447999548,0.459980409338903,0.7962728186148715,0.0528625496663153,0.0212749420315958,0.0349151766858994,1.0339321240018322,0.329494737857791,0.976037338743599,1.3578558507786098,1.2926871877215824,1.3203202837761634,1.2201832955617309,1.3463050040361806,1.0104020188919427,-0.2854997624920103,-1.1203556739540557,-0.3286652821200327,K562,0.0241845261850832,0.8204573447999548,0.459980409338903,0.7962728186148715,0.0241845261850832,0.024184526185083266,K562
KLF1,K562,norm_mean,"[[0 1 0 0]
 [0 1 0 0]
 [0 0 1 0]
 ...
 [0 0 1 0]
 [0 0 1 0]
 [0 0 0 1]]",0.1880616214364755,0.0,EH38E3120528,chr14,104768882,104769382,shared,cross_context,81591,-1,MA0493.3,KLF1,163,171,13.71883804756092,+,KLF1,ig,0.0900914939120411,0.093314604134066,0.0590722445984569,1.5796689117144935,True,0.0353743705200031,0.0900181576883187,0.0491218255381082,1.8325487372816829,True,0.050537709495984,0.0591018236149102,0.0451972436930283,1.3076419203768284,True,0.0586678579760094,1.9367799758911133,0.9536608135891284,1.2601422004405494,0.5541639688250491,1.0195682726096325,0.0900914939120411,0.0353743705200031,0.050537709495984,1.5466418338184011,0.6430174000475359,1.1044039364030631,1.7688668367553464,1.0662504202470178,2.4360147905124934,1.5796689117144935,1.8325487372816829,1.3076419203768284,0.3335865446278372,-0.8516151809725827,0.027958386144204,K562,0.2405739278309169,1.2601422004405494,0.5541639688250491,1.0195682726096325,0.2405739278309169,0.2405739278309169,K562
KLF1,K562,norm_mean,"[[1 0 0 0]
 [0 1 0 0]
 [1 0 0 0]
 ...
 [0 0 0 1]
 [0 0 0 1]
 [0 1 0 0]]",0.0004516047512232,0.0,EH38E2352272,chr5,746194,746694,shared,cross_context,31582,-1,MA0493.3,KLF1,233,241,13.71883804756092,+,KLF1,ig,0.0803293231874704,0.0794126635033171,0.0721545019306433,1.1005917908453255,True,0.0244092132197693,0.0389532417809823,0.0455699432365154,0.8548010040477484,False,0.0218268569733481,0.0487912545993458,0.0655971279264075,0.7438015764359115,False,0.0421884644601959,1.106760025024414,0.1463437449458981,1.0712044504272562,0.5678503231572505,0.3697440982054303,0.0803293231874704,0.0244092132197693,0.0218268569733481,1.2051159179667643,0.6108721309495744,0.3411290785279072,1.746277922177556,1.070788085933779,1.2857260176644525,1.1005917908453255,0.8548010040477484,0.7438015764359115,0.0992338609566049,-0.8164173853197503,-1.4354009715386595,K562,0.5033541272700057,1.0712044504272562,0.5678503231572505,0.3697440982054303,0.5033541272700057,0.5033541272700057,K562
KLF1,K562,norm_mean,"[[0 0 1 0]
 [0 0 0 1]
 [1 0 0 0]
 ...
 [0 1 0 0]
 [1 0 0 0]
 [0 0 1 0]]",0.0587785373694082,0.0,EH38E3105297,chr14,75295786,75296286,shared,cross_context,30481,-1,MA0493.3,KLF1,240,248,13.71883804756092,+,KLF1,ig,0.127153652254492,0.0704151281574741,0.0685018679897229,1.0279298936598238,True,0.0233618810889311,0.0579367186504532,0.0631097458744756,0.9180311007015868,False,0.0316678496310487,0.0576139541680458,0.0491738004911428,1.1716390003663293,True,0.0607277943248239,0.8896300196647644,-0.1687210020414192,1.836174100822333,0.3824234937118873,0.6035335566863559,0.127153652254492,0.0233618810889311,0.0316678496310487,1.8845962409688009,0.5125270913961529,0.99176075056525,4.257072283778848,1.0598277933671465,1.1041495617999555,1.0279298936598238,0.9180311007015868,1.1716390003663293,0.8767028582764239,-1.3867569348974376,-0.7284941049149862,K562,1.2326405441359771,1.836174100822333,0.3824234937118873,0.6035335566863559,1.2326405441359771,1.2326405441359771,K562
KLF1,K562,norm_mean,"[[0 0 0 1]
 [0 0 1 0]
 [0 1 0 0]
 ...
 [1 0 0 0]
 [0 0 1 0]
 [0 1 0 0]]",0.0078167200360638,0.0,EH38E3196436,chr16,85552921,85553421,shared,cross_context,212474,-1,MA0493.3,KLF1,322,330,13.71883804756092,+,KLF1,ig,0.0530820917338132,0.0585315864346921,0.0696219000016938,0.8407064160300707,False,0.0272733329329639,0.0579961689386982,0.0499599045789735,1.1608540452370366,True,0.0357738576130941,0.0687945413339184,0.0352048864482309,1.9541185537949628,True,0.0387097607599571,0.4086999893188476,-1.2908823592761167,0.7790279292222809,0.5079456465026994,0.7221085021982712,0.0530820917338132,0.0272733329329639,0.0357738576130941,1.0164353495282838,0.4552049420478185,0.7648574178685537,1.1578996980901315,1.0818341036349015,1.9943289267007296,0.8407064160300707,1.1608540452370366,1.9541185537949628,-0.3602530412206627,-0.9772539645700348,-0.4697124637791543,K562,0.0569194270240097,0.7790279292222809,0.5079456465026994,0.7221085021982712,0.0569194270240097,0.05691942702400976,K562
KLF1,K562,norm_mean,"[[0 0 0 1]
 [0 0 1 0]
 [0 0 1 0]
 ...
 [0 0 0 1]
 [0 1 0 0]
 [0 0 0 1]]",0.028009213716358,0.0,EH38E3220758,chr17,38509258,38509758,shared,cross_context,213011,-1,MA0493.3,KLF1,115,123,13.71883804756092,+,KLF1,ig,0.0812958716414868,0.079499330612598,0.0618647917478927,1.285049468623018,True,0.0374249051092192,0.0672300631587859,0.0503251043889356,1.3359147609521758,True,0.0554671136196702,0.0579148135648574,0.0558293140759121,1.037354732901828,True,0.0580626301234588,1.3048299551010132,0.3838629132821371,1.270608938053409,0.704141109386823,1.0754568378518727,0.0812958716414868,0.0374249051092192,0.0554671136196702,1.721618082910923,0.934545423551206,1.4130832950511718,1.866656696789128,1.143123089967676,2.883917755152927,1.285049468623018,1.3359147609521758,1.037354732901828,0.3455200740094522,-0.5060635199236396,0.1049496264589291,K562,0.1951521002015361,1.270608938053409,0.704141109386823,1.0754568378518727,0.1951521002015361,0.19515210020153617,K562
KLF1,K562,norm_mean,"[[0 0 1 0]
 [0 0 0 1]
 [0 0 1 0]
 ...
 [0 0 0 1]
 [0 0 1 0]
 [0 1 0 0]]",0.1696623829933435,0.0,EH38E3789357,chr7,100836777,100837277,shared,cross_context,160441,-1,MA0493.3,KLF1,98,106,13.71883804756092,+,KLF1,ig,0.0466480788309127,0.0772955492511391,0.0523527198307455,1.4764377999205156,True,0.0244954014196991,0.0632581043010577,0.0397798254299853,1.5902052790639472,True,0.0312901333090849,0.0613223060313612,0.0422794230519747,1.4504051167378882,True,0.0341445378532322,0.1096300035715103,-3.1892722457344607,0.7948767252499795,0.5020985579062358,0.6379439031917697,0.0466480788309127,0.0244954014196991,0.0312901333090849,0.7222784189517146,0.5895637434275735,0.8981993473185841,1.6964182389276563,1.1554761400939249,1.1038141861348971,1.4764377999205156,1.5902052790639472,1.4504051167378882,-0.3311969580347755,-0.9939575106141298,-0.6484985246627081,K562,0.1569328220582098,0.7948767252499795,0.5020985579062358,0.6379439031917697,0.1569328220582098,0.1569328220582098,K562
KLF1,K562,norm_mean,"[[1 0 0 0]
 [0 0 1 0]
 [0 0 1 0]
 ...
 [0 1 0 0]
 [0 1 0 0]
 [0 1 0 0]]",0.0289090998491082,0.0,EH38E2778728,chr1,2314320,2314820,shared,cross_context,44215,-1,MA0493.3,KLF1,319,327,13.71883804756092,+,KLF1,ig,0.1807601056061685,0.0739196801080834,0.0680783184391855,1.0858033944549028,True,0.05307900137268,0.0493810292053967,0.0549324788934644,0.8989403211124452,False,0.0385193714755587,0.0536636509827803,0.0515599655991284,1.0408005504115767,True,0.0907861594848024,0.6037200093269348,-0.7280460874680741,2.542892396441893,0.9915679505131708,0.7269933724791441,0.1807601056061685,0.05307900137268,0.0385193714755587,3.6631487231541375,1.2779672415631975,0.8179508715367524,3.838898394029154,1.622401152709107,1.6055738060109597,1.0858033944549028,0.8989403211124452,1.0408005504115767,1.3464704156413247,-0.0122164520833492,-0.4599858808007414,K562,1.5513244459287223,2.542892396441893,0.9915679505131708,0.7269933724791441,1.5513244459287223,1.551324445928722,K562
KLF1,K562,norm_mean,"[[1 0 0 0]
 [1 0 0 0]
 [1 0 0 0]
 ...
 [1 0 0 0]
 [0 1 0 0]
 [0 0 1 0]]",0.1431015381297527,0.0,EH38E3046870,chr12,121811069,121811569,shared,cross_context,21797,-1,MA0493.3,KLF1,379,387,13.71883804756092,+,KLF1,ig,0.0926356492564082,0.05793234444689,0.0809328442715986,0.7158075044836265,False,0.0307280819397419,0.0403306296421214,0.0422349699130322,0.9549105912958388,False,0.0427990793250501,0.0435315163520863,0.0398714351076348,1.0917968043187545,True,0.0553876035070667,1.4456299543380735,0.5316993031191879,1.3110995700263,0.6979943859340575,1.0424790159407444,0.0926356492564082,0.0307280819397419,0.0427990793250501,1.91679203456098,0.7779789097220235,1.311602641404109,1.913779173143995,1.1454879521641976,2.4622486108051325,0.7158075044836265,0.9549105912958388,1.0917968043187545,0.3907772547213543,-0.5187126601357586,0.0600183453388232,K562,0.2686205540855555,1.3110995700263,0.6979943859340575,1.0424790159407444,0.2686205540855555,0.2686205540855555,K562
KLF1,K562,norm_mean,"[[0 0 1 0]
 [1 0 0 0]
 [0 0 1 0]
 ...
 [0 0 1 0]
 [0 0 0 1]
 [0 0 0 1]]",0.0040106599091403,0.0,EH38E2962439,chr11,63910101,63910601,shared,cross_context,209192,-1,MA0493.3,KLF1,322,330,13.71883804756092,+,KLF1,ig,0.183443680871278,0.072677559251897,0.0583443819216315,1.245664867833704,True,0.0131530133076012,0.0428281630823039,0.0513724228045642,0.8336798696147948,False,0.0584681833570357,0.0480167939481907,0.0445643691175089,1.0774702778104082,True,0.085021625845305,1.5678900480270386,0.6488253107718102,2.862317046167705,0.2701574725972558,1.251171868526436,0.183443680871278,0.0131530133076012,0.0584681833570357,4.0823277683018215,0.1617847855106967,1.287520765945182,4.293754682402835,1.0361033975775804,3.055783929470444,1.245664867833704,0.8336798696147948,1.0774702778104082,1.5171834823522623,-1.8881275018631247,0.3232799815758915,K562,1.611145177641269,2.862317046167705,0.2701574725972558,1.251171868526436,1.611145177641269,1.6111451776412693,K562
KLF1,K562,norm_mean,"[[0 0 1 0]
 [0 0 0 1]
 [0 0 0 1]
 ...
 [0 0 1 0]
 [0 1 0 0]
 [1 0 0 0]]",0.1781900461694527,0.0,EH38E1834588,chr16,85613987,85614487,shared,cross_context,180553,-1,MA0493.3,KLF1,459,467,13.71883804756092,+,KLF1,ig,0.0682882437249645,0.0551448076468659,0.0560495802585501,0.9838574625164874,False,0.013378607283812,0.036113064441015,0.0461089261155575,0.7832118344806084,False,0.0293000831734389,0.0395637809988693,0.0321473286190303,1.230701597657254,True,0.0369889780607384,0.6407600045204163,-0.6421417441083926,1.1253738682313006,0.3152753126725109,0.8015701027590648,0.0682882437249645,0.013378607283812,0.0293000831734389,1.522525404007997,0.3519399491969596,0.9409374183735052,1.7491027116640936,0.7610888083054854,1.712846853219925,0.9838574625164874,0.7832118344806084,1.230701597657254,0.1704043700470369,-1.6653158847029248,-0.3190993936931407,K562,0.3238037654722357,1.1253738682313006,0.3152753126725109,0.8015701027590648,0.3238037654722357,0.32380376547223577,K562
KLF1,K562,norm_mean,"[[0 0 1 0]
 [0 1 0 0]
 [0 1 0 0]
 ...
 [0 0 0 1]
 [0 1 0 0]
 [1 0 0 0]]",0.1424708305659538,0.0,EH38E3053380,chr12,132619589,132620089,shared,cross_context,75739,-1,MA0493.3,KLF1,363,371,13.71883804756092,+,KLF1,ig,0.0950308595784008,0.0593736814340809,0.064654457709771,0.9183229487033264,False,0.0319415088160894,0.0338266823720187,0.0607243684476849,0.5570527560222116,False,0.0277837555622681,0.0427099355647806,0.0602591536169377,0.7087707993473646,False,0.0515853746522528,0.0,-19.93156856932417,1.3875270885941495,0.6117911970902097,0.4867238575628697,0.0950308595784008,0.0319415088160894,0.0277837555622681,1.9024197676064771,0.8470607913071233,0.6088325885914136,2.3472937993526326,1.3531345380743676,0.9045488369226824,0.9183229487033264,0.5570527560222116,0.7087707993473646,0.4725159384116625,-0.7088887440601446,-1.0388245995257364,K562,0.7757358915039398,1.3875270885941495,0.6117911970902097,0.4867238575628697,0.7757358915039398,0.7757358915039398,K562
KLF1,K562,norm_mean,"[[0 1 0 0]
 [1 0 0 0]
 [0 0 0 1]
 ...
 [1 0 0 0]
 [1 0 0 0]
 [1 0 0 0]]",0.0,0.0,EH38E3216275,chr17,29140894,29141394,shared,cross_context,13968,-1,MA0493.3,KLF1,262,270,13.71883804756092,+,KLF1,ig,0.0819833693094551,0.0709496336849406,0.0639752757471377,1.109016284278417,True,0.0358959117438644,0.0499987315633916,0.0491641613398081,1.016974967762911,True,0.0633338186889886,0.0486788142594741,0.0614954011338667,0.7915844997524665,False,0.0604043665807694,1.8058099746704104,0.85264688496827,1.2291427104430352,0.7253140397096679,1.1211723745894508,0.0819833693094551,0.0358959117438644,0.0633338186889886,1.1041599583554007,0.6381662981252446,1.0924801014011627,2.548596880445718,2.4107392303115347,2.047264211307656,1.109016284278417,1.016974967762911,0.7915844997524665,0.2976524316895437,-0.4633223178589899,0.1650081035580745,K562,0.1079703358535844,1.2291427104430352,0.7253140397096679,1.1211723745894508,0.1079703358535844,0.1079703358535844,K562
KLF1,K562,norm_mean,"[[0 0 1 0]
 [0 0 1 0]
 [0 0 1 0]
 ...
 [0 0 1 0]
 [0 0 1 0]
 [0 0 0 1]]",0.0173340540643307,0.0,EH38E2785641,chr1,10663545,10664045,shared,cross_context,45129,-1,MA0493.3,KLF1,387,395,13.71883804756092,+,KLF1,ig,0.0620843958531622,0.0647705484196194,0.0832255235209437,0.778253327788159,False,0.0240278781857341,0.0665600719419308,0.0614910014042192,1.082435797069419,True,0.0294303431874141,0.0461472127278102,0.0409268195460639,1.1275540578062788,True,0.0385142057421035,0.9684200286865234,-0.046293687945829,0.8960146401658812,0.4027717590627056,0.6905051910940523,0.0620843958531622,0.0240278781857341,0.0294303431874141,1.1805631497724511,0.4998893882400008,0.7636049277625212,1.9260687732337936,0.7764982663563558,1.435081243818579,0.778253327788159,1.082435797069419,1.1275540578062788,-0.1584057883133753,-1.3119655611100307,-0.5342758323516408,K562,0.2055094490718289,0.8960146401658812,0.4027717590627056,0.6905051910940523,0.2055094490718289,0.2055094490718289,K562
KLF1,K562,norm_mean,"[[1 0 0 0]
 [0 0 0 1]
 [0 0 0 1]
 ...
 [0 1 0 0]
 [0 1 0 0]
 [0 0 0 1]]",0.1788151191294378,0.0,EH38E3848429,chr8,101027672,101028172,shared,cross_context,221740,-1,MA0493.3,KLF1,225,233,13.71883804756092,+,KLF1,ig,0.1047870037145912,0.0677155279857106,0.0743128586760483,0.911222096416471,False,0.0292506096884608,0.0413025092263706,0.0531395807554825,0.7772455270952436,False,0.050599678826984,0.0412748614768497,0.0491221392126485,0.8402495032978289,False,0.0615457640766787,1.2232500314712524,0.2907204992825686,1.460735619094968,0.6029098787189233,1.098636527943562,0.1047870037145912,0.0292506096884608,0.050599678826984,1.5837345847773223,0.6036486222434322,1.404318427919531,2.540318769402255,1.3842921292416552,2.1538271545188223,0.911222096416471,0.7772455270952436,0.8402495032978289,0.5466950870445182,-0.7299857242698313,0.1357141664298065,K562,0.3620990911514061,1.460735619094968,0.6029098787189233,1.098636527943562,0.3620990911514061,0.36209909115140615,K562
KLF1,K562,norm_mean,"[[0 1 0 0]
 [1 0 0 0]
 [0 0 1 0]
 ...
 [1 0 0 0]
 [1 0 0 0]
 [0 1 0 0]]",0.0437159878066455,0.0,EH38E2719522,chr9,113548358,113548858,shared,cross_context,41631,-1,MA0493.3,KLF1,215,223,13.71883804756092,+,KLF1,ig,0.0520694267470389,0.0702089848765172,0.0674123090243367,1.0414859760449848,True,0.0279646333656273,0.0504172296694014,0.0381015741864897,1.3232318483827925,True,0.0201445770217105,0.0441618865274358,0.0566797101801524,0.7791479278138721,False,0.0333928790447923,1.087309956550598,0.1207645910720464,0.7600847933031532,0.6516682423410923,0.3889670241692888,0.0520694267470389,0.0279646333656273,0.0201445770217105,0.7188745670045974,0.8852272149596018,0.5179689702021466,1.8878306976510728,1.351133954395845,0.6024743150384416,1.0414859760449848,1.3232318483827925,0.7791479278138721,-0.3957677217301327,-0.6177904026653216,-1.3622802395246818,K562,0.1084165509620608,0.7600847933031532,0.6516682423410923,0.3889670241692888,0.1084165509620608,0.10841655096206082,K562
KLF1,K562,norm_mean,"[[0 0 0 1]
 [0 1 0 0]
 [0 0 0 1]
 ...
 [1 0 0 0]
 [1 0 0 0]
 [0 0 0 1]]",0.1635287712452623,0.0,EH38E2729356,chr9,128192838,128193338,shared,cross_context,41923,-1,MA0493.3,KLF1,412,420,13.71883804756092,+,KLF1,ig,0.08436622004956,0.0558348639402538,0.0621352018730249,0.8986026160875412,False,0.0434896080987528,0.0362013047852087,0.0613053590687923,0.5905079006144857,False,0.0207734409486874,0.0462061052711214,0.0402707021843525,1.1473873384607078,True,0.0495430896990001,2.7128500938415527,1.4398098614524155,1.3578283867169043,0.9350524085476296,0.4863197949950588,0.08436622004956,0.0434896080987528,0.0207734409486874,0.7231680786211474,0.9376496192401218,0.5174503398947449,4.202138525622338,2.353747933063148,0.9577060912358596,0.8986026160875412,0.5905079006144857,1.1473873384607078,0.4413011527528443,-0.0968808647796781,-1.0400227761821812,K562,0.4227759781692748,1.3578283867169043,0.9350524085476296,0.4863197949950588,0.4227759781692748,0.4227759781692747,K562
KLF1,K562,norm_mean,"[[0 0 1 0]
 [0 1 0 0]
 [0 1 0 0]
 ...
 [0 1 0 0]
 [0 1 0 0]
 [0 1 0 0]]",0.151465900002393,0.0,EH38E3771434,chr7,44582500,44583000,shared,cross_context,158868,-1,MA0493.3,KLF1,294,302,13.71883804756092,+,KLF1,ig,0.0687687604222446,0.0467147630400722,0.0594253257287887,0.7861085253817293,False,0.0376488611218519,0.0577804181823739,0.0424837425734716,1.360059191627392,True,0.0366928605362772,0.0622421392146498,0.0425464820425706,1.4629205893724984,True,0.0477034940267913,1.4375699758529663,0.5236331866540854,1.262732819699539,0.7769218532143229,0.7303500969421101,0.0687687604222446,0.0376488611218519,0.0366928605362772,1.76856439233716,0.876992821370102,0.8277731537835801,2.2017682603887487,1.6335299295053751,2.060324129390566,0.7861085253817293,1.360059191627392,1.4629205893724984,0.3365494142417551,-0.3641586007681618,-0.4533399000894771,K562,0.4858109664852164,1.262732819699539,0.7769218532143229,0.7303500969421101,0.4858109664852164,0.48581096648521616,K562
KLF1,K562,norm_mean,"[[1 0 0 0]
 [0 0 0 1]
 [0 1 0 0]
 ...
 [0 0 0 1]
 [0 1 0 0]
 [0 1 0 0]]",0.0587785373694082,0.0,EH38E3105296,chr14,75295582,75296082,shared,cross_context,80088,-1,MA0493.3,KLF1,444,452,13.71883804756092,+,KLF1,ig,0.1246433081105351,0.0637006923218723,0.0782485431199893,0.8140814083065696,False,0.0383948116796091,0.0427663383632898,0.0541505784704349,0.7897668256484284,False,0.0218961258651688,0.0403367722401162,0.0470468583877664,0.8573742232459627,False,0.061644748551771,0.8896300196647644,-0.1687210020414192,1.6736395350740452,0.7330436980233934,0.4291437992574194,0.1246433081105351,0.0383948116796091,0.0218961258651688,1.6512616805571243,0.8538471903406949,0.4446486152137698,3.789725218622267,1.58292003437576,1.026108786723562,0.8140814083065696,0.7897668256484284,0.8573742232459627,0.7429888376154241,-0.4480288904093553,-1.2204669386406897,K562,0.9405958370506518,1.6736395350740452,0.7330436980233934,0.4291437992574194,0.9405958370506518,0.9405958370506518,K562
KLF1,K562,norm_mean,"[[0 0 1 0]
 [0 0 1 0]
 [0 0 0 1]
 ...
 [0 0 0 1]
 [0 1 0 0]
 [0 0 0 1]]",0.1079353015584379,0.0,EH38E1932883,chr19,2987377,2987877,shared,cross_context,5753,-1,MA0493.3,KLF1,461,469,13.71883804756092,+,KLF1,ig,0.0479816867737099,0.0584463537408737,0.062022173947189,0.9423459481955678,False,0.0336996332043781,0.0381990771600976,0.0545899023264064,0.6997460800394041,False,0.0266235182643868,0.0427750647731591,0.0499670569325098,0.8560651524920412,False,0.0361016127474916,0.553380012512207,-0.8536549515257369,0.7548440959307025,0.666687558886451,0.5088456030474794,0.0479816867737099,0.0336996332043781,0.0266235182643868,0.9419686939583792,0.7779863632107644,0.4552693911400239,1.66573749645472,1.4601976954984084,1.063793314572603,0.9423459481955678,0.6997460800394041,0.8560651524920412,-0.4057493892715302,-0.5849172876127814,-0.9747001204427708,K562,0.0881565370442514,0.7548440959307025,0.666687558886451,0.5088456030474794,0.0881565370442514,0.08815653704425142,K562
KLF1,K562,norm_mean,"[[1 0 0 0]
 [1 0 0 0]
 [1 0 0 0]
 ...
 [0 1 0 0]
 [0 0 0 1]
 [0 1 0 0]]",1.0,1.0,EH38E3804609,chr7,140924057,140924557,shared,cross_context,161918,-1,MA0493.3,KLF1,289,297,13.71883804756092,+,KLF1,ig,0.1137670148164033,0.0668386646723956,0.0620670577513803,1.0768780787281391,True,0.0755773144774138,0.0530423572519794,0.0561006322284064,0.9454857403596972,False,0.0484567570965737,0.0363560762196721,0.0497484058873035,0.7307986710980009,False,0.0792670287967969,2.213469982147217,1.1463104603177678,1.779529087078238,1.3764856907092335,1.088499395430774,0.1137670148164033,0.0755773144774138,0.0484567570965737,2.221166391307895,2.110117408266684,1.2484784167335867,3.2644750279532047,1.9681435710964896,1.62969723636748,1.0768780787281391,0.9454857403596972,0.7307986710980009,0.8314955152490698,0.4609896134878372,0.1223406075568311,K562,0.4030433963690043,1.779529087078238,1.3764856907092335,1.088499395430774,0.4030433963690043,0.40304339636900455,K562
KLF1,K562,norm_mean,"[[1 0 0 0]
 [0 0 1 0]
 [0 0 1 0]
 ...
 [0 0 1 0]
 [0 0 1 0]
 [1 0 0 0]]",0.6501746621235289,1.0,EH38E2222439,chr3,101574199,101574699,shared,cross_context,182160,-1,MA0493.3,KLF1,162,170,13.71883804756092,+,KLF1,ig,0.0850378209725022,0.0766734336188528,0.0780297261548991,0.982618132485366,False,0.0506210648454725,0.0525788127712439,0.0631816830675124,0.8321842960912927,False,0.0396814341656863,0.048177320335526,0.0607503309908946,0.793037858713368,False,0.058446773327887,0.8737599849700928,-0.1946894066456332,1.156162741846048,0.9074786260858948,0.7547725313780749,0.0850378209725022,0.0506210648454725,0.0396814341656863,1.9234525011605224,1.3213834463856091,0.8993085760691664,1.9692883376324732,1.6336450780753913,1.261113980592942,0.982618132485366,0.8321842960912927,0.793037858713368,0.2093444876064275,-0.1400644296966531,-0.4058861734367972,K562,0.2486841157601531,1.156162741846048,0.9074786260858948,0.7547725313780749,0.2486841157601531,0.24868411576015326,K562
KLF1,K562,norm_mean,"[[0 0 1 0]
 [0 1 0 0]
 [0 1 0 0]
 ...
 [0 0 1 0]
 [0 1 0 0]
 [0 1 0 0]]",0.1458846944886112,0.0,EH38E3279972,chr19,917602,918102,shared,cross_context,103393,-1,MA0493.3,KLF1,363,371,13.71883804756092,+,KLF1,ig,0.0378148801391944,0.0565448561817174,0.0541531177411064,1.0441660258673382,True,0.0297880712896585,0.0412729538959683,0.0438624945294577,0.9409620891175912,False,0.0239019916625693,0.0391728429676732,0.0304624615842951,1.2859377762331223,True,0.0305016476971407,1.1892399787902832,0.2500410815089993,0.6297472045899625,0.5942592328572595,0.5955859179482371,0.0378148801391944,0.0297880712896585,0.0239019916625693,0.7419506524073038,0.6272111120878838,0.8463751346368289,1.1989661450511782,2.0101717615487287,1.1122374641601516,1.0441660258673382,0.9409620891175912,1.2859377762331223,-0.6671552796594027,-0.750835679325328,-0.7476184492677024,K562,0.0341612866417253,0.6297472045899625,0.5942592328572595,0.5955859179482371,0.0341612866417253,0.03416128664172535,K562
KLF1,K562,norm_mean,"[[1 0 0 0]
 [0 1 0 0]
 [0 1 0 0]
 ...
 [0 1 0 0]
 [0 0 0 1]
 [0 0 1 0]]",0.0715162251701961,0.0,EH38E3316471,chr19,54138091,54138591,shared,cross_context,113280,-1,MA0493.3,KLF1,455,463,13.71883804756092,+,KLF1,ig,0.0324925898457877,0.0460193656024057,0.0944712115952279,0.4871257598380663,False,0.016921987698879,0.0333264853863511,0.0744341501279268,0.4477310596246979,False,0.0182151396293193,0.0331614076771074,0.0551007263251813,0.6018323871645352,False,0.0225432390579953,0.1930299997329712,-2.373095539779056,0.4663915646592986,0.2997555816966827,0.4101868281882044,0.0324925898457877,0.016921987698879,0.0182151396293193,0.4730861930428845,0.319096063075084,0.3907899166029267,1.3930594473422593,0.6438655352460689,0.8387427088879369,0.4871257598380663,0.4477310596246979,0.6018323871645352,-1.1003863961678393,-1.7381414720107728,-1.2856469262532166,K562,0.0562047364710942,0.4663915646592986,0.2997555816966827,0.4101868281882044,0.0562047364710942,0.0562047364710942,K562
KLF1,K562,norm_mean,"[[1 0 0 0]
 [0 0 1 0]
 [0 0 0 1]
 ...
 [0 0 1 0]
 [0 0 1 0]
 [1 0 0 0]]",0.0936451437360185,0.0,EH38E1651087,chr12,121811303,121811803,shared,cross_context,10453,-1,MA0493.3,KLF1,139,147,13.71883804756092,+,KLF1,ig,0.0816848004469648,0.0582173122279346,0.0821469354061429,0.7086972247124012,False,0.0382960804272443,0.046039644027478,0.042845666416204,1.0745458556949306,True,0.0410962497699074,0.0583798580610891,0.0466017305164467,1.2527398636642266,True,0.0536923768813721,1.4456299543380735,0.5316993031191879,1.1906432239443274,0.8619457618819434,0.8261295969821006,0.0816848004469648,0.0382960804272443,0.0410962497699074,1.5294511134334474,0.9860139088140004,1.1666901964708047,2.63813403480811,1.7664901828844064,1.245384713530091,0.7086972247124012,1.0745458556949306,1.2527398636642266,0.2517411758274354,-0.2143310029314917,-0.2755599746228414,K562,0.328697462062384,1.1906432239443274,0.8619457618819434,0.8261295969821006,0.328697462062384,0.32869746206238404,K562
KLF1,K562,norm_mean,"[[0 1 0 0]
 [0 1 0 0]
 [0 0 1 0]
 ...
 [0 0 1 0]
 [0 0 1 0]
 [1 0 0 0]]",0.6710789145827993,1.0,EH38E2988502,chr11,119018971,119019471,shared,cross_context,68398,-1,MA0493.3,KLF1,492,500,13.71883804756092,+,KLF1,ig,0.0619929766398854,0.0789570655697025,0.0777181236585602,1.015941349242705,True,0.0315808019367978,0.0633229543518973,0.0471634423185605,1.3426276330279885,True,0.0406892696628347,0.0525159886036999,0.0528618491499219,0.9934570869851356,False,0.0447543494131726,2.085279941558838,1.0602417652955456,0.8176301505136598,0.5651072420561976,0.7523541741923236,0.0619929766398854,0.0315808019367978,0.0406892696628347,0.853468968964275,0.7953550319493071,0.7998768465906979,2.064192725559476,0.9286580044609756,1.7964252447192013,1.015941349242705,1.3426276330279885,0.9934570869851356,-0.290479695777723,-0.8234034143621227,-0.4105161158243844,K562,0.0652759763213362,0.8176301505136598,0.5651072420561976,0.7523541741923236,0.0652759763213362,0.0652759763213362,K562
KLF1,K562,norm_mean,"[[0 0 1 0]
 [0 0 1 0]
 [1 0 0 0]
 ...
 [0 1 0 0]
 [0 0 1 0]
 [0 1 0 0]]",0.1595635654053633,0.0,EH38E3687675,chr6,4775508,4776008,shared,cross_context,43005,-1,MA0493.3,KLF1,277,285,13.71883804756092,+,KLF1,ig,0.0668822129955515,0.04360313030018,0.0625123616899565,0.6975120143647583,False,0.0347486659884452,0.0380403503990965,0.0459387322079214,0.8280668684162849,False,0.0194451108400244,0.0382874128280673,0.0459997765801978,0.8323389231668615,False,0.0403586632746737,0.0,-19.93156856932417,1.2132620167458446,0.810872515269079,0.452347221347452,0.0668822129955515,0.0347486659884452,0.0194451108400244,1.3760646323980792,1.1279239241502894,0.6965070980808434,2.260251903734228,1.3381848737894837,0.7516944496143794,0.6975120143647583,0.8280668684162849,0.8323389231668615,0.2788911505257364,-0.3024529802024123,-1.1444974823133174,K562,0.4023895014767655,1.2132620167458446,0.810872515269079,0.452347221347452,0.4023895014767655,0.40238950147676555,K562
KLF1,K562,norm_mean,"[[0 0 1 0]
 [0 1 0 0]
 [0 1 0 0]
 ...
 [0 0 1 0]
 [0 0 1 0]
 [0 0 1 0]]",0.6818231682507798,1.0,EH38E3046513,chr12,121467445,121467945,shared,cross_context,21772,-1,MA0493.3,KLF1,260,268,13.71883804756092,+,KLF1,ig,0.0592098430497571,0.0600087291002273,0.0536720233119409,1.118063270520378,True,0.04021322412882,0.0472833089658524,0.0331034253016323,1.428350518156675,True,0.0328231122111901,0.0485780958610121,0.0358036238784477,1.356792330798969,True,0.0440820597965891,3.1802799701690674,1.6691542297747208,1.0545448150354424,1.0406491327929166,0.804613232811225,0.0592098430497571,0.04021322412882,0.0328231122111901,1.1559042084317,1.0780696457226766,0.5943956603632883,2.311874171370431,2.472496669882315,2.3278921619939648,1.118063270520378,1.428350518156675,1.356792330798969,0.0766204080744146,0.0574837302496057,-0.3136326281184309,K562,0.0138956822425257,1.0545448150354424,1.0406491327929166,0.804613232811225,0.0138956822425257,0.013895682242525798,K562
KLF1,K562,norm_mean,"[[0 0 1 0]
 [0 0 1 0]
 [0 0 1 0]
 ...
 [1 0 0 0]
 [0 0 1 0]
 [0 0 1 0]]",0.0703134659777323,0.0,EH38E1935759,chr19,6373604,6374104,shared,cross_context,19482,-1,MA0493.3,KLF1,335,343,13.71883804756092,+,KLF1,ig,0.0611364841461181,0.0716712971881497,0.0578383785815766,1.2391648340455212,True,0.03447544152732,0.0560280213062651,0.0457707711596949,1.224100176721532,True,0.0304368525394238,0.0468693195306696,0.047291522219627,0.9910721292133948,False,0.0420162594042873,1.980530023574829,0.9858873001857325,0.937881834964252,0.6962003697241353,0.6070464977123696,0.0611364841461181,0.03447544152732,0.0304368525394238,0.985718448871378,0.7645049686946539,0.4729210806055843,1.84854388304722,2.0680729109910936,1.9228819316131116,1.2391648340455212,1.224100176721532,0.9910721292133948,-0.0925219263119701,-0.5224255125957623,-0.7201210662277573,K562,0.2416814652401165,0.937881834964252,0.6962003697241353,0.6070464977123696,0.2416814652401165,0.2416814652401167,K562
KLF1,K562,norm_mean,"[[0 0 0 1]
 [0 0 1 0]
 [0 0 1 0]
 ...
 [0 1 0 0]
 [0 0 0 1]
 [0 0 1 0]]",0.8770622207970675,1.0,EH38E3087502,chr14,24160930,24161430,shared,cross_context,210783,-1,MA0493.3,KLF1,317,325,13.71883804756092,+,KLF1,ig,0.0821661765221506,0.0562387875164859,0.0603877816127638,0.9312939919564632,False,0.0446673466358333,0.0442672786326147,0.0449036538830551,0.985827765589512,False,0.0244038488017395,0.0363543956755893,0.0413425853251898,0.8793447868871149,False,0.0504124573199078,1.72160005569458,0.78375086767543,1.3299170998460264,0.8783951456735675,0.5990552873097394,0.0821661765221506,0.0446673466358333,0.0244038488017395,1.873236129387373,1.3272016734470575,0.6659066003645694,2.381490788246968,1.610429644459056,1.4360784276435958,0.9312939919564632,0.985827765589512,0.8793447868871149,0.4113363194664832,-0.1870580117297237,-0.7392389357975924,K562,0.4515219541724589,1.3299170998460264,0.8783951456735675,0.5990552873097394,0.4515219541724589,0.4515219541724589,K562
KLF1,K562,norm_mean,"[[0 0 0 1]
 [0 1 0 0]
 [0 1 0 0]
 ...
 [0 0 1 0]
 [0 0 1 0]
 [0 1 0 0]]",1.0,1.0,EH38E3949553,chrX,154397412,154397912,shared,cross_context,178226,-1,MA0493.3,KLF1,137,145,13.71883804756092,+,KLF1,ig,0.0584313822910189,0.0572339676547562,0.0730433081720155,0.7835619887909722,False,0.0296802502125501,0.0602093472034903,0.0457297206500784,1.3166346345708686,True,0.0270193449687212,0.0557678444206249,0.0524879007849502,1.0624893158562356,True,0.0383769924907634,3.2335100173950195,1.6931015260233588,0.9194136612657914,0.595011808126483,0.536286335685668,0.0584313822910189,0.0296802502125501,0.0270193449687212,1.122191697751594,0.7065685296742152,0.4423497148935587,2.288045847277633,1.0223839291514762,2.15734945284232,0.7835619887909722,1.3166346345708686,1.0624893158562356,-0.121213990472196,-0.7490097931909026,-0.8989245975335588,K562,0.3244018531393083,0.9194136612657914,0.595011808126483,0.536286335685668,0.3244018531393083,0.32440185313930836,K562
KLF1,K562,norm_mean,"[[0 1 0 0]
 [0 1 0 0]
 [0 1 0 0]
 ...
 [0 1 0 0]
 [0 0 1 0]
 [0 0 1 0]]",0.1002915575145205,0.0,EH38E3755993,chr7,5426164,5426664,shared,cross_context,45327,-1,MA0493.3,KLF1,74,82,13.71883804756092,+,KLF1,ig,0.0806074548745527,0.0650462827167939,0.0806183603475801,0.8068419447869225,False,0.0380653276806697,0.0545351677970029,0.0524562605889514,1.0396310523929888,True,0.0360538183012977,0.0458239351329393,0.0705179491918534,0.6498193603174096,False,0.05157553361884,0.7645000219345093,-0.3874096648004801,1.1539539903093323,0.7480456193181924,0.6435866662355345,0.0806074548745527,0.0380653276806697,0.0360538183012977,1.3684711296734051,1.0738440073180913,0.8167532768586669,2.6030576077158627,1.2680383743968846,1.2870770209653677,0.8068419447869225,1.0396310523929888,0.6498193603174096,0.2065857041973662,-0.4188018378762617,-0.6357936558869337,K562,0.4059083709911399,1.1539539903093323,0.7480456193181924,0.6435866662355345,0.4059083709911399,0.40590837099113997,K562
KLF1,K562,norm_mean,"[[0 1 0 0]
 [0 1 0 0]
 [0 0 0 1]
 ...
 [0 1 0 0]
 [0 1 0 0]
 [1 0 0 0]]",0.1973485700660314,0.0,EH38E3318912,chr19,58097666,58098166,shared,cross_context,113963,-1,MA0493.3,KLF1,243,251,13.71883804756092,+,KLF1,ig,0.0762792092282325,0.069615054646274,0.0760892145690144,0.914913445899713,False,0.0190642450761515,0.0570929995505139,0.0645196596552313,0.8848929304132722,False,0.0284468530444428,0.062592740660184,0.0405721414910005,1.542751329666803,True,0.0412634357829423,0.178859993815422,-2.483089297574438,1.0369624020100845,0.3093909747641468,0.5784945069979304,0.0762792092282325,0.0190642450761515,0.0284468530444428,1.1639114378711606,0.3132372756097533,0.5608321880252611,2.2541715003745653,0.8104284464023003,1.9072792180206857,0.914913445899713,0.8848929304132722,1.542751329666803,0.0523635875222133,-1.692496977642049,-0.7896248318757045,K562,0.4584678950121539,1.0369624020100845,0.3093909747641468,0.5784945069979304,0.4584678950121539,0.4584678950121541,K562
KLF1,K562,norm_mean,"[[1 0 0 0]
 [0 1 0 0]
 [0 0 0 1]
 ...
 [0 1 0 0]
 [1 0 0 0]
 [0 1 0 0]]",0.0837527505306543,0.0,EH38E3690120,chr6,10405159,10405659,shared,cross_context,149575,-1,MA0493.3,KLF1,23,31,13.71883804756092,+,KLF1,ig,0.1429603814613074,0.0777575083164265,0.0674930040398612,1.1520823217422635,True,0.0977278838399797,0.0553342182724736,0.0535031973576406,1.0342224514241496,True,0.0790423707803711,0.0610363003774546,0.0434787890792358,1.403817531073522,True,0.1065768786938861,1.3900699615478516,0.4751585327761558,2.110071105648541,1.9662680866141604,1.6322628745261345,0.1429603814613074,0.0977278838399797,0.0790423707803711,3.1551380824772965,2.552371385217349,2.1801703865716204,3.861181791013776,3.6862251119611145,3.385121415695714,1.1520823217422635,1.0342224514241496,1.403817531073522,1.077291616695831,0.9754600369906008,0.7068734216950028,K562,0.143803019034381,2.110071105648541,1.9662680866141604,1.6322628745261345,0.143803019034381,0.14380301903438064,K562
KLF1,K562,norm_mean,"[[0 1 0 0]
 [0 0 0 1]
 [0 0 1 0]
 ...
 [0 1 0 0]
 [0 1 0 0]
 [1 0 0 0]]",0.1349374284480728,0.0,EH38E1954834,chr19,41427853,41428353,shared,cross_context,6099,-1,MA0493.3,KLF1,395,403,13.71883804756092,+,KLF1,ig,0.0600926605984568,0.055122203619685,0.0508739960712201,1.083504285912096,True,0.0371498096792493,0.0487992257229052,0.0392784038208809,1.2423929832157037,True,0.0401242051739245,0.043511493804981,0.0344915229828805,1.2615123203302512,True,0.0457888918172102,1.5800399780273438,0.6599619748771952,1.1242579815402838,0.8528191742822736,1.025898726219628,0.0600926605984568,0.0371498096792493,0.0401242051739245,1.4925444672288315,1.023605782834396,0.7432680138683683,1.5354281379296806,1.804629338036581,2.543337020220287,1.083504285912096,1.2423929832157037,1.2615123203302512,0.1689731275741036,-0.2296882180313222,0.0368883206630168,K562,0.0983592553206558,1.1242579815402838,0.8528191742822736,1.025898726219628,0.0983592553206558,0.09835925532065581,K562
KLF1,K562,norm_mean,"[[0 0 1 0]
 [1 0 0 0]
 [1 0 0 0]
 ...
 [0 1 0 0]
 [0 1 0 0]
 [0 1 0 0]]",0.0559232599439816,0.0,EH38E3911007,chr9,128341325,128341825,shared,cross_context,172386,-1,MA0493.3,KLF1,397,405,13.71883804756092,+,KLF1,ig,0.0573081893089693,0.0758860793744679,0.0643676626087735,1.178947075431843,True,0.0319534719455987,0.0465775133995339,0.0442965072756235,1.0514938027682272,True,0.0321939713903702,0.0491406344005372,0.0486812521482848,1.0094363258465464,True,0.0404852108816461,1.2232400178909302,0.2907086892767471,0.8703804419307692,0.7149475468140626,0.6440556709437594,0.0573081893089693,0.0319534719455987,0.0321939713903702,0.7966733733258211,0.8542276155836639,0.7382123711257245,2.4585171557334204,1.390398926125687,1.5443860172737616,1.178947075431843,1.0514938027682272,1.0094363258465464,-0.2002819546637461,-0.4840906925548356,-0.634742695109948,K562,0.1554328951167066,0.8703804419307692,0.7149475468140626,0.6440556709437594,0.1554328951167066,0.15543289511670666,K562
KLF1,K562,norm_mean,"[[0 0 0 1]
 [1 0 0 0]
 [0 1 0 0]
 ...
 [0 1 0 0]
 [1 0 0 0]
 [0 1 0 0]]",0.7609870681635503,1.0,EH38E3449624,chr20,63980374,63980874,shared,cross_context,194574,-1,MA0493.3,KLF1,218,226,13.71883804756092,+,KLF1,ig,0.1310984967276454,0.0576974880835041,0.0544499872313537,1.059641708306284,True,0.0200370016682427,0.0379575148507137,0.0348646027727786,1.0887117863058535,True,0.0593700972385704,0.0402605336846318,0.0383292758566452,1.0503856981632675,True,0.0701685318781528,1.2632800340652466,0.3371756219840287,2.352870183418818,0.5554605539161295,1.5190511025288118,0.1310984967276454,0.0200370016682427,0.0593700972385704,3.467870213229936,0.5352125021848286,1.7664184567756842,4.0667367790312205,1.4702082991734318,2.3889526273218102,1.059641708306284,1.0887117863058535,1.0503856981632675,1.2344217245309097,-0.8482436301630482,0.6031704054340883,K562,0.8338190808900063,2.352870183418818,0.5554605539161295,1.5190511025288118,0.8338190808900063,0.8338190808900063,K562
KLF1,K562,norm_mean,"[[0 0 1 0]
 [0 1 0 0]
 [0 1 0 0]
 ...
 [0 1 0 0]
 [0 1 0 0]
 [1 0 0 0]]",0.0022492542167615,0.0,EH38E3781186,chr7,76303702,76304202,shared,cross_context,159733,-1,MA0493.3,KLF1,209,217,13.71883804756092,+,KLF1,ig,0.0454774541431106,0.0577953638858161,0.0647194407416137,0.8930138192389594,False,0.0203231689229141,0.0460234541242243,0.0484696644039687,0.949530911650934,False,0.012039097447996,0.0375535477639641,0.0440376196343911,0.852760425021531,False,0.0259465735046736,1.016409993171692,0.0234838843100013,0.7333331793147082,0.4277290981586761,0.2900653303223343,0.0454774541431106,0.0203231689229141,0.012039097447996,0.7330385644810196,0.3545262309351132,0.2085236126974651,1.8738427790924368,1.4586494006928423,1.063218410286178,0.8930138192389594,0.949530911650934,0.852760425021531,-0.4474592780065413,-1.2252307352675602,-1.7855502203035554,K562,0.3056040811560321,0.7333331793147082,0.4277290981586761,0.2900653303223343,0.3056040811560321,0.3056040811560321,K562
KLF1,K562,norm_mean,"[[0 0 1 0]
 [0 0 1 0]
 [0 0 1 0]
 ...
 [0 0 1 0]
 [0 0 1 0]
 [0 0 1 0]]",0.6876594966999854,1.0,EH38E3788995,chr7,100483618,100484118,shared,cross_context,46260,-1,MA0493.3,KLF1,433,441,13.71883804756092,+,KLF1,ig,0.0372779938043095,0.0788743005413562,0.0499696014064829,1.578445345506993,True,0.0139401669148355,0.0451978828012943,0.0460015427600592,0.9825295036679133,False,0.0176350457477383,0.0523285209503956,0.0356069756526267,1.469613897140865,True,0.0229510688222944,1.6710799932479858,0.7407816590277577,0.5921499918290062,0.2832562491704434,0.4061564283722138,0.0372779938043095,0.0139401669148355,0.0176350457477383,1.00390781967908,0.2644802256891382,0.6163690989065445,1.122530452442993,0.7058961934820919,0.7521347739592085,1.578445345506993,0.9825295036679133,1.469613897140865,-0.7559654350774833,-1.8198203048065504,-1.2998926127622494,K562,0.1859935634567923,0.5921499918290062,0.2832562491704434,0.4061564283722138,0.1859935634567923,0.1859935634567924,K562
KLF1,K562,norm_mean,"[[0 0 0 1]
 [0 0 1 0]
 [0 0 0 1]
 ...
 [0 0 0 1]
 [0 1 0 0]
 [0 1 0 0]]",0.6511855463697287,1.0,EH38E3221818,chr17,39740178,39740678,shared,cross_context,190858,-1,MA0493.3,KLF1,433,441,13.71883804756092,+,KLF1,ig,0.0921165621839463,0.0730946861809934,0.0666465402231551,1.096751233728494,True,0.0528385224752128,0.0480264196217467,0.05438234336616,0.8831250699722688,False,0.0251531363464891,0.0419908496114658,0.0474261770449811,0.8853937503270035,False,0.0567027403352161,0.2854399979114532,-1.8087355307966773,1.360930821637105,1.0867972108639947,0.5833284105204833,0.0921165621839463,0.0528385224752128,0.0251531363464891,1.8103491051030207,1.0706327312935668,0.8686387838359457,2.473928924109406,2.399199830605069,1.082071940219439,1.096751233728494,0.8831250699722688,0.8853937503270035,0.4445937351924904,0.1200827694992206,-0.7776197513006036,K562,0.2741336107731102,1.360930821637105,1.0867972108639947,0.5833284105204833,0.2741336107731102,0.27413361077311027,K562
KLF1,K562,norm_mean,"[[0 0 1 0]
 [0 0 0 1]
 [0 0 1 0]
 ...
 [0 0 1 0]
 [1 0 0 0]
 [0 0 0 1]]",4.973729208021277e-05,0.0,EH38E2531630,chr7,5556167,5556667,shared,cross_context,36694,-1,MA0493.3,KLF1,464,472,13.71883804756092,+,KLF1,ig,0.036270783864893,0.0626637297752313,0.0490250448742881,1.278198054768444,True,0.0259266138164093,0.0461117494513746,0.0404262795575778,1.140637687901068,True,0.0264533411245793,0.042001888299128,0.070959744026768,0.5919114133806572,False,0.0295502462686272,0.7578799724578857,-0.3999568084021352,0.635082798239816,0.5315491237067235,0.4541632748800956,0.036270783864893,0.0259266138164093,0.0264533411245793,0.5803892270975267,0.8259506810799702,0.5477680476674199,1.913621101485453,0.8407741806149555,1.046291334551016,1.278198054768444,1.140637687901068,0.5919114133806572,-0.6549833986476103,-0.9117250659799924,-1.1387170419638462,K562,0.1035336745330924,0.635082798239816,0.5315491237067235,0.4541632748800956,0.1035336745330924,0.10353367453309248,K562
KLF1,K562,norm_mean,"[[0 0 0 1]
 [0 0 1 0]
 [0 0 1 0]
 ...
 [0 1 0 0]
 [0 1 0 0]
 [1 0 0 0]]",0.6502346572284896,1.0,EH38E2962826,chr11,64225564,64226064,shared,cross_context,65279,-1,MA0493.3,KLF1,206,214,13.71883804756092,+,KLF1,ig,0.0831672307103872,0.0751951404800638,0.0646063251713771,1.1638973218431048,True,0.0283240213320823,0.0526203616120619,0.0406668758447912,1.293936344496408,True,0.049793637561379,0.0480209415560239,0.0508372642839657,0.9446010281312393,False,0.0537616298679495,1.9332599639892576,0.9510363949425223,1.2140705174090534,0.6257067473069211,1.002458640957416,0.0831672307103872,0.0283240213320823,0.049793637561379,1.380739907015348,0.6535556585077517,1.1683602059949303,1.7713558648778835,1.8336926847177155,2.009908163160398,1.1638973218431048,1.293936344496408,0.9446010281312393,0.2798522219266496,-0.676441431162675,0.0035427172051337,K562,0.2116118764516372,1.2140705174090534,0.6257067473069211,1.002458640957416,0.2116118764516372,0.21161187645163726,K562
KLF1,K562,norm_mean,"[[0 1 0 0]
 [0 0 0 1]
 [0 0 1 0]
 ...
 [0 1 0 0]
 [0 1 0 0]
 [1 0 0 0]]",0.0494191993097677,0.0,EH38E2839951,chr1,155273831,155274331,shared,cross_context,7604,-1,MA0493.3,KLF1,137,145,13.71883804756092,+,KLF1,ig,0.0643711329903453,0.0888951182249002,0.0574518287712824,1.5472980521788782,True,0.0204162063455441,0.0440040798997506,0.0378559025195794,1.1624096995942528,True,0.0260891674261074,0.0556611722675734,0.0414258306362971,1.34363410404286,True,0.0369588355873323,1.5969799757003784,0.6753471265085701,0.9660315370800456,0.5302249660639706,0.5747548773393358,0.0643711329903453,0.0204162063455441,0.0260891674261074,1.0892461604948624,0.4083168615836887,0.8321623405847609,1.765896602377912,1.4308208526184596,1.0047640832782867,1.5472980521788782,1.1624096995942528,1.34363410404286,-0.049857805320149,-0.9153234899192392,-0.7989812887484317,K562,0.3912766597407098,0.9660315370800456,0.5302249660639706,0.5747548773393358,0.3912766597407098,0.3912766597407098,K562
KLF1,K562,norm_mean,"[[0 0 0 1]
 [0 0 0 1]
 [0 0 0 1]
 ...
 [0 0 1 0]
 [1 0 0 0]
 [0 0 1 0]]",0.1387535424756034,0.0,EH38E2083062,chr2,231713427,231713927,shared,cross_context,7125,-1,MA0493.3,KLF1,394,402,13.71883804756092,+,KLF1,ig,0.0692110859090462,0.0629184640364837,0.0541996850020678,1.1608638025376945,True,0.0236845873878337,0.0349138086859602,0.0535821789238062,0.6515935497821417,False,0.0341709105996415,0.0341667463746853,0.0514788622967898,0.6637042508954859,False,0.0423555279655071,2.588809967041016,1.3722896246165344,1.137774870479645,0.5006914842928253,0.8369423483376933,0.0692110859090462,0.0236845873878337,0.0341709105996415,1.5225398265151269,0.524917692704974,1.040324064513868,2.2832573347471863,1.0997728306137682,1.3889944197188866,1.1608638025376945,0.6515935497821417,0.6637042508954859,0.1862151236105679,-0.9980061735784692,-0.256799845097533,K562,0.3008325221419518,1.137774870479645,0.5006914842928253,0.8369423483376933,0.3008325221419518,0.3008325221419518,K562
KLF1,K562,norm_mean,"[[1 0 0 0]
 [1 0 0 0]
 [0 0 0 1]
 ...
 [0 1 0 0]
 [0 0 1 0]
 [0 0 0 1]]",0.0024060138723613,0.0,EH38E3431237,chr20,37915413,37915913,shared,cross_context,62166,-1,MA0493.3,KLF1,353,361,13.71883804756092,+,KLF1,ig,0.046671257703565,0.0477743192273192,0.0613634114924078,0.7785471876471236,False,0.0320904264226555,0.0343511925940401,0.0406739312278873,0.8445503818176314,False,0.0296042336849495,0.0398575172259006,0.0538465844900986,0.7402049768111092,False,0.0361219726037234,0.0453100018203258,-4.463994800772067,0.8067859825247236,0.7376718809620878,0.6090906127947203,0.046671257703565,0.0320904264226555,0.0296042336849495,0.9154795318355776,0.8395601274669418,0.6450348969590891,2.007504394061116,1.6733753146623849,1.5670136148298324,0.7785471876471236,0.8445503818176314,0.7402049768111092,-0.3097420749858526,-0.4389488497798231,-0.7152712225067313,K562,0.0691141015626357,0.8067859825247236,0.7376718809620878,0.6090906127947203,0.0691141015626357,0.06911410156263575,K562
KLF1,K562,norm_mean,"[[0 1 0 0]
 [0 0 0 1]
 [0 1 0 0]
 ...
 [0 0 1 0]
 [0 1 0 0]
 [0 1 0 0]]",0.0350444486183163,0.0,EH38E3615926,chr4,173167586,173168086,shared,cross_context,143239,-1,MA0493.3,KLF1,216,224,13.71883804756092,+,KLF1,ig,0.1420777235180139,0.0828903171105776,0.0830998136926866,0.99747885647888,False,0.1011317782104015,0.0839353155746357,0.0707322421691899,1.1866625619931392,True,0.0389028635399881,0.0581846462737303,0.0545501568569586,1.066626366630591,True,0.0940374550894678,0.8494799733161926,-0.2353464606147476,1.711409083609145,1.332615465791157,0.6950678478619932,0.1420777235180139,0.1011317782104015,0.0389028635399881,1.9898202752306984,1.7237492461446215,0.8583301420981945,3.1943723038538763,2.857659030975893,1.6208096143847182,0.99747885647888,1.1866625619931392,1.066626366630591,0.7751846539210114,0.4142605432282246,-0.5247742818871131,K562,0.3787936178179876,1.711409083609145,1.332615465791157,0.6950678478619932,0.3787936178179876,0.3787936178179878,K562
KLF1,K562,norm_mean,"[[0 0 1 0]
 [0 1 0 0]
 [1 0 0 0]
 ...
 [0 1 0 0]
 [0 1 0 0]
 [0 1 0 0]]",0.1971381496535278,0.0,EH38E2115724,chr20,45833854,45834354,shared,cross_context,7472,-1,MA0493.3,KLF1,233,241,13.71883804756092,+,KLF1,ig,0.0895075062289834,0.067664809479902,0.0626437906086301,1.0801517280638966,True,0.0531904126983135,0.0569664067716803,0.0444564809697159,1.2813968338276236,True,0.0672245463356375,0.0685827300650998,0.0518133468298728,1.3236496197358665,True,0.0699741550876448,1.2833399772644043,0.3599045381995825,1.3854551739935437,1.0779690868019145,1.1518174955653726,0.0895075062289834,0.0531904126983135,0.0672245463356375,1.6623343067498737,1.29155749163222,1.2108924647796304,2.0507168425794777,2.197510362788887,2.4647261191756065,1.0801517280638966,1.2813968338276236,1.3236496197358665,0.4703600346297533,0.1083158074834499,0.2039121424239446,K562,0.2336376784281708,1.3854551739935437,1.0779690868019145,1.1518174955653726,0.2336376784281708,0.23363767842817107,K562
KLF1,K562,norm_mean,"[[0 0 1 0]
 [0 1 0 0]
 [0 0 1 0]
 ...
 [1 0 0 0]
 [1 0 0 0]
 [0 1 0 0]]",0.0930233992811679,0.0,EH38E3350181,chr2,69307281,69307781,shared,cross_context,116732,-1,MA0493.3,KLF1,450,458,13.71883804756092,+,KLF1,ig,0.0658770486479625,0.053289838405326,0.0548993120895465,0.970682995290992,False,0.0290811797021888,0.0403893801115918,0.0384852172480896,1.0494775008401904,True,0.0397111835191026,0.0391697747603757,0.051242285243934,0.7644032058656192,False,0.0448898039564179,0.9966800212860109,-0.0047962378472655,1.0292658149998124,0.6902473065891281,0.8078892140499494,0.0658770486479625,0.0290811797021888,0.0397111835191026,0.9981495330968349,1.1147196348044652,0.5267433808472505,2.534534073558686,1.3121749919765882,2.013542077490678,0.970682995290992,1.0494775008401904,0.7644032058656192,0.0416156177038106,-0.5348147395066706,-0.3077706235144035,K562,0.221376600949863,1.0292658149998124,0.6902473065891281,0.8078892140499494,0.221376600949863,0.221376600949863,K562
KLF1,K562,norm_mean,"[[1 0 0 0]
 [1 0 0 0]
 [0 0 1 0]
 ...
 [0 1 0 0]
 [0 0 0 1]
 [0 0 1 0]]",0.0071033735729038,0.0,EH38E3687679,chr6,4777054,4777554,shared,cross_context,149299,-1,MA0493.3,KLF1,111,119,13.71883804756092,+,KLF1,ig,0.1054438129067421,0.0841111818305216,0.0607629781177397,1.384250255559197,True,0.0559988632448948,0.0630289335153065,0.0445039131743616,1.4162556696039097,True,0.0622121387859806,0.0641162819758756,0.0561119260940549,1.1426496114552849,True,0.0745516049792058,0.0,-19.93156856932417,1.5549898950035466,1.129724572227882,1.1554350898537764,0.1054438129067421,0.0559988632448948,0.0622121387859806,1.7826708828379323,1.3763364561471725,1.582644478755565,2.942948700263813,2.681651174523352,1.798517978649949,1.384250255559197,1.4162556696039097,1.1426496114552849,0.6369052060581701,0.1759710865589484,0.2084362154666005,K562,0.3995548051497701,1.5549898950035466,1.129724572227882,1.1554350898537764,0.3995548051497701,0.39955480514977015,K562
KLF1,K562,norm_mean,"[[1 0 0 0]
 [0 0 1 0]
 [0 1 0 0]
 ...
 [0 0 0 1]
 [1 0 0 0]
 [0 1 0 0]]",0.1078884967587662,0.0,EH38E3789725,chr7,101216237,101216737,shared,cross_context,46315,-1,MA0493.3,KLF1,346,354,13.71883804756092,+,KLF1,ig,0.0709293230320327,0.0587307672016322,0.072329378091883,0.8119903783372829,False,0.0378326252684928,0.0397941546130459,0.0588141767341885,0.6766080910528639,False,0.0363461201777681,0.056231858630781,0.0619443676359809,0.9077798627864218,False,0.0483693561594312,1.3252099752426147,0.4062220568129756,1.0770904931213152,0.7060647346729255,0.5984846963303119,0.0709293230320327,0.0378326252684928,0.0363461201777681,1.562066217677815,0.7754004803930971,0.8936934134699227,2.194964459549427,1.5575251774533116,1.2860739159803785,0.8119903783372829,0.6766080910528639,0.9077798627864218,0.107139466163873,-0.5021276315711446,-0.7406137355513567,K562,0.3710257584483897,1.0770904931213152,0.7060647346729255,0.5984846963303119,0.3710257584483897,0.3710257584483897,K562
KLF1,K562,norm_mean,"[[0 1 0 0]
 [0 1 0 0]
 [1 0 0 0]
 ...
 [0 0 1 0]
 [0 1 0 0]
 [1 0 0 0]]",0.6918813311447078,1.0,EH38E1590204,chr12,6723858,6724358,shared,cross_context,179721,-1,MA0493.3,KLF1,122,130,13.71883804756092,+,KLF1,ig,0.0774311732966452,0.0615955258347094,0.0494611854139567,1.2453303103411992,True,0.0328368050977587,0.0395385244427598,0.0577574515070321,0.6845613261231347,False,0.021754702727776,0.0375908657361287,0.0417710824496632,0.8999253677989899,False,0.04400756037406,3.547450065612793,1.8267827835431436,1.471417023936306,0.723132105319479,0.5730700854452169,0.0774311732966452,0.0328368050977587,0.021754702727776,1.6277279218454035,1.1118544783117277,0.7054439534774937,2.9999988502544723,1.2439001116495083,0.9834547255287373,1.2453303103411992,0.6845613261231347,0.8999253677989899,0.5572061891773362,-0.4676688630333596,-0.803216503577755,K562,0.748284918616827,1.471417023936306,0.723132105319479,0.5730700854452169,0.748284918616827,0.748284918616827,K562
KLF1,K562,norm_mean,"[[0 1 0 0]
 [0 0 0 1]
 [0 1 0 0]
 ...
 [0 1 0 0]
 [0 0 1 0]
 [0 1 0 0]]",0.1695957170713862,0.0,EH38E1543889,chr11,64230923,64231423,shared,cross_context,7139,-1,MA0493.3,KLF1,388,396,13.71883804756092,+,KLF1,ig,0.0486020398093387,0.0575684611231554,0.0747242593418129,0.7704118304565643,False,0.0270707837771624,0.0453497927720309,0.0464245892119255,0.9768483420828648,False,0.0214305862900801,0.0398560161207569,0.0526139003118838,0.757518608377502,False,0.0323678032921937,1.631019949913025,0.7057753130991636,0.6366953935898103,0.5399260945924838,0.4238993550867752,0.0486020398093387,0.0270707837771624,0.0214305862900801,0.7924224336091797,0.3790984459524469,0.3812018050599943,1.071173127144976,1.5513489696636005,1.2391617528347023,0.7704118304565643,0.9768483420828648,0.757518608377502,-0.651324766077065,-0.8891661483871837,-1.2382063199808406,K562,0.0967692989973265,0.6366953935898103,0.5399260945924838,0.4238993550867752,0.0967692989973265,0.09676929899732656,K562
KLF1,K562,norm_mean,"[[0 0 0 1]
 [0 0 1 0]
 [0 1 0 0]
 ...
 [0 0 0 1]
 [0 1 0 0]
 [0 1 0 0]]",0.1205883303975956,0.0,EH38E2786415,chr1,11655054,11655554,shared,cross_context,184340,-1,MA0493.3,KLF1,220,228,13.71883804756092,+,KLF1,ig,0.0286848122486844,0.0518845513043925,0.0592271015477122,0.8760270414773704,False,0.0133320216846186,0.0343911560007836,0.0446899363997568,0.7695501733913644,False,0.0244892693735891,0.0471332765510305,0.0562839003612633,0.8374200770433573,False,0.0221687011022974,0.5663599967956543,-0.8202061791609943,0.5089666966369334,0.3278341107045137,0.4646088126306151,0.0286848122486844,0.0133320216846186,0.0244892693735891,0.3853578993770999,0.4785005527401371,0.5623435918966941,1.3074438916436837,0.5686407592634839,1.2680600755757916,0.8760270414773704,0.7695501733913644,0.8374200770433573,-0.9743568329397136,-1.6089621177333593,-1.105911572551717,K562,0.0443578840063182,0.5089666966369334,0.3278341107045137,0.4646088126306151,0.0443578840063182,0.04435788400631829,K562
KLF1,K562,norm_mean,"[[0 0 1 0]
 [0 0 0 1]
 [0 0 1 0]
 ...
 [0 0 1 0]
 [0 0 0 1]
 [1 0 0 0]]",0.1570731652603015,0.0,EH38E2013847,chr2,85539745,85540245,shared,cross_context,6755,-1,MA0493.3,KLF1,144,152,13.71883804756092,+,KLF1,ig,0.1073213294148445,0.0611054389574565,0.0461947922181758,1.3227773693858111,True,0.0423717566300183,0.0364728746714536,0.0461536187180055,0.7902493408329726,False,0.0508313807658851,0.047204224554589,0.0399325067973545,1.1820999110608577,True,0.066841488936916,2.372339963912964,1.2463113756491278,2.0892614797818303,1.0709837521468797,1.22014171616835,0.1073213294148445,0.0423717566300183,0.0508313807658851,2.606543302086196,1.341183210529845,1.36935598987809,4.099555150914698,2.16413469112305,2.0001246508967743,1.3227773693858111,0.7902493408329726,1.1820999110608577,1.0629930636926068,0.0989365945305471,0.2870487238389939,K562,0.8691197636134804,2.0892614797818303,1.0709837521468797,1.22014171616835,0.8691197636134804,0.8691197636134802,K562
KLF1,K562,norm_mean,"[[0 1 0 0]
 [0 0 0 1]
 [0 0 1 0]
 ...
 [0 0 1 0]
 [0 1 0 0]
 [0 1 0 0]]",0.1989232031220917,0.0,EH38E3353001,chr2,74380075,74380575,shared,cross_context,117215,-1,MA0493.3,KLF1,136,144,13.71883804756092,+,KLF1,ig,0.0696065776282921,0.0740165948600042,0.0564293073218626,1.3116691530720987,True,0.0376134463585913,0.0515828097471967,0.0417939304558482,1.2342174292392836,True,0.0429471360985189,0.0584343777387402,0.0444186114299858,1.315537850062425,True,0.0500557200284674,1.1861900091171265,0.2463363418551442,1.0780191250141329,0.8459396336353681,0.8904080129731589,0.0696065776282921,0.0376134463585913,0.0429471360985189,1.2754845574608362,0.8827942361278782,1.1062199155429293,1.6498836496990597,1.4651805569652394,2.068969533579677,1.3116691530720987,1.2342174292392836,1.315537850062425,0.1083827743436325,-0.2413733770733491,-0.1674615174059353,K562,0.1876111120409738,1.0780191250141329,0.8459396336353681,0.8904080129731589,0.1876111120409738,0.18761111204097403,K562
KLF1,K562,norm_mean,"[[0 1 0 0]
 [0 0 1 0]
 [0 1 0 0]
 ...
 [0 0 1 0]
 [1 0 0 0]
 [0 1 0 0]]",0.1044442976957746,0.0,EH38E3021720,chr12,57632015,57632515,shared,cross_context,72401,-1,MA0493.3,KLF1,137,145,13.71883804756092,+,KLF1,ig,0.0398973829578608,0.0549850864487234,0.0613074230550183,0.896874713370871,False,0.0116105475754011,0.0452775984012987,0.0540032956803061,0.8384227193301346,False,0.0214605630608275,0.037987683294923,0.0440436740499086,0.8625001317300531,False,0.0243228311980298,0.9902700185775756,-0.0141046771206842,0.6926632153334662,0.242722869734534,0.5343474163243496,0.0398973829578608,0.0116105475754011,0.0214605630608275,0.5698861621783867,0.2435839157416973,0.5536718985015929,1.7242419605743051,0.8707148747219107,1.1525487997831418,0.896874713370871,0.8384227193301346,0.8625001317300531,-0.5297740328952907,-2.042618041030648,-0.9041500490848096,K562,0.1583157990091166,0.6926632153334662,0.242722869734534,0.5343474163243496,0.1583157990091166,0.15831579900911663,K562
KLF1,K562,norm_mean,"[[1 0 0 0]
 [1 0 0 0]
 [0 0 1 0]
 ...
 [0 0 1 0]
 [0 1 0 0]
 [0 0 1 0]]",0.0980957031421895,0.0,EH38E1321910,chr1,15834264,15834764,shared,cross_context,88,-1,MA0493.3,KLF1,456,464,13.71883804756092,+,KLF1,ig,0.043852635892108,0.0524679391970858,0.0605830025306204,0.866050349849588,False,0.0127855694154277,0.0325714479986345,0.0413067827114718,0.7885252245592203,False,0.0209880680777132,0.0293326511557097,0.0485225726192584,0.6045154559449961,False,0.0258754244617496,2.760159969329834,1.464752405728834,0.679160527613563,0.3289574225643504,0.4872615204162132,0.043852635892108,0.0127855694154277,0.0209880680777132,0.670267516943884,0.3869238206194874,0.6301574643412795,1.7706581976154558,0.7319318612873295,0.9318345239615232,0.866050349849588,0.7885252245592203,0.6045154559449961,-0.5581754799719773,-1.6040272245665317,-1.037231796128632,K562,0.1918990071973498,0.679160527613563,0.3289574225643504,0.4872615204162132,0.1918990071973498,0.19189900719734987,K562
KLF1,K562,norm_mean,"[[1 0 0 0]
 [0 0 0 1]
 [0 0 1 0]
 ...
 [0 0 1 0]
 [0 1 0 0]
 [0 0 0 1]]",0.1169277613489936,0.0,EH38E2808393,chr1,44800020,44800520,shared,cross_context,53100,-1,MA0493.3,KLF1,207,215,13.71883804756092,+,KLF1,ig,0.1042533335275948,0.0711628366925288,0.0687276874747504,1.035431700860821,True,0.0596338523318991,0.0443054395017679,0.0530894756350079,0.8345426400694371,False,0.0449772289430256,0.0472534553974401,0.041232003056829,1.1460380392369367,True,0.0696214716008398,1.1649800539016724,0.2203064925067122,1.497880811543958,1.2021701162173166,1.0330137437629612,0.1042533335275948,0.0596338523318991,0.0449772289430256,1.980507068786716,1.5058449727368155,1.094495496288368,2.659016778112111,2.129630905499826,2.185747911227485,1.035431700860821,0.8345426400694371,1.1460380392369367,0.5829228320792242,0.265641064019114,0.0468594501075621,K562,0.2957106953266415,1.497880811543958,1.2021701162173166,1.0330137437629612,0.2957106953266415,0.2957106953266413,K562
KLF1,K562,norm_mean,"[[0 1 0 0]
 [0 1 0 0]
 [0 0 0 1]
 ...
 [1 0 0 0]
 [0 0 0 1]
 [1 0 0 0]]",0.1270795884045629,0.0,EH38E2101324,chr20,18288474,18288974,shared,cross_context,181618,-1,MA0493.3,KLF1,417,425,13.71883804756092,+,KLF1,ig,0.0771706905215978,0.0663614696543663,0.0868990818387828,0.7636612564085439,False,0.0357550837215967,0.0464056921564042,0.0461091394320828,1.006431320637527,True,0.0414673313207458,0.0523685856326483,0.0389938063675072,1.34299718547903,True,0.0514643685213134,1.98213005065918,0.9870523509632576,1.062459546403628,0.7882625275477653,0.9037045385902676,0.0771706905215978,0.0357550837215967,0.0414673313207458,1.3099129357741863,0.7177368377128113,0.8153569031223593,1.9725222923004373,2.366474613573576,2.673793605619484,0.7636612564085439,1.006431320637527,1.34299718547903,0.0874079124303952,-0.3432518997788288,-0.1460769250584875,K562,0.1587550078133603,1.062459546403628,0.7882625275477653,0.9037045385902676,0.1587550078133603,0.15875500781336038,K562
KLF1,K562,norm_mean,"[[0 1 0 0]
 [1 0 0 0]
 [0 0 1 0]
 ...
 [0 0 0 1]
 [0 1 0 0]
 [0 0 0 1]]",0.050314351227047,0.0,EH38E3099826,chr14,64764589,64765089,shared,cross_context,54266,-1,MA0493.3,KLF1,489,497,13.71883804756092,+,KLF1,ig,0.078074594028294,0.0489660823263693,0.0764741664461325,0.6402956475230621,False,0.028199864202179,0.0316924137643945,0.0615957667294424,0.5145225118858807,False,0.058625924953958,0.0494352729027741,0.0591178069643501,0.8362161433089642,False,0.0549667943948103,0.0922499969601631,-3.4382916872552265,1.3000618704117468,0.5868367783189558,1.122634234237874,0.078074594028294,0.028199864202179,0.058625924953958,1.7795480315499648,0.717258562190266,1.725392320997721,2.296761765260825,1.3484602032571618,2.087251702546088,0.6402956475230621,0.5145225118858807,0.8362161433089642,0.378580284372835,-0.7689688017931509,0.1668879607199879,K562,0.1774276361738729,1.3000618704117468,0.5868367783189558,1.122634234237874,0.1774276361738729,0.17742763617387292,K562
KLF1,K562,norm_mean,"[[0 0 1 0]
 [1 0 0 0]
 [0 0 0 1]
 ...
 [1 0 0 0]
 [1 0 0 0]
 [0 0 0 1]]",0.0362713124853636,0.0,EH38E2271634,chr3,195106322,195106822,shared,cross_context,29659,-1,MA0493.3,KLF1,369,377,13.71883804756092,+,KLF1,ig,0.1185235157608985,0.0583534789085388,0.0640274864031103,0.9113815499071136,False,0.0390605255379341,0.0491210121067706,0.0405980574447373,1.209934738239323,True,0.0638647285522893,0.0619066229296731,0.0479215785790873,1.2918316100374174,True,0.0738162566170406,1.4563000202178955,0.5423085941967593,1.895706662448364,0.8903901989995046,1.2085647597479097,0.1185235157608985,0.0390605255379341,0.0638647285522893,2.4190665673310474,1.1813011652358354,1.437788757997895,2.927676841680689,1.7318077210540193,3.3781511709941414,0.9113815499071136,1.209934738239323,1.2918316100374174,0.9227357427547846,-0.1674903810146797,0.2732947817560342,K562,0.6871419027004544,1.895706662448364,0.8903901989995046,1.2085647597479097,0.6871419027004544,0.6871419027004544,K562
KLF1,K562,norm_mean,"[[1 0 0 0]
 [0 0 1 0]
 [0 0 0 1]
 ...
 [1 0 0 0]
 [0 0 1 0]
 [0 0 1 0]]",0.1098114906470111,0.0,EH38E3287479,chr19,7516830,7517330,shared,cross_context,105813,-1,MA0493.3,KLF1,307,315,13.71883804756092,+,KLF1,ig,0.0677047781646251,0.0701003289583604,0.0805416109088338,0.8703615368966566,False,0.0206576999626122,0.0438232884882018,0.0520563009546983,0.8418439125726515,False,0.0214111268287524,0.0497353318380191,0.0541342679439019,0.9187400982711674,False,0.0365912016519966,0.6116300225257874,-0.70926651142433,0.8874383228845817,0.4220810669525484,0.4078783381514311,0.0677047781646251,0.0206576999626122,0.0214111268287524,0.5330721009770067,0.5734223266677897,0.4455380147056101,2.612280687500029,0.9558484545871708,0.7285912841041638,0.8703615368966566,0.8418439125726515,0.9187400982711674,-0.1722812378252607,-1.2444079748632988,-1.293789201702944,K562,0.4653572559320332,0.8874383228845817,0.4220810669525484,0.4078783381514311,0.4653572559320332,0.4653572559320333,K562
KLF1,K562,norm_mean,"[[1 0 0 0]
 [1 0 0 0]
 [1 0 0 0]
 ...
 [0 1 0 0]
 [0 1 0 0]
 [1 0 0 0]]",0.1952879160895118,0.0,EH38E2869831,chr1,226186035,226186535,shared,cross_context,16307,-1,MA0493.3,KLF1,338,346,13.71883804756092,+,KLF1,ig,0.1563478973694145,0.0869044136779848,0.0665757188202675,1.3053467865533708,True,0.059292736230418,0.0554172018158715,0.0558621261945787,0.9920351349050196,False,0.0321111259399913,0.0586195236491039,0.060951030683376,0.96174770753491,False,0.082583919846608,1.748890042304993,0.806440410687361,2.0695571969113105,1.01406106072373,0.5477824630018749,0.1563478973694145,0.059292736230418,0.0321111259399913,2.4469378402763544,0.9272694678111196,0.4696866934761303,3.7314454346541472,3.461088855861988,1.195587683600441,1.3053467865533708,0.9920351349050196,0.96174770753491,1.0493221219688629,0.0201445268912388,-0.8683250126748014,K562,1.0554961361875803,2.0695571969113105,1.01406106072373,0.5477824630018749,1.0554961361875803,1.0554961361875805,K562
KLF1,K562,norm_mean,"[[0 1 0 0]
 [1 0 0 0]
 [1 0 0 0]
 ...
 [0 1 0 0]
 [0 1 0 0]
 [0 1 0 0]]",0.6688625698535183,1.0,EH38E3699954,chr6,30720667,30721167,shared,cross_context,21879,-1,MA0493.3,KLF1,352,360,13.71883804756092,+,KLF1,ig,0.0988273904658854,0.0462675538507755,0.0615756928691553,0.7513930283360527,False,0.0497212815098464,0.0320609250402776,0.0433913326237416,0.7388783822221597,False,0.0509284540312364,0.0438922125572571,0.0444785296626832,0.9868177527888116,False,0.0664923753356561,0.6128600239753723,-0.70636813802368,1.8183626032013973,1.1556528007392004,1.0965572886106307,0.0988273904658854,0.0497212815098464,0.0509284540312364,2.396377772780976,1.1722066608556652,1.3976474309230873,2.857532505374591,2.760150843580225,2.3507979301689588,0.7513930283360527,0.7388783822221597,0.9868177527888116,0.8626399196203804,0.2087080272109176,0.1329811875500862,K562,0.6627098024621971,1.8183626032013973,1.1556528007392004,1.0965572886106307,0.6627098024621971,0.6627098024621969,K562
KLF1,K562,norm_mean,"[[1 0 0 0]
 [1 0 0 0]
 [1 0 0 0]
 ...
 [0 0 1 0]
 [0 0 1 0]
 [1 0 0 0]]",0.700065720275463,1.0,EH38E2776719,chr1,965702,966202,shared,cross_context,43608,-1,MA0493.3,KLF1,162,170,13.71883804756092,+,KLF1,ig,0.173409934155643,0.0638209998968523,0.0510921134566188,1.249135788044537,True,0.02740862587234,0.0410660102614201,0.048569915598675,0.8455028447179758,False,0.0895716166123747,0.0468835021747509,0.0492382849495738,0.95217558249662,False,0.0967967255467859,1.3531099557876587,0.4362801458933879,3.0886906458664605,0.6189287849149809,1.9102686383151009,0.173409934155643,0.02740862587234,0.0895716166123747,3.3355908732601174,0.7229494886046062,1.4964645561780174,4.705268499439866,1.1540665874749432,3.75723996856198,1.249135788044537,0.8455028447179758,0.95217558249662,1.6269953825935923,-0.6921546727139412,0.9337755373997568,K562,1.1784220075513598,3.0886906458664605,0.6189287849149809,1.9102686383151009,1.1784220075513598,1.1784220075513596,K562
KLF1,K562,norm_mean,"[[0 1 0 0]
 [0 0 0 1]
 [0 0 0 1]
 ...
 [0 0 0 1]
 [0 1 0 0]
 [0 0 0 1]]",0.09238572186434,0.0,EH38E2812554,chr1,54273454,54273954,shared,cross_context,49597,-1,MA0493.3,KLF1,426,434,13.71883804756092,+,KLF1,ig,0.0763400265714153,0.0543959426495712,0.0780464053200557,0.6969691359494504,False,0.0508018106920644,0.04221162182861,0.0530782083817757,0.7952720177040323,False,0.0413360439706593,0.0418006240087561,0.0614322932530194,0.6804339377703796,False,0.056159293744713,1.1752699613571167,0.2329934117175953,1.168648289402308,1.0305266370848265,0.798776659077245,0.0763400265714153,0.0508018106920644,0.0413360439706593,1.44223147146173,0.929020563308005,0.7903372380777539,2.7245070641476525,2.11723123330866,1.7085328869716805,0.6969691359494504,0.7952720177040323,0.6804339377703796,0.2248408100763265,0.0433817975857347,-0.3241359164404232,K562,0.1381216523174817,1.168648289402308,1.0305266370848265,0.798776659077245,0.1381216523174817,0.13812165231748152,K562
KLF1,K562,norm_mean,"[[0 0 1 0]
 [1 0 0 0]
 [1 0 0 0]
 ...
 [0 1 0 0]
 [0 1 0 0]
 [1 0 0 0]]",0.698389690395679,1.0,EH38E3176448,chr16,29973011,29973511,shared,cross_context,30632,-1,MA0493.3,KLF1,265,273,13.71883804756092,+,KLF1,ig,0.0557986388448625,0.0588737101404694,0.0650620812894209,0.9048849948363454,False,0.0375646153697744,0.0421110278670676,0.0681673835105567,0.6177591029726859,False,0.0194048515986651,0.0390653126750839,0.0492145550759652,0.7937754324311236,False,0.037589368604434,1.486549973487854,0.5719689337718327,0.8907153417546134,0.6477873028096314,0.4288364305850659,0.0557986388448625,0.0375646153697744,0.0194048515986651,0.8765187077750702,0.7541107914012068,0.5141936266226786,2.25344186487394,1.3331691106166472,0.7936005642346163,0.9048849948363454,0.6177591029726859,0.7937754324311236,-0.1669636499093889,-0.6264079023182942,-1.2215006204478969,K562,0.242928038944982,0.8907153417546134,0.6477873028096314,0.4288364305850659,0.242928038944982,0.24292803894498205,K562
KLF1,K562,norm_mean,"[[0 1 0 0]
 [0 0 1 0]
 [0 0 0 1]
 ...
 [0 0 0 1]
 [0 1 0 0]
 [0 0 0 1]]",0.083357505049327,0.0,EH38E3751655,chr7,727627,728127,shared,cross_context,63277,-1,MA0493.3,KLF1,285,293,13.71883804756092,+,KLF1,ig,0.0463174040196463,0.0556988977245055,0.0541601381018363,1.0284111044116024,True,0.0357833855377975,0.041199769238301,0.0489993144113283,0.8408232099782974,False,0.0235262671485543,0.0335659103502985,0.060225750270407,0.5573347716922334,False,0.0352090189019994,0.8300099968910217,-0.2687976439036525,0.8458067102172125,0.7787017979187041,0.4723035630368466,0.0463174040196463,0.0357833855377975,0.0235262671485543,1.0996836658396816,1.0364565616351489,0.4939555181814964,1.3981855046471132,1.5274620072893506,1.1324385850547802,1.0284111044116024,0.8408232099782974,0.5573347716922334,-0.2416000871319294,-0.3608571357723961,-1.0822136726767078,K562,0.0671049122985084,0.8458067102172125,0.7787017979187041,0.4723035630368466,0.0671049122985084,0.06710491229850846,K562
KLF1,K562,norm_mean,"[[0 0 0 1]
 [0 1 0 0]
 [0 1 0 0]
 ...
 [0 1 0 0]
 [0 0 0 1]
 [0 0 1 0]]",0.083357505049327,0.0,EH38E3751654,chr7,727424,727924,shared,cross_context,156834,-1,MA0493.3,KLF1,488,496,13.71883804756092,+,KLF1,ig,0.0642339498735964,0.0493773431784939,0.0945132950041443,0.5224380120484493,False,0.0391248088562861,0.0357193805213319,0.0671614795620553,0.5318431850491974,False,0.0353400285821408,0.0401245246245525,0.0658406817837385,0.6094183329109949,False,0.0462329291040077,0.8300099968910217,-0.2687976439036525,0.9307469448470164,0.746590412514409,0.5725649779160847,0.0642339498735964,0.0391248088562861,0.0353400285821408,1.1450189781638955,0.8721742017157988,0.6540189590460732,1.9760632311915656,1.4682732265547989,1.201850311653433,0.5224380120484493,0.5318431850491974,0.6094183329109949,-0.1035391178622455,-0.4216111108432383,-0.8044886646640313,K562,0.1841565323326072,0.9307469448470164,0.746590412514409,0.5725649779160847,0.1841565323326072,0.18415653233260731,K562
KLF1,K562,norm_mean,"[[0 0 1 0]
 [1 0 0 0]
 [0 1 0 0]
 ...
 [0 1 0 0]
 [0 1 0 0]
 [0 0 0 1]]",0.1989232031220917,0.0,EH38E3353000,chr2,74379747,74380247,shared,cross_context,117211,-1,MA0493.3,KLF1,464,472,13.71883804756092,+,KLF1,ig,0.0625663080718368,0.0712545893201604,0.0503908913151826,1.4140368094327296,True,0.0353469005785882,0.0472166642185766,0.0602958175053936,0.7830834432839147,False,0.0430101332021877,0.0380262648500502,0.0570471152992104,0.6665763550854424,False,0.0469744472842042,1.1861900091171265,0.2463363418551442,0.9150699364091712,0.6469612998295822,0.861791980146967,0.0625663080718368,0.0353469005785882,0.0430101332021877,1.0243600677997338,0.4970449061630594,0.7968628056661621,2.053279056262781,1.419581676106762,2.359730082542264,1.4140368094327296,0.7830834432839147,0.6665763550854424,-0.1280460842802653,-0.6282486775243471,-0.2145884204508177,K562,0.0532779562622042,0.9150699364091712,0.6469612998295822,0.861791980146967,0.0532779562622042,0.05327795626220422,K562
KLF1,K562,norm_mean,"[[1 0 0 0]
 [1 0 0 0]
 [0 0 0 1]
 ...
 [0 0 1 0]
 [0 0 1 0]
 [0 0 0 1]]",0.1270795884045629,0.0,EH38E3422495,chr20,18288697,18289197,shared,cross_context,123069,-1,MA0493.3,KLF1,194,202,13.71883804756092,+,KLF1,ig,0.0714710028842091,0.0605542269709985,0.0731200898463069,0.8281474874662251,False,0.0344649124308489,0.0456792518403381,0.0467226003115409,0.9776690886008762,False,0.0355568754312116,0.0503715610367362,0.0469277294730805,1.0733856265467725,True,0.0471642635820899,1.98213005065918,0.9870523509632576,1.054292491606856,0.7474395668281602,0.7252233669235416,0.0714710028842091,0.0344649124308489,0.0355568754312116,1.2394223533460145,0.7118731635199935,0.6858328180100486,1.8969452593917755,2.44298754084929,2.329554210928723,0.8281474874662251,0.9776690886008762,1.0733856265467725,0.0762751697202117,-0.4199711560034935,-0.4635026829819847,K562,0.3068529247786959,1.054292491606856,0.7474395668281602,0.7252233669235416,0.3068529247786959,0.30685292477869575,K562
KLF1,K562,norm_mean,"[[1 0 0 0]
 [1 0 0 0]
 [0 0 1 0]
 ...
 [0 1 0 0]
 [1 0 0 0]
 [0 0 0 1]]",0.1166740565726385,0.0,EH38E2972894,chr11,75350336,75350836,shared,cross_context,209468,-1,MA0493.3,KLF1,143,151,13.71883804756092,+,KLF1,ig,0.0617476953193545,0.0592432724719401,0.0639726723410445,0.9260714152348426,False,0.0255879472242668,0.0422023682598955,0.0522173845985911,0.8082051696434928,False,0.0365557524492032,0.044536144931917,0.0522384905470308,0.8525540447283838,False,0.0412971316642748,0.5663099884986877,-0.8203335712445285,1.031545317658317,0.5474632226921814,0.7731645776025887,0.0617476953193545,0.0255879472242668,0.0365557524492032,0.9882468509414012,0.556157081239647,0.7987390871180683,1.979879707620175,1.4439777170315466,1.8418130159055848,0.9260714152348426,0.8082051696434928,0.8525540447283838,0.0448072042272167,-0.869166041185326,-0.3711525507745257,K562,0.2583807400557282,1.031545317658317,0.5474632226921814,0.7731645776025887,0.2583807400557282,0.2583807400557282,K562
KLF1,K562,norm_mean,"[[0 1 0 0]
 [0 0 0 1]
 [0 0 0 1]
 ...
 [0 1 0 0]
 [0 1 0 0]
 [0 0 1 0]]",0.7950524028322947,1.0,EH38E3481456,chr22,38871630,38872130,shared,cross_context,131002,-1,MA0493.3,KLF1,353,361,13.71883804756092,+,KLF1,ig,0.0470622377470135,0.0570117660320829,0.0694982926781271,0.8203332144113792,False,0.0269368435547221,0.0473315152910072,0.0466168285315564,1.0153308714611144,True,0.0313634355552494,0.0533260903664631,0.042795829424251,1.246057819729198,True,0.0351208389523283,0.2766300141811371,-1.8539651831675108,0.7592252744454913,0.5806719878243941,0.6704458431993894,0.0470622377470135,0.0269368435547221,0.0313634355552494,0.9734076610072472,0.614113543088617,0.606930613452652,1.5328023420738348,1.2642551761017222,1.4673827966768005,0.8203332144113792,1.0153308714611144,1.246057819729198,-0.3974000728222234,-0.7842046536809817,-0.5768072928999105,K562,0.0887794312461018,0.7592252744454913,0.5806719878243941,0.6704458431993894,0.0887794312461018,0.08877943124610188,K562
KLF1,K562,norm_mean,"[[0 0 1 0]
 [0 0 1 0]
 [1 0 0 0]
 ...
 [0 0 1 0]
 [0 1 0 0]
 [0 0 0 1]]",0.0094261744894054,0.0,EH38E3281254,chr19,1651141,1651641,shared,cross_context,103998,-1,MA0493.3,KLF1,155,163,13.71883804756092,+,KLF1,ig,0.0498402185039594,0.0693466147454455,0.0656421913781776,1.0564334115781098,True,0.024828339664964,0.0399141924334981,0.0498284148551257,0.801032594338414,False,0.0255365347256883,0.0361743404564913,0.0520172088297306,0.6954301146876334,False,0.0334016976315372,0.5708699822425842,-0.8087633638534224,0.7564943782690046,0.5624008251014003,0.5660539894370433,0.0498402185039594,0.024828339664964,0.0255365347256883,1.0131182577279323,0.243086586059823,0.4770445833985582,1.4089817876326851,2.021663041605712,1.4566350414365403,1.0564334115781098,0.801032594338414,0.6954301146876334,-0.402598731587264,-0.8303293813241436,-0.820988430485702,K562,0.1904403888319612,0.7564943782690046,0.5624008251014003,0.5660539894370433,0.1904403888319612,0.19044038883196124,K562
KLF1,K562,norm_mean,"[[0 0 1 0]
 [0 0 0 1]
 [0 0 1 0]
 ...
 [0 1 0 0]
 [0 0 0 1]
 [0 1 0 0]]",0.1959850890637098,0.0,EH38E2837256,chr1,151058099,151058599,shared,cross_context,15245,-1,MA0493.3,KLF1,220,228,13.71883804756092,+,KLF1,ig,0.0503862469922751,0.0959125445922836,0.0682425612668829,1.4054649877887673,True,0.0286447373218834,0.0583495750644942,0.0411799679311046,1.4169404160952912,True,0.0341284853639081,0.0723373890551738,0.0426626159085292,1.69556813521673,True,0.0377198232260222,1.3374799489974976,0.4195183419940991,0.6373879184073924,0.598175488333836,0.6290463642610077,0.0503862469922751,0.0286447373218834,0.0341284853639081,0.7080630737939648,0.5935144328856905,0.8843125395345927,1.5929845035995276,1.1720974009792038,1.06864429839785,1.4054649877887673,1.4169404160952912,1.69556813521673,-0.6497564193175793,-0.741359298674486,-0.6687617368179453,K562,0.0083415541463847,0.6373879184073924,0.598175488333836,0.6290463642610077,0.0083415541463847,0.008341554146384711,K562
KLF1,K562,norm_mean,"[[0 1 0 0]
 [0 1 0 0]
 [0 0 0 1]
 ...
 [0 0 1 0]
 [0 1 0 0]
 [0 1 0 0]]",0.0857786177667665,0.0,EH38E1838599,chr16,89874363,89874863,shared,cross_context,15858,-1,MA0493.3,KLF1,46,54,13.71883804756092,+,KLF1,ig,0.0749833611771464,0.0777313857575063,0.0678922559611965,1.144922542457684,True,0.0338621219852939,0.0480784414859954,0.0532636650762287,0.90264972173226,False,0.0394017928047105,0.0657407795282779,0.0515220038994448,1.275974569949532,True,0.0494157586557169,1.177940011024475,0.2362672936392398,1.1087153934179277,0.7241005718558001,0.7518096030898946,0.0749833611771464,0.0338621219852939,0.0394017928047105,1.326281556810246,0.7446793314377296,1.0020256429293444,1.8141362572279705,1.3568181945482614,1.2839139760838747,1.144922542457684,0.90264972173226,1.275974569949532,0.1488890753666754,-0.4657380027123042,-0.4115607494926502,K562,0.3569057903280328,1.1087153934179277,0.7241005718558001,0.7518096030898946,0.3569057903280328,0.35690579032803305,K562
KLF1,K562,norm_mean,"[[1 0 0 0]
 [0 1 0 0]
 [1 0 0 0]
 ...
 [0 1 0 0]
 [0 0 1 0]
 [0 0 1 0]]",0.1424340410596475,0.0,EH38E2524900,chr6,167350620,167351120,shared,cross_context,5313,-1,MA0493.3,KLF1,480,488,13.71883804756092,+,KLF1,ig,0.0708818667335435,0.0497071556083392,0.0588140455109532,0.8451577633357042,False,0.0240653628716245,0.0364922883635153,0.0528610275883693,0.6903437773522736,False,0.0191794941201806,0.0388058048693346,0.0499659797298954,0.7766443750861303,False,0.0380422412417829,1.45618999004364,0.5421995878981924,1.2028739874355574,0.5192848214649153,0.4252211057108146,0.0708818667335435,0.0240653628716245,0.0191794941201806,1.5370097045135305,0.5570275916374842,0.4863491773860366,2.103344139854822,1.1750144279678565,0.8528636838751986,0.8451577633357042,0.6903437773522736,0.7766443750861303,0.2664855155138589,-0.9454020355979732,-1.2337148851508188,K562,0.6835891659706421,1.2028739874355574,0.5192848214649153,0.4252211057108146,0.6835891659706421,0.6835891659706421,K562
KLF1,K562,norm_mean,"[[0 1 0 0]
 [0 0 1 0]
 [0 1 0 0]
 ...
 [0 0 0 1]
 [0 0 0 1]
 [0 0 1 0]]",5.968689091977293e-05,0.0,EH38E3312494,chr19,48646866,48647366,shared,cross_context,214918,-1,MA0493.3,KLF1,240,248,13.71883804756092,+,KLF1,ig,0.0712160426191985,0.067534298049286,0.0585340689031932,1.1537603275687962,True,0.049960362695856,0.0547954062692588,0.0495817909787337,1.1051515916648786,True,0.0224631340242922,0.049764828083862,0.0327938581098211,1.5175040625646254,True,0.0478798464464489,1.6988999843597412,0.7646017715710581,1.1477242739873197,0.967879708434092,0.5697956116401967,0.0712160426191985,0.049960362695856,0.0224631340242922,1.348758405062109,0.9220828140727094,0.3799637101874192,2.6814765585670544,2.0908344625441173,1.448814967998031,1.1537603275687962,1.1051515916648786,1.5175040625646254,0.1987760959455996,-0.0471003380761431,-0.8114835817664889,K562,0.1798445655532274,1.1477242739873197,0.967879708434092,0.5697956116401967,0.1798445655532274,0.1798445655532277,K562
KLF1,K562,norm_mean,"[[0 1 0 0]
 [0 0 1 0]
 [0 0 1 0]
 ...
 [0 0 1 0]
 [0 0 0 1]
 [0 1 0 0]]",0.0045011436691476,0.0,EH38E3751761,chr7,817008,817508,shared,cross_context,45130,-1,MA0493.3,KLF1,109,117,13.71883804756092,+,KLF1,ig,0.0536411681678146,0.050957068336429,0.0650503982018084,0.7833474031145652,False,0.0247848209692165,0.0397234905022196,0.0751760747838992,0.5284059500625573,False,0.0279317582026124,0.0363748716522241,0.0403513614735413,0.9014531681054602,False,0.0354525824465478,1.8466500043869016,0.8849112394580898,0.877890004057897,0.4397143238787727,0.733253708943779,0.0536411681678146,0.0247848209692165,0.0279317582026124,1.14137098566441,0.4621317465633557,0.8106302918521668,1.6394751898068078,1.0252202979694849,1.5040714579578818,0.7833474031145652,0.5284059500625573,0.9014531681054602,-0.1878879058084292,-1.1853615618934756,-0.4476156294793534,K562,0.144636295114118,0.877890004057897,0.4397143238787727,0.733253708943779,0.144636295114118,0.14463629511411802,K562
KLF1,K562,norm_mean,"[[1 0 0 0]
 [1 0 0 0]
 [0 0 0 1]
 ...
 [0 0 0 1]
 [0 0 0 1]
 [0 0 0 1]]",0.099985191011184,0.0,EH38E2157595,chr22,30196169,30196669,shared,cross_context,181908,-1,MA0493.3,KLF1,231,239,13.71883804756092,+,KLF1,ig,0.1163290435215458,0.0661682673217728,0.0670725423350142,0.9865178082276544,False,0.0530673181492602,0.0518620423442916,0.0542503815970401,0.9559754467674892,False,0.0583282782463356,0.0574511283976608,0.0497439967282564,1.1549356832373223,True,0.0759082133057139,1.0493099689483645,0.0694422917146592,1.7435588539811202,0.9953088812359449,1.1056530375382358,0.1163290435215458,0.0530673181492602,0.0583282782463356,2.417068886153079,1.1672036148426783,1.1149240112571892,3.451611187517841,2.104899576359327,2.2758833579858946,0.9865178082276544,0.9559754467674892,1.1549356832373223,0.8020350640608662,-0.0067837765516872,0.1448987290522248,K562,0.6379058164428844,1.7435588539811202,0.9953088812359449,1.1056530375382358,0.6379058164428844,0.6379058164428844,K562
KLF1,K562,norm_mean,"[[0 0 1 0]
 [0 1 0 0]
 [0 1 0 0]
 ...
 [1 0 0 0]
 [0 1 0 0]
 [0 0 1 0]]",0.0658108926508946,0.0,EH38E3294985,chr19,17336688,17337188,shared,cross_context,108098,-1,MA0493.3,KLF1,396,404,13.272440633459942,+,KLF1,ig,0.0330518408445641,0.0560190688393777,0.0534770964251673,1.0475336566268314,True,0.0210004154941998,0.0552068599738413,0.0456237339476158,1.2100466817722937,True,0.025057969847694,0.0436285717587452,0.0492154610096718,0.8864808334389672,False,0.026370075395486,1.505519986152649,0.590262818595525,0.5585900318114553,0.4165481318255329,0.527248507043878,0.0330518408445641,0.0210004154941998,0.025057969847694,0.6798786474525257,0.4078851801885397,0.4948542725739148,0.9041377246011308,0.823768638575244,1.249343908603039,1.0475336566268314,1.2100466817722937,0.8864808334389672,-0.8401382637359791,-1.2634448838666827,-0.9234449872595644,K562,0.0313415247675772,0.5585900318114553,0.4165481318255329,0.527248507043878,0.0313415247675772,0.031341524767577233,K562
KLF1,K562,norm_mean,"[[1 0 0 0]
 [0 0 1 0]
 [0 0 1 0]
 ...
 [1 0 0 0]
 [0 1 0 0]
 [1 0 0 0]]",0.1965910683950526,0.0,EH38E2961886,chr11,62840957,62841457,shared,cross_context,65102,-1,MA0493.3,KLF1,222,230,13.272440633459942,+,KLF1,ig,0.0683435713872313,0.0539049190341029,0.0544664208573522,0.989690680765922,False,0.0399824744090437,0.0429646019524079,0.0350021253778742,1.2274851659355337,True,0.0236042723990976,0.0433566929394146,0.0391584635463704,1.1072110072950825,True,0.0439767727317909,1.8904000520706177,0.9186923373320574,1.259857048272452,1.0490654824441124,0.578558820710566,0.0683435713872313,0.0399824744090437,0.0236042723990976,1.2235625735082585,0.9432789375994588,0.5368689834363164,3.3298595083380875,3.0005322185802603,1.7859162698751432,0.989690680765922,1.2274851659355337,1.1072110072950825,0.3332600464191951,0.0691047348184159,-0.7894644502027189,K562,0.2107915658283397,1.259857048272452,1.0490654824441124,0.578558820710566,0.2107915658283397,0.2107915658283397,K562
KLF1,K562,norm_mean,"[[1 0 0 0]
 [0 1 0 0]
 [1 0 0 0]
 ...
 [0 0 1 0]
 [0 0 0 1]
 [0 0 1 0]]",0.002923050411201,0.0,EH38E3280322,chr19,1103655,1104155,shared,cross_context,103590,-1,MA0493.3,KLF1,299,307,13.272440633459942,+,KLF1,ig,0.1110104536637663,0.069433192985598,0.0525998914362651,1.3200251538442438,True,0.0670890854671597,0.0556119271344505,0.0441358380127414,1.26001718871236,True,0.036089027300477,0.0456458204932278,0.0461019311152235,0.9901062599326176,False,0.0713961888104677,1.7860300540924072,0.8367571651151412,1.8776261221479211,1.384073937794877,0.7863557091715779,0.1110104536637663,0.0670890854671597,0.036089027300477,2.273249659943588,1.3691572709566344,0.8381648221365996,3.212953282326388,2.825603874688132,1.9554087031708156,1.3200251538442438,1.26001718871236,0.9901062599326176,0.9089098191263548,0.4689210154337427,-0.3467460276788796,K562,0.4935521843530444,1.8776261221479211,1.384073937794877,0.7863557091715779,0.4935521843530444,0.49355218435304415,K562
KLF1,K562,norm_mean,"[[0 0 0 1]
 [0 1 0 0]
 [0 0 0 1]
 ...
 [0 0 0 1]
 [1 0 0 0]
 [0 0 0 1]]",0.0013307896696603,0.0,EH38E3406422,chr2,231661403,231661903,shared,cross_context,121343,-1,MA0493.3,KLF1,160,168,13.272440633459942,+,KLF1,ig,0.0717525665531866,0.076714014285244,0.0616662306243652,1.2440196371389176,True,0.0507114384090527,0.0513860788452439,0.0528138222126113,0.97296629864654,False,0.0349270598962903,0.0424715989202377,0.0523706833171838,0.8109802683536749,False,0.0524636882861765,1.844640016555786,0.883340082396364,1.0866017303046922,1.017403044529275,0.7480713838554652,0.0717525665531866,0.0507114384090527,0.0349270598962903,0.9936672499780974,1.1976628679069112,0.9276423782442524,2.655846435748966,1.6952991304256897,1.2908372676880566,1.2440196371389176,0.97296629864654,0.8109802683536749,0.1198232507991285,0.0248913179326071,-0.4187521487543154,K562,0.0691986857754172,1.0866017303046922,1.017403044529275,0.7480713838554652,0.0691986857754172,0.06919868577541721,K562
KLF1,K562,norm_mean,"[[0 1 0 0]
 [1 0 0 0]
 [0 0 1 0]
 ...
 [0 1 0 0]
 [0 1 0 0]
 [0 0 0 1]]",0.9584300960145395,1.0,EH38E1757978,chr15,43791599,43792099,shared,cross_context,12964,-1,MA0493.3,KLF1,184,192,13.272440633459942,+,KLF1,ig,0.0679247670923359,0.0601374855171889,0.0635237648602924,0.9466925674591762,False,0.0393983891699463,0.048278443114832,0.0456086972889251,1.0585356609428658,True,0.0401895497925579,0.043671316569671,0.0458848478067213,0.9517587861691909,False,0.04917090201828,1.783900022506714,0.8350355713680652,1.088979323093567,0.8629573843753544,0.8852807350720399,0.0679247670923359,0.0393983891699463,0.0401895497925579,0.8580102950199029,0.7829538666978997,1.0696847333515989,3.244527982042148,1.801623734677899,1.4358053156658073,0.9466925674591762,1.0585356609428658,0.9517587861691909,0.122976562584802,-0.212638776996021,-0.1757930664559427,K562,0.203698588021527,1.088979323093567,0.8629573843753544,0.8852807350720399,0.203698588021527,0.20369858802152707,K562
KLF1,K562,norm_mean,"[[0 0 0 1]
 [0 1 0 0]
 [0 1 0 0]
 ...
 [0 0 0 1]
 [0 1 0 0]
 [0 0 1 0]]",0.0715376423565163,0.0,EH38E1812017,chr16,31116326,31116826,shared,cross_context,14870,-1,MA0493.3,KLF1,453,461,13.272440633459942,+,KLF1,ig,0.0497557464987039,0.0495318534897523,0.0600293849292211,0.8251266491716921,False,0.0187915683491155,0.0332771800170303,0.0441219170135445,0.7542095794414163,False,0.0407970126252621,0.0326467573607806,0.0594236581225413,0.5493898036293826,False,0.0364481091576938,0.7701699733734131,-0.3767493438108308,0.9386775920300052,0.4848931713441058,0.9361545445883426,0.0497557464987039,0.0187915683491155,0.0407970126252621,1.0038103881770208,0.6327829108444368,1.0664367062128417,2.5143123694973517,0.8234380193739121,2.2012974812213786,0.8251266491716921,0.7542095794414163,0.5493898036293826,-0.0912983734379287,-1.044261155227461,-0.0951813773126939,K562,0.0025230474416627,0.9386775920300052,0.4848931713441058,0.9361545445883426,0.0025230474416627,0.0025230474416626514,K562
KLF1,K562,norm_mean,"[[1 0 0 0]
 [0 0 1 0]
 [0 0 0 1]
 ...
 [0 0 0 1]
 [0 1 0 0]
 [1 0 0 0]]",0.0834497390690596,0.0,EH38E3422492,chr20,18287690,18288190,shared,cross_context,216413,-1,MA0493.3,KLF1,239,247,13.272440633459942,+,KLF1,ig,0.0504871917655691,0.0677984314609784,0.0684805163167393,0.9900395792432144,False,0.0391508040484041,0.0490797409479273,0.0568572561676727,0.8632096520995333,False,0.034713078988716,0.0429659657337469,0.053556175017804,0.8022596404031307,False,0.041450358267563,1.0571000576019287,0.0801133032409327,0.7401286368620178,0.7274509845806948,0.7024184204784564,0.0504871917655691,0.0391508040484041,0.034713078988716,1.0781677682448565,0.8866242605357809,0.7943561180323083,1.0526194698760911,1.2160686761113673,1.7246433886217674,0.9900395792432144,0.8632096520995333,0.8022596404031307,-0.4341520551229704,-0.4590780499480446,-0.5095974136998602,K562,0.012677652281323,0.7401286368620178,0.7274509845806948,0.7024184204784564,0.012677652281323,0.012677652281323004,K562
KLF1,K562,norm_mean,"[[0 0 1 0]
 [0 0 1 0]
 [1 0 0 0]
 ...
 [0 0 1 0]
 [0 0 1 0]
 [0 1 0 0]]",0.6970934104808532,1.0,EH38E2957313,chr11,47214164,47214664,shared,cross_context,18814,-1,MA0493.3,KLF1,469,477,13.272440633459942,+,KLF1,ig,0.0610426124185323,0.0612336983421118,0.0735989412595518,0.8319914522445709,False,0.0302592779044061,0.0425154094143363,0.047361970404163,0.8976695875369121,False,0.0313258516252972,0.0434387545258505,0.0420961342807277,1.0318939006900325,True,0.0408759139827452,1.5775599479675293,0.6576957438017644,0.854564732522397,0.6239659929929644,0.6223705618459655,0.0610426124185323,0.0302592779044061,0.0313258516252972,1.075594158022033,0.3277526523132201,0.5917314356553072,1.475769428074279,1.650586874289147,1.173038167843225,0.8319914522445709,0.8976695875369121,1.0318939006900325,-0.2267383142855794,-0.6804606902142203,-0.6841542701681456,K562,0.2305987395294325,0.854564732522397,0.6239659929929644,0.6223705618459655,0.2305987395294325,0.23059873952943255,K562
KLF1,K562,norm_mean,"[[0 0 1 0]
 [0 1 0 0]
 [0 0 0 1]
 ...
 [0 0 1 0]
 [0 0 1 0]
 [0 0 1 0]]",0.1176132440721532,0.0,EH38E3296313,chr19,18522095,18522595,shared,cross_context,31218,-1,MA0493.3,KLF1,450,458,13.272440633459942,+,KLF1,ig,0.0574647688772529,0.0632808850548462,0.0619674072111956,1.0211961043845683,True,0.0341761695453897,0.0390578800655202,0.0418018561368808,0.9343573307857764,False,0.0363905213307589,0.0465577843505889,0.0478263919481833,0.9734745340247664,False,0.0426771532511338,3.139709949493408,1.65063174671962,0.8555125106242327,0.6573342881428043,0.6725939798196543,0.0574647688772529,0.0341761695453897,0.0363905213307589,1.0780862542273344,0.7956337519083244,0.6841231256487827,1.5327425529947725,1.7736064146000787,1.6204244942021997,1.0211961043845683,0.9343573307857764,0.9734745340247664,-0.2251391410186795,-0.6053008512255429,-0.5721922269364728,K562,0.1829185308045784,0.8555125106242327,0.6573342881428043,0.6725939798196543,0.1829185308045784,0.18291853080457843,K562
KLF1,K562,norm_mean,"[[0 1 0 0]
 [0 1 0 0]
 [1 0 0 0]
 ...
 [0 0 0 1]
 [0 0 0 1]
 [0 0 0 1]]",0.1299242168039492,0.0,EH38E3870236,chr8,144467340,144467840,shared,cross_context,222076,-1,MA0493.3,KLF1,438,446,13.272440633459942,+,KLF1,ig,0.0378119839006103,0.0573076866474002,0.0697393463412299,0.8217409745939956,False,0.026015080162324,0.0362845428677974,0.0625658012062194,0.579942018943894,False,0.0288885035552084,0.0401171319981222,0.0533952977741137,0.7513231718381661,False,0.0309051892060476,3.0580201148986816,1.6125983681946134,0.5916189628051717,0.5272082841450246,0.5831813977524559,0.0378119839006103,0.026015080162324,0.0288885035552084,0.4826258560699751,0.35590455509728,0.6771111621150194,1.5519579242290988,1.627270252361358,1.2586611554588307,0.8217409745939956,0.579942018943894,0.7513231718381661,-0.7572597974382296,-0.9235550522278192,-0.7779833909213518,K562,0.0084375650527157,0.5916189628051717,0.5272082841450246,0.5831813977524559,0.0084375650527157,0.008437565052715756,K562
KLF1,K562,norm_mean,"[[0 0 1 0]
 [0 0 0 1]
 [1 0 0 0]
 ...
 [0 0 1 0]
 [0 0 1 0]
 [0 0 1 0]]",0.6964337297930718,1.0,EH38E2959964,chr11,60914188,60914688,shared,cross_context,9288,-1,MA0493.3,KLF1,355,363,13.272440633459942,+,KLF1,ig,0.063755290582776,0.0519845991360489,0.0598730615334651,0.8682467393875544,False,0.0197633508942089,0.037852039115678,0.0472015687119558,0.801923159110151,False,0.0318863620050251,0.0467449743382167,0.0427093436976475,1.0944903233408445,True,0.0384683344940034,1.5182100534439087,0.6023723603132816,1.1388771963419704,0.4729814506475719,0.717661418747511,0.063755290582776,0.0197633508942089,0.0318863620050251,1.544073223880743,0.6171983026946474,0.8533210429676262,1.6515995397046226,0.975743542110554,1.3029767370511285,0.8682467393875544,0.801923159110151,1.0944903233408445,0.1876121927552793,-1.0801444866731311,-0.478624728914919,K562,0.4212157775944594,1.1388771963419704,0.4729814506475719,0.717661418747511,0.4212157775944594,0.4212157775944594,K562
KLF1,K562,norm_mean,"[[0 1 0 0]
 [0 1 0 0]
 [1 0 0 0]
 ...
 [0 0 0 1]
 [0 0 1 0]
 [0 0 1 0]]",0.1197903654896056,0.0,EH38E3207372,chr17,7844222,7844722,shared,cross_context,13765,-1,MA0493.3,KLF1,377,385,13.272440633459942,+,KLF1,ig,0.065265035489574,0.0805883856758009,0.0548402177899656,1.4695122344212173,True,0.0316023265477269,0.0394343338499311,0.0403953952653317,0.97620839773514,False,0.0257502637978177,0.0470354378677439,0.0482485239400056,0.9748573485409902,False,0.0408725419450396,1.313830018043518,0.393779731438199,0.9713173696774582,0.7874534085814939,0.5402467853823888,0.065265035489574,0.0316023265477269,0.0257502637978177,0.944628202261035,0.7059121544683906,0.2401505644536363,2.549662239047437,1.9406678534003885,2.386243355145493,1.4695122344212173,0.97620839773514,0.9748573485409902,-0.0419853324131381,-0.3447335272657117,-0.8883095095406275,K562,0.1838639610959642,0.9713173696774582,0.7874534085814939,0.5402467853823888,0.1838639610959642,0.18386396109596426,K562
KLF1,K562,norm_mean,"[[0 1 0 0]
 [1 0 0 0]
 [0 0 1 0]
 ...
 [0 0 1 0]
 [1 0 0 0]
 [1 0 0 0]]",0.1606247764558638,0.0,EH38E3926350,chrX,15674632,15675132,shared,cross_context,200722,-1,MA0493.3,KLF1,498,506,13.272440633459942,+,KLF1,ig,0.0614024881506338,0.0712120694533223,0.0623645285144448,1.1418679773735236,True,0.0412962394766509,0.0453503064828692,0.0449988584220409,1.0078099310749806,True,0.0405662326375022,0.0402299393888097,0.0536286310572177,0.750157725344698,False,0.047754986754929,2.038690090179444,1.027643189563092,0.8681737747639506,0.759991805655183,0.7965998881159608,0.0614024881506338,0.0412962394766509,0.0405662326375022,0.8654497435692113,0.9772222492073944,0.8850480485273702,1.7931633971280652,1.2682739419418276,1.4472180928395968,1.1418679773735236,1.0078099310749806,0.750157725344698,-0.203944249982238,-0.3959442297017352,-0.3280728160035719,K562,0.0715738866479898,0.8681737747639506,0.759991805655183,0.7965998881159608,0.0715738866479898,0.0715738866479898,K562
KLF1,K562,norm_mean,"[[0 0 1 0]
 [1 0 0 0]
 [0 1 0 0]
 ...
 [0 1 0 0]
 [0 1 0 0]
 [0 1 0 0]]",0.7436256714920106,1.0,EH38E3694584,chr6,18155429,18155929,shared,cross_context,149893,-1,MA0493.3,KLF1,385,393,13.272440633459942,+,KLF1,ig,0.0739010653924197,0.0537194136774633,0.0470938686424482,1.140687818162489,True,0.0453321072272956,0.0389525892597157,0.04653738765046,0.8370169202903575,False,0.0227320483536459,0.0325587242469191,0.0479650612499757,0.6788007063981094,False,0.0473217403244537,2.279059886932373,1.1884394678686794,1.3776129076533798,1.0642704589057237,0.5469429886949901,0.0739010653924197,0.0453321072272956,0.0227320483536459,1.8506336585429115,1.240551289146121,0.5904117993807855,2.033856144240265,1.945444275704036,1.3618607456105174,1.140687818162489,0.8370169202903575,0.6788007063981094,0.4621705664035522,0.0898648252577896,-0.8705376325655659,K562,0.3133424487476561,1.3776129076533798,1.0642704589057237,0.5469429886949901,0.3133424487476561,0.31334244874765615,K562
KLF1,K562,norm_mean,"[[0 0 1 0]
 [0 0 0 1]
 [0 1 0 0]
 ...
 [1 0 0 0]
 [0 0 0 1]
 [1 0 0 0]]",0.1848547930058914,0.0,EH38E3239160,chr17,67824623,67825123,shared,cross_context,14504,-1,MA0493.3,KLF1,263,271,13.272440633459942,+,KLF1,ig,0.0868809567764401,0.062869968455052,0.069273762160148,0.907558033792478,False,0.0332428907277062,0.0487677888432517,0.0463380904173111,1.0524339237918552,True,0.0350667995226103,0.0506561080855317,0.0425450757163791,1.190645340879639,True,0.0517302156755855,4.960879802703857,2.310596293369684,1.3011530602045542,0.7029998984534844,0.7671003011071821,0.0868809567764401,0.0332428907277062,0.0350667995226103,1.3372883903087829,0.5615981878271439,0.7485640633590466,2.735223727361463,2.0230106033394626,2.203171154467017,0.907558033792478,1.0524339237918552,1.190645340879639,0.3797906835408199,-0.5084036119309029,-0.3825128654098127,K562,0.5340527590973722,1.3011530602045542,0.7029998984534844,0.7671003011071821,0.5340527590973722,0.5340527590973722,K562
KLF1,K562,norm_mean,"[[0 0 1 0]
 [1 0 0 0]
 [0 1 0 0]
 ...
 [0 1 0 0]
 [0 0 0 1]
 [0 1 0 0]]",0.815304890440567,1.0,EH38E3209844,chr17,13017207,13017707,shared,cross_context,190579,-1,MA0493.3,KLF1,480,488,13.272440633459942,+,KLF1,ig,0.047725414042361,0.0454015564772998,0.0606103659898508,0.7490723450536315,False,0.0318146747886203,0.039360971970018,0.0495590578170958,0.794223412661528,False,0.022487869602628,0.0354427372253849,0.0433297831070376,0.8179761472165507,False,0.0340093194778698,3.5969200134277344,1.8467624789652928,0.8347100020883826,0.6871419415048279,0.5156931339813114,0.047725414042361,0.0318146747886203,0.022487869602628,0.6243546814597328,0.7897981487249225,0.3286723887790913,2.5571281872633134,1.1683520692219984,1.1205861662911163,0.7490723450536315,0.794223412661528,0.8179761472165507,-0.260653034755316,-0.5413199483975033,-0.955415254691206,K562,0.1475680605835547,0.8347100020883826,0.6871419415048279,0.5156931339813114,0.1475680605835547,0.14756806058355476,K562
KLF1,K562,norm_mean,"[[0 1 0 0]
 [0 1 0 0]
 [0 0 0 1]
 ...
 [1 0 0 0]
 [1 0 0 0]
 [1 0 0 0]]",0.9173497630705992,1.0,EH38E3858724,chr8,127735668,127736168,shared,cross_context,166827,-1,MA0493.3,KLF1,322,330,13.272440633459942,+,KLF1,ig,0.0977321215905249,0.0705209487723186,0.0533773091090908,1.32117816985507,True,0.0275994784897193,0.0718082193820737,0.0459599650678244,1.5624077096670377,True,0.0575527332257479,0.0713434375845827,0.041749066890582,1.7088626359706809,True,0.0609614444353307,0.6028500199317932,-0.7301265759479583,1.6140711630407345,0.4863427727204857,1.0907817960981476,0.0977321215905249,0.0275994784897193,0.0575527332257479,2.027331180222323,0.638426039580953,1.4292145145902946,3.445869742782331,0.93793956424128,2.49437967012992,1.32117816985507,1.5624077096670377,1.7088626359706809,0.6907041881233258,-1.039954613076984,0.125362529957532,K562,0.5232893669425867,1.6140711630407345,0.4863427727204857,1.0907817960981476,0.5232893669425867,0.5232893669425869,K562
KLF1,K562,norm_mean,"[[0 0 0 1]
 [0 0 0 1]
 [0 1 0 0]
 ...
 [0 0 1 0]
 [0 0 1 0]
 [0 1 0 0]]",0.1739467989311243,0.0,EH38E3478495,chr22,36124231,36124731,shared,cross_context,18994,-1,MA0493.3,KLF1,390,398,13.272440633459942,+,KLF1,ig,0.0563817005604505,0.0482088450167793,0.0551320493313133,0.8744248918232987,False,0.0278673102875472,0.0438520399358822,0.0567289734394887,0.7730094437997105,False,0.0428917395183816,0.0381819150078808,0.048709635959496,0.7838676355732632,False,0.0423802501221265,1.4270600080490112,0.5130470125490352,0.9964157009548624,0.5549794486739701,0.987619093840566,0.0563817005604505,0.0278673102875472,0.0428917395183816,1.113470011700444,0.8573759630606922,0.9516337994994482,1.5214575073101155,1.1197238355944277,2.1391224426402453,0.8744248918232987,0.7730094437997105,0.7838676355732632,-0.0051803385094135,-0.8494937439694119,-0.0179733647599687,K562,0.0087966071142961,0.9964157009548624,0.5549794486739701,0.987619093840566,0.0087966071142961,0.008796607114296418,K562
KLF1,K562,norm_mean,"[[0 1 0 0]
 [0 0 0 1]
 [0 1 0 0]
 ...
 [1 0 0 0]
 [0 1 0 0]
 [0 1 0 0]]",0.190335898900297,0.0,EH38E3205300,chr17,4739585,4740085,shared,cross_context,93671,-1,MA0493.3,KLF1,358,366,13.272440633459942,+,KLF1,ig,0.061952615622431,0.0612034106496139,0.0668223314434289,0.9159123928847666,False,0.0329997495282441,0.049091995677154,0.06318518104963,0.7769541384878268,False,0.0156480186997214,0.0457451731926994,0.0362783835362643,1.2609481493984025,True,0.0368667946167988,2.5824100971221924,1.368718683282527,0.9739470278296296,0.5937521090598153,0.3656863446216881,0.061952615622431,0.0329997495282441,0.0156480186997214,1.2428567897065894,0.736136937592437,0.590271322148359,1.4115690224563606,0.8555787350421332,0.5331875566495483,0.9159123928847666,0.7769541384878268,1.2609481493984025,-0.0380847859503512,-0.7520673595375978,-1.4513213360550736,K562,0.3801949187698142,0.9739470278296296,0.5937521090598153,0.3656863446216881,0.3801949187698142,0.38019491876981426,K562
KLF1,K562,norm_mean,"[[1 0 0 0]
 [1 0 0 0]
 [0 0 1 0]
 ...
 [0 0 0 1]
 [0 0 1 0]
 [0 0 1 0]]",0.0964239861601219,0.0,EH38E3116240,chr14,100221434,100221934,shared,cross_context,80955,-1,MA0493.3,KLF1,248,256,13.272440633459942,+,KLF1,ig,0.0659954353468492,0.0613027822249569,0.0662791628158466,0.9249177323815376,False,0.0441643150406889,0.0376112257083877,0.0477046438400299,0.7884183760039666,False,0.0359858889132738,0.0448294877423904,0.0480684920572131,0.9326166995807896,False,0.0487152131002706,1.7125699520111084,0.7761637603324932,1.0258049954611506,1.0091955019417522,0.7688757576136112,0.0659954353468492,0.0441643150406889,0.0359858889132738,1.2451764193415855,0.9978385871158612,0.6729930707423706,1.9872348785422036,2.0890996525823224,1.8898421747843075,0.9249177323815376,0.7884183760039666,0.9326166995807896,0.0367565034820394,0.0132056826732959,-0.3791776006183143,K562,0.0166094935193983,1.0258049954611506,1.0091955019417522,0.7688757576136112,0.0166094935193983,0.016609493519398333,K562
KLF1,K562,norm_mean,"[[0 1 0 0]
 [0 0 0 1]
 [0 1 0 0]
 ...
 [0 0 0 1]
 [0 0 0 1]
 [0 1 0 0]]",0.7873226497621265,1.0,EH38E3291435,chr19,12956392,12956892,shared,cross_context,30793,-1,MA0493.3,KLF1,124,132,13.272440633459942,+,KLF1,ig,0.0849648374132812,0.0808374369109515,0.0586544663661666,1.3781972309547477,True,0.0759576371638104,0.0748964389809407,0.0514373481232803,1.4560708736524877,True,0.0648903491673991,0.0513064239930827,0.0579619388562717,0.8851742394015651,False,0.0752709412481635,1.6478300094604492,0.7205682969420765,1.3258814317173426,1.3247052957648706,1.2717528221090533,0.0849648374132812,0.0759576371638104,0.0648903491673991,1.7239626736178215,1.8712090340752707,1.863437822119041,3.2012213379097414,2.4598803093825587,1.9942609507536757,1.3781972309547477,1.4560708736524877,0.8851742394015651,0.4069517678495537,0.4056714433096831,0.346818296780381,K562,0.001176135952472,1.3258814317173426,1.3247052957648706,1.2717528221090533,0.001176135952472,0.0011761359524720127,K562
KLF1,K562,norm_mean,"[[0 0 0 1]
 [0 0 1 0]
 [0 0 1 0]
 ...
 [0 1 0 0]
 [1 0 0 0]
 [0 0 1 0]]",0.1284281466667727,0.0,EH38E3283693,chr19,3505859,3506359,shared,cross_context,104862,-1,MA0493.3,KLF1,386,394,13.272440633459942,+,KLF1,ig,0.0503367720521055,0.0364591450348962,0.0516446522024862,0.7059615356171501,False,0.0222709084628149,0.0329635611560661,0.0326956724498928,1.008193091139291,True,0.0107166638408671,0.0287555210448044,0.0289473612450623,0.9933724482740182,False,0.0277747814519292,1.4334299564361572,0.5194724164681931,1.0050490468797857,0.5865517244847103,0.3696750217884364,0.0503367720521055,0.0222709084628149,0.0107166638408671,1.176554152609553,0.6598954905527387,0.1719829541289679,1.846517856525258,1.2772150606159816,1.2038891752333756,0.7059615356171501,1.008193091139291,0.9933724482740182,0.0072659087736374,-0.7696697559263451,-1.4356705242228278,K562,0.4184973223950752,1.0050490468797857,0.5865517244847103,0.3696750217884364,0.4184973223950752,0.4184973223950754,K562
KLF1,K562,norm_mean,"[[1 0 0 0]
 [0 0 0 1]
 [1 0 0 0]
 ...
 [0 0 0 1]
 [0 1 0 0]
 [0 0 0 1]]",0.1212995686709093,0.0,EH38E1880962,chr17,68020549,68021049,shared,cross_context,17718,-1,MA0493.3,KLF1,401,409,13.272440633459942,+,KLF1,ig,0.0648077931255102,0.0550720569869736,0.0659348835008992,0.8352490473988936,False,0.0343896158738061,0.0378597563214134,0.0501538733125029,0.7548718827117279,False,0.0388861186802387,0.0455016732795047,0.0491022466584041,0.92667173315581,False,0.0460278425598517,0.7766600251197815,-0.3646430253196364,1.012906256160628,0.7059365385693336,0.7767344859309125,0.0648077931255102,0.0343896158738061,0.0388861186802387,0.9289029600702854,0.825074511553041,0.854641080562082,2.202487285500347,1.4642740824806804,1.796439139776438,0.8352490473988936,0.7548718827117279,0.92667173315581,0.0185006612194879,-0.5023895971750918,-0.3645065719954569,K562,0.2361717702297153,1.012906256160628,0.7059365385693336,0.7767344859309125,0.2361717702297153,0.23617177022971536,K562
KLF1,K562,norm_mean,"[[0 1 0 0]
 [0 0 1 0]
 [0 0 1 0]
 ...
 [1 0 0 0]
 [0 1 0 0]
 [1 0 0 0]]",0.0394701726691575,0.0,EH38E2830147,chr1,110034853,110035353,shared,cross_context,51033,-1,MA0493.3,KLF1,233,241,13.272440633459942,+,KLF1,ig,0.0771846640855073,0.0571796567318961,0.0600776350801401,0.9517626174531588,False,0.0344299850985407,0.0386684682650957,0.0353353631541652,1.0943274349018046,True,0.0362962720100767,0.0361481376479059,0.0367481170227013,0.9836729263936426,False,0.0493036403980416,1.6564600467681885,0.728104277493708,1.3094217040036968,0.9397507789874128,0.9940439404642883,0.0771846640855073,0.0344299850985407,0.0362962720100767,1.6156676161653538,1.001913274579362,1.1972758794196685,2.2771821895284625,1.3878214675838358,2.057878770165693,0.9517626174531588,1.0943274349018046,0.9836729263936426,0.3889297983827888,-0.0896498871904932,-0.0086184677160618,K562,0.3153777635394085,1.3094217040036968,0.9397507789874128,0.9940439404642883,0.3153777635394085,0.3153777635394085,K562
KLF1,K562,norm_mean,"[[0 0 1 0]
 [0 1 0 0]
 [0 1 0 0]
 ...
 [0 0 0 1]
 [0 1 0 0]
 [0 1 0 0]]",0.1768075291362511,0.0,EH38E1428903,chr1,228165849,228166349,shared,cross_context,179077,-1,MA0493.3,KLF1,410,418,13.272440633459942,+,KLF1,ig,0.0459350266028195,0.0487167751207016,0.0577875100879464,0.8430328044283595,False,0.0288005711045116,0.0422655426524579,0.0390439314191462,1.082512193088475,True,0.0310520628700032,0.0377087946207029,0.0536729111650493,0.7025664674509678,False,0.0352625535257781,0.631060004234314,-0.66414861859836,0.7935531882790763,0.6354121858060748,0.6911562357379278,0.0459350266028195,0.0288005711045116,0.0310520628700032,1.047381021718657,0.6198677404496188,0.7728042398879066,1.638173642875185,1.8867119205883247,1.4456395639086377,0.8430328044283595,1.082512193088475,0.7025664674509678,-0.3336011694483095,-0.6542353345871639,-0.5329162243767316,K562,0.1023969525411484,0.7935531882790763,0.6354121858060748,0.6911562357379278,0.1023969525411484,0.10239695254114844,K562
KLF1,K562,norm_mean,"[[1 0 0 0]
 [0 1 0 0]
 [0 1 0 0]
 ...
 [1 0 0 0]
 [0 0 0 1]
 [0 0 0 1]]",0.8692633632993554,1.0,EH38E1478198,chr10,73247051,73247551,shared,cross_context,786,-1,MA0493.3,KLF1,263,271,13.272440633459942,+,KLF1,ig,0.116708027664572,0.0721665186685277,0.0586768059981225,1.229898341294401,True,0.0546468251850456,0.0561890403123106,0.0503855283112408,1.1151818993223914,True,0.0181487205554731,0.0511828845285344,0.0479900725068336,1.0665304549381884,True,0.0631678578016969,2.4917399883270264,1.3171541107869351,1.8250964407409789,1.0378766258848335,0.3685972538283014,0.116708027664572,0.0546468251850456,0.0181487205554731,2.765520342504913,1.1119166124957218,0.471472475971837,2.6958183411611207,2.2526769601658416,0.9824634093489788,1.229898341294401,1.1151818993223914,1.0665304549381884,0.8679727008941714,0.0536349597267235,-1.4398827685208628,K562,0.7872198148561453,1.8250964407409789,1.0378766258848335,0.3685972538283014,0.7872198148561453,0.7872198148561453,K562
KLF1,K562,norm_mean,"[[0 0 1 0]
 [0 1 0 0]
 [0 0 0 1]
 ...
 [0 1 0 0]
 [0 1 0 0]
 [0 0 0 1]]",0.0468903709514618,0.0,EH38E3139937,chr15,64825508,64826008,shared,cross_context,189179,-1,MA0493.3,KLF1,354,362,13.272440633459942,+,KLF1,ig,0.0782910959096625,0.0708920352277346,0.0702410998174876,1.009267014885418,True,0.0545869874185882,0.0585182059154612,0.0469293141032671,1.2469432925710366,True,0.0464818908367306,0.056495234305039,0.0480178270972971,1.1765468359302471,True,0.0597866580549938,2.854180097579956,1.5130768766117173,1.1346864385377091,1.0494594173051204,0.9023230778631988,0.0782910959096625,0.0545869874185882,0.0464818908367306,1.5036220726887315,1.083598724489411,1.0475369555896523,1.7516072009601793,2.110409485879324,1.714826749440264,1.009267014885418,1.2469432925710366,1.1765468359302471,0.1822936767032326,0.0696463799298097,-0.1482840086140943,K562,0.0852270212325887,1.1346864385377091,1.0494594173051204,0.9023230778631988,0.0852270212325887,0.08522702123258874,K562
KLF1,K562,norm_mean,"[[0 1 0 0]
 [0 0 1 0]
 [0 1 0 0]
 ...
 [1 0 0 0]
 [0 0 1 0]
 [0 1 0 0]]",0.0660564105306027,0.0,EH38E3223560,chr17,41918337,41918837,shared,cross_context,27877,-1,MA0493.3,KLF1,45,53,13.272440633459942,+,KLF1,ig,0.0729618838522583,0.0619089802587404,0.0580206134740728,1.0670168045747586,True,0.0324066358298296,0.0464973627042491,0.0294626257545314,1.5781806859251422,True,0.0447549982345663,0.0589314475093851,0.0363506330666132,1.6211940845555937,True,0.0500411726388847,1.2232199907302856,0.2906850689750676,1.2840563303071646,0.860564988471394,0.9713432489066156,0.0729618838522583,0.0324066358298296,0.0447549982345663,1.648013600943771,0.7381462083623933,0.8619638852536373,2.362609358016392,3.400470477627434,2.401353124900663,1.0670168045747586,1.5781806859251422,1.6211940845555937,0.3607084946057314,-0.2166439468430975,-0.0419468945767256,K562,0.3127130814005491,1.2840563303071646,0.860564988471394,0.9713432489066156,0.3127130814005491,0.312713081400549,K562
KLF1,K562,norm_mean,"[[0 1 0 0]
 [0 0 0 1]
 [0 1 0 0]
 ...
 [1 0 0 0]
 [1 0 0 0]
 [0 0 0 1]]",0.802292686046437,1.0,EH38E3416848,chr20,3209565,3210065,shared,cross_context,122617,-1,MA0493.3,KLF1,456,464,13.272440633459942,+,KLF1,ig,0.0808893084176816,0.0810731321341882,0.0571492306614527,1.4186213359239284,True,0.0169164523831568,0.050438544237113,0.0468352600664366,1.0769350569680751,True,0.0172574660391546,0.0511650909425225,0.0524290913478762,0.9758910533871866,False,0.0383544089466643,2.766900062561035,1.4682710577156766,1.1549190790043051,0.341268703383464,0.3427737103270303,0.0808893084176816,0.0169164523831568,0.0172574660391546,1.3724369822671645,0.3804275214141679,0.310873958608398,2.067280178233029,0.8082402326882265,0.8351364271571543,1.4186213359239284,1.0769350569680751,0.9758910533871866,0.2077917720168943,-1.5510199749156528,-1.5446716271885712,K562,0.812145368677275,1.1549190790043051,0.341268703383464,0.3427737103270303,0.812145368677275,0.8121453686772748,K562
KLF1,K562,norm_mean,"[[0 1 0 0]
 [0 0 0 1]
 [0 0 1 0]
 ...
 [0 0 0 1]
 [0 1 0 0]
 [0 1 0 0]]",0.1623862185767089,0.0,EH38E3838334,chr8,67343635,67344135,shared,cross_context,165030,-1,MA0493.3,KLF1,344,352,13.272440633459942,+,KLF1,ig,0.0438708302099257,0.0625339069217443,0.058634410949184,1.066505064933443,True,0.0277450348949059,0.0358480647881515,0.0433905241494137,0.8261724703528653,False,0.0216851167788263,0.0436031722067855,0.043347602520071,1.0058955885193492,True,0.0311003272945527,3.659329891204834,1.8715798757799145,0.7349135393069873,0.6894107689121752,0.4956739482222693,0.0438708302099257,0.0277450348949059,0.0216851167788263,0.7423894742200917,0.7396828051418328,0.4749255807789601,1.3814145259641255,1.307470860322174,1.2319284344007155,1.066505064933443,0.8261724703528653,1.0058955885193492,-0.4443535623633239,-0.5365642583557786,-1.0125366567679384,K562,0.0455027703948121,0.7349135393069873,0.6894107689121752,0.4956739482222693,0.0455027703948121,0.0455027703948121,K562
KLF1,K562,norm_mean,"[[0 0 1 0]
 [0 1 0 0]
 [1 0 0 0]
 ...
 [1 0 0 0]
 [0 0 0 1]
 [0 0 1 0]]",0.1546740165396785,0.0,EH38E3838335,chr8,67343925,67344425,shared,cross_context,165032,-1,MA0493.3,KLF1,54,62,13.272440633459942,+,KLF1,ig,0.0458767521195113,0.0520732375176157,0.0748035287507809,0.6961333432513862,False,0.0326842275680974,0.0553109566192142,0.0423812933528097,1.3050791798159114,True,0.0289891700376756,0.0457266999431885,0.0515198709699325,0.8875544563054231,False,0.0358500499084281,3.659329891204834,1.8715798757799145,0.7329261742601985,0.7162853142348672,0.6524464209798626,0.0458767521195113,0.0326842275680974,0.0289891700376756,0.9403459629961208,0.9971804816494696,0.5842860865236336,1.2655060847662054,1.4016846349682703,1.539752111019166,0.6961333432513862,1.3050791798159114,0.8875544563054231,-0.4482602061460365,-0.4813937296276486,-0.6160686605115347,K562,0.0166408600253312,0.7329261742601985,0.7162853142348672,0.6524464209798626,0.0166408600253312,0.016640860025331272,K562
KLF1,K562,norm_mean,"[[0 0 1 0]
 [0 1 0 0]
 [0 1 0 0]
 ...
 [1 0 0 0]
 [0 0 1 0]
 [0 0 1 0]]",0.1610328706831888,0.0,EH38E3280952,chr19,1456311,1456811,shared,cross_context,29854,-1,MA0493.3,KLF1,436,444,13.272440633459942,+,KLF1,ig,0.0782456411980092,0.0529642967216204,0.0788105535239446,0.672045654203812,False,0.0477507966570556,0.0431331777246668,0.0619902811024803,0.6958053746410143,False,0.0617199187399819,0.0459239310910925,0.067256382133346,0.6828188315549448,False,0.0625721188650156,1.1583499908447266,0.2120724692386943,1.2330842493582252,0.8869688489095466,1.1576152392357817,0.0782456411980092,0.0477507966570556,0.0617199187399819,1.588578927472804,0.9739988049618016,1.1718906562569018,2.022310349536792,2.004033143416638,2.611274950659701,0.672045654203812,0.6958053746410143,0.6828188315549448,0.3022713751029153,-0.1730446565055017,0.211155820475582,K562,0.0754690101224435,1.2330842493582252,0.8869688489095466,1.1576152392357817,0.0754690101224435,0.07546901012244356,K562
KLF1,K562,norm_mean,"[[0 1 0 0]
 [0 1 0 0]
 [0 1 0 0]
 ...
 [0 1 0 0]
 [1 0 0 0]
 [0 0 1 0]]",0.0149738924743714,0.0,EH38E2776910,chr1,1069111,1069611,shared,cross_context,12787,-1,MA0493.3,KLF1,271,279,13.272440633459942,+,KLF1,ig,0.0704012390342541,0.0734902979695471,0.0760606581722804,0.9662063157674172,False,0.0402095431927591,0.0521190018265042,0.0663516506246173,0.7854965698803842,False,0.0334485555067658,0.0470264416962163,0.0433241151954578,1.085456232158304,True,0.048019779244593,6.599949836730957,2.722455277824332,0.9379751882175076,0.6614279595521104,0.7471142308280291,0.0704012390342541,0.0402095431927591,0.0334485555067658,1.3149629499931916,1.0222818771533757,0.806200735436999,2.094473015690214,1.121568240457436,1.0088902307586132,0.9662063157674172,0.7854965698803842,1.085456232158304,-0.0923783329849459,-0.5963440610044759,-0.42059925067835,K562,0.1908609573894784,0.9379751882175076,0.6614279595521104,0.7471142308280291,0.1908609573894784,0.1908609573894785,K562
KLF1,K562,norm_mean,"[[0 1 0 0]
 [0 0 1 0]
 [0 0 0 1]
 ...
 [0 1 0 0]
 [0 1 0 0]
 [0 0 0 1]]",0.000503167806025,0.0,EH38E3944534,chrX,129933059,129933559,shared,cross_context,176932,-1,MA0493.3,KLF1,394,402,13.272440633459942,+,KLF1,ig,0.0512536548776552,0.0553128031728556,0.0623105143384015,0.8876959993541045,False,0.0272531684604473,0.0390627474314533,0.0494548205479927,0.7898671777582057,False,0.0404131920658983,0.0495716435933718,0.0606197688816154,0.8177470209876625,False,0.0396400051346669,0.6456300020217896,-0.6312182390268819,0.8294782981933786,0.6177333620277302,0.7915324627166255,0.0512536548776552,0.0272531684604473,0.0404131920658983,0.6746734888432091,0.5736227037503222,1.0712059438821742,1.9743312738713676,1.921649036202056,1.4131827322167714,0.8876959993541045,0.7898671777582057,0.8177470209876625,-0.269723856992092,-0.6949438438870891,-0.3372795729740194,K562,0.0379458354767531,0.8294782981933786,0.6177333620277302,0.7915324627166255,0.0379458354767531,0.03794583547675312,K562
KLF1,K562,norm_mean,"[[0 1 0 0]
 [0 1 0 0]
 [0 0 1 0]
 ...
 [0 0 0 1]
 [1 0 0 0]
 [0 1 0 0]]",0.1893145645613472,0.0,EH38E3868819,chr8,143553993,143554493,shared,cross_context,222003,-1,MA0493.3,KLF1,189,197,13.272440633459942,+,KLF1,ig,0.0660587056190706,0.0563626528123859,0.054419271686669,1.0357110763957944,True,0.0332286404445767,0.0409479109471431,0.0356363173138744,1.149049692648902,True,0.0209895052830688,0.0371787646034499,0.0468360456157675,0.7938064833737523,False,0.0400922837822387,1.5436099767684937,0.6263092081736944,1.193239741487771,0.885181163418461,0.4956525401221338,0.0660587056190706,0.0332286404445767,0.0209895052830688,1.5433852493939897,1.1660149069505406,0.5721752342762912,2.008895704167954,1.4440858995586372,1.033530670494509,1.0357110763957944,1.149049692648902,0.7938064833737523,0.2548839345249325,-0.1759553422224453,-1.012598967944339,K562,0.3080585780693097,1.193239741487771,0.885181163418461,0.4956525401221338,0.3080585780693097,0.3080585780693099,K562
KLF1,K562,norm_mean,"[[1 0 0 0]
 [1 0 0 0]
 [0 1 0 0]
 ...
 [0 0 1 0]
 [0 0 1 0]
 [0 1 0 0]]",0.802292686046437,1.0,EH38E3416849,chr20,3209912,3210412,shared,cross_context,194022,-1,MA0493.3,KLF1,109,117,13.272440633459942,+,KLF1,ig,0.0644910495029762,0.0792812790162861,0.0618368434651969,1.2821040297742077,True,0.0415082417894154,0.0561722111754352,0.0457910961206967,1.2267057062866278,True,0.0339072120841592,0.0785873434483073,0.0524129735780311,1.499386947344993,True,0.0466355011255169,2.766900062561035,1.4682710577156766,0.9712033955079442,0.8366044803713932,0.5643992306241089,0.0644910495029762,0.0415082417894154,0.0339072120841592,1.144158975874157,1.119096447589883,0.7324635504172556,2.570563982804083,1.417174594119702,0.9421173926542749,1.2821040297742077,1.2267057062866278,1.499386947344993,-0.042154627868933,-0.2573823689171649,-0.8252120710429759,K562,0.1345989151365509,0.9712033955079442,0.8366044803713932,0.5643992306241089,0.1345989151365509,0.13459891513655098,K562
KLF1,K562,norm_mean,"[[0 1 0 0]
 [1 0 0 0]
 [0 0 1 0]
 ...
 [0 0 1 0]
 [0 0 0 1]
 [0 1 0 0]]",0.700065720275463,1.0,EH38E2776721,chr1,966192,966692,shared,cross_context,43616,-1,MA0493.3,KLF1,435,443,13.272440633459942,+,KLF1,ig,0.0478841871372424,0.0509954137448221,0.0598630549752851,0.851867737909442,False,0.0357339768670499,0.0440280936931958,0.0671647869527805,0.6555233647791611,False,0.0255230307520832,0.0476648764481069,0.0722100356710143,0.6600865018873683,False,0.0363803982521252,1.5197800397872925,0.6038634844795002,0.8624390979436102,0.6942644175687691,0.4617515860441638,0.0478841871372424,0.0357339768670499,0.0255230307520832,0.707203464639921,0.9172062817096964,0.6522270807633768,2.157522056546911,1.3568500104244212,1.0555064541938135,0.851867737909442,0.6555233647791611,0.6600865018873683,-0.2135055102879025,-0.5264428604641942,-1.114811175115902,K562,0.168174680374841,0.8624390979436102,0.6942644175687691,0.4617515860441638,0.168174680374841,0.16817468037484107,K562
KLF1,K562,norm_mean,"[[1 0 0 0]
 [0 0 1 0]
 [0 1 0 0]
 ...
 [1 0 0 0]
 [1 0 0 0]
 [1 0 0 0]]",0.0021953561357228,0.0,EH38E3117564,chr14,101807880,101808380,shared,cross_context,81081,-1,MA0493.3,KLF1,241,249,12.659942219043485,+,KLF1,ig,0.1136779175139963,0.0554205740528414,0.0581251170922023,0.9534701569758164,False,0.0811828470323234,0.0507051234284881,0.0413660551186274,1.22576617531976,True,0.0892777354456484,0.0409501633106265,0.0475761917537639,0.8607278807704902,False,0.0947128333306561,1.2431299686431885,0.3139782978855707,1.991950179635922,1.80349702233608,1.984483308843168,0.1136779175139963,0.0811828470323234,0.0892777354456484,2.564832418977486,2.0505548593216125,2.676996816148221,3.210001446116594,3.358795022526228,3.1549685588777736,0.9534701569758164,1.22576617531976,0.8607278807704902,0.9941815655544444,0.8507970419656163,0.9887634288493368,K562,0.007466870792754,1.991950179635922,1.80349702233608,1.984483308843168,0.007466870792754,0.007466870792754099,K562
KLF1,K562,norm_mean,"[[0 1 0 0]
 [0 1 0 0]
 [0 0 1 0]
 ...
 [1 0 0 0]
 [1 0 0 0]
 [1 0 0 0]]",0.1998137872227592,0.0,EH38E3779624,chr7,73831767,73832267,shared,cross_context,23159,-1,MA0493.3,KLF1,325,333,12.659942219043485,+,KLF1,ig,0.0548074843827635,0.0710048638144508,0.0686949844843981,1.0336250020454885,True,0.029350652534049,0.0496072230621939,0.0476883379536822,1.0402378188981392,True,0.0251826132298447,0.0459026157759944,0.0478372570545192,0.9595576545725358,False,0.0364469167155524,0.873740017414093,-0.1947223761002965,0.7900860683796086,0.6196420040437913,0.5410272974296558,0.0548074843827635,0.029350652534049,0.0251826132298447,0.9017603013064024,0.7796419681917258,0.5971259935891221,1.5722042873184068,1.3662261099856032,1.1827148771231504,1.0336250020454885,1.0402378188981392,0.9595576545725358,-0.3399182705805958,-0.6904931482836146,-0.8862267054276993,K562,0.1704440643358172,0.7900860683796086,0.6196420040437913,0.5410272974296558,0.1704440643358172,0.17044406433581727,K562
KLF1,K562,norm_mean,"[[0 0 0 1]
 [1 0 0 0]
 [0 0 0 1]
 ...
 [0 0 1 0]
 [0 1 0 0]
 [0 0 0 1]]",0.1720499224578333,0.0,EH38E2805631,chr1,40782447,40782947,shared,cross_context,184722,-1,MA0493.3,KLF1,10,18,12.659942219043485,+,KLF1,ig,0.0525547384750098,0.0699271674524061,0.0648997850751038,1.0774636094225638,True,0.0186001165711786,0.0356795913328096,0.0419075249321758,0.8513884529489585,False,0.0216585392045089,0.0471316990067134,0.0516392141836695,0.9127112142327354,False,0.0309377980835658,0.8834499716758728,-0.1787780222301705,0.7853682641304447,0.5076069801698536,0.4909050098341954,0.0525547384750098,0.0186001165711786,0.0216585392045089,1.008224018104,0.5417381869054337,0.5525592351530267,1.6690612788904482,1.396533900798009,1.5358581099771351,1.0774636094225638,0.8513884529489585,0.9127112142327354,-0.3485587915913851,-0.978216184041936,-1.0264842020299088,K562,0.2777612839605911,0.7853682641304447,0.5076069801698536,0.4909050098341954,0.2777612839605911,0.2777612839605911,K562
KLF1,K562,norm_mean,"[[0 1 0 0]
 [1 0 0 0]
 [0 1 0 0]
 ...
 [0 1 0 0]
 [0 0 0 1]
 [0 0 0 1]]",0.0367366630136185,0.0,EH38E3014413,chr12,47820470,47820970,shared,cross_context,60261,-1,MA0493.3,KLF1,142,150,12.659942219043485,+,KLF1,ig,0.1605442650616169,0.0640538210910744,0.0723440544774407,0.8854053411810802,False,0.108313855715096,0.0582183186034672,0.0526819124020923,1.105091005584772,True,0.0666743328329175,0.0560630895220674,0.0656465280127174,0.8540144114104937,False,0.1118441512032101,0.8456500172615051,-0.2418656792240614,2.205191530868551,1.922610130167908,1.15804401683325,0.1605442650616169,0.108313855715096,0.0666743328329175,2.6427166421622603,2.640657164736248,1.4745428547976356,3.770043053379564,2.8452711441198413,2.371487923096591,0.8854053411810802,1.105091005584772,0.8540144114104937,1.1409039664751357,0.943066241172302,0.2116900919306124,K562,0.2825814007006433,2.205191530868551,1.922610130167908,1.15804401683325,0.2825814007006433,0.2825814007006431,K562
KLF1,K562,norm_mean,"[[0 1 0 0]
 [1 0 0 0]
 [0 1 0 0]
 ...
 [0 1 0 0]
 [0 0 1 0]
 [0 1 0 0]]",0.0414005663676522,0.0,EH38E2842263,chr1,159171276,159171776,shared,cross_context,53249,-1,MA0493.3,KLF1,218,226,12.659942219043485,+,KLF1,ig,0.0593952786875888,0.0485954983480041,0.0532996685582568,0.9117409271969444,False,0.0396438137395307,0.044703004041803,0.0413805410440918,1.0802902067246771,True,0.0381192039931193,0.0483530095848254,0.0514610713856736,0.939603449497013,False,0.0457194321400796,0.1844999939203262,-2.4382995066772284,1.154155704851311,0.9288969135098418,0.758636646294023,0.0593952786875888,0.0396438137395307,0.0381192039931193,1.2824687399967367,1.1155093158977365,0.5094874783179977,1.9806601431965516,2.469289736569328,1.8763582747273684,0.9117409271969444,1.0802902067246771,0.939603449497013,0.2068378694826527,-0.1064095942723064,-0.3985190296191486,K562,0.2252587913414691,1.154155704851311,0.9288969135098418,0.758636646294023,0.2252587913414691,0.2252587913414691,K562
KLF1,K562,norm_mean,"[[1 0 0 0]
 [0 1 0 0]
 [0 0 1 0]
 ...
 [0 0 1 0]
 [0 0 1 0]
 [0 0 0 1]]",0.0100783186934432,0.0,EH38E3427258,chr20,32207058,32207558,shared,cross_context,123681,-1,MA0493.3,KLF1,457,465,12.659942219043485,+,KLF1,ig,0.0385954363737255,0.0432231782034796,0.0585090730414958,0.7387430456366039,False,0.0278198384912684,0.0466175106736773,0.0525224214687477,0.8875733542803699,False,0.0157737304252805,0.0315372825809754,0.039144390214933,0.8056652396718644,False,0.0273963350967581,4.562029838562012,2.189676199059105,0.6701572078981516,0.5652494576316915,0.4342610629462295,0.0385954363737255,0.0278198384912684,0.0157737304252805,0.8072735163438772,0.5099101215861428,0.5364670572985681,1.3086829295502422,1.5201739607704754,0.915659364880534,0.7387430456366039,0.8875733542803699,0.8056652396718644,-0.5774285248495072,-0.8230403896527039,-1.2033654890213072,K562,0.10490775026646,0.6701572078981516,0.5652494576316915,0.4342610629462295,0.10490775026646,0.10490775026646004,K562
KLF1,K562,norm_mean,"[[0 0 0 1]
 [0 0 1 0]
 [1 0 0 0]
 ...
 [0 1 0 0]
 [0 0 0 1]
 [0 0 0 1]]",0.8617947663731937,1.0,EH38E2798979,chr1,29181772,29182272,shared,cross_context,47394,-1,MA0493.3,KLF1,431,439,12.659942219043485,+,KLF1,ig,0.0560369252343662,0.0609856773575302,0.0570786499488167,1.0684497045343555,True,0.0327143841423094,0.0326941500388784,0.0515464086493011,0.6342661797964054,False,0.0241361199878156,0.0367343868916213,0.0532624000706709,0.6896869075747893,False,0.037629143121497,3.920690059661865,1.971107965686799,0.9692102066596618,0.7412320088031791,0.530337129867236,0.0560369252343662,0.0327143841423094,0.0241361199878156,1.251134652880792,0.7762905895870039,0.8177905662177213,1.987597795435324,1.5508039166695329,1.0604110348295623,1.0684497045343555,0.6342661797964054,0.6896869075747893,-0.0451184956465723,-0.4320029099777269,-0.9150183344480844,K562,0.2279781978564827,0.9692102066596618,0.7412320088031791,0.530337129867236,0.2279781978564827,0.22797819785648277,K562
KLF1,K562,norm_mean,"[[0 1 0 0]
 [1 0 0 0]
 [0 1 0 0]
 ...
 [0 1 0 0]
 [0 0 0 1]
 [0 0 1 0]]",0.1102414446886686,0.0,EH38E1613134,chr12,53047661,53048161,shared,cross_context,2713,-1,MA0493.3,KLF1,310,318,12.659942219043485,+,KLF1,ig,0.2589155742898583,0.0810348275711294,0.0647388384568086,1.2517187052715786,True,0.0770489210262894,0.0481521238567074,0.0498168764881252,0.9665823629540844,False,0.0703815319575369,0.071869239435764,0.0362997552744838,1.9798816574244649,True,0.1354486757578949,0.5559999942779541,-0.846840632013056,3.698101925266324,1.567952227575851,1.4105363774658892,0.2589155742898583,0.0770489210262894,0.0703815319575369,4.751870274674659,1.6551066458344577,1.434220650529667,6.808982733980642,3.8464407398310314,2.854384882123605,1.2517187052715786,0.9665823629540844,1.9798816574244649,1.886784988531315,0.6488816049591126,0.4962438742577953,K562,2.130149697690473,3.698101925266324,1.567952227575851,1.4105363774658892,2.130149697690473,2.130149697690473,K562
KLF1,K562,norm_mean,"[[1 0 0 0]
 [1 0 0 0]
 [1 0 0 0]
 ...
 [0 0 0 1]
 [0 0 1 0]
 [0 0 1 0]]",0.6611927904170364,1.0,EH38E2830146,chr1,110034576,110035076,shared,cross_context,51026,-1,MA0493.3,KLF1,49,57,12.659942219043485,+,KLF1,ig,0.0393590359017252,0.0577447001100517,0.0505369777941086,1.1426225153210128,True,0.0203682831925107,0.0325637600000482,0.0361930267803836,0.8997244469327731,False,0.028680631017778,0.0448696169874165,0.0494371578551363,0.9076089698118648,False,0.0294693167040046,1.8322199583053589,0.8735934970096976,0.7470467463879389,0.5790215181577417,0.6268606582852043,0.0393590359017252,0.0203682831925107,0.028680631017778,0.9455414870556966,0.5949072037895645,0.8705489406100467,1.440188786650873,1.2325643814389096,1.1375859649827975,1.1426225153210128,0.8997244469327731,0.9076089698118648,-0.4207295705949798,-0.7883111283563545,-0.6737833033735454,K562,0.1201860881027345,0.7470467463879389,0.5790215181577417,0.6268606582852043,0.1201860881027345,0.12018608810273457,K562
KLF1,K562,norm_mean,"[[0 0 0 1]
 [0 0 0 1]
 [1 0 0 0]
 ...
 [0 0 1 0]
 [0 1 0 0]
 [0 0 0 1]]",0.8454278337174909,1.0,EH38E3481242,chr22,38681680,38682180,shared,cross_context,130931,-1,MA0493.3,KLF1,467,475,12.659942219043485,+,KLF1,ig,0.052113325393293,0.0592457103068591,0.0666460442298557,0.8889605092377475,False,0.0276397340930998,0.043249125261791,0.0326824577210936,1.3233127201676247,True,0.0324984877661336,0.0438351937633706,0.05620935138606,0.7798557514699288,False,0.0374171824175088,1.6504199504852295,0.7228340400605595,0.8541351682402324,0.6143801569905042,0.6098761539802674,0.052113325393293,0.0276397340930998,0.0324984877661336,0.5023585020973681,0.8423011247797798,0.5756044952841292,2.769882721471033,1.1076314688490896,1.6243547667060476,0.8889605092377475,1.3233127201676247,0.7798557514699288,-0.2274636965152801,-0.7027964713265806,-0.7134117845651621,K562,0.2397550112497282,0.8541351682402324,0.6143801569905042,0.6098761539802674,0.2397550112497282,0.2397550112497282,K562
KLF1,K562,norm_mean,"[[0 0 1 0]
 [0 0 1 0]
 [0 0 1 0]
 ...
 [0 1 0 0]
 [1 0 0 0]
 [1 0 0 0]]",0.0694338400490437,0.0,EH38E1613769,chr12,53695724,53696224,shared,cross_context,1460,-1,MA0493.3,KLF1,285,293,12.659942219043485,+,KLF1,ig,0.0422097024857066,0.0714229125180281,0.0654899775802802,1.0905928548310548,True,0.0124579426483251,0.0582820898119825,0.0461728743524499,1.262257938384352,True,0.0208940361626446,0.0420655923527374,0.0378175917010081,1.112328398963916,True,0.0251872270988921,0.922540009021759,-0.1163150512510999,0.6224928456319424,0.2447386928230936,0.529271567041856,0.0422097024857066,0.0124579426483251,0.0208940361626446,0.5852020160558121,0.1881574225078146,0.6538323080613474,1.3901513032744992,0.6773427384475507,0.8756056021876387,1.0905928548310548,1.262257938384352,1.112328398963916,-0.6838708363217747,-2.0306858816043203,-0.9179199390191244,K562,0.0932212785900864,0.6224928456319424,0.2447386928230936,0.529271567041856,0.0932212785900864,0.09322127859008644,K562
KLF1,K562,norm_mean,"[[0 1 0 0]
 [0 1 0 0]
 [0 0 1 0]
 ...
 [0 1 0 0]
 [0 0 0 1]
 [0 0 0 1]]",0.7717263896914671,1.0,EH38E2951674,chr11,32435503,32436003,shared,cross_context,63671,-1,MA0493.3,KLF1,2,10,12.659942219043485,+,KLF1,ig,0.0335228307230863,0.0692433215340133,0.0555326469731517,1.2468937253891943,True,0.0213728373055346,0.0463243283433257,0.0504671753941511,0.9179098850377834,False,0.0160698696709005,0.049806949175545,0.052275151546346,0.952784222988718,False,0.0236551792331738,0.4247500002384186,-1.2353107500975085,0.5635603488474774,0.4738433611745017,0.3412998020506013,0.0335228307230863,0.0213728373055346,0.0160698696709005,0.8874947326568583,0.2949927291770055,0.2221356602167424,0.9698050787737372,1.115789257801846,1.0326499191768628,1.2468937253891943,0.9179098850377834,0.952784222988718,-0.8273579826909712,-1.0775178669052112,-1.5508885129674397,K562,0.0897169876729757,0.5635603488474774,0.4738433611745017,0.3412998020506013,0.0897169876729757,0.0897169876729757,K562
KLF1,K562,norm_mean,"[[0 1 0 0]
 [0 0 0 1]
 [0 0 1 0]
 ...
 [0 0 0 1]
 [0 0 1 0]
 [0 0 1 0]]",0.8399226226512344,1.0,EH38E2966375,chr11,67240164,67240664,shared,cross_context,66366,-1,MA0493.3,KLF1,472,480,12.659942219043485,+,KLF1,ig,0.0425886891316622,0.0572497871250379,0.0726266064494848,0.7882755651278051,False,0.0205180184566415,0.0381369304578402,0.0465278878109529,0.8196572863187155,False,0.0250315517187118,0.0431449894313118,0.0512731732259271,0.8414728073581911,False,0.0293794197690052,1.117740035057068,0.160585974661071,0.6344642165960995,0.4771251951660506,0.5430901762676105,0.0425886891316622,0.0205180184566415,0.0250315517187118,0.708110383169547,0.5583575788022934,0.4927212172236538,1.253310765665178,0.7943502583277303,1.1999643654640268,0.7882755651278051,0.8196572863187155,0.8414728073581911,-0.6563892933936308,-1.0675602202943564,-0.8807363250435162,K562,0.091374040328489,0.6344642165960995,0.4771251951660506,0.5430901762676105,0.091374040328489,0.09137404032848906,K562
KLF1,K562,norm_mean,"[[0 1 0 0]
 [0 0 0 1]
 [0 1 0 0]
 ...
 [0 0 0 1]
 [0 0 1 0]
 [0 0 1 0]]",0.0890130340032573,0.0,EH38E1356663,chr1,66929998,66930498,shared,cross_context,304,-1,MA0493.3,KLF1,229,237,12.659942219043485,+,KLF1,ig,0.075792922405526,0.0670981994509929,0.0758875299458547,0.8841793988692626,False,0.0467830621637403,0.0364156938216183,0.0549621481901013,0.6625593866904731,False,0.0199184895463986,0.0379347963834879,0.0542056668215455,0.6998306931647752,False,0.047498158038555,3.4384000301361084,1.781737820106124,1.0460804865588238,0.9804185367154052,0.4162706088449563,0.075792922405526,0.0467830621637403,0.0199184895463986,1.3440036524154817,1.02544147104949,0.3711595080041307,2.480785247806724,2.2443461554949944,1.3838693397614097,0.8841793988692626,0.6625593866904731,0.6998306931647752,0.0649938597441639,-0.0285303320032512,-1.2644063921087925,K562,0.0656619498434185,1.0460804865588238,0.9804185367154052,0.4162706088449563,0.0656619498434185,0.06566194984341855,K562
KLF1,K562,norm_mean,"[[0 1 0 0]
 [0 0 0 1]
 [0 0 0 1]
 ...
 [0 0 1 0]
 [0 1 0 0]
 [0 0 1 0]]",0.0890130340032573,0.0,EH38E2817588,chr1,66929739,66930239,shared,cross_context,207318,-1,MA0493.3,KLF1,488,496,12.659942219043485,+,KLF1,ig,0.0292541189119219,0.0595038359169848,0.0672640519414562,0.8846304281887465,False,0.0200801687315106,0.0518765804881695,0.0531802090920973,0.975486400278454,False,0.0152178693388123,0.0437869985433644,0.0450921665847999,0.9710553328695272,False,0.0215173856607483,3.4384000301361084,1.781737820106124,0.4800599183915925,0.3754367129010499,0.3401808604581247,0.0292541189119219,0.0200801687315106,0.0152178693388123,0.557361996116239,0.44243379469981,0.1224318798929703,1.0224693027388505,0.9211937035768956,1.4778167599004677,0.8846304281887465,0.975486400278454,0.9710553328695272,-1.0587136056911246,-1.4133583568840618,-1.5556261174843509,K562,0.1046232054905425,0.4800599183915925,0.3754367129010499,0.3401808604581247,0.1046232054905425,0.1046232054905426,K562
KLF1,K562,norm_mean,"[[1 0 0 0]
 [0 0 0 1]
 [0 0 0 1]
 ...
 [0 1 0 0]
 [0 0 0 1]
 [0 0 1 0]]",0.0567521738928666,0.0,EH38E3295929,chr19,18292670,18293170,shared,cross_context,108443,-1,MA0493.3,KLF1,35,43,12.659942219043485,+,KLF1,ig,0.0642135487869381,0.0799684252706356,0.0615060578752309,1.3001713169643168,True,0.0362944474036339,0.0440587309736292,0.0450384325126651,0.9782472153924864,False,0.0203516857582144,0.0542648990396992,0.0418232967506628,1.2974798803740977,True,0.0402865606495955,1.1326299905776978,0.1796779098993591,0.9726580653997602,0.8683942116325348,0.4274937365948599,0.0642135487869381,0.0362944474036339,0.0203516857582144,1.0629267800855973,0.9822430181962708,0.499238609082707,2.191769668871796,2.3803772729341204,0.7999007697611048,1.3001713169643168,0.9782472153924864,1.2974798803740977,-0.0399953737545265,-0.2035779836673357,-1.2260248089403232,K562,0.1042638537672253,0.9726580653997602,0.8683942116325348,0.4274937365948599,0.1042638537672253,0.10426385376722536,K562
KLF1,K562,norm_mean,"[[0 0 1 0]
 [0 0 0 1]
 [0 0 0 1]
 ...
 [0 0 1 0]
 [0 1 0 0]
 [0 1 0 0]]",0.0023807181359698,0.0,EH38E3046269,chr12,121095698,121096198,shared,cross_context,74785,-1,MA0493.3,KLF1,224,232,12.659942219043485,+,KLF1,ig,0.0582842848962172,0.0589884384477045,0.0630908309887252,0.9349762584119956,False,0.0436373120173811,0.0432165868123411,0.0499166197472592,0.8657753344157618,False,0.0209519984491635,0.040737451458117,0.0491641160288753,0.8286011518681489,False,0.0409578651209206,1.474560022354126,0.5602855272664029,0.9478917576257944,0.9225760609216932,0.4567446989757019,0.0582842848962172,0.0436373120173811,0.0209519984491635,0.9921243738198536,0.9233549401431072,0.4748566171823605,2.048914532407719,1.9038651897355696,1.2645198892522704,0.9349762584119956,0.8657753344157618,0.8286011518681489,-0.0772057701620283,-0.1162602356020483,-1.130540106840586,K562,0.025315696704101,0.9478917576257944,0.9225760609216932,0.4567446989757019,0.025315696704101,0.025315696704101165,K562
KLF1,K562,norm_mean,"[[0 0 0 1]
 [0 0 1 0]
 [0 0 0 1]
 ...
 [0 0 1 0]
 [0 0 0 1]
 [0 1 0 0]]",0.1181948852832994,0.0,EH38E3249859,chr17,81090722,81091222,shared,cross_context,100532,-1,MA0493.3,KLF1,195,203,12.659942219043485,+,KLF1,ig,0.1088425940833985,0.0667820403305813,0.0635813491942242,1.050339929452906,True,0.0687116084154695,0.0411745244028861,0.0432317017542157,0.9524148531747876,False,0.0343605991220101,0.0490921292157145,0.0441001960287418,1.113195008289059,True,0.0706382672069594,4.145390033721924,2.0515081972102647,1.693539859303261,1.629363723172932,0.7515824279795542,0.1088425940833985,0.0687116084154695,0.0343605991220101,1.9060398960116312,1.7467121595158135,0.5556712470757644,3.2648620127008603,3.648508718907202,2.01923785031056,1.050339929452906,0.9524148531747876,1.113195008289059,0.7600419434810716,0.7043086937877858,-0.4119967560702918,K562,0.0641761361303285,1.693539859303261,1.629363723172932,0.7515824279795542,0.0641761361303285,0.0641761361303288,K562
KLF1,K562,norm_mean,"[[0 0 1 0]
 [1 0 0 0]
 [0 0 1 0]
 ...
 [1 0 0 0]
 [0 1 0 0]
 [0 0 0 1]]",0.1955675677654197,0.0,EH38E2910623,chr10,77846145,77846645,shared,cross_context,59044,-1,MA0493.3,KLF1,414,422,12.659942219043485,+,KLF1,ig,0.1012609112076461,0.0710398589208489,0.0563881319371284,1.2598368465493466,True,0.0190589851699769,0.0349534534721169,0.0618204507988411,0.5654026679913093,False,0.0228984149871394,0.0505635588814038,0.0550601117394398,0.9183335830727904,False,0.0477394371215874,0.8495000004768372,-0.2353124483817846,1.670222104174914,0.3826579280210359,0.4557444859842605,0.1012609112076461,0.0190589851699769,0.0228984149871394,1.9620707049241444,0.3342127938470886,0.3841242441303839,2.729829708149256,1.379694016699356,1.294815704182337,1.2598368465493466,0.5654026679913093,0.9183335830727904,0.7400399642131953,-1.3858728009600116,-1.133702890402599,K562,1.2144776181906536,1.670222104174914,0.3826579280210359,0.4557444859842605,1.2144776181906536,1.2144776181906534,K562
KLF1,K562,norm_mean,"[[1 0 0 0]
 [1 0 0 0]
 [1 0 0 0]
 ...
 [0 0 1 0]
 [1 0 0 0]
 [0 0 0 1]]",0.0823291960921829,0.0,EH38E3710070,chr6,44469705,44470205,shared,cross_context,153667,-1,MA0493.3,KLF1,335,343,12.659942219043485,+,KLF1,ig,0.061751140281558,0.0570868097711354,0.0602386266404303,0.9476776526648768,False,0.0285175612661987,0.0526284963247599,0.0404396642139352,1.3014075248564816,True,0.0230735251680016,0.0641643735580146,0.0410188550644233,1.5642649658209566,True,0.0377807422385861,2.803289890289306,1.487121456893861,0.8946017058737551,0.6182686652842094,0.4354063048748776,0.061751140281558,0.0285175612661987,0.0230735251680016,1.0739105796840849,0.466521118962437,0.4656193336394022,1.9711554055572449,1.5848280356350577,0.9519247591269556,0.9476776526648768,1.3014075248564816,1.5642649658209566,-0.1606825839225027,-0.6936942028938466,-1.1995657930375492,K562,0.2763330405895456,0.8946017058737551,0.6182686652842094,0.4354063048748776,0.2763330405895456,0.27633304058954566,K562
KLF1,K562,norm_mean,"[[0 0 0 1]
 [1 0 0 0]
 [1 0 0 0]
 ...
 [1 0 0 0]
 [1 0 0 0]
 [1 0 0 0]]",0.91920933530117,1.0,EH38E3176321,chr16,29815786,29816286,shared,cross_context,88912,-1,MA0493.3,KLF1,438,446,12.659942219043485,+,KLF1,ig,0.0418440571520477,0.0441164087248034,0.0594618978726794,0.7419272321242382,False,0.0280443276860751,0.0341940095979953,0.0402371646265964,0.8498113974283202,False,0.0250415330519899,0.0403008164025959,0.0405214804667048,0.9945541474025942,False,0.0316433059633709,2.1474499702453613,1.1026251926948851,0.6905992601717423,0.6872793619406138,0.5471710028015353,0.0418440571520477,0.0280443276860751,0.0250415330519899,0.7332863138990217,0.7760703479879291,0.6797539492624748,1.650559513844143,1.5960495261106828,1.2620397820540252,0.7419272321242382,0.8498113974283202,0.9945541474025942,-0.5340793041429692,-0.5410314549332353,-0.8699363152851308,K562,0.0033198982311285,0.6905992601717423,0.6872793619406138,0.5471710028015353,0.0033198982311285,0.0033198982311285485,K562
KLF1,K562,norm_mean,"[[1 0 0 0]
 [0 0 1 0]
 [0 0 0 1]
 ...
 [0 0 0 1]
 [0 0 0 1]
 [0 0 0 1]]",0.7891612533346606,1.0,EH38E3018620,chr12,53295851,53296351,shared,cross_context,71527,-1,MA0493.3,KLF1,496,504,12.24999410458628,+,KLF1,ig,0.0703491303138434,0.0715835011098533,0.0655048203241312,1.092797290759225,True,0.0490563021739944,0.0591792585153598,0.0385384489339776,1.535589646092053,True,0.0389019625727087,0.0540769250382436,0.0494800707025569,1.0929029272066062,True,0.0527691316868489,1.065989971160889,0.0921952186631537,0.9498224481384032,0.9277707899214755,0.7006639083319885,0.0703491303138434,0.0490563021739944,0.0389019625727087,0.979007011162153,1.013535539969015,0.7260611296346148,1.843021828821475,2.018608503771353,1.8988611194630007,1.092797290759225,1.535589646092053,1.0929029272066062,-0.0742702400620262,-0.1081596684625733,-0.5132055088723877,K562,0.0220516582169276,0.9498224481384032,0.9277707899214755,0.7006639083319885,0.0220516582169276,0.022051658216927672,K562
KLF1,K562,norm_mean,"[[0 0 1 0]
 [0 0 1 0]
 [0 1 0 0]
 ...
 [1 0 0 0]
 [0 0 1 0]
 [0 0 1 0]]",0.1496213187771344,0.0,EH38E3175304,chr16,28211251,28211751,shared,cross_context,88605,-1,MA0493.3,KLF1,131,139,12.24999410458628,+,KLF1,ig,0.0607565877726301,0.0638388736720662,0.0695586960463031,0.9177697128174096,False,0.0388549365161452,0.0614665327145485,0.0557129285635149,1.103272135690245,True,0.0207594202656764,0.0500343378959223,0.0438171453937452,1.1418892314279403,True,0.0401236481848172,1.7595499753952026,0.8152073105550829,0.928442582045476,0.7079739667462689,0.4607694208419415,0.0607565877726301,0.0388549365161452,0.0207594202656764,1.0306504361676925,1.0066348954472413,0.4465218128717402,2.0345058552251256,1.3934108857354115,1.2546476000068116,0.9177697128174096,1.103272135690245,1.1418892314279403,-0.1071154014384133,-0.4982317816042762,-1.117883116867476,K562,0.220468615299207,0.928442582045476,0.7079739667462689,0.4607694208419415,0.220468615299207,0.22046861529920714,K562
KLF1,K562,norm_mean,"[[0 1 0 0]
 [0 1 0 0]
 [0 0 0 1]
 ...
 [0 0 1 0]
 [0 1 0 0]
 [0 1 0 0]]",0.112675834092817,0.0,EH38E3588101,chr4,70902054,70902554,shared,cross_context,141550,-1,MA0493.3,KLF1,221,229,12.24999410458628,+,KLF1,ig,0.0377215015469118,0.0677405154792359,0.0754057477524605,0.8983467244187395,False,0.0163081986247561,0.0410253017657669,0.0644775351603852,0.6362727002667077,False,0.0265985061996616,0.0521056114329257,0.0715429631646913,0.728312077735141,False,0.0268760687904432,0.9583399891853333,-0.0613890194304774,0.5209323519861426,0.2948161346292499,0.4159249913704052,0.0377215015469118,0.0163081986247561,0.0265985061996616,0.6289172957043485,0.2610823653577944,0.5093056902594006,1.6649500111154618,1.1532062692799514,0.9640781528626984,0.8983467244187395,0.6362727002667077,0.728312077735141,-0.9408320551049026,-1.762112607919606,-1.2656047177041685,K562,0.1050073606157374,0.5209323519861426,0.2948161346292499,0.4159249913704052,0.1050073606157374,0.10500736061573746,K562
KLF1,K562,norm_mean,"[[0 0 1 0]
 [0 0 0 1]
 [0 0 1 0]
 ...
 [0 0 0 1]
 [1 0 0 0]
 [0 0 0 1]]",0.1932933141781332,0.0,EH38E3291687,chr19,13119076,13119576,shared,cross_context,55353,-1,MA0493.3,KLF1,3,11,12.24999410458628,+,KLF1,ig,0.0585131314583122,0.0659660237946082,0.0816957861039554,0.8074592199416037,False,0.0281862736446782,0.0403236055013258,0.0636621937077143,0.6333994607924569,False,0.0270329538034275,0.0536373832338722,0.0566718283030786,0.9464556795744252,False,0.0379107863021393,0.7645000219345093,-0.3874096648004801,0.8506299596937937,0.5741740049901477,0.5442379925430001,0.0585131314583122,0.0281862736446782,0.0270329538034275,1.1446599867292868,0.4157164417636858,0.7964126392888689,1.4765141106334747,1.5830077322591076,0.9247437501057184,0.8074592199416037,0.6333994607924569,0.9464556795744252,-0.2333964247542367,-0.8004400765644488,-0.8776904194780842,K562,0.276455954703646,0.8506299596937937,0.5741740049901477,0.5442379925430001,0.276455954703646,0.27645595470364603,K562
KLF1,K562,norm_mean,"[[0 1 0 0]
 [0 0 0 1]
 [0 0 1 0]
 ...
 [1 0 0 0]
 [0 0 1 0]
 [1 0 0 0]]",0.0316916943577274,0.0,EH38E3309681,chr19,45469565,45470065,shared,cross_context,111430,-1,MA0493.3,KLF1,360,368,12.24999410458628,+,KLF1,ig,0.0621907948516309,0.0665468627249356,0.0669351615468903,0.9941987326994042,False,0.0272702681249938,0.0386221671063685,0.0623948614590898,0.6189958598070319,False,0.0337987840684945,0.0498092232746421,0.0563830900909153,0.8834069640428932,False,0.0410866156817064,1.1067500114440918,0.1463306918949686,0.9638503546025672,0.4984035604164296,0.5833860266428973,0.0621907948516309,0.0272702681249938,0.0337987840684945,0.8526103518673857,0.6113866251562082,0.6158130639507247,2.3949026212561915,1.6629678819362974,1.458733969544706,0.9941987326994042,0.6189958598070319,0.8834069640428932,-0.0531189193745583,-1.0046137174976302,-0.7774772614310017,K562,0.3804643279596698,0.9638503546025672,0.4984035604164296,0.5833860266428973,0.3804643279596698,0.3804643279596699,K562
KLF1,K562,norm_mean,"[[1 0 0 0]
 [1 0 0 0]
 [0 1 0 0]
 ...
 [0 0 1 0]
 [0 0 1 0]
 [0 1 0 0]]",0.1152365241374562,0.0,EH38E2732352,chr9,131393213,131393713,shared,cross_context,42065,-1,MA0493.3,KLF1,442,450,12.24999410458628,+,KLF1,ig,0.064112375723198,0.0668508066539652,0.0616271150502143,1.0847627014807948,True,0.0127667732595,0.0497375021351035,0.0441431778762489,1.126731088713795,True,0.0234884193196194,0.0455372514849295,0.0531659108638996,0.8565120427708041,False,0.0334558561007725,1.165060043334961,0.2204055468190023,0.9012274878756272,0.2252925848546341,0.4072566811147726,0.064112375723198,0.0127667732595,0.0234884193196194,0.8899720099482711,0.2262506284929505,0.5937536658403215,1.76055318624532,0.64243776748397,1.028607613136984,1.0847627014807948,1.126731088713795,0.8565120427708041,-0.1500367761434445,-2.150128258130501,-1.295989724743671,K562,0.4939708067608547,0.9012274878756272,0.2252925848546341,0.4072566811147726,0.4939708067608547,0.49397080676085464,K562
KLF1,K562,norm_mean,"[[1 0 0 0]
 [0 1 0 0]
 [0 1 0 0]
 ...
 [0 1 0 0]
 [0 1 0 0]
 [0 0 1 0]]",0.0070562938437766,0.0,EH38E2957289,chr11,47185269,47185769,shared,cross_context,186672,-1,MA0493.3,KLF1,339,347,12.24999410458628,+,KLF1,ig,0.1643475973978638,0.0622436731314519,0.0706733178631246,0.8807236762927207,False,0.1001652968116104,0.0426313859643414,0.0549978046711762,0.7751469075494754,False,0.1189231476746499,0.0430177856062073,0.0523509596323864,0.8217189845437889,False,0.1278120139613747,0.7116199731826782,-0.4908190639608301,2.360604716561507,1.8457604041989648,2.2278603960893086,0.1643475973978638,0.1001652968116104,0.1189231476746499,2.62165878240368,2.3404022493339194,2.7663407156337447,3.998929911054256,2.466334785453111,3.3517044155090114,0.8807236762927207,0.7751469075494754,0.8217189845437889,1.2391564830078836,0.8842152915182493,1.1556588328857316,K562,0.1327443204721983,2.360604716561507,1.8457604041989648,2.2278603960893086,0.1327443204721983,0.1327443204721983,K562
KLF1,K562,norm_mean,"[[0 1 0 0]
 [0 1 0 0]
 [0 0 0 1]
 ...
 [0 1 0 0]
 [0 1 0 0]
 [0 0 1 0]]",0.0680867895359195,0.0,EH38E3907426,chr9,123929311,123929811,shared,cross_context,24882,-1,MA0493.3,KLF1,313,321,12.24999410458628,+,KLF1,ig,0.0751404761103913,0.0585852720285765,0.0558171744306445,1.0495920320268304,True,0.0331728467717766,0.0485148611030308,0.0415509156275035,1.1676000081913387,True,0.0304993711761198,0.0406236390565754,0.0380972451398196,1.0663140666560835,True,0.0462708980194292,1.1031700372695925,0.1416564858441264,1.326813379234978,0.7606413304011933,0.7936087481307442,0.0751404761103913,0.0331728467717766,0.0304993711761198,1.623644226202997,0.6780695341738229,1.0227518108092453,2.8083439310320046,2.0849530988547107,1.7094372603568502,1.0495920320268304,1.1676000081913387,1.0663140666560835,0.4079654661542458,-0.3947117612469302,-0.3335001640996216,K562,0.5332046311042337,1.326813379234978,0.7606413304011933,0.7936087481307442,0.5332046311042337,0.5332046311042339,K562
KLF1,K562,norm_mean,"[[0 0 0 1]
 [0 0 1 0]
 [0 1 0 0]
 ...
 [0 0 1 0]
 [0 1 0 0]
 [0 0 1 0]]",0.7372773288785034,1.0,EH38E2932101,chr10,125823046,125823546,shared,cross_context,17891,-1,MA0493.3,KLF1,280,288,12.24999410458628,+,KLF1,ig,0.0708612762391567,0.0570387594029307,0.0546659687496662,1.043405070347872,True,0.0521231226157397,0.0449779059371212,0.0452690781698598,0.993567746899474,False,0.0356732102809473,0.0483825063356198,0.0454427179267021,1.0646919439708706,True,0.0528858697119479,2.082629919052124,1.0584071896270923,1.2746475285932408,1.1543069712477547,0.7656662136550765,0.0708612762391567,0.0521231226157397,0.0356732102809473,1.691618064191755,1.4347559562104957,0.8438549179260656,2.007675303193741,1.768109903541887,1.936237057351448,1.043405070347872,0.993567746899474,1.0646919439708706,0.3500983626852281,0.2070269401420014,-0.3852124957011036,K562,0.1203405573454861,1.2746475285932408,1.1543069712477547,0.7656662136550765,0.1203405573454861,0.1203405573454861,K562
KLF1,K562,norm_mean,"[[0 1 0 0]
 [0 0 0 1]
 [0 0 1 0]
 ...
 [0 1 0 0]
 [0 0 1 0]
 [0 1 0 0]]",0.1239611924238597,0.0,EH38E3040750,chr12,110582182,110582682,shared,cross_context,60379,-1,MA0493.3,KLF1,298,306,12.24999410458628,+,KLF1,ig,0.0677865019533783,0.0636211015013395,0.0533950622809389,1.1915163475497548,True,0.0138244099216535,0.0397101219999603,0.0441595060908566,0.8992426891240893,False,0.0140494854422286,0.0418060464208247,0.0342568132861126,1.2203713716143785,True,0.0318867991057535,1.867650032043457,0.9012249146983936,1.1836493784666962,0.325926149785217,0.3780327066412163,0.0677865019533783,0.0138244099216535,0.0140494854422286,1.2323442292267537,0.244040504928553,0.3435992162100562,2.142516997762146,0.7017846329912234,0.9840297383471156,1.1915163475497548,0.8992426891240893,1.2203713716143785,0.2432417892295677,-1.6173829830853117,-1.403417032106646,K562,0.8056166718254798,1.1836493784666962,0.325926149785217,0.3780327066412163,0.8056166718254798,0.8056166718254798,K562
KLF1,K562,norm_mean,"[[1 0 0 0]
 [1 0 0 0]
 [0 0 0 1]
 ...
 [1 0 0 0]
 [0 0 1 0]
 [0 0 1 0]]",0.0157353136941021,0.0,EH38E3191167,chr16,75252065,75252565,shared,cross_context,91509,-1,MA0493.3,KLF1,21,29,12.24999410458628,+,KLF1,ig,0.0681361372116953,0.0594282606196065,0.0505035447771661,1.1767144091503747,True,0.0407392606139183,0.041677576216025,0.0470162259880453,0.8864507194200375,False,0.0191928607964655,0.0438118277263129,0.0509007155243307,0.8607309085480656,False,0.042689419540693,2.097059965133667,1.0683688036460022,1.2876903267568507,0.9549166010414176,0.4321476986848406,0.0681361372116953,0.0407392606139183,0.0191928607964655,1.7791639708985083,0.9780904469517968,0.4004117593078408,1.9813221048015943,1.7280796130742244,0.9957556862240176,1.1767144091503747,0.8864507194200375,0.8607309085480656,0.3647856863675978,-0.0665533544877851,-1.210403613090164,K562,0.3327737257154332,1.2876903267568507,0.9549166010414176,0.4321476986848406,0.3327737257154332,0.33277372571543307,K562
KLF1,K562,norm_mean,"[[0 0 1 0]
 [0 1 0 0]
 [0 1 0 0]
 ...
 [1 0 0 0]
 [0 1 0 0]
 [0 0 1 0]]",0.1553938906692228,0.0,EH38E1941073,chr19,14118264,14118764,shared,cross_context,19845,-1,MA0493.3,KLF1,32,40,12.24999410458628,+,KLF1,ig,0.0738167354138568,0.0588012721076665,0.0486815968493465,1.2078745118179248,True,0.021671530441381,0.0388817410200135,0.0382223607273772,1.017250899933427,True,0.0428869113675318,0.0400085886230226,0.0377734169369796,1.0591728595282637,True,0.0461250590742565,1.4347399473190308,0.5207902715655622,1.3390557681144668,0.4950845432455514,1.11018848054901,0.0738167354138568,0.021671530441381,0.0428869113675318,1.7758022121764312,0.4448926333430037,0.9876598216386662,2.619918003850459,1.421508405741793,3.0475162628968,1.2078745118179248,1.017250899933427,1.0591728595282637,0.4212160474056107,-1.014253183535876,0.1508046300097127,K562,0.2288672875654567,1.3390557681144668,0.4950845432455514,1.11018848054901,0.2288672875654567,0.2288672875654567,K562
KLF1,K562,norm_mean,"[[1 0 0 0]
 [0 0 0 1]
 [0 0 1 0]
 ...
 [1 0 0 0]
 [0 1 0 0]
 [0 0 1 0]]",0.6573134565746369,1.0,EH38E2962878,chr11,64250940,64251440,shared,cross_context,53715,-1,MA0493.3,KLF1,56,64,12.24999410458628,+,KLF1,ig,0.0741731335874646,0.0799278587161097,0.0653324728779261,1.223401517824679,True,0.0493394895456731,0.050593072961783,0.0488150072889402,1.0364243581502457,True,0.0332144234562292,0.0412487732240697,0.0486618580319918,0.8476611131523244,False,0.0522423488631223,1.1491199731826782,0.2005306850369082,1.0513897096043456,1.0469550794735198,0.7632094792728582,0.0741731335874646,0.0493394895456731,0.0332144234562292,1.32925499127375,1.032411632364523,0.7366232867127717,1.4283965372845278,2.8661909729874213,1.850688347337644,1.223401517824679,1.0364243581502457,0.8476611131523244,0.0722975211973157,0.0661995448777924,-0.3898490028708607,K562,0.0044346301308257,1.0513897096043456,1.0469550794735198,0.7632094792728582,0.0044346301308257,0.00443463013082579,K562
KLF1,K562,norm_mean,"[[0 1 0 0]
 [0 1 0 0]
 [0 1 0 0]
 ...
 [1 0 0 0]
 [0 0 1 0]
 [0 1 0 0]]",0.2024203050458224,0.0,EH38E3281501,chr19,1848258,1848758,shared,cross_context,104069,-1,MA0493.3,KLF1,264,272,12.24999410458628,+,KLF1,ig,0.1031891144812107,0.058764989261399,0.0687938414040941,0.8542186265486769,False,0.0770405629882589,0.0498065432393923,0.0554498714542811,0.8982263249824651,False,0.0525713163660839,0.0552564537117723,0.0512049311789898,1.0791234681555466,True,0.0776003312785178,4.378210067749023,2.130341506609943,1.590551264831792,1.4468948659461978,0.9959035648953324,0.1031891144812107,0.0770405629882589,0.0525713163660839,1.9533276481729689,1.6866446574781924,1.0436180929896732,2.5541864064300683,3.224083303877447,1.728395918041418,0.8542186265486769,0.8982263249824651,1.0791234681555466,0.6695268728326886,0.5329600977883255,-0.0059220430961644,K562,0.1436563988855941,1.590551264831792,1.4468948659461978,0.9959035648953324,0.1436563988855941,0.14365639888559434,K562
KLF1,K562,norm_mean,"[[0 0 1 0]
 [0 0 1 0]
 [0 0 1 0]
 ...
 [0 0 1 0]
 [1 0 0 0]
 [0 1 0 0]]",0.0428207378783183,0.0,EH38E3750511,chr6,170295785,170296285,shared,cross_context,63271,-1,MA0493.3,KLF1,477,485,12.24999410458628,+,KLF1,ig,0.0441849294584244,0.0575858563371002,0.0674428378138691,0.8538467488209799,False,0.0267131954897195,0.0628200798400212,0.0458494867372792,1.370136736723297,True,0.0197259173728525,0.0490220897423569,0.0444415405084146,1.1030688439431249,True,0.0302080141069988,1.3397799730300903,0.4219971686302094,0.6935331845939915,0.4680559035932369,0.4158274731694423,0.0441849294584244,0.0267131954897195,0.0197259173728525,0.8238683907545671,0.4795651442768018,0.4769466237517105,1.2639787842137875,0.9897689813125664,0.6917558500977931,0.8538467488209799,1.370136736723297,1.1030688439431249,-0.5279631776644955,-1.095247239303852,-1.2659430131255345,K562,0.2254772810007545,0.6935331845939915,0.4680559035932369,0.4158274731694423,0.2254772810007545,0.2254772810007546,K562
KLF1,K562,norm_mean,"[[0 0 1 0]
 [1 0 0 0]
 [0 0 1 0]
 ...
 [0 0 0 1]
 [0 0 1 0]
 [0 0 1 0]]",0.1789554299185292,0.0,EH38E2280786,chr4,10123448,10123948,shared,cross_context,4416,-1,MA0493.3,KLF1,284,292,12.24999410458628,+,KLF1,ig,0.157707305625081,0.0710375633067451,0.0598717868613162,1.186494593962039,True,0.0529788662097416,0.0385080398595891,0.0460463116282764,0.8362891648644072,False,0.0365774420788511,0.0433886801172047,0.0501792073396828,0.86467430975437,False,0.0824212046378913,1.1946099996566772,0.2565409109011496,2.45522206096174,1.2291602860020403,0.7696194913030843,0.157707305625081,0.0529788662097416,0.0365774420788511,3.0336788653413533,1.5016248899189786,0.5569645397918385,3.809371577311238,2.8131328058890146,1.8855147868747708,1.186494593962039,0.8362891648644072,0.86467430975437,1.2958535146429204,0.2976730606940512,-0.3777827558978152,K562,1.2260617749596998,2.45522206096174,1.2291602860020403,0.7696194913030843,1.2260617749596998,1.2260617749596998,K562
KLF1,K562,norm_mean,"[[0 0 1 0]
 [0 1 0 0]
 [1 0 0 0]
 ...
 [0 0 0 1]
 [0 0 0 1]
 [0 0 0 1]]",0.7372773288785034,1.0,EH38E2932102,chr10,125823264,125823764,shared,cross_context,17899,-1,MA0493.3,KLF1,62,70,12.24999410458628,+,KLF1,ig,0.0697439538780599,0.0628170161228627,0.063029715809971,0.996625248097228,False,0.0422812885371968,0.045868899821653,0.0435369615873787,1.053562022098714,True,0.0386944384081289,0.0412539896013913,0.0437710169667843,0.9424953550369504,False,0.0502398936077952,2.082629919052124,1.0584071896270923,1.168569241662794,0.9642624012287762,0.9170180120224029,0.0697439538780599,0.0422812885371968,0.0386944384081289,1.3925971919633366,1.2490788438004286,0.850368757990999,2.114887145735721,1.7794791182229743,2.076817258664612,0.996625248097228,1.053562022098714,0.9424953550369504,0.2247432224275771,-0.0525022981413011,-0.1249780218708979,K562,0.2043068404340178,1.168569241662794,0.9642624012287762,0.9170180120224029,0.2043068404340178,0.2043068404340178,K562
KLF1,K562,norm_mean,"[[0 0 1 0]
 [0 1 0 0]
 [0 0 1 0]
 ...
 [0 0 0 1]
 [0 0 0 1]
 [0 0 0 1]]",0.0031619386649583,0.0,EH38E3682013,chr5,177494640,177495140,shared,cross_context,148513,-1,MA0493.3,KLF1,263,271,12.24999410458628,+,KLF1,ig,0.0984329818747937,0.0828806390729732,0.0689270123500766,1.2024404398615536,True,0.0361032001092098,0.0534208543051499,0.0598090741379844,0.8931896395855802,False,0.0379115567775443,0.0615775530366227,0.0448084380574679,1.374239807583783,True,0.0574825795871826,1.087280035018921,0.1207248892378296,1.3234215493668469,0.6299229569003428,0.738169553242483,0.0984329818747937,0.0361032001092098,0.0379115567775443,1.6494657480957482,0.8015576736581065,0.5564530817422568,2.8373914253122066,1.581581027959272,1.6884305648731863,1.2024404398615536,0.8931896395855802,1.374239807583783,0.4042726774542816,-0.6667527028649294,-0.4379758599443089,K562,0.5852519961243638,1.3234215493668469,0.6299229569003428,0.738169553242483,0.5852519961243638,0.5852519961243638,K562
KLF1,K562,norm_mean,"[[0 0 0 1]
 [0 0 0 1]
 [0 0 1 0]
 ...
 [1 0 0 0]
 [0 0 0 1]
 [0 1 0 0]]",0.087274139024787,0.0,EH38E2457042,chr6,28081263,28081763,shared,cross_context,205474,-1,MA0493.3,KLF1,47,55,12.24999410458628,+,KLF1,ig,0.0478065307252109,0.0775208594091236,0.0600859978538937,1.2901649182223052,True,0.0215153616736643,0.0538087209500372,0.0474849417433142,1.1331741735972878,True,0.0312207486713305,0.0587928365881089,0.0465429911983665,1.2631939297926564,True,0.0335142136900685,1.0420000553131104,0.0593567387433115,0.6896658369792797,0.4540265880493192,0.6182948496183175,0.0478065307252109,0.0215153616736643,0.0312207486713305,1.0294436722520803,0.53717213241504,0.6318017490368747,1.1887564348381583,1.1799276920091557,1.2204651820088732,1.2901649182223052,1.1331741735972878,1.2631939297926564,-0.5360305890329995,-1.139151306696409,-0.6936331045216952,K562,0.0713709873609622,0.6896658369792797,0.4540265880493192,0.6182948496183175,0.0713709873609622,0.07137098736096226,K562
KLF1,K562,norm_mean,"[[0 0 0 1]
 [0 0 1 0]
 [0 0 1 0]
 ...
 [1 0 0 0]
 [0 0 1 0]
 [1 0 0 0]]",0.0595731833261217,0.0,EH38E3176223,chr16,29737618,29738118,shared,cross_context,88856,-1,MA0493.3,KLF1,473,481,12.24999410458628,+,KLF1,ig,0.046621402259916,0.0577926463173935,0.0758971234830096,0.7614601983661347,False,0.014161363185849,0.0422237562737427,0.0608833929884713,0.6935183350664239,False,0.0211598094902001,0.0515926147205755,0.0516574456583475,0.9987447903318952,False,0.0273141916453217,2.121269941329956,1.084928902221091,0.7184814832157429,0.2768490192423906,0.4071308779408282,0.046621402259916,0.014161363185849,0.0211598094902001,0.8359191712579821,0.2853430946699944,0.4868265613583972,1.622733245842396,0.923694147214388,0.8502220188490967,0.7614601983661347,0.6935183350664239,0.9987447903318952,-0.4769771170138318,-1.8528286786500645,-1.2964354477023716,K562,0.3113506052749147,0.7184814832157429,0.2768490192423906,0.4071308779408282,0.3113506052749147,0.3113506052749147,K562
KLF1,K562,norm_mean,"[[0 0 1 0]
 [1 0 0 0]
 [1 0 0 0]
 ...
 [1 0 0 0]
 [1 0 0 0]
 [0 0 1 0]]",0.91920933530117,1.0,EH38E3176324,chr16,29816597,29817097,shared,cross_context,88917,-1,MA0493.3,KLF1,475,483,12.24999410458628,+,KLF1,ig,0.0774075339431874,0.0579899269051384,0.0618011206574738,0.9383311646277384,False,0.0595729633932933,0.0591699222492752,0.0575697356951423,1.0277954424639395,True,0.0211460184655152,0.0554323667078279,0.0510186870256438,1.0865108271966557,True,0.0527088386006653,1.313830018043518,0.393779731438199,1.2806028657231292,1.0536015859866652,0.393799745618235,0.0774075339431874,0.0595729633932933,0.0211460184655152,1.3974052659903526,1.1333306388260436,0.4138013285982792,3.076407576650968,2.57604304814441,0.7883476228640847,0.9383311646277384,1.0277954424639395,1.0865108271966557,0.3568231446579195,0.075329423767114,-1.3444659119179143,K562,0.227001279736464,1.2806028657231292,1.0536015859866652,0.393799745618235,0.227001279736464,0.227001279736464,K562
KLF1,K562,norm_mean,"[[1 0 0 0]
 [0 1 0 0]
 [0 0 0 1]
 ...
 [0 0 0 1]
 [0 0 0 1]
 [0 0 1 0]]",0.0025055549658057,0.0,EH38E2060890,chr2,190648125,190648625,shared,cross_context,23786,-1,MA0493.3,KLF1,191,199,12.24999410458628,+,KLF1,ig,0.0613515712320804,0.0518728792155161,0.0587995950953435,0.8821977482910697,False,0.0213919696980156,0.0410242083587218,0.0578217512584622,0.7094942711160992,False,0.0296191469533368,0.0311056679481407,0.0424456513640707,0.732835040107797,False,0.0374542292944776,1.2836899757385254,0.3602979427814549,1.0881157473844407,0.4244924637528932,0.7811163506117744,0.0613515712320804,0.0213919696980156,0.0296191469533368,1.1978205184463506,0.4412976390002993,0.7372259633020243,2.002998100881093,0.9185175054134562,1.7993228220941428,0.8821977482910697,0.7094942711160992,0.732835040107797,0.1218320315313983,-1.236189150437952,-0.3563906330875153,K562,0.3069993967726663,1.0881157473844407,0.4244924637528932,0.7811163506117744,0.3069993967726663,0.3069993967726663,K562
KLF1,K562,norm_mean,"[[0 0 1 0]
 [0 0 1 0]
 [1 0 0 0]
 ...
 [0 0 0 1]
 [0 1 0 0]
 [0 1 0 0]]",0.0089165030960616,0.0,EH38E3225221,chr17,43906511,43907011,shared,cross_context,97313,-1,MA0493.3,KLF1,234,242,12.24999410458628,+,KLF1,ig,0.038174744695425,0.062296860787319,0.0507722890014963,1.2269852264417465,True,0.0190457258722744,0.0354310815816279,0.0450680343992411,0.786168604693763,False,0.0248592694406397,0.0348079398507252,0.0383135804743058,0.9085011198328808,False,0.027359913336113,0.5096700191497803,-0.9723617736581648,0.6906446610881921,0.461115399344552,0.6728871226015763,0.038174744695425,0.0190457258722744,0.0248592694406397,0.6177404633563826,0.3849199056559249,0.7761272169161378,1.42452956283825,0.8423394658530124,1.419540880859909,1.2269852264417465,0.786168604693763,0.9085011198328808,-0.5339844625643972,-1.1168002451650856,-0.5715635809554132,K562,0.0177575384866157,0.6906446610881921,0.461115399344552,0.6728871226015763,0.0177575384866157,0.017757538486615765,K562
KLF1,K562,norm_mean,"[[1 0 0 0]
 [0 0 0 1]
 [0 0 1 0]
 ...
 [0 0 0 1]
 [0 0 0 1]
 [0 0 1 0]]",0.1033020369521523,0.0,EH38E3254239,chr18,3585444,3585944,shared,cross_context,14808,-1,MA0493.3,KLF1,468,476,12.24999410458628,+,KLF1,ig,0.0573189195129089,0.0771915331983473,0.06615868632216,1.1667632146568123,True,0.0247064348077401,0.0779531848017359,0.0459511726172058,1.696434789309367,True,0.0174304250977002,0.042962446467136,0.0388898086623521,1.104722211233308,True,0.033151926472783,1.0086400508880615,0.0124128481427848,0.8128207057874166,0.4212011753209408,0.4387715878945626,0.0573189195129089,0.0247064348077401,0.0174304250977002,0.8456531470790423,0.4057114246004992,0.5721018907931783,1.835577387384444,1.1762099954551302,0.6371776635810026,1.1667632146568123,1.696434789309367,1.104722211233308,-0.2989909393336352,-1.2474186293926353,-1.188457982746819,K562,0.3740491178928539,0.8128207057874166,0.4212011753209408,0.4387715878945626,0.3740491178928539,0.374049117892854,K562
KLF1,K562,norm_mean,"[[1 0 0 0]
 [1 0 0 0]
 [0 0 1 0]
 ...
 [0 0 0 1]
 [0 0 0 1]
 [0 0 0 1]]",0.1717268665776381,0.0,EH38E3058721,chr13,30617107,30617607,shared,cross_context,210550,-1,MA0493.3,KLF1,207,215,12.24999410458628,+,KLF1,ig,0.1452715154737234,0.0720697529899189,0.0646717596617212,1.1143927770477642,True,0.1236573476344347,0.0528620998421683,0.0628202713363792,0.8414814247505762,False,0.0662364847958087,0.0457294293900486,0.0442078504954701,1.034418514660631,True,0.1117217826346556,1.596019983291626,0.6744796191616179,2.153494079873964,2.1024207622933373,1.481187287594557,0.1452715154737234,0.1236573476344347,0.0662364847958087,2.6095849211420763,2.290389668500201,1.5059290210766594,3.692938632919972,3.4888647510280464,2.661507190357574,1.1143927770477642,0.8414814247505762,1.034418514660631,1.1066793581720564,1.072051428752529,0.5667540736065949,K562,0.0510733175806268,2.153494079873964,2.1024207622933373,1.481187287594557,0.0510733175806268,0.05107331758062683,K562
KLF1,K562,norm_mean,"[[0 0 1 0]
 [0 0 0 1]
 [0 0 1 0]
 ...
 [0 1 0 0]
 [0 0 1 0]
 [0 1 0 0]]",0.7307981022919645,1.0,EH38E3775901,chr7,55951954,55952454,shared,cross_context,45898,-1,MA0493.3,KLF1,209,217,12.24999410458628,+,KLF1,ig,0.0499171342817135,0.0730047696921974,0.062145736911752,1.1747347697963213,True,0.0382740567438304,0.0611259945452911,0.0448582807763999,1.3626465361772049,True,0.0136694452958181,0.0427838910324499,0.0376700021831008,1.135754637521546,True,0.033953545440454,1.1491199731826782,0.2005306850369082,0.7519050913084859,0.7473525084119116,0.3445996259339328,0.0499171342817135,0.0382740567438304,0.0136694452958181,0.9695742685733056,0.78670129545732,0.4321988752675148,1.498388901775885,1.4140558710629911,0.932848020694396,1.1747347697963213,1.3626465361772049,1.135754637521546,-0.4113775227410063,-0.4201392044530991,-1.53700695519582,K562,0.0045525828965743,0.7519050913084859,0.7473525084119116,0.3445996259339328,0.0045525828965743,0.004552582896574342,K562
KLF1,K562,norm_mean,"[[0 1 0 0]
 [0 1 0 0]
 [1 0 0 0]
 ...
 [0 1 0 0]
 [0 0 1 0]
 [0 0 1 0]]",0.0287671804809414,0.0,EH38E3756156,chr7,5558356,5558856,shared,cross_context,157520,-1,MA0493.3,KLF1,486,494,12.24999410458628,+,KLF1,ig,0.0515459834132343,0.054070841805078,0.0541164197283796,0.9991575955115588,False,0.0213956665247678,0.0398181459232,0.0431541162746725,0.9226961442750746,False,0.0275659867038484,0.0427789186890004,0.0514448204259679,0.8315494158458109,False,0.0335025455472835,2.6453499794006348,1.4034591486713024,0.8941649793378842,0.4590890926966064,0.5372289136054061,0.0515459834132343,0.0213956665247678,0.0275659867038484,1.0472424116841388,0.5150688765733967,0.4842462714802412,1.9604970890103357,0.9918488310200196,1.526075660384051,0.9991575955115588,0.9226961442750746,0.8315494158458109,-0.1613870505525547,-1.1231539356680915,-0.8963911396469096,K562,0.356936065732478,0.8941649793378842,0.4590890926966064,0.5372289136054061,0.356936065732478,0.35693606573247805,K562
KLF1,K562,norm_mean,"[[1 0 0 0]
 [1 0 0 0]
 [0 0 0 1]
 ...
 [0 1 0 0]
 [0 1 0 0]
 [0 0 0 1]]",0.0499150845670653,0.0,EH38E3191017,chr16,75110605,75111105,shared,cross_context,212406,-1,MA0493.3,KLF1,243,251,12.24999410458628,+,KLF1,ig,0.0379329247516579,0.0647893177578225,0.0634206401367779,1.0215807882463026,True,0.0226295480970293,0.0392569486843422,0.0437155211803679,0.8980091885963855,False,0.0182427296531386,0.038485757667513,0.0487082908538211,0.790127288221631,False,0.0262684008339419,1.816140055656433,0.8608762579113786,0.5931163908750909,0.5391339091191265,0.4079768134627473,0.0379329247516579,0.0226295480970293,0.0182427296531386,0.6262151967388999,0.6501294219858922,0.5150339221190688,1.4008307039123746,1.108044823479629,0.9302074933047324,1.0215807882463026,0.8980091885963855,0.790127288221631,-0.75361285098626,-0.8912844407030007,-1.2934409294799971,K562,0.0539824817559644,0.5931163908750909,0.5391339091191265,0.4079768134627473,0.0539824817559644,0.05398248175596443,K562
KLF1,K562,norm_mean,"[[1 0 0 0]
 [0 0 1 0]
 [0 1 0 0]
 ...
 [0 0 1 0]
 [0 0 1 0]
 [0 0 1 0]]",0.6812283942312419,1.0,EH38E1551603,chr11,73307937,73308437,shared,cross_context,7600,-1,MA0493.3,KLF1,495,503,12.24999410458628,+,KLF1,ig,0.0359762224688893,0.0528898115665651,0.0461013117083348,1.1472515235285117,True,0.0187872873502783,0.0399305249674944,0.0502805908920709,0.794153694646703,False,0.0235597901919391,0.0437386323903047,0.048810257341247,0.8960949155331388,False,0.0261077666703689,0.7475100159645081,-0.4198332546264366,0.6951489458772144,0.4246392192182126,0.5038573204794016,0.0359762224688893,0.0187872873502783,0.0235597901919391,1.033900684946735,0.2031295713224052,0.6674416329923528,1.4349783081757492,1.0298485319619022,0.9728380215651748,1.1472515235285117,0.794153694646703,0.8960949155331388,-0.5246059632408747,-1.2356904683421237,-0.9889128348441034,K562,0.1912916253978128,0.6951489458772144,0.4246392192182126,0.5038573204794016,0.1912916253978128,0.19129162539781286,K562
KLF1,K562,norm_mean,"[[0 1 0 0]
 [0 1 0 0]
 [0 0 1 0]
 ...
 [0 0 0 1]
 [0 1 0 0]
 [0 0 1 0]]",0.675055433911074,1.0,EH38E3570245,chr4,6200377,6200877,shared,cross_context,140180,-1,MA0493.3,KLF1,348,356,12.24999410458628,+,KLF1,ig,0.0705795059911906,0.054835876399884,0.0655301913229498,0.8368031120435387,False,0.0304304549354128,0.0515039614884881,0.0432191786875661,1.1916920019210222,True,0.0285945394425652,0.0372972958307946,0.0403541938762198,0.924248089373741,False,0.0432015001230562,0.2766300141811371,-1.8539651831675108,1.1600030142380402,0.6183281078431675,0.7088429080828462,0.0705795059911906,0.0304304549354128,0.0285945394425652,1.3468847801978894,0.691437488175008,0.837321666259153,1.8999475084788349,1.2692968347922535,1.4257205940813138,0.8368031120435387,1.1916920019210222,0.924248089373741,0.2141285554074286,-0.6935555037045595,-0.496462156277552,K562,0.451160106155194,1.1600030142380402,0.6183281078431675,0.7088429080828462,0.451160106155194,0.451160106155194,K562
KLF1,K562,norm_mean,"[[0 1 0 0]
 [1 0 0 0]
 [0 0 1 0]
 ...
 [1 0 0 0]
 [0 0 0 1]
 [0 1 0 0]]",0.0258617252506627,0.0,EH38E1393244,chr1,164735534,164736034,shared,cross_context,898,-1,MA0493.3,KLF1,331,339,12.24999410458628,+,KLF1,ig,0.0616545245284214,0.0515052107587689,0.0529724825976335,0.9723010610429502,False,0.0327410129248164,0.0395349774230271,0.0518782918533942,0.7620715407137119,False,0.0260038998676463,0.0390356330922804,0.0455540796466144,0.856907324789039,False,0.0401331457736281,1.7555400133132937,0.8119157011531744,1.0481317907682812,0.7023607332492597,0.5947621606639746,0.0616545245284214,0.0327410129248164,0.0260038998676463,1.6092428066757696,0.7736826119839314,0.5314784313688673,1.9095833658274155,1.6838631204309749,1.545797054598832,0.9723010610429502,0.7620715407137119,0.856907324789039,0.0678201323107157,-0.5097159021885198,-0.7496152277864802,K562,0.3457710575190215,1.0481317907682812,0.7023607332492597,0.5947621606639746,0.3457710575190215,0.3457710575190215,K562
KLF1,K562,norm_mean,"[[0 1 0 0]
 [0 0 1 0]
 [0 1 0 0]
 ...
 [0 1 0 0]
 [0 1 0 0]
 [0 0 1 0]]",0.0428207378783183,0.0,EH38E3750512,chr6,170296069,170296569,shared,cross_context,156717,-1,MA0493.3,KLF1,193,201,12.24999410458628,+,KLF1,ig,0.0614803961943835,0.0651329634583089,0.0597409391109376,1.0902565899540428,True,0.0417081415653228,0.0494135928712785,0.0478809289322611,1.0320096884730212,True,0.0306783754494972,0.0572120082110632,0.0393852616165629,1.4526244421532295,True,0.0446223044030678,1.3397799730300903,0.4219971686302094,0.9779251136819472,0.8676693369224733,0.6557789191761095,0.0614803961943835,0.0417081415653228,0.0306783754494972,1.1009919348028143,1.0742859766267163,0.6921581882794953,1.7776188609915322,1.5026942504810648,1.719302202309309,1.0902565899540428,1.0320096884730212,1.4526244421532295,-0.0322041008891762,-0.2047827474098961,-0.6087185674262467,K562,0.1102557767594738,0.9779251136819472,0.8676693369224733,0.6557789191761095,0.1102557767594738,0.11025577675947396,K562
KLF1,K562,norm_mean,"[[0 0 0 1]
 [0 0 1 0]
 [0 1 0 0]
 ...
 [1 0 0 0]
 [0 1 0 0]
 [0 0 1 0]]",0.0386516024496406,0.0,EH38E2675334,chr8,143553671,143554171,shared,cross_context,206219,-1,MA0493.3,KLF1,363,371,12.24999410458628,+,KLF1,ig,0.080178499687463,0.0595092182309599,0.0652385043621785,0.9121792366482812,False,0.066507241455838,0.0551881180127384,0.0487791949940123,1.1313861720278713,True,0.0228352530102711,0.0429370607784949,0.0468924523402499,0.9156495230927566,False,0.0565069980511907,1.6309700012207031,0.7057311310583758,1.314882563502484,1.3107776905755353,0.5016134389556611,0.080178499687463,0.066507241455838,0.0228352530102711,1.2989329394040374,1.4810731630703375,0.5610452056391467,2.5187636258844144,2.504502400764339,1.2518458266717574,0.9121792366482812,1.1313861720278713,0.9156495230927566,0.394933954517204,0.390423024646332,-0.995352091449124,K562,0.0041048729269488,1.314882563502484,1.3107776905755353,0.5016134389556611,0.0041048729269488,0.004104872926948611,K562
KLF1,K562,norm_mean,"[[1 0 0 0]
 [0 0 0 1]
 [0 1 0 0]
 ...
 [1 0 0 0]
 [0 1 0 0]
 [1 0 0 0]]",0.1046474570545914,0.0,EH38E3305716,chr19,39971570,39972070,shared,cross_context,110389,-1,MA0493.3,KLF1,496,504,12.24999410458628,+,KLF1,ig,0.0872506849700585,0.0740948635118547,0.0728944146214053,1.0164681852786992,True,0.0311930938623845,0.0385522597969975,0.0491961338999681,0.7836439350894433,False,0.0592444797512143,0.0496771548286778,0.0620791781740263,0.8002223658179636,False,0.0592294195278858,1.5029499530792236,0.5877979294778701,1.1515729621534434,0.6924908157652797,1.118900414515519,0.0872506849700585,0.0311930938623845,0.0592444797512143,1.4770957135364131,0.4472986556083658,1.393367760729524,1.9612386390361352,1.5809980643026862,2.008380407360461,1.0164681852786992,0.7836439350894433,0.8002223658179636,0.2036058225461673,-0.5301331554151189,0.1620816391425571,K562,0.0326725476379243,1.1515729621534434,0.6924908157652797,1.118900414515519,0.0326725476379243,0.032672547637924376,K562
KLF1,K562,norm_mean,"[[1 0 0 0]
 [0 1 0 0]
 [0 1 0 0]
 ...
 [0 1 0 0]
 [0 0 0 1]
 [0 0 1 0]]",0.7209294942933614,1.0,EH38E3280604,chr19,1248590,1249090,shared,cross_context,29807,-1,MA0493.3,KLF1,217,225,12.24999410458628,+,KLF1,ig,0.1221785750240087,0.0592481747356941,0.053973157534925,1.0977338822546556,True,0.0543436664156615,0.0522594585927436,0.0355538992485097,1.4698653311923535,True,0.0493135002907365,0.0560997110756579,0.0395101720391838,1.4198798431255426,True,0.0752785805768023,4.058159828186035,2.02082604139538,2.1804476727016078,1.2914520279382846,1.0722549744669438,0.1221785750240087,0.0543436664156615,0.0493135002907365,2.3705602788160296,1.4281809992362902,1.6348055913626791,3.60965750462934,2.072199941100448,1.5049041918918058,1.0977338822546556,1.4698653311923535,1.4198798431255426,1.1246243690955082,0.3689940554588652,0.1006480103682766,K562,0.8889956447633227,2.1804476727016078,1.2914520279382846,1.0722549744669438,0.8889956447633227,0.8889956447633232,K562
KLF1,K562,norm_mean,"[[0 0 1 0]
 [0 1 0 0]
 [0 0 1 0]
 ...
 [0 0 0 1]
 [0 0 0 1]
 [0 0 0 1]]",0.0535797342804915,0.0,EH38E3704138,chr6,35728233,35728733,shared,cross_context,152596,-1,MA0493.3,KLF1,40,48,12.24999410458628,+,KLF1,ig,0.0874010100960731,0.0683533046772936,0.0793375473772175,0.8615504048391823,False,0.0358624134096317,0.0439062536199344,0.0521727972311782,0.8415543642377791,False,0.051750739570707,0.048964281422086,0.0634493562148418,0.7717063911448895,False,0.0583380543588039,1.7328799962997437,0.7931725824015748,1.3159375652511447,0.7710317703828217,1.0028406124034033,0.0874010100960731,0.0358624134096317,0.051750739570707,1.4951738011734923,0.8123328990390486,1.4001850443067796,2.113985048526146,1.7468739581210346,1.8900830190373157,0.8615504048391823,0.8415543642377791,0.7717063911448895,0.3960910430271468,-0.3751377853669608,0.0040923292553836,K562,0.3130969528477414,1.3159375652511447,0.7710317703828217,1.0028406124034033,0.3130969528477414,0.3130969528477414,K562
KLF1,K562,norm_mean,"[[0 1 0 0]
 [0 0 1 0]
 [0 0 0 1]
 ...
 [0 1 0 0]
 [0 0 1 0]
 [0 0 1 0]]",0.7422803365736084,1.0,EH38E2777328,chr1,1308256,1308756,shared,cross_context,43796,-1,MA0493.3,KLF1,300,308,12.24999410458628,+,KLF1,ig,0.0666402471251785,0.0548065628646873,0.0453426919823857,1.208718503056523,True,0.0289203374413773,0.0287068733311025,0.0306866887647676,0.9354826190708324,False,0.0418945064302533,0.0383811913113459,0.0308073856061824,1.245843426753136,True,0.0458183636656031,0.6229199767112732,-0.682878939242973,1.3624671164726752,0.9657828245424858,1.2446478398888836,0.0666402471251785,0.0289203374413773,0.0418945064302533,1.5649294119762769,0.5774604794015865,1.472831924582385,1.850519480884059,2.2254497452586146,2.969927781526251,1.208718503056523,0.9354826190708324,1.245843426753136,0.4462214115177741,-0.0502292865072484,0.3157376056900539,K562,0.1178192765837915,1.3624671164726752,0.9657828245424858,1.2446478398888836,0.1178192765837915,0.11781927658379154,K562
KLF1,K562,norm_mean,"[[0 0 1 0]
 [0 1 0 0]
 [0 0 0 1]
 ...
 [0 1 0 0]
 [1 0 0 0]
 [0 1 0 0]]",0.1459430608515574,0.0,EH38E2601320,chr7,151227094,151227594,shared,cross_context,38480,-1,MA0493.3,KLF1,306,314,12.24999410458628,+,KLF1,ig,0.0474945986643433,0.054264206814114,0.0613909853053347,0.8839115010959694,False,0.0272153179394081,0.0566644347444525,0.049041538594895,1.1554373050599598,True,0.0346318126539699,0.0468124865862773,0.0532999619288795,0.8782835129583424,False,0.0364472430859071,1.451580047607422,0.5376251256793461,0.8209603351036547,0.5295450937590466,0.6884888965317973,0.0474945986643433,0.0272153179394081,0.0346318126539699,0.8815801175399705,0.7237220194743644,0.8676798541582179,1.9573526720126344,1.1844846325754412,1.1589798001405882,0.8839115010959694,1.1554373050599598,0.8782835129583424,-0.2846155736015439,-0.9171745490737566,-0.5384947050223512,K562,0.1324714385718574,0.8209603351036547,0.5295450937590466,0.6884888965317973,0.1324714385718574,0.1324714385718574,K562
KLF1,K562,norm_mean,"[[0 0 1 0]
 [0 0 1 0]
 [0 0 1 0]
 ...
 [0 1 0 0]
 [0 0 0 1]
 [0 0 0 1]]",0.069960501016784,0.0,EH38E3225876,chr17,44656874,44657374,shared,cross_context,28024,-1,MA0493.3,KLF1,49,57,12.24999410458628,+,KLF1,ig,0.07268000789918,0.064932629832183,0.0640762200811877,1.0133653267352047,True,0.0468395536299794,0.0442051004228414,0.0384824710490647,1.1487071316030908,True,0.0321748689748346,0.0393260476563591,0.0378868582641007,1.0379862326499572,True,0.050564810167998,0.1844999939203262,-2.4382995066772284,1.172949944011633,1.1723740857069485,0.8406404379543099,0.07268000789918,0.0468395536299794,0.0321748689748346,1.232835147192708,1.2917412960881671,1.185248740139097,2.9225133887580004,2.056767632153494,1.1799588703326545,1.0133653267352047,1.1487071316030908,1.0379862326499572,0.2301414484693077,0.2294329852242438,-0.2504392359759047,K562,0.0005758583046848,1.172949944011633,1.1723740857069485,0.8406404379543099,0.0005758583046848,0.000575858304684651,K562
KLF1,K562,norm_mean,"[[0 1 0 0]
 [0 0 1 0]
 [0 1 0 0]
 ...
 [0 1 0 0]
 [0 0 0 1]
 [0 1 0 0]]",0.0778729144307251,0.0,EH38E3223561,chr17,41918576,41919076,shared,cross_context,96993,-1,MA0493.3,KLF1,111,119,12.24999410458628,+,KLF1,ig,0.1057019541040062,0.0527682838239707,0.0530752227565836,0.994216719990269,False,0.0201188551145605,0.0364400964824017,0.0535389185991398,0.6806280483354159,False,0.0276340193813666,0.0487386748485732,0.0497591596565122,0.9794913215999488,False,0.0511516095333111,1.960260033607483,0.9710457802669712,2.0940925599489866,0.4729928609419279,0.5885358425220334,0.1057019541040062,0.0201188551145605,0.0276340193813666,2.338685354210763,0.590680443119752,0.5605424301985263,4.40329522151289,0.9832350964149348,1.6143109347788485,0.994216719990269,0.6806280483354159,0.9794913215999488,1.066325212216573,-1.080109683243806,-0.7647978126792568,K562,1.5055567174269533,2.0940925599489866,0.4729928609419279,0.5885358425220334,1.5055567174269533,1.5055567174269533,K562
KLF1,K562,norm_mean,"[[0 0 1 0]
 [1 0 0 0]
 [1 0 0 0]
 ...
 [0 0 1 0]
 [0 0 1 0]
 [0 0 1 0]]",0.101207632409678,0.0,EH38E2921282,chr10,102151681,102152181,shared,cross_context,8666,-1,MA0493.3,KLF1,120,128,12.24999410458628,+,KLF1,ig,0.0644948357366956,0.0653487326577305,0.0632049668004453,1.033917516717926,True,0.0163207493314985,0.053187310937792,0.0478060538906512,1.1125641102653745,True,0.0190549946855753,0.0490364603186026,0.0541305717405131,0.905891988260346,False,0.0332901932512565,1.70510995388031,0.7698656204252289,1.068340453225909,0.3369298355868401,0.4068442388275599,0.0644948357366956,0.0163207493314985,0.0190549946855753,1.2200019839280265,0.2885754535341017,0.4590574599091822,2.20988041452157,0.7974863531846961,0.8983539245758435,1.033917516717926,1.1125641102653745,0.905891988260346,0.0953714722621754,-1.5694799039168554,-1.2974515299751477,K562,0.6614962143983494,1.068340453225909,0.3369298355868401,0.4068442388275599,0.6614962143983494,0.6614962143983492,K562
KLF1,K562,norm_mean,"[[0 0 1 0]
 [0 1 0 0]
 [0 0 0 1]
 ...
 [1 0 0 0]
 [0 0 1 0]
 [0 0 1 0]]",0.7472898444473052,1.0,EH38E2390124,chr5,90474852,90475352,shared,cross_context,58982,-1,MA0493.3,KLF1,200,208,12.24999410458628,+,KLF1,ig,0.1372994636185467,0.0731676320440601,0.0607433741541554,1.2045366431737523,True,0.0454931198619306,0.0697224735142663,0.0514113817442098,1.3561677898384994,True,0.058597438968718,0.0594243653106968,0.0464558278143062,1.2791581877874751,True,0.0804633408163984,1.5290100574493408,0.6125988399685974,2.088845009039977,0.7777432215279513,1.140368664042333,0.1372994636185467,0.0454931198619306,0.058597438968718,2.732825685529529,0.9196295679489326,1.0980281949839248,2.951983109582605,1.4713863410618084,3.197077893809537,1.2045366431737523,1.3561677898384994,1.2791581877874751,1.0627054500201178,-0.3626341771211706,0.18950030267584,K562,0.948476344997644,2.088845009039977,0.7777432215279513,1.140368664042333,0.948476344997644,0.9484763449976439,K562
KLF1,K562,norm_mean,"[[0 0 1 0]
 [0 1 0 0]
 [0 1 0 0]
 ...
 [0 0 1 0]
 [0 1 0 0]
 [0 1 0 0]]",0.1712217422322444,0.0,EH38E3102209,chr14,69397796,69398296,shared,cross_context,79647,-1,MA0493.3,KLF1,360,368,12.24999410458628,+,KLF1,ig,0.0834690108895301,0.0798477233061566,0.0689345147022263,1.1583125241099668,True,0.0437400089867878,0.0382052076619584,0.060811395060286,0.6282572754910574,False,0.0505980433081276,0.0615746770007535,0.0451204962530849,1.364671678446508,True,0.0592690210614819,0.8154799938201904,-0.2942768420346802,1.1394829686383054,0.7934668342680515,0.8773227755980537,0.0834690108895301,0.0437400089867878,0.0505980433081276,1.2806670669777571,0.6990355441124274,1.0530854615986824,2.0735424524408543,2.5064580984534786,1.927006318340914,1.1583125241099668,0.6282572754910574,1.364671678446508,0.1883793626883656,-0.333758171252524,-0.1888203713454945,K562,0.2621601930402517,1.1394829686383054,0.7934668342680515,0.8773227755980537,0.2621601930402517,0.26216019304025173,K562
KLF1,K562,norm_mean,"[[0 0 1 0]
 [0 0 0 1]
 [1 0 0 0]
 ...
 [1 0 0 0]
 [0 0 1 0]
 [0 1 0 0]]",0.9655186388556528,1.0,EH38E3789380,chr7,100867041,100867541,shared,cross_context,160452,-1,MA0493.3,KLF1,10,18,12.24999410458628,+,KLF1,ig,0.0615345684345811,0.0563896135176764,0.0625510994944488,0.9014966157024092,False,0.0364445865852758,0.0446382629778236,0.0453970028250478,0.983286348594162,False,0.0365756316459737,0.0564315516647184,0.0657743010809645,0.857957320073704,False,0.0448515955552769,2.1128499507904053,1.0791909972113327,1.0713279709135315,0.8724909136547234,0.653809315546308,0.0615345684345811,0.0364445865852758,0.0365756316459737,1.192123276132861,0.7980088634606295,0.5737217397504016,2.824666387382808,1.6926030055208492,1.4161944408453622,0.9014966157024092,0.983286348594162,0.857957320073704,0.0994002083978422,-0.1967879864313411,-0.6130581597531348,K562,0.1988370572588083,1.0713279709135315,0.8724909136547234,0.653809315546308,0.1988370572588083,0.19883705725880807,K562
KLF1,K562,norm_mean,"[[1 0 0 0]
 [0 0 0 1]
 [0 0 0 1]
 ...
 [0 1 0 0]
 [0 0 0 1]
 [0 1 0 0]]",0.7592580790421707,1.0,EH38E3204908,chr17,4365088,4365588,shared,cross_context,93589,-1,MA0493.3,KLF1,363,371,12.24999410458628,+,KLF1,ig,0.0607654246268793,0.0751156448049005,0.0720452983730605,1.042616743562833,True,0.0200093588791787,0.0806592862855177,0.0565973873696841,1.4251412615082923,True,0.0249342009192332,0.071794830331346,0.0422823140426177,1.697986852827238,True,0.0352363281417638,1.6140300035476685,0.6906682912767076,0.8381209151272885,0.3135896695495043,0.4594160270240504,0.0607654246268793,0.0200093588791787,0.0249342009192332,0.8441346182706754,0.1560381719308209,0.3751762099404295,2.1278795417351724,0.993300666767182,1.1101036823691766,1.042616743562833,1.4251412615082923,1.697986852827238,-0.2547696976059857,-1.6730500561371682,-1.1221269048074791,K562,0.3787048881032381,0.8381209151272885,0.3135896695495043,0.4594160270240504,0.3787048881032381,0.3787048881032381,K562
KLF1,K562,norm_mean,"[[0 0 1 0]
 [0 0 1 0]
 [0 0 0 1]
 ...
 [1 0 0 0]
 [0 0 1 0]
 [0 0 1 0]]",0.0595731833261217,0.0,EH38E3176224,chr16,29737901,29738401,shared,cross_context,88858,-1,MA0493.3,KLF1,190,198,12.24999410458628,+,KLF1,ig,0.0550078661181032,0.0635409980022814,0.0542398988483885,1.171480545439176,True,0.0278231952397618,0.0374425107883871,0.0558672685716237,0.6702046662320333,False,0.0234805736108683,0.0428292075637728,0.0561171647261821,0.7632103321800034,False,0.0354372116562444,2.121269941329956,1.084928902221091,0.9619969405049708,0.5699135212992591,0.4528204831724191,0.0550078661181032,0.0278231952397618,0.0234805736108683,0.937328488951532,0.7140316325536361,0.4124000759939347,2.0382390266170525,1.1774516728823647,1.1950108721304025,1.171480545439176,0.6702046662320333,0.7632103321800034,-0.0558957876723212,-0.811185071074955,-1.1429888722618988,K562,0.3920834192057116,0.9619969405049708,0.5699135212992591,0.4528204831724191,0.3920834192057116,0.39208341920571166,K562
KLF1,K562,norm_mean,"[[0 0 0 1]
 [0 0 0 1]
 [0 0 1 0]
 ...
 [0 1 0 0]
 [0 0 0 1]
 [0 1 0 0]]",0.0392808766192521,0.0,EH38E3289032,chr19,10027582,10028082,shared,cross_context,106303,-1,MA0493.3,KLF1,265,273,12.24999410458628,+,KLF1,ig,0.0534963199170306,0.0494100655213696,0.0616986486961533,0.8008288440223446,False,0.0442568707512691,0.0475799859245307,0.0471308096345567,1.0095302032397642,True,0.0341204979922622,0.0418013557360973,0.0400760381807907,1.0430508404302583,True,0.0439578962201873,1.5568599700927734,0.6386401154424062,0.9402074622977576,0.935539233422929,0.8373130324327864,0.0534963199170306,0.0442568707512691,0.0341204979922622,1.0525619809488318,0.6339541126686725,1.0155264814242275,1.5738815402949125,2.599378533711811,1.8366550336279723,0.8008288440223446,1.0095302032397642,1.0430508404302583,-0.0889489623030343,-0.0961299367495048,-0.2561610129098406,K562,0.0046682288748285,0.9402074622977576,0.935539233422929,0.8373130324327864,0.0046682288748285,0.0046682288748286505,K562
KLF1,K562,norm_mean,"[[0 0 1 0]
 [0 0 1 0]
 [0 0 1 0]
 ...
 [0 0 1 0]
 [0 0 1 0]
 [0 0 1 0]]",0.2007143024904955,0.0,EH38E3921478,chr9,137458430,137458930,shared,cross_context,222890,-1,MA0493.3,KLF1,427,435,12.24999410458628,+,KLF1,ig,0.0784901208244264,0.0437869276566198,0.0586751942662522,0.7462594839538447,False,0.0199238266213797,0.0308848441380541,0.0452162587008206,0.6830471647806192,False,0.0145026098471134,0.0338509501819498,0.0566428633703617,0.5976206390628185,False,0.0376388524309732,2.1920700073242188,1.1322945319915552,1.353723597489896,0.4830450465664397,0.3174424277120744,0.0784901208244264,0.0199238266213797,0.0145026098471134,1.742103200041209,0.4502023810437275,0.3192611840682407,1.922055015371577,1.1148669282804322,0.8322524622800936,0.7462594839538447,0.6830471647806192,0.5976206390628185,0.4369332013984244,-1.0497703574407753,-1.6554331261295054,K562,0.8706785509234563,1.353723597489896,0.4830450465664397,0.3174424277120744,0.8706785509234563,0.8706785509234563,K562
KLF1,K562,norm_mean,"[[0 1 0 0]
 [0 0 1 0]
 [0 0 1 0]
 ...
 [0 0 1 0]
 [0 0 0 1]
 [0 0 0 1]]",0.1862528481406017,0.0,EH38E2988802,chr11,119356983,119357483,shared,cross_context,68511,-1,MA0493.3,KLF1,119,127,12.24999410458628,+,KLF1,ig,0.0682195299305021,0.075180311059812,0.0535984573632086,1.4026578512097123,True,0.0409910011803731,0.0474353800123208,0.0327396557326773,1.4488657397920766,True,0.0382727929390966,0.0569358976522926,0.0379182423943666,1.5015432953010088,True,0.0491611080166573,0.0653600022196769,-3.935426084408136,1.094207451282886,1.0793009237008475,0.8523549702875816,0.0682195299305021,0.0409910011803731,0.0382727929390966,1.0795787829631902,1.1112364171700022,1.0603391094001622,3.085091839644128,2.4842205152297114,1.4655809423581974,1.4026578512097123,1.4488657397920766,1.5015432953010088,0.1298862865824913,0.1100971651459999,-0.2304737153003188,K562,0.0149065275820381,1.094207451282886,1.0793009237008475,0.8523549702875816,0.0149065275820381,0.014906527582038587,K562
KLF1,K562,norm_mean,"[[0 0 1 0]
 [0 0 1 0]
 [0 0 1 0]
 ...
 [0 1 0 0]
 [1 0 0 0]
 [0 0 1 0]]",0.0165399176254053,0.0,EH38E3324278,chr2,10120371,10120871,shared,cross_context,16699,-1,MA0493.3,KLF1,381,389,12.24999410458628,+,KLF1,ig,0.0537534309551119,0.0732359640684444,0.0514899859146424,1.4223338488869064,True,0.036741504096426,0.0509934940468519,0.0490642085913486,1.039321434456586,True,0.0349591590056661,0.0589520199655089,0.0472608795502358,1.2473743200039864,True,0.0418180313524014,1.4593000411987305,0.5452775294820984,0.8537017941844737,0.771125335704978,0.676252840715501,0.0537534309551119,0.036741504096426,0.0349591590056661,0.8822768943032796,0.9946759735312644,0.7423156155663878,2.570907954571704,1.4482796601267889,1.5066055090846375,1.4223338488869064,1.039321434456586,1.2473743200039864,-0.2281958818790318,-0.3749627237915456,-0.5643653435150119,K562,0.0825764584794956,0.8537017941844737,0.771125335704978,0.676252840715501,0.0825764584794956,0.08257645847949568,K562
KLF1,K562,norm_mean,"[[1 0 0 0]
 [0 0 1 0]
 [0 0 1 0]
 ...
 [0 0 1 0]
 [0 1 0 0]
 [0 0 0 1]]",0.0312170731374282,0.0,EH38E3443246,chr20,57409695,57410195,shared,cross_context,194448,-1,MA0493.3,KLF1,359,367,12.24999410458628,+,KLF1,ig,0.0650979094207286,0.0534075070213293,0.0492509410404048,1.0843954460394991,True,0.0439049190026707,0.0384590979496715,0.0403253670144138,0.9537194887458792,False,0.0419242791831493,0.0488417876930907,0.041491215673638,1.1771594331117314,True,0.0503090358688496,1.428689956665039,0.5146938775916942,1.1574802058000502,1.1055392289186976,0.9306434398282954,0.0650979094207286,0.0439049190026707,0.0419242791831493,1.5357745719622649,1.4505096512777895,1.3171474680021111,2.241909927204298,2.1961606378071017,1.415004587806803,1.0843954460394991,0.9537194887458792,1.1771594331117314,0.210987523251764,0.144750219912151,-0.10369956370793,K562,0.0519409768813525,1.1574802058000502,1.1055392289186976,0.9306434398282954,0.0519409768813525,0.051940976881352574,K562
KLF1,K562,norm_mean,"[[1 0 0 0]
 [0 0 0 1]
 [0 0 1 0]
 ...
 [0 0 1 0]
 [0 1 0 0]
 [1 0 0 0]]",0.128590382622154,0.0,EH38E3568534,chr4,3292150,3292650,shared,cross_context,140041,-1,MA0493.3,KLF1,199,207,12.24999410458628,+,KLF1,ig,0.1155334098730236,0.0952984907338395,0.0760731468017123,1.2527216529509717,True,0.0439719061832875,0.0730156168481335,0.0586237780336389,1.2454946924657346,True,0.0257403156720101,0.0622308732394594,0.0490720150492802,1.2681537633094315,True,0.0617485439094404,2.2473700046539307,1.16823830982786,1.3896887759670573,0.6873176044031706,0.4778661025410244,0.1155334098730236,0.0439719061832875,0.0257403156720101,2.041626864296871,0.8878547818953405,0.5643628930540299,2.056857413400661,1.799689350146325,0.983425178874827,1.2527216529509717,1.2454946924657346,1.2681537633094315,0.4747618252512207,-0.5409511809149349,-1.06532165830867,K562,0.7023711715638867,1.3896887759670573,0.6873176044031706,0.4778661025410244,0.7023711715638867,0.7023711715638867,K562
KLF1,K562,norm_mean,"[[0 0 1 0]
 [0 0 1 0]
 [1 0 0 0]
 ...
 [1 0 0 0]
 [0 0 1 0]
 [1 0 0 0]]",0.7077432619864602,1.0,EH38E1374365,chr1,108877041,108877541,shared,cross_context,2141,-1,MA0493.3,KLF1,253,261,12.24999410458628,+,KLF1,ig,0.0609212932176888,0.0608805834897793,0.0572481178462159,1.063451081812164,True,0.0147060714079998,0.0344680854369653,0.0632937076230658,0.5445735648241379,False,0.018748394359136,0.0414543306466657,0.0458109313191156,0.9049002149486068,False,0.0314585863282748,1.7584099769592283,0.8142722975162586,1.0384243538666789,0.2826259078805843,0.4250456216623015,0.0609212932176888,0.0147060714079998,0.018748394359136,1.1054652965596776,0.1848736262202567,0.276216596272761,1.7238476527492097,1.1328548480219454,1.3794358615779714,1.063451081812164,0.5445735648241379,0.9049002149486068,0.0543961253461974,-1.823034368422178,-1.2343103923284933,K562,0.6133787322043773,1.0384243538666789,0.2826259078805843,0.4250456216623015,0.6133787322043773,0.6133787322043773,K562
KLF1,K562,norm_mean,"[[0 0 1 0]
 [0 0 0 1]
 [0 1 0 0]
 ...
 [0 0 1 0]
 [0 0 1 0]
 [1 0 0 0]]",0.1628946504390471,0.0,EH38E3151510,chr15,84749098,84749598,shared,cross_context,189409,-1,MA0493.3,KLF1,299,307,12.24999410458628,+,KLF1,ig,0.0735835177765693,0.0583056988404132,0.05550862588124,1.050389690086376,True,0.0255854277056641,0.0459687195776496,0.0426579556378165,1.0776116228313073,True,0.0282404838362708,0.0498064779440756,0.0393409966029645,1.2660194093844663,True,0.0424698097728348,1.427109956741333,0.5130975075658791,1.3009900615175818,0.5814881642933531,0.6498899948694087,0.0735835177765693,0.0255854277056641,0.0282404838362708,1.5087748538684476,0.6742384624457161,0.8391540603701392,2.348589815767844,1.389903360027661,1.0908436910956627,1.050389690086376,1.0776116228313073,1.2660194093844663,0.3796099422160786,-0.7821782652633935,-0.621732554968373,K562,0.6511000666481731,1.3009900615175818,0.5814881642933531,0.6498899948694087,0.6511000666481731,0.6511000666481731,K562
KLF1,K562,norm_mean,"[[0 0 0 1]
 [0 1 0 0]
 [1 0 0 0]
 ...
 [0 0 0 1]
 [0 0 1 0]
 [0 0 0 1]]",0.7484109102357028,1.0,EH38E3244984,chr17,76737242,76737742,shared,cross_context,99918,-1,MA0493.3,KLF1,288,296,12.24999410458628,+,KLF1,ig,0.0576185116078704,0.0620528670307248,0.0849279373584207,0.730653088421455,False,0.0364016845123842,0.0483771178661845,0.0578711734430189,0.8359448517899681,False,0.0242474645347101,0.044575283309241,0.0484408514707749,0.9202000533399672,False,0.0394225535516549,2.7183399200439453,1.4427264026885367,0.7582145010943563,0.6720820778737201,0.5166635027731585,0.0576185116078704,0.0364016845123842,0.0242474645347101,1.0305451883282308,0.6609251687758382,0.6413214952709462,1.3299491475524523,1.881449480328012,1.172679239423029,0.730653088421455,0.8359448517899681,0.9202000533399672,-0.3993220442090291,-0.5732906601675445,-0.952703117037281,K562,0.0861324232206361,0.7582145010943563,0.6720820778737201,0.5166635027731585,0.0861324232206361,0.08613242322063619,K562
KLF1,K562,norm_mean,"[[1 0 0 0]
 [0 0 1 0]
 [0 0 0 1]
 ...
 [1 0 0 0]
 [0 0 1 0]
 [0 0 1 0]]",0.1033020369521523,0.0,EH38E3254240,chr18,3585734,3586234,shared,cross_context,55128,-1,MA0493.3,KLF1,178,186,12.24999410458628,+,KLF1,ig,0.1036408572690561,0.0845341958827339,0.0638926628826793,1.323065573386745,True,0.0341513653984293,0.0569178728666156,0.0412827593361932,1.378731945114808,True,0.0383343398571014,0.0481863189447904,0.0501200346373589,0.9614181171114284,False,0.0587088541748623,1.0086400508880615,0.0124128481427848,1.46630173836944,0.7240197170398874,0.7774077129768787,0.1036408572690561,0.0341513653984293,0.0383343398571014,1.663770074957942,0.8523828023311931,0.8060913355780086,2.9598974577710786,1.6632878257482755,1.8220756745335944,1.323065573386745,1.378731945114808,0.9614181171114284,0.5521820155443292,-0.4658991065139757,-0.3632566717214769,K562,0.6888940253925614,1.46630173836944,0.7240197170398874,0.7774077129768787,0.6888940253925614,0.6888940253925614,K562
KLF1,K562,norm_mean,"[[0 0 0 1]
 [0 0 1 0]
 [1 0 0 0]
 ...
 [1 0 0 0]
 [0 1 0 0]
 [0 1 0 0]]",0.0467212798467896,0.0,EH38E3305717,chr19,39971929,39972429,shared,cross_context,110396,-1,MA0493.3,KLF1,137,145,12.24999410458628,+,KLF1,ig,0.1331764245405793,0.072944676807383,0.0541504515500167,1.3470739624260974,True,0.032390909793321,0.0452676577289821,0.038081988299563,1.1886891379200952,True,0.0696917784516699,0.0579218631598632,0.052001866696043,1.1138417849498632,True,0.0784197042618567,1.5029499530792236,0.5877979294778701,2.2420488156494214,0.8141724170559101,1.3400221529360172,0.1331764245405793,0.032390909793321,0.0696917784516699,2.466157163176723,0.7712949400090793,1.494184881390794,3.400049568810887,1.9975691964558937,2.9997755647384445,1.3470739624260974,1.1886891379200952,1.1138417849498632,1.1648176906193923,-0.2965937471603318,0.4222568522572462,K562,0.902026662713404,2.2420488156494214,0.8141724170559101,1.3400221529360172,0.902026662713404,0.9020266627134041,K562
KLF1,K562,norm_mean,"[[0 1 0 0]
 [0 0 0 1]
 [0 1 0 0]
 ...
 [0 1 0 0]
 [0 0 1 0]
 [0 0 1 0]]",0.0544634132333118,0.0,EH38E3709081,chr6,43454176,43454676,shared,cross_context,153362,-1,MA0493.3,KLF1,321,329,12.24999410458628,+,KLF1,ig,0.0492300891783088,0.0517829633015207,0.060741439433314,0.8525144491056555,False,0.022306464263238,0.0410165951249655,0.0469431576018062,0.873750051826228,False,0.0364159013261087,0.0401469577326497,0.0475631986668849,0.8440758909648872,False,0.0359841515892185,1.4610799551010132,0.5470361167362625,0.8626464033445428,0.4840003806964423,0.8389340226784084,0.0492300891783088,0.022306464263238,0.0364159013261087,0.8486731817977652,0.595957586541,1.290828330991974,2.077272627598153,0.8108641663525902,1.4159872116098955,0.8525144491056555,0.873750051826228,0.8440758909648872,-0.2131587698222913,-1.0469199096367747,-0.2533707376842976,K562,0.0237123806661343,0.8626464033445428,0.4840003806964423,0.8389340226784084,0.0237123806661343,0.023712380666134347,K562
KLF1,K562,norm_mean,"[[0 1 0 0]
 [1 0 0 0]
 [0 1 0 0]
 ...
 [0 0 1 0]
 [1 0 0 0]
 [0 1 0 0]]",0.7077432619864602,1.0,EH38E2829216,chr1,108877194,108877694,shared,cross_context,207438,-1,MA0493.3,KLF1,100,108,12.24999410458628,+,KLF1,ig,0.0628606299869716,0.0643265425250865,0.0703619394791495,0.9142234261736676,False,0.0203546576376538,0.0340125589526724,0.0599983731460501,0.5668912588840574,False,0.0305732454871758,0.0421792063431348,0.0614488632098643,0.6864113878716955,False,0.0379295110372671,1.7584099769592283,0.8142722975162586,0.9570443986414168,0.4582649478133347,0.6318644486091823,0.0628606299869716,0.0203546576376538,0.0305732454871758,1.1325217756915065,0.3626975249136842,0.7135211220670058,2.275075463072404,1.3995616444273595,1.6267826810476556,0.9142234261736676,0.5668912588840574,0.6864113878716955,-0.0633422384554467,-1.125746151979036,-0.6623129966924194,K562,0.3251799500322343,0.9570443986414168,0.4582649478133347,0.6318644486091823,0.3251799500322343,0.32517995003223443,K562
KLF1,K562,norm_mean,"[[0 1 0 0]
 [1 0 0 0]
 [0 1 0 0]
 ...
 [0 0 0 1]
 [0 0 1 0]
 [0 0 1 0]]",0.1820749873518121,0.0,EH38E3468279,chr22,20240302,20240802,shared,cross_context,128999,-1,MA0493.3,KLF1,104,112,12.24999410458628,+,KLF1,ig,0.0791134880273602,0.0555668463226174,0.0541538068411262,1.0260928880717066,True,0.041942689102143,0.0437642423645593,0.044533621759071,0.9827234078129048,False,0.0458788349060341,0.0401161640184,0.0472533255156472,0.8489594137775981,False,0.0556450040118458,0.610729992389679,-0.7113910362914683,1.4778645613660888,1.0032797830351294,1.0875713960033009,0.0791134880273602,0.041942689102143,0.0458788349060341,2.0817558852017584,1.157063969845264,1.1797932590894915,2.3303188931916528,2.1286130492269884,2.756063626524325,1.0260928880717066,0.9827234078129048,0.8489594137775981,0.5635140609888454,0.0047239855641732,0.1211101142685017,K562,0.3902931653627881,1.4778645613660888,1.0032797830351294,1.0875713960033009,0.3902931653627881,0.3902931653627879,K562
KLF1,K562,norm_mean,"[[0 0 0 1]
 [0 0 0 1]
 [1 0 0 0]
 ...
 [0 0 1 0]
 [1 0 0 0]
 [0 1 0 0]]",0.6709653838444509,1.0,EH38E1490006,chr10,94402194,94402694,shared,cross_context,5341,-1,MA0493.3,KLF1,298,306,12.24999410458628,+,KLF1,ig,0.0410790275782346,0.0491146036866121,0.0585713912597707,0.8385424051711403,False,0.0244234722922556,0.0420768662367481,0.0490780542488209,0.8573456773564372,False,0.0190291761100525,0.0372333665052428,0.0449776879258288,0.8278184127307521,False,0.0281772253268475,2.213520050048828,1.1463430931812744,0.7507705081159672,0.5280943633395347,0.4545209293500785,0.0410790275782346,0.0244234722922556,0.0190291761100525,0.8563211719450133,0.5500503838533847,0.461677817627161,1.6833408167980304,1.346913762630863,1.208596181213675,0.8385424051711403,0.8573456773564372,0.8278184127307521,-0.4135561138551794,-0.9211323493931568,-1.1375813639069294,K562,0.2226761447764325,0.7507705081159672,0.5280943633395347,0.4545209293500785,0.2226761447764325,0.2226761447764325,K562
KLF1,K562,norm_mean,"[[0 1 0 0]
 [0 0 0 1]
 [0 0 1 0]
 ...
 [0 0 0 1]
 [0 0 0 1]
 [1 0 0 0]]",0.1170441693119074,0.0,EH38E1795564,chr16,1308872,1309372,shared,cross_context,203052,-1,MA0493.3,KLF1,39,47,12.24999410458628,+,KLF1,ig,0.0487094358541071,0.064392196808476,0.0672168057202361,0.9579774959361878,False,0.0259769158437848,0.0485929707507602,0.0496126415836624,0.9794471611503632,False,0.0219282289326656,0.0424722362379543,0.0543795563044841,0.7810330078791394,False,0.0322048602101858,0.8154799938201904,-0.2942768420346802,0.7703256570341722,0.5588214682223459,0.4727201517205915,0.0487094358541071,0.0259769158437848,0.0219282289326656,0.8350521374478562,0.4906501385982063,0.451171044575455,1.6566672244921117,1.2305069378072473,1.2260447099765863,0.9579774959361878,0.9794471611503632,0.7810330078791394,-0.376459615434697,-0.8395406465350826,-1.0809417247744435,K562,0.2115041888118263,0.7703256570341722,0.5588214682223459,0.4727201517205915,0.2115041888118263,0.2115041888118263,K562
KLF1,K562,norm_mean,"[[1 0 0 0]
 [0 1 0 0]
 [0 0 0 1]
 ...
 [0 0 0 1]
 [0 0 0 1]
 [1 0 0 0]]",0.1239795659848954,0.0,EH38E1415463,chr1,205470097,205470597,shared,cross_context,3457,-1,MA0493.3,KLF1,136,144,12.24999410458628,+,KLF1,ig,0.0549136172048747,0.073115686486708,0.065921756135261,1.1091281495202394,True,0.0259877968928776,0.0437876747496193,0.0386084316858614,1.1341476847446694,True,0.0203719244454987,0.0489678343222476,0.0487427165959767,1.0046182834238384,True,0.033757779514417,0.3335900008678436,-1.5838477245054183,0.8227113810834954,0.6448778378911171,0.4404702649528841,0.0549136172048747,0.0259877968928776,0.0203719244454987,1.0382098359510643,0.5468152397906635,0.6514798270576684,1.4081820439405226,1.696738918796387,0.8007676012314009,1.1091281495202394,1.1341476847446694,1.0046182834238384,-0.2815416917804723,-0.6329022024411888,-1.1828834619168798,K562,0.1778335431923783,0.8227113810834954,0.6448778378911171,0.4404702649528841,0.1778335431923783,0.17783354319237832,K562
KLF1,K562,norm_mean,"[[0 0 0 1]
 [0 0 0 1]
 [0 0 1 0]
 ...
 [0 0 1 0]
 [0 0 1 0]
 [0 1 0 0]]",0.0883818084390183,0.0,EH38E2861808,chr1,206583600,206584100,shared,cross_context,207942,-1,MA0493.3,KLF1,231,239,12.24999410458628,+,KLF1,ig,0.0436016946332529,0.0624531750270398,0.0580122333881146,1.0765516273731106,True,0.0454932937864214,0.04808601284225,0.0777745675258278,0.6182741761121281,False,0.0256748265819624,0.0378330403647851,0.041519130736467,0.9112192519811866,False,0.0382566050005455,1.6309700012207031,0.7057311310583758,0.7297724068202811,0.687443774491813,0.6406014459484777,0.0436016946332529,0.0454932937864214,0.0256748265819624,0.7448419964200768,1.0115097657724066,0.8386161517865761,1.5387356142664128,1.6345761865468855,1.3696699118294091,1.0765516273731106,0.6182741761121281,0.9112192519811866,-0.4544814902151426,-0.5406863713789185,-0.6425010381062745,K562,0.042328632328468,0.7297724068202811,0.687443774491813,0.6406014459484777,0.042328632328468,0.04232863232846806,K562
KLF1,K562,norm_mean,"[[1 0 0 0]
 [0 0 0 1]
 [0 1 0 0]
 ...
 [0 1 0 0]
 [0 0 1 0]
 [0 1 0 0]]",0.0101157256810209,0.0,EH38E3538461,chr3,128487479,128487979,shared,cross_context,136914,-1,MA0493.3,KLF1,250,258,12.24999410458628,+,KLF1,ig,0.0663558297092095,0.060690791598754,0.0587456896255622,1.0331103720883317,True,0.0194558297516778,0.0498191939276875,0.0486209580479995,1.0246442209563806,True,0.032877822057344,0.0408699579356471,0.0403772073731465,1.0122034304134164,True,0.0395631605060771,1.1761399507522583,0.2340609655875102,1.1151210424468772,0.3963377181371563,0.8104036197518765,0.0663558297092095,0.0194558297516778,0.032877822057344,1.3774671694622391,0.3868211121563648,0.8129489631355522,1.7315300737292554,1.0287887306365446,1.7818972743607964,1.0331103720883317,1.0246442209563806,1.0122034304134164,0.1572003193854475,-1.3351978209384705,-0.3032874750065698,K562,0.3047174226950007,1.1151210424468772,0.3963377181371563,0.8104036197518765,0.3047174226950007,0.3047174226950007,K562
KLF1,K562,norm_mean,"[[0 1 0 0]
 [0 1 0 0]
 [0 1 0 0]
 ...
 [0 0 1 0]
 [0 1 0 0]
 [0 1 0 0]]",0.859446706349668,1.0,EH38E2944489,chr11,10857610,10858110,shared,cross_context,63075,-1,MA0493.3,KLF1,307,315,12.24999410458628,+,KLF1,ig,0.0407539881416596,0.0791083435877226,0.052019708383785,1.5207376365263303,True,0.0234675870015053,0.0457067309127887,0.0425769104349637,1.073509555079396,True,0.0229397431539837,0.0527519763936288,0.0498613589594103,1.057972885513264,True,0.0290537727657162,1.3701499700546265,0.4543348652656128,0.6561401293846207,0.5407384602869446,0.4550723031977831,0.0407539881416596,0.0234675870015053,0.0229397431539837,0.9278549639252656,0.7607517156984553,0.4590707396285799,1.2582776485084146,0.8115000015291352,0.855080330199549,1.5207376365263303,1.073509555079396,1.057972885513264,-0.6079241339747576,-0.886997119761068,-1.1358323086523885,K562,0.1154016690976761,0.6561401293846207,0.5407384602869446,0.4550723031977831,0.1154016690976761,0.11540166909767613,K562
KLF1,K562,norm_mean,"[[0 0 1 0]
 [0 0 1 0]
 [0 1 0 0]
 ...
 [1 0 0 0]
 [1 0 0 0]
 [0 0 1 0]]",0.1565544366127457,0.0,EH38E2964476,chr11,65525143,65525643,shared,cross_context,65792,-1,MA0493.3,KLF1,246,254,12.24999410458628,+,KLF1,ig,0.0830038186977617,0.0775487585621886,0.0529614367599909,1.4642492474501625,True,0.0441408843616955,0.0530142933601746,0.0372156053871059,1.424517445398536,True,0.0614737863943446,0.0500356226065196,0.046369333631353,1.0790668723783172,True,0.0628728298179339,2.461019992828369,1.2992569642244391,1.3266631286570667,1.0173765654067852,1.2860227187967113,0.0830038186977617,0.0441408843616955,0.0614737863943446,2.1513618072162286,1.2051052322139677,1.577852577603796,2.325397571260749,1.773739726766849,2.217284247035976,1.4642492474501625,1.424517445398536,1.0790668723783172,0.4078020836912265,0.024853769592255,0.3629161305729413,K562,0.0406404098603554,1.3266631286570667,1.0173765654067852,1.2860227187967113,0.0406404098603554,0.04064040986035544,K562
KLF1,K562,norm_mean,"[[0 0 1 0]
 [0 1 0 0]
 [0 0 1 0]
 ...
 [0 0 0 1]
 [0 0 1 0]
 [0 1 0 0]]",0.0014128186880539,0.0,EH38E2467030,chr6,41638850,41639350,shared,cross_context,5100,-1,MA0493.3,KLF1,351,359,12.24999410458628,+,KLF1,ig,0.0317722431209404,0.054732127545285,0.055207612960516,0.991387142033428,False,0.0224536452442407,0.0371369521452288,0.0495460564211728,0.7495439058580619,False,0.0180293337616603,0.0453629456163616,0.043623338855263,1.0398776528338158,True,0.0240850740422805,1.2815099954605105,0.3578458571143104,0.5474553896555635,0.481862300527007,0.3728140361107566,0.0317722431209404,0.0224536452442407,0.0180293337616603,0.6043768771394259,0.4235217512336479,0.4380956823214439,1.0525354029824316,1.1103986318346295,0.9291499949396984,0.991387142033428,0.7495439058580619,1.0398776528338158,-0.8691866832365907,-1.0533071585687013,-1.4234719138414564,K562,0.0655930891285564,0.5474553896555635,0.481862300527007,0.3728140361107566,0.0655930891285564,0.06559308912855649,K562
KLF1,K562,norm_mean,"[[1 0 0 0]
 [0 0 1 0]
 [1 0 0 0]
 ...
 [0 0 1 0]
 [0 0 1 0]
 [0 0 1 0]]",0.7789477509458986,1.0,EH38E2970593,chr11,71928727,71929227,shared,cross_context,66969,-1,MA0493.3,KLF1,448,456,12.24999410458628,+,KLF1,ig,0.047622472862713,0.0574883590725949,0.0688791982131078,0.8346257247140471,False,0.0283205555169843,0.0465794268237368,0.0378231407658313,1.2315057281218296,True,0.0304842802579514,0.0405687074788147,0.0449624561597011,0.9022794108917368,False,0.0354757695458829,1.0664199590682983,0.0927770400469829,0.7793812711950061,0.6502457355841134,0.6836456176338153,0.047622472862713,0.0283205555169843,0.0304842802579514,1.169276297770379,0.5596112184821862,0.6293186836764798,1.480986075650367,2.568741037340662,2.048506640488204,0.8346257247140471,1.2315057281218296,0.9022794108917368,-0.3595988295800576,-0.6209430598949839,-0.5486794258123067,K562,0.0957356535611908,0.7793812711950061,0.6502457355841134,0.6836456176338153,0.0957356535611908,0.09573565356119085,K562
KLF1,K562,norm_mean,"[[0 1 0 0]
 [0 1 0 0]
 [1 0 0 0]
 ...
 [0 0 1 0]
 [1 0 0 0]
 [1 0 0 0]]",0.108313560993291,0.0,EH38E3223455,chr17,41793704,41794204,shared,cross_context,96918,-1,MA0493.3,KLF1,146,154,12.24999410458628,+,KLF1,ig,0.1729013184085488,0.0773525237198919,0.0744363131982972,1.0391771167125747,True,0.1062120143324136,0.065674898676807,0.0586582569009624,1.1196188047575864,True,0.0899133621715009,0.0471055009533301,0.0432631876994855,1.0888122806024183,True,0.1230088983041544,1.4044500589370728,0.4900063515850003,2.3493244557625603,1.7752848377645851,2.060760862306161,0.1729013184085488,0.1062120143324136,0.0899133621715009,2.4926826124642734,2.045659910233804,2.147616513473958,4.577396550461856,2.718908475573476,4.247391664285125,1.0391771167125747,1.1196188047575864,1.0888122806024183,1.2322459725402235,0.8280505189861743,1.0431771000547525,K562,0.2885635934563995,2.3493244557625603,1.7752848377645851,2.060760862306161,0.2885635934563995,0.2885635934563995,K562
KLF1,K562,norm_mean,"[[0 1 0 0]
 [1 0 0 0]
 [0 0 1 0]
 ...
 [0 0 1 0]
 [0 0 1 0]
 [1 0 0 0]]",0.0074089016565983,0.0,EH38E3316773,chr19,54439443,54439943,shared,cross_context,113373,-1,MA0493.3,KLF1,59,67,12.24999410458628,+,KLF1,ig,0.0751300028059631,0.0646692552487366,0.0569031421502586,1.1364793127447623,True,0.0365895933937281,0.053130343707744,0.0379872251441702,1.3986367659057644,True,0.035945792827988,0.0502186224143952,0.0410119032667717,1.2244886525467926,True,0.0492217963425597,0.8154799938201904,-0.2942768420346802,1.2519417693751116,0.7888973967167056,0.8108520795103371,0.0751300028059631,0.0365895933937281,0.035945792827988,1.345807926032539,1.0709051573593884,0.5575390389457684,2.4686637003558776,1.4153402521948206,2.836526938986452,1.1364793127447623,1.3986367659057644,1.2244886525467926,0.3241674619952228,-0.3420904162338034,-0.3024893397271477,K562,0.4410896898647745,1.2519417693751116,0.7888973967167056,0.8108520795103371,0.4410896898647745,0.4410896898647745,K562
KLF1,K562,norm_mean,"[[0 0 0 1]
 [0 0 1 0]
 [1 0 0 0]
 ...
 [0 0 1 0]
 [0 0 1 0]
 [0 1 0 0]]",0.7120361815088434,1.0,EH38E3221755,chr17,39700048,39700548,shared,cross_context,96543,-1,MA0493.3,KLF1,437,445,12.24999410458628,+,KLF1,ig,0.0501782306237146,0.0434150383342057,0.0529239662410691,0.8203283543256443,False,0.0180006095906719,0.0317280687566381,0.0374401642533484,0.8474337897559459,False,0.0217096169944852,0.0359355672739911,0.0492782337398966,0.7292379871260918,False,0.0299628190696239,0.2445999979972839,-2.0314978046655825,0.966052234623504,0.4025649758823098,0.4727533397196086,0.0501782306237146,0.0180006095906719,0.0217096169944852,1.1597875080644269,0.5496917414990402,0.4764697314793714,1.7989311677788975,0.873809352687059,0.8225048347062088,0.8203283543256443,0.8474337897559459,0.7292379871260918,-0.0498268954354808,-1.3127064315106136,-1.0808404418469988,K562,0.4932988949038955,0.966052234623504,0.4025649758823098,0.4727533397196086,0.4932988949038955,0.4932988949038954,K562
KLF1,K562,norm_mean,"[[1 0 0 0]
 [0 1 0 0]
 [0 1 0 0]
 ...
 [0 1 0 0]
 [1 0 0 0]
 [0 1 0 0]]",0.1978978947417656,0.0,EH38E3001339,chr12,6851816,6852316,shared,cross_context,10121,-1,MA0493.3,KLF1,312,320,12.24999410458628,+,KLF1,ig,0.1663986793719232,0.0836932971212081,0.060738548641156,1.3779269543696118,True,0.0397616436239331,0.0616920521855354,0.0371491386404896,1.6606585734321766,True,0.1078686779364943,0.0646613153931684,0.0444844091205694,1.453572209584487,True,0.1046763336441169,1.0571000576019287,0.0801133032409327,2.3701968049315427,0.8475490454375864,2.053119575862849,0.1663986793719232,0.0397616436239331,0.1078686779364943,3.306922950438941,1.1505348854106814,2.485594551322869,4.396542539228135,1.5232293369595864,2.8642766636710584,1.3779269543696118,1.6606585734321766,1.453572209584487,1.2450068562346004,-0.2386312375470798,1.037817654686276,K562,0.3170772290686936,2.3701968049315427,0.8475490454375864,2.053119575862849,0.3170772290686936,0.3170772290686936,K562
KLF1,K562,norm_mean,"[[0 0 1 0]
 [0 1 0 0]
 [0 1 0 0]
 ...
 [0 0 1 0]
 [0 0 1 0]
 [0 0 0 1]]",0.1676730401982129,0.0,EH38E3641742,chr5,69167067,69167567,shared,cross_context,145110,-1,MA0493.3,KLF1,342,350,12.24999410458628,+,KLF1,ig,0.0429706058930605,0.0540362508571706,0.0568718365507368,0.9501406079537708,False,0.0266526751802302,0.0347686470323242,0.03673203614115,0.9465480604788244,False,0.025749257300049,0.0320721718727145,0.0402650283872766,0.7965265440514036,False,0.0317908461244466,2.426949977874756,1.2791449677015487,0.7067036367347067,0.6714344593660968,0.6988314199003185,0.0429706058930605,0.0266526751802302,0.025749257300049,0.3699483988588513,0.6468730974320663,0.788999705821948,1.7339807153896345,2.267145848604595,1.4513395739718842,0.9501406079537708,0.9465480604788244,0.7965265440514036,-0.5008227596383747,-0.5746815117937241,-0.5169836186333024,K562,0.0078722168343882,0.7067036367347067,0.6714344593660968,0.6988314199003185,0.0078722168343882,0.007872216834388213,K562
KLF1,K562,norm_mean,"[[0 0 0 1]
 [0 0 0 1]
 [0 1 0 0]
 ...
 [0 1 0 0]
 [1 0 0 0]
 [0 1 0 0]]",0.0089165030960616,0.0,EH38E3292464,chr19,14118558,14119058,shared,cross_context,107548,-1,MA0493.3,KLF1,421,429,12.24999410458628,+,KLF1,ig,0.0829549336340278,0.0589017877960577,0.071107319726143,0.8283504390181335,False,0.0374823638703674,0.038518574272748,0.059846141450107,0.6436265881668344,False,0.0667273229919374,0.0416706670823623,0.0600427874812157,0.694016082368562,False,0.0623882068321108,0.7281299829483032,-0.4577300957652576,1.2465040498167943,0.7371539239696748,1.2120720808318637,0.0829549336340278,0.0374823638703674,0.0667273229919374,1.7028697610019543,1.1930435214634,1.893551148445105,1.955491277005248,1.2704052424314676,1.966691259306528,0.8283504390181335,0.6436265881668344,0.694016082368562,0.3178875712239626,-0.4399621952360228,0.2774754983233273,K562,0.0344319689849308,1.2465040498167943,0.7371539239696748,1.2120720808318637,0.0344319689849308,0.034431968984930617,K562
KLF1,K562,norm_mean,"[[1 0 0 0]
 [1 0 0 0]
 [1 0 0 0]
 ...
 [0 1 0 0]
 [0 0 1 0]
 [0 1 0 0]]",0.652633654043247,1.0,EH38E1420131,chr1,212285059,212285559,shared,cross_context,3600,-1,MA0493.3,KLF1,436,444,12.24999410458628,+,KLF1,ig,0.0476242622826248,0.0515367592620896,0.0502391086670104,1.0258292866099037,True,0.0163523747469298,0.0389248421762022,0.0535298085762769,0.7271618550460152,False,0.0290232166880741,0.0448214235331397,0.0480045183363836,0.9336915721588012,False,0.0309999512392096,1.8202999830245967,0.8641770168062528,0.954721954292718,0.3721763844089705,0.6710412814289045,0.0476242622826248,0.0163523747469298,0.0290232166880741,1.518332724346814,0.3578428303465024,0.7242068075484336,1.407156370109673,1.0656721381770202,1.313601874346927,1.0258292866099037,0.7271618550460152,0.9336915721588012,-0.0668474582059655,-1.4259415755842688,-0.5755265711989863,K562,0.2836806728638136,0.954721954292718,0.3721763844089705,0.6710412814289045,0.2836806728638136,0.2836806728638135,K562
KLF1,K562,norm_mean,"[[0 1 0 0]
 [0 0 0 1]
 [0 1 0 0]
 ...
 [0 0 1 0]
 [0 1 0 0]
 [0 1 0 0]]",0.6793742859440949,1.0,EH38E1874198,chr17,58514408,58514908,shared,cross_context,17500,-1,MA0493.3,KLF1,228,236,12.24999410458628,+,KLF1,ig,0.0560294697061181,0.0568813862686511,0.0663233649154277,0.8576370901086297,False,0.0340735404170118,0.0415856700536096,0.0447604444836123,0.9290716667954072,False,0.0363374010194093,0.049337617586134,0.046186602471444,1.0682233432174333,True,0.0421468037141797,2.400739908218384,1.263479714023233,0.8945379963723248,0.7829344422982704,0.7663294297054549,0.0560294697061181,0.0340735404170118,0.0363374010194093,1.0477211029035811,0.946085617010418,0.9797911136706752,1.829231720214828,1.521886217484995,1.2265761653240044,0.8576370901086297,0.9290716667954072,1.0682233432174333,-0.1607853298194181,-0.3530365821194376,-0.3839633817501738,K562,0.1116035540740544,0.8945379963723248,0.7829344422982704,0.7663294297054549,0.1116035540740544,0.11160355407405442,K562
KLF1,K562,norm_mean,"[[0 0 1 0]
 [1 0 0 0]
 [0 1 0 0]
 ...
 [0 0 1 0]
 [0 0 1 0]
 [0 0 1 0]]",0.0287671804809414,0.0,EH38E3756157,chr7,5558811,5559311,shared,cross_context,157524,-1,MA0493.3,KLF1,31,39,12.24999410458628,+,KLF1,ig,0.0800223003607243,0.0687358433613553,0.078594158104388,0.8745667142892978,False,0.0609571957029402,0.0554604186292272,0.0567185408773366,0.9778179761533338,False,0.0505706453695893,0.0575334099377505,0.0542123780766269,1.0612594644683335,True,0.0638500471444179,2.6453499794006348,1.4034591486713024,1.2052277199704786,1.1585712955330436,0.9689471730696264,0.0800223003607243,0.0609571957029402,0.0505706453695893,1.5445014050242352,1.6080825164663706,1.0261632901377853,2.3799038979998595,2.0614897252151523,1.8227073381271888,0.8745667142892978,0.9778179761533338,1.0612594644683335,0.2693057612898728,0.212346827965963,-0.0455100812441489,K562,0.046656424437435,1.2052277199704786,1.1585712955330436,0.9689471730696264,0.046656424437435,0.04665642443743501,K562
KLF1,K562,norm_mean,"[[0 0 1 0]
 [0 0 1 0]
 [1 0 0 0]
 ...
 [1 0 0 0]
 [0 0 1 0]
 [0 1 0 0]]",0.0164821633788991,0.0,EH38E3481699,chr22,39145137,39145637,shared,cross_context,37856,-1,MA0493.3,KLF1,497,505,12.24999410458628,+,KLF1,ig,0.0609605000354349,0.0644652807991951,0.0745405718963593,0.8648346868129796,False,0.0288050034141633,0.0493666517309611,0.051293800836429,0.9624290128956616,False,0.0294175068265758,0.0397329168405849,0.0433656166729633,0.9162306621376866,False,0.039727670092058,1.291260004043579,0.3687806436974644,0.938945948948958,0.5766579798917187,0.6178501360205836,0.0609605000354349,0.0288050034141633,0.0294175068265758,1.1048193760697604,0.6616414965894738,0.5829110242204668,1.81148045831194,1.1293726720927977,1.4649052943869958,0.8648346868129796,0.9624290128956616,0.9162306621376866,-0.0908859827856649,-0.7942121929495873,-0.6946711480136182,K562,0.3210958129283744,0.938945948948958,0.5766579798917187,0.6178501360205836,0.3210958129283744,0.3210958129283744,K562
KLF1,K562,norm_mean,"[[1 0 0 0]
 [1 0 0 0]
 [0 0 1 0]
 ...
 [1 0 0 0]
 [0 0 1 0]
 [1 0 0 0]]",0.6853101325090918,1.0,EH38E1386831,chr1,155084596,155085096,shared,cross_context,442,-1,MA0493.3,KLF1,418,426,12.24999410458628,+,KLF1,ig,0.0553365927480626,0.0512145849264925,0.0602912915998604,0.8494523018658982,False,0.0438872557133436,0.0378865431225858,0.0680453784402925,0.5567834057679012,False,0.0325335401576012,0.0391415154046262,0.0523554385732859,0.7476111173001772,False,0.0439191295396691,1.955430030822754,0.9674866522842542,0.8994245983943663,0.7578534051060071,0.6840185926460252,0.0553365927480626,0.0438872557133436,0.0325335401576012,1.067510581263341,0.8052047667300335,0.6942130887225021,1.472008038924897,1.650047086750282,1.174517702224415,0.8494523018658982,0.5567834057679012,0.7476111173001772,-0.15292575242042,-0.4000092844028352,-0.5478925525301097,K562,0.1415711932883592,0.8994245983943663,0.7578534051060071,0.6840185926460252,0.1415711932883592,0.1415711932883592,K562
KLF1,K562,norm_mean,"[[0 0 1 0]
 [1 0 0 0]
 [0 0 1 0]
 ...
 [0 0 0 1]
 [0 0 0 1]
 [1 0 0 0]]",0.0913566322301622,0.0,EH38E3946452,chrX,136880562,136881062,shared,cross_context,177142,-1,MA0493.3,KLF1,259,267,12.24999410458628,+,KLF1,ig,0.1274432246573269,0.0745776119337824,0.0663927968409366,1.123278491786843,True,0.0670181864406913,0.0599492701701819,0.0442402247068597,1.3550848128951367,True,0.0740545471198856,0.0660535788540437,0.0400436750250474,1.649537968664148,True,0.089505319405968,1.427109956741333,0.5130975075658791,1.8313441951072045,1.3303443575951626,1.4750787072037064,0.1274432246573269,0.0670181864406913,0.0740545471198856,2.916878920176022,1.0312118107715635,2.009531195695349,2.482920304122636,3.3096279646287856,2.4649801948618,1.123278491786843,1.3550848128951367,1.649537968664148,0.8729029671863415,0.4117997345484651,0.5607919367833751,K562,0.3562654879034979,1.8313441951072045,1.3303443575951626,1.4750787072037064,0.3562654879034979,0.3562654879034981,K562
KLF1,K562,norm_mean,"[[0 1 0 0]
 [0 1 0 0]
 [0 0 0 1]
 ...
 [0 1 0 0]
 [0 0 0 1]
 [0 0 1 0]]",0.1221009913070352,0.0,EH38E3220824,chr17,38573168,38573668,shared,cross_context,96274,-1,MA0493.3,KLF1,15,23,12.24999410458628,+,KLF1,ig,0.0580738052958622,0.0561961166845867,0.0594891851651482,0.9446440908904624,False,0.0325290206819772,0.0482246897311415,0.0439744462259113,1.0966523266005908,True,0.0497109035495668,0.0538991644597263,0.0513355771580245,1.0499376250204444,True,0.0467712431758021,1.475640058517456,0.5613418365250322,1.0532080576905545,0.7419950235024066,0.998595786887194,0.0580738052958622,0.0325290206819772,0.0497109035495668,1.007831474032146,0.6147681530121273,0.8134983341650381,2.364530286135587,2.649283315175427,2.6118010750573784,0.9446440908904624,1.0966523266005908,1.0499376250204444,0.074790465414596,-0.4305185820975784,-0.0020272735458869,K562,0.0546122708033602,1.0532080576905545,0.7419950235024066,0.998595786887194,0.0546122708033602,0.05461227080336051,K562
KLF1,K562,norm_mean,"[[0 1 0 0]
 [0 0 0 1]
 [0 0 1 0]
 ...
 [0 1 0 0]
 [0 1 0 0]
 [1 0 0 0]]",0.0008246206936344,0.0,EH38E3187137,chr16,67847254,67847754,shared,cross_context,61019,-1,MA0493.3,KLF1,395,403,12.24999410458628,+,KLF1,ig,0.1686906100076157,0.0774711925711017,0.0714332849451913,1.0845249771908614,True,0.0667336678598076,0.0472163718091906,0.0471427232352798,1.001562034461245,True,0.0567313258070498,0.0855681340739829,0.0531692806185341,1.6093525619496418,True,0.0973852012248244,2.1746199131011963,1.1207639276485044,2.4193718037523397,1.4752602242546151,0.8680961966323514,0.1686906100076157,0.0667336678598076,0.0567313258070498,3.683295776831136,2.3302537128335463,1.113007145522513,3.8208892742854825,2.2220510589883467,1.4699562652675846,1.0845249771908614,1.001562034461245,1.6093525619496418,1.2746324971614518,0.5609694579125873,-0.2040731718521419,K562,0.9441115794977242,2.4193718037523397,1.4752602242546151,0.8680961966323514,0.9441115794977242,0.9441115794977246,K562
KLF1,K562,norm_mean,"[[1 0 0 0]
 [0 0 1 0]
 [0 0 0 1]
 ...
 [0 0 1 0]
 [0 0 1 0]
 [0 0 1 0]]",0.0544634132333118,0.0,EH38E3709082,chr6,43454459,43454959,shared,cross_context,153366,-1,MA0493.3,KLF1,38,46,12.24999410458628,+,KLF1,ig,0.0341641219565644,0.0541415260115172,0.073290251417784,0.7387274238645263,False,0.0247447644069325,0.0469006550579797,0.0680657073913607,0.6890495958238824,False,0.0226485761231742,0.0361215312493732,0.062287959906971,0.5799118401726977,False,0.0271858208288904,1.4610799551010132,0.5470361167362625,0.5549550218530598,0.4607854179834846,0.488298894623112,0.0341641219565644,0.0247447644069325,0.0226485761231742,0.4409422742363461,0.5763270751397988,0.637209156721081,1.3171982014774413,0.9515074297747722,1.158434364558755,0.7387274238645263,0.6890495958238824,0.5799118401726977,-0.8495572440304875,-1.117833029784749,-1.034163579825894,K562,0.0666561272299477,0.5549550218530598,0.4607854179834846,0.488298894623112,0.0666561272299477,0.06665612722994779,K562
KLF1,K562,norm_mean,"[[0 0 1 0]
 [1 0 0 0]
 [0 0 0 1]
 ...
 [0 1 0 0]
 [1 0 0 0]
 [0 1 0 0]]",0.671507108381592,1.0,EH38E3175411,chr16,28491858,28492358,shared,cross_context,88645,-1,MA0493.3,KLF1,325,333,12.24999410458628,+,KLF1,ig,0.04890308144968,0.0643627811293117,0.0593054595517731,1.0852756350427948,True,0.027780749311205,0.0430561744736041,0.0497325110790573,0.8657549132721408,False,0.0311015543702524,0.0425981700269039,0.0454132519596562,0.9380116773982652,False,0.0359284617103791,3.191970109939575,1.674447593999005,0.7823909257563776,0.5702713050953498,0.7056350093227542,0.04890308144968,0.027780749311205,0.0311015543702524,0.9161787992118536,0.6075556606465915,0.6634949018445121,1.60730147072034,1.4434072393824982,1.513755454160525,1.0852756350427948,0.8657549132721408,0.9380116773982652,-0.3540384551691473,-0.810279651335246,-0.5030059524074892,K562,0.0767559164336233,0.7823909257563776,0.5702713050953498,0.7056350093227542,0.0767559164336233,0.07675591643362334,K562
KLF1,K562,norm_mean,"[[0 0 0 1]
 [0 1 0 0]
 [0 1 0 0]
 ...
 [0 1 0 0]
 [1 0 0 0]
 [0 0 0 1]]",0.0319627018890674,0.0,EH38E3215920,chr17,28812644,28813144,shared,cross_context,190687,-1,MA0493.3,KLF1,400,408,12.24999410458628,+,KLF1,ig,0.3555250540375709,0.1008265039839898,0.0467841405931652,2.155142344269039,True,0.0311852451413869,0.0407278944004792,0.0339041347341173,1.2012659431427952,True,0.0574233315419405,0.0438166762763285,0.045214235221535,0.9690900746355738,False,0.1480445435736328,0.0451899990439415,-4.467820738545666,5.052497207773783,0.7849472110842979,1.2699819711364817,0.3555250540375709,0.0311852451413869,0.0574233315419405,7.241696102849259,0.9672283212121482,1.3933702567376616,6.358768145651671,1.191183301076982,2.413016780517488,2.155142344269039,1.2012659431427952,0.9690900746355738,2.336996619595741,-0.3493324592588047,0.3448080175534283,K562,3.782515236637301,5.052497207773783,0.7849472110842979,1.2699819711364817,3.782515236637301,3.782515236637301,K562
KLF1,K562,norm_mean,"[[1 0 0 0]
 [1 0 0 0]
 [1 0 0 0]
 ...
 [1 0 0 0]
 [0 1 0 0]
 [0 0 0 1]]",0.0319627018890674,0.0,EH38E1854281,chr17,28812995,28813495,shared,cross_context,16524,-1,MA0493.3,KLF1,49,57,12.24999410458628,+,KLF1,ig,0.2652945002773776,0.0886133670026902,0.0729142440261784,1.215309244895727,True,0.035413208650425,0.0504632581979967,0.0527065223950194,0.9574384028869516,False,0.1434052006807178,0.0545197402918711,0.0507045159046538,1.0752440599561377,True,0.1480376365361735,0.0451899990439415,-4.467820738545666,3.5483516807220723,0.7419357259329029,2.9069754203763707,0.2652945002773776,0.035413208650425,0.1434052006807178,5.035616491475319,0.7691605039952939,3.527262206218606,5.973462765549729,2.603350196855144,3.9412002622546014,1.215309244895727,0.9574384028869516,1.0752440599561377,1.827149004095728,-0.4306338816955179,1.5395188734664698,K562,0.6413762603457016,3.5483516807220723,0.7419357259329029,2.9069754203763707,0.6413762603457016,0.6413762603457016,K562
KLF1,K562,norm_mean,"[[0 0 1 0]
 [0 0 0 1]
 [0 0 0 1]
 ...
 [0 1 0 0]
 [1 0 0 0]
 [0 0 0 1]]",0.0926173187491598,0.0,EH38E1547794,chr11,68298095,68298595,shared,cross_context,7444,-1,MA0493.3,KLF1,382,390,12.24999410458628,+,KLF1,ig,0.0555242006666958,0.0659593641536775,0.0647380705479845,1.018864995615491,True,0.0312543414765968,0.0375863118874258,0.0373279765682023,1.0069204193146488,True,0.0372689763316884,0.0438534441925003,0.0485346934333674,0.9035482055166164,False,0.0413491728249937,1.0485299825668335,0.068369491606305,0.8779181946784944,0.8081963299558369,0.838771318535887,0.0555242006666958,0.0312543414765968,0.0372689763316884,0.972399816725432,0.9361488923368828,0.8630404299473184,2.214062864214242,1.4642713783092185,2.293574692894173,1.018864995615491,1.0069204193146488,0.9035482055166164,-0.1878415790302287,-0.3072222928881803,-0.2536505632940008,K562,0.0391468761426073,0.8779181946784944,0.8081963299558369,0.838771318535887,0.0391468761426073,0.03914687614260737,K562
KLF1,K562,norm_mean,"[[0 0 1 0]
 [0 0 1 0]
 [0 0 1 0]
 ...
 [0 1 0 0]
 [0 0 0 1]
 [0 1 0 0]]",0.1378872070279422,0.0,EH38E3177397,chr16,31010907,31011407,shared,cross_context,89369,-1,MA0493.3,KLF1,418,426,12.24999410458628,+,KLF1,ig,0.07310730824247,0.0582015435642097,0.0722203694609925,0.8058880886335607,False,0.0386393684311769,0.0449600440345238,0.0451878514140844,0.99495843856223,False,0.0345110101625323,0.0491138212551595,0.0704892501560971,0.696756089458138,False,0.0487525622787264,0.9514300227165222,-0.0718290277648349,1.0197544535820469,0.8142043963511507,0.6104037507491523,0.07310730824247,0.0386393684311769,0.0345110101625323,1.243546483494362,1.0405729658180785,0.5995526427195589,1.6468123666061802,1.259383996657574,1.1963162137833383,0.8058880886335607,0.99495843856223,0.696756089458138,0.0282218092529089,-0.2965370816880356,-0.71216426539306,K562,0.2055500572308961,1.0197544535820469,0.8142043963511507,0.6104037507491523,0.2055500572308961,0.20555005723089614,K562
KLF1,K562,norm_mean,"[[0 0 1 0]
 [0 0 0 1]
 [0 0 0 1]
 ...
 [0 0 0 1]
 [0 1 0 0]
 [1 0 0 0]]",0.0272110046046694,0.0,EH38E2841072,chr1,156659986,156660486,shared,cross_context,53099,-1,MA0493.3,KLF1,264,272,12.24999410458628,+,KLF1,ig,0.0365953902946785,0.0435268880182411,0.0576301183945571,0.755280080589792,False,0.0212157721980474,0.0408903768396703,0.0418688456605499,0.9766299124864428,False,0.014709627139382,0.0390673388633877,0.0500406271146344,0.7807122593961217,False,0.024173596544036,1.6680400371551514,0.7381547824108459,0.7021231246720857,0.5113881639651957,0.321492486250779,0.0365953902946785,0.0212157721980474,0.014709627139382,0.7251915684997017,0.6954562414622755,0.3038113350496728,1.3334213680162514,1.1198506064198774,0.684025208558339,0.755280080589792,0.9766299124864428,0.7807122593961217,-0.5102040483737686,-0.9675093221521394,-1.6371430703440426,K562,0.19073496070689,0.7021231246720857,0.5113881639651957,0.321492486250779,0.19073496070689,0.19073496070689,K562
KLF1,K562,norm_mean,"[[0 1 0 0]
 [0 0 0 1]
 [0 0 1 0]
 ...
 [0 0 0 1]
 [0 1 0 0]
 [0 1 0 0]]",0.1820749873518121,0.0,EH38E3468278,chr22,20240005,20240505,shared,cross_context,128994,-1,MA0493.3,KLF1,401,409,12.24999410458628,+,KLF1,ig,0.0473135606152936,0.0512412512174341,0.0580236137763637,0.8831101520809802,False,0.0310263541177846,0.0334547548298723,0.046687024038123,0.71657485893309,False,0.0306257447518873,0.0295426167309051,0.0427479276209754,0.6910887021695574,False,0.0363218864949885,0.610729992389679,-0.7113910362914683,0.8199673689031687,0.697391415526577,0.7866967599563246,0.0473135606152936,0.0310263541177846,0.0306257447518873,0.6891750123085308,0.8637025969263121,0.7416323654948151,2.175283913037444,1.315114862726291,1.9838476815083428,0.8831101520809802,0.71657485893309,0.6910887021695574,-0.286361595175587,-0.5199594873123885,-0.3461204512374251,K562,0.033270608946844,0.8199673689031687,0.697391415526577,0.7866967599563246,0.033270608946844,0.03327060894684408,K562
KLF1,K562,norm_mean,"[[0 1 0 0]
 [0 0 0 1]
 [0 0 1 0]
 ...
 [1 0 0 0]
 [0 1 0 0]
 [0 0 0 1]]",0.1531082972456726,0.0,EH38E3292101,chr19,13842404,13842904,shared,cross_context,30836,-1,MA0493.3,KLF1,384,392,12.24999410458628,+,KLF1,ig,0.1246462110430002,0.0465386175562161,0.0525436482961855,0.885713310898163,False,0.0599893751787021,0.039709805692546,0.0347957046417702,1.1412269039842264,True,0.051989582250826,0.0440960565657587,0.0407361659363232,1.08247903864829,True,0.0788750561575094,1.223230004310608,0.2906968791742473,2.4558299832264265,1.6016661867668545,1.1661445934910242,0.1246462110430002,0.0599893751787021,0.051989582250826,2.767710269052264,1.6418861374041989,1.6881491419667134,3.61636154345836,3.243744182066139,1.708641463649203,0.885713310898163,1.1412269039842264,1.08247903864829,1.2962106871724477,0.6795734989106558,0.2217466846119209,K562,0.8541637964595721,2.4558299832264265,1.6016661867668545,1.1661445934910242,0.8541637964595721,0.8541637964595721,K562
KLF1,K562,norm_mean,"[[0 1 0 0]
 [0 1 0 0]
 [0 1 0 0]
 ...
 [1 0 0 0]
 [0 0 0 1]
 [1 0 0 0]]",0.108313560993291,0.0,EH38E3223456,chr17,41793986,41794486,shared,cross_context,96924,-1,MA0493.3,KLF1,246,254,12.24999410458628,+,KLF1,ig,0.1219241740182042,0.0723438964353408,0.0648372030043855,1.115777392073401,True,0.0706478597130626,0.0639765300590079,0.0383685020254536,1.6674227558411927,True,0.062297634081915,0.0452693254122277,0.0425254093137575,1.06452390459046,True,0.0849565559377272,0.906059980392456,-0.1423199440096659,1.799100846195984,1.460522377762489,1.4289348957044727,0.1219241740182042,0.0706478597130626,0.062297634081915,1.9463609756882967,1.864049983918876,0.9526129406942482,2.6744853058920373,3.0177165870724263,3.682230102901928,1.115777392073401,1.6674227558411927,1.06452390459046,0.8472760580022602,0.5464844639406725,0.5149401877135076,K562,0.3385784684334951,1.799100846195984,1.460522377762489,1.4289348957044727,0.3385784684334951,0.33857846843349515,K562
KLF1,K562,norm_mean,"[[1 0 0 0]
 [0 0 1 0]
 [0 1 0 0]
 ...
 [1 0 0 0]
 [1 0 0 0]
 [0 0 0 1]]",0.0517306195294747,0.0,EH38E3349696,chr2,68361982,68362482,shared,cross_context,193324,-1,MA0493.3,KLF1,233,241,12.24999410458628,+,KLF1,ig,0.0959500735625624,0.0630622744999709,0.0538011530995554,1.1721358957106278,True,0.0334822958684526,0.0516173220620112,0.0464185053633394,1.1119985561360215,True,0.0287247965461574,0.0391844991251127,0.0423780017168983,0.9246422268906932,False,0.0527190553257241,1.662369966506958,0.7332423627461211,1.6710573757259153,0.6910791407067074,0.6983812201078023,0.0959500735625624,0.0334822958684526,0.0287247965461574,1.870684653471598,0.631138219027378,0.7998173458360027,2.3558577791043733,1.8915207171135424,1.406908110402887,1.1721358957106278,1.1119985561360215,0.9246422268906932,0.7407612700219759,-0.5330771587893053,-0.517913328272368,K562,0.9726761556181128,1.6710573757259153,0.6910791407067074,0.6983812201078023,0.9726761556181128,0.9726761556181129,K562
KLF1,K562,norm_mean,"[[0 1 0 0]
 [0 1 0 0]
 [0 0 1 0]
 ...
 [1 0 0 0]
 [0 0 1 0]
 [0 0 1 0]]",0.0432286384434381,0.0,EH38E1824176,chr16,68844061,68844561,shared,cross_context,15252,-1,MA0493.3,KLF1,210,218,11.191098276068846,+,KLF1,ig,0.0552159671206027,0.0621116904355585,0.0679546645700704,0.9140164503549052,False,0.0383603849331848,0.0530718763981713,0.0467032473911202,1.1363634864634062,True,0.0344201173866167,0.0585444545408245,0.0490214181843792,1.1942625237401745,True,0.0426654898134681,1.351449966430664,0.4345091687201018,0.8407807676369404,0.7798253809908267,0.652621038439915,0.0552159671206027,0.0383603849331848,0.0344201173866167,1.031901069910008,0.9924436467984638,0.5356170484078318,1.352255205503222,1.7532855457725138,1.5843796690885152,0.9140164503549052,1.1363634864634062,1.1942625237401745,-0.2501984242901989,-0.3587769821159678,-0.6156825965682969,K562,0.0609553866461137,0.8407807676369404,0.7798253809908267,0.652621038439915,0.0609553866461137,0.060955386646113774,K562
KLF1,K562,norm_mean,"[[0 0 0 1]
 [0 0 1 0]
 [0 0 1 0]
 ...
 [0 1 0 0]
 [0 1 0 0]
 [0 1 0 0]]",0.1182375224874057,0.0,EH38E3019226,chr12,54052929,54053429,shared,cross_context,71704,-1,MA0493.3,KLF1,103,111,11.191098276068846,+,KLF1,ig,0.0656553495209664,0.0673249479895457,0.0703739830639195,0.9566736951873064,False,0.0358744708355516,0.0620810348005034,0.0436984187949241,1.420669724576332,True,0.0253581485012546,0.0443913887511007,0.0583395534145796,0.7609139690614635,False,0.0422959896192575,1.766909956932068,0.8212293374393979,1.0030037192133627,0.7280638446220203,0.5085696677024292,0.0656553495209664,0.0358744708355516,0.0253581485012546,0.9547667697196054,0.7204801875580656,0.5086945650536755,2.1830836436818624,1.4080635906352534,0.9826678796790032,0.9566736951873064,1.420669724576332,0.7609139690614635,0.004326957020299,-0.4578631256124391,-0.9754826732003964,K562,0.2749398745913424,1.0030037192133627,0.7280638446220203,0.5085696677024292,0.2749398745913424,0.2749398745913424,K562
KLF1,K562,norm_mean,"[[1 0 0 0]
 [0 0 1 0]
 [0 0 0 1]
 ...
 [0 1 0 0]
 [1 0 0 0]
 [0 0 1 0]]",0.1875880479196371,0.0,EH38E1861469,chr17,40113791,40114291,shared,cross_context,16873,-1,MA0493.3,KLF1,60,68,11.191098276068846,+,KLF1,ig,0.0686362051637843,0.0771270685794297,0.0646953768236562,1.19215715936067,True,0.0247822229284793,0.0398359993848134,0.0465212753962259,0.8562961888418749,False,0.0279117769096046,0.0495482927735429,0.0489310008572647,1.0126153518078511,True,0.0404434016672894,1.1659499406814575,0.2215070860301821,1.0379795356657515,0.608609938794475,0.6193181710324696,0.0686362051637843,0.0247822229284793,0.0279117769096046,1.607417317573958,0.7009292100628042,0.7541423949019255,1.55217756417211,1.0247244340755812,1.1478902498788215,1.19215715936067,0.8562961888418749,1.0126153518078511,0.0537780018443017,-0.7164101988017038,-0.6912473166560825,K562,0.4186613646332819,1.0379795356657515,0.608609938794475,0.6193181710324696,0.4186613646332819,0.41866136463328196,K562
KLF1,K562,norm_mean,"[[0 1 0 0]
 [0 0 0 1]
 [0 1 0 0]
 ...
 [0 1 0 0]
 [1 0 0 0]
 [0 1 0 0]]",0.1581509041161131,0.0,EH38E2871222,chr1,228165048,228165548,shared,cross_context,55923,-1,MA0493.3,KLF1,276,284,11.191098276068846,+,KLF1,ig,0.0675237919203937,0.051658158294158,0.0616643389462879,0.8377313500731888,False,0.0334696068894118,0.0385359645402058,0.0405362717089398,0.9506536592799332,False,0.0339742465293966,0.0444685773475794,0.0375215171549755,1.185148385989471,True,0.0449892151130673,1.599020004272461,0.6771888897630178,1.1691282692840512,0.8418988713435304,0.8443908800862295,0.0675237919203937,0.0334696068894118,0.0339742465293966,1.3352477650392969,0.9125839156411798,0.802853114952596,2.236068884769711,2.009715826298752,1.828536144482587,0.8377313500731888,0.9506536592799332,1.185148385989471,0.2254332230695034,-0.2482811455987355,-0.2440170963570923,K562,0.3247373891978217,1.1691282692840512,0.8418988713435304,0.8443908800862295,0.3247373891978217,0.3247373891978217,K562
KLF1,K562,norm_mean,"[[0 0 1 0]
 [0 0 0 1]
 [0 0 1 0]
 ...
 [0 1 0 0]
 [0 0 1 0]
 [0 1 0 0]]",0.0784924543652073,0.0,EH38E2964913,chr11,65858905,65859405,shared,cross_context,65984,-1,MA0493.3,KLF1,304,312,11.191098276068846,+,KLF1,ig,0.0543750065844506,0.0682799153396627,0.0697282506880583,0.979228718254209,False,0.0271591964410617,0.0545972272846847,0.0447084399431907,1.2211836320440397,True,0.0158765044034225,0.0478719978570006,0.0472947617247547,1.0122048613661834,True,0.032470235809645,1.7328799962997437,0.7931725824015748,0.7913338151101273,0.5622186309037877,0.329766467172539,0.0543750065844506,0.0271591964410617,0.0158765044034225,1.0721796111354929,0.7354493668926658,0.4361902782110319,1.527584005226716,1.1371681831256957,0.5555201869590716,0.979228718254209,1.2211836320440397,1.0122048613661834,-0.3376416855819337,-0.830796829518825,-1.6004833870174964,K562,0.2291151842063397,0.7913338151101273,0.5622186309037877,0.329766467172539,0.2291151842063397,0.2291151842063397,K562
KLF1,K562,norm_mean,"[[1 0 0 0]
 [0 0 1 0]
 [0 1 0 0]
 ...
 [0 0 0 1]
 [0 1 0 0]
 [1 0 0 0]]",0.1368112914852039,0.0,EH38E3709929,chr6,44264781,44265281,shared,cross_context,153621,-1,MA0493.3,KLF1,272,280,11.191098276068846,+,KLF1,ig,0.0953926455695182,0.0628986238141078,0.063584394743278,0.9892146363257,False,0.0480945070739835,0.0381565208942629,0.0385462948500226,0.9898879034637356,False,0.0191903808445204,0.0347895502403844,0.0515416490890903,0.674979246986409,False,0.0542258444960073,1.9164400100708008,0.9384295912570824,1.506599737134665,1.2526555639205514,0.4264731843110984,0.0953926455695182,0.0480945070739835,0.0191903808445204,1.5391573528486653,1.3859299464616912,0.3437335645239038,2.760027908150634,2.363805947866745,1.768705398671154,0.9892146363257,0.9898879034637356,0.674979246986409,0.5912961836853066,0.3249897801094264,-1.2294730605767563,K562,0.2539441732141139,1.506599737134665,1.2526555639205514,0.4264731843110984,0.2539441732141139,0.25394417321411367,K562
KLF1,K562,norm_mean,"[[0 0 0 1]
 [0 1 0 0]
 [0 1 0 0]
 ...
 [0 0 1 0]
 [0 0 0 1]
 [0 1 0 0]]",0.0040106599091403,0.0,EH38E2941698,chr11,4187128,4187628,shared,cross_context,18359,-1,MA0493.3,KLF1,124,132,11.191098276068846,+,KLF1,ig,0.0803040075115859,0.0801009642996359,0.0744964697131715,1.075231535879856,True,0.0577457268955186,0.0657550532848108,0.0559273307260714,1.175722865259676,True,0.0481685724807903,0.0608620584092568,0.0604230808451559,1.0072648975410057,True,0.0620727689626316,3.0440399646759038,1.6059877738010888,1.0760440419545991,1.0122057835041127,0.8320705874103224,0.0803040075115859,0.0577457268955186,0.0481685724807903,0.9949222924282922,1.2289270382154664,1.119689405954009,2.2040928614616218,2.072323222731989,1.3429140193948057,1.075231535879856,1.175722865259676,1.0072648975410057,0.1057371292437911,0.0175026241258916,-0.2652221708121991,K562,0.0638382584504864,1.0760440419545991,1.0122057835041127,0.8320705874103224,0.0638382584504864,0.06383825845048641,K562
KLF1,K562,norm_mean,"[[0 0 0 1]
 [0 1 0 0]
 [0 1 0 0]
 ...
 [0 0 1 0]
 [0 0 1 0]
 [0 0 1 0]]",0.0017498118651981,0.0,EH38E3105246,chr14,75258418,75258918,shared,cross_context,80076,-1,MA0493.3,KLF1,373,381,11.191098276068846,+,KLF1,ig,0.0498279774328693,0.0563368018972687,0.0933151020678354,0.6037264559711901,False,0.0189143205934669,0.0388376854918897,0.0479821863933466,0.80941866798901,False,0.0200093080056831,0.0472842575068352,0.0688117941450129,0.6871532885141212,False,0.0295838686773398,1.147979974746704,0.1990987327226403,0.6638490945003047,0.424054944246121,0.3316630997150629,0.0498279774328693,0.0189143205934669,0.0200093080056831,0.6500955342656697,0.4925294134027052,0.262863698638926,2.0386667301910752,1.137002694147501,0.779259894509663,0.6037264559711901,0.80941866798901,0.6871532885141212,-0.5910727658393087,-1.2376768864706371,-1.5922095813341954,K562,0.2397941502541837,0.6638490945003047,0.424054944246121,0.3316630997150629,0.2397941502541837,0.2397941502541837,K562
KLF1,K562,norm_mean,"[[0 0 1 0]
 [0 1 0 0]
 [0 0 0 1]
 ...
 [0 1 0 0]
 [0 1 0 0]
 [0 1 0 0]]",0.0017498118651981,0.0,EH38E1728519,chr14,75258598,75259098,shared,cross_context,12224,-1,MA0493.3,KLF1,193,201,11.191098276068846,+,KLF1,ig,0.0437127730401698,0.0547837340601836,0.0538074176441815,1.0181444543764149,True,0.0374694885686039,0.0487099372741067,0.0633065083855135,0.7694300447464358,False,0.0192576408153399,0.0525855620147194,0.04643392163252,1.1324813593404863,True,0.0334799674747046,1.147979974746704,0.1990987327226403,0.8064109146292142,0.6596516394279169,0.3992996694694856,0.0437127730401698,0.0374694885686039,0.0192576408153399,0.6628465359315006,0.5571750643146305,0.4420401651114928,2.247390928383578,1.3019319167657364,0.9099065316319724,1.0181444543764149,0.7694300447464358,1.1324813593404863,-0.3104129275059409,-0.6002237511862075,-1.324456213530564,K562,0.1467592752012972,0.8064109146292142,0.6596516394279169,0.3992996694694856,0.1467592752012972,0.14675927520129728,K562
KLF1,K562,norm_mean,"[[0 1 0 0]
 [1 0 0 0]
 [0 0 0 1]
 ...
 [0 1 0 0]
 [0 0 1 0]
 [0 0 1 0]]",0.1353176538273795,0.0,EH38E2992672,chr11,126356172,126356672,shared,cross_context,209651,-1,MA0493.3,KLF1,261,269,11.191098276068846,+,KLF1,ig,0.05094898364041,0.066776580841979,0.0610520392656326,1.0937647735858858,True,0.0274407879915088,0.0432493293529842,0.0449036706256895,0.9631577801718364,False,0.0257192462013335,0.052323395392741,0.0491614030310395,1.0643183783123795,True,0.0347030059444174,1.049530029296875,0.0697448204185079,0.8050314757580223,0.620026503577029,0.5103373740379281,0.05094898364041,0.0274407879915088,0.0257192462013335,1.0210887114771985,0.4513181937454161,0.558022066713317,1.908336318049734,2.22158053349569,1.1520760335494862,1.0937647735858858,0.9631577801718364,1.0643183783123795,-0.3128829011322848,-0.6895982064773023,-0.970476792166762,K562,0.1850049721809932,0.8050314757580223,0.620026503577029,0.5103373740379281,0.1850049721809932,0.1850049721809932,K562
KLF1,K562,norm_mean,"[[0 0 1 0]
 [0 0 1 0]
 [0 1 0 0]
 ...
 [0 1 0 0]
 [0 1 0 0]
 [0 0 1 0]]",0.0485454144714103,0.0,EH38E3113353,chr14,95156908,95157408,shared,cross_context,80668,-1,MA0493.3,KLF1,15,23,11.191098276068846,+,KLF1,ig,0.0839939046418294,0.0702643523504957,0.0463914631755324,1.5145962725657585,True,0.0374640449299477,0.0543231060903053,0.0334088348061777,1.6260097110649054,True,0.0242389083141461,0.0490477311698487,0.043102776359301,1.1379248376425388,True,0.0485656192953077,1.3397799730300903,0.4219971686302094,1.4863588635959897,0.8871821530663881,0.5691327362313171,0.0839939046418294,0.0374640449299477,0.0242389083141461,1.1573913787712913,1.1017489886120198,0.587733282595713,3.5023411655047814,1.9886491694544215,2.1131116096793114,1.5145962725657585,1.6260097110649054,1.1379248376425388,0.571782480390409,-0.1726977493368679,-0.8131629273955777,K562,0.5991767105296013,1.4863588635959897,0.8871821530663881,0.5691327362313171,0.5991767105296013,0.5991767105296015,K562
KLF1,K562,norm_mean,"[[1 0 0 0]
 [0 1 0 0]
 [0 1 0 0]
 ...
 [0 0 0 1]
 [0 1 0 0]
 [1 0 0 0]]",0.1328357841340836,0.0,EH38E1386955,chr1,155193288,155193788,shared,cross_context,443,-1,MA0493.3,KLF1,259,267,11.191098276068846,+,KLF1,ig,0.0595295319799333,0.064121096188901,0.0553823824268944,1.1577884843732908,True,0.0359701319248415,0.0451794898620573,0.0434193557489496,1.0405377665644584,True,0.0397994524682872,0.0545328119338955,0.0383392062768764,1.422376804472815,True,0.0450997054576873,1.9222400188446045,0.9427892387609108,1.012476872700487,0.81552150092251,0.891069088619426,0.0595295319799333,0.0359701319248415,0.0397994524682872,1.050352917424189,1.1463428817496353,0.6334891035186125,2.143069936243852,1.276827053326846,2.7572595601601497,1.1577884843732908,1.0405377665644584,1.422376804472815,0.0178889553269812,-0.2942051795589983,-0.1663907985082567,K562,0.1214077840810609,1.012476872700487,0.81552150092251,0.891069088619426,0.1214077840810609,0.1214077840810609,K562
KLF1,K562,norm_mean,"[[1 0 0 0]
 [0 0 0 1]
 [0 1 0 0]
 ...
 [1 0 0 0]
 [0 0 1 0]
 [0 0 0 1]]",0.1182375224874057,0.0,EH38E1614208,chr12,54052545,54053045,shared,cross_context,9418,-1,MA0493.3,KLF1,487,495,11.191098276068846,+,KLF1,ig,0.0666320939781144,0.0571524539875099,0.0630728373606689,0.9061340399093694,False,0.0388016517972573,0.0474849334207829,0.0392838243674486,1.2087652385615852,True,0.043091089988593,0.0388552013062871,0.0463880085244454,0.8376128694915338,False,0.0495082785879882,1.766909956932068,0.8212293374393979,1.0175956159420718,0.817295168087222,0.938721668683008,0.0666320939781144,0.0388016517972573,0.043091089988593,1.2469984389385032,1.0845733535495317,0.8563428648145771,2.195621858238709,1.2501592872153873,2.97452282081599,0.9061340399093694,1.2087652385615852,0.8376128694915338,0.0251643616728431,-0.2910708879087397,-0.0912306316741168,K562,0.0788739472590638,1.0175956159420718,0.817295168087222,0.938721668683008,0.0788739472590638,0.07887394725906383,K562
KLF1,K562,norm_mean,"[[0 0 0 1]
 [0 0 1 0]
 [0 0 1 0]
 ...
 [0 1 0 0]
 [0 0 0 1]
 [0 0 1 0]]",0.0782856761111042,0.0,EH38E3911879,chr9,129317467,129317967,shared,cross_context,25000,-1,MA0493.3,KLF1,252,260,11.191098276068846,+,KLF1,ig,0.0555606614798307,0.0711334000772331,0.0602222701567463,1.181180783791103,True,0.0396883165230974,0.0525241578795248,0.0482776038821052,1.0879609337733585,True,0.0503646272700279,0.0599359194200951,0.0597305839268628,1.0034375263953306,True,0.0485378684243187,1.0992900133132937,0.1365733588866142,0.861613590085396,0.7947770637558135,0.8420658656462173,0.0555606614798307,0.0396883165230974,0.0503646272700279,0.8739135957460885,0.8920435976634448,0.9912451799283466,2.133350979011279,1.5796884350816696,1.6341574860314998,1.181180783791103,1.0879609337733585,1.0034375263953306,-0.2148870877665538,-0.3313778542077697,-0.2479950091404656,K562,0.0195477244391786,0.861613590085396,0.7947770637558135,0.8420658656462173,0.0195477244391786,0.019547724439178626,K562
KLF1,K562,norm_mean,"[[0 1 0 0]
 [1 0 0 0]
 [0 0 0 1]
 ...
 [0 1 0 0]
 [0 1 0 0]
 [0 0 1 0]]",0.0924192222924224,0.0,EH38E3494466,chr3,9731879,9732379,shared,cross_context,38357,-1,MA0493.3,KLF1,290,298,11.191098276068846,+,KLF1,ig,0.1627938812598586,0.067334302823292,0.0790925233666665,0.851335770358192,False,0.0461038164794445,0.0493225385730329,0.0684304400518811,0.7207688760725475,False,0.0630376652115956,0.0478348296636249,0.0443736014894033,1.0780017235029014,True,0.0906451209836329,1.549489974975586,0.631794351958085,2.185168359048949,0.7562166103332494,1.3786064022017313,0.1627938812598586,0.0461038164794445,0.0630376652115956,2.838740957212968,0.8314349552028216,1.281366957522255,3.165371448129841,1.4301267787706184,3.030935638836995,0.851335770358192,0.7207688760725475,1.0780017235029014,1.127744438925159,-0.4031285544422911,0.4632106213178819,K562,0.8065619568472175,2.185168359048949,0.7562166103332494,1.3786064022017313,0.8065619568472175,0.8065619568472175,K562
KLF1,K562,norm_mean,"[[0 0 0 1]
 [0 0 1 0]
 [0 0 1 0]
 ...
 [0 0 1 0]
 [1 0 0 0]
 [1 0 0 0]]",0.8771975954062684,1.0,EH38E3221641,chr17,39621867,39622367,shared,cross_context,190844,-1,MA0493.3,KLF1,49,57,11.191098276068846,+,KLF1,ig,0.09365363442339,0.0790040049236267,0.054617089004023,1.4465067966683378,True,0.0555981211364269,0.0560538510384503,0.0346962334698764,1.6155596523616955,True,0.0404234663583338,0.0470567315910011,0.0402848500793334,1.1680996656890907,True,0.0632250739727169,1.3048299551010132,0.3838629132821371,1.3472185970508772,1.186111890884738,0.8577329533625969,0.09365363442339,0.0555981211364269,0.0404234663583338,1.6367743621441246,1.4656352298706528,0.82407389269272,2.5142819144611925,2.044744835987851,1.4839774084908166,1.4465067966683378,1.6155596523616955,1.1680996656890907,0.4299839597361939,0.2462401129639606,-0.2213995443473964,K562,0.1611067061661391,1.3472185970508772,1.186111890884738,0.8577329533625969,0.1611067061661391,0.1611067061661393,K562
KLF1,K562,norm_mean,"[[0 0 0 1]
 [0 0 0 1]
 [0 1 0 0]
 ...
 [0 0 1 0]
 [0 1 0 0]
 [0 0 0 1]]",0.0986546015666007,0.0,EH38E3259684,chr18,22559935,22560435,shared,cross_context,14890,-1,MA0493.3,KLF1,177,185,11.191098276068846,+,KLF1,ig,0.11254954256583,0.0616133451054338,0.055415035290598,1.1118522917798186,True,0.0323876733891665,0.0419282487785676,0.0399777841761714,1.048788449752906,True,0.0535827833227813,0.0483179983083391,0.035301276583055,1.368731935439775,True,0.0661733330925926,2.206350088119507,1.1416623796813603,1.9398030545832543,0.805930372157433,1.331960521928063,0.11254954256583,0.0323876733891665,0.0535827833227813,2.3161106448643465,0.9697769969791504,1.55081341802688,4.0180900112170415,1.6064459980424126,2.075154821262403,1.1118522917798186,1.048788449752906,1.368731935439775,0.955910185836887,-0.3112728896818453,0.413551323985823,K562,0.6078425326551913,1.9398030545832543,0.805930372157433,1.331960521928063,0.6078425326551913,0.6078425326551913,K562
KLF1,K562,norm_mean,"[[0 0 1 0]
 [0 0 0 1]
 [0 0 0 1]
 ...
 [0 0 0 1]
 [0 1 0 0]
 [1 0 0 0]]",0.8619982941295719,1.0,EH38E3675476,chr5,163505644,163506144,shared,cross_context,42702,-1,MA0493.3,KLF1,224,232,11.191098276068846,+,KLF1,ig,0.131767719052732,0.0620717135025188,0.0548633561450585,1.131387260096318,True,0.0316329770575976,0.0396588695951504,0.0528735857947956,0.7500694628197406,False,0.0434122532606124,0.0406100260140374,0.0455055495918853,0.8924190006286412,False,0.068937649790314,1.4088399410247805,0.4945087397184343,2.2844959730175023,0.6630040805897828,0.9958483826494268,0.131767719052732,0.0316329770575976,0.0434122532606124,3.039246742538046,0.4880598513621091,1.0767248120217396,3.6045226103113657,2.132084719355906,2.191851609274853,1.131387260096318,0.7500694628197406,0.8924190006286412,1.1918759000775052,-0.5929103429941252,-0.0060019839266996,K562,1.2886475903680754,2.2844959730175023,0.6630040805897828,0.9958483826494268,1.2886475903680754,1.2886475903680754,K562
KLF1,K562,norm_mean,"[[0 0 0 1]
 [1 0 0 0]
 [0 1 0 0]
 ...
 [0 0 1 0]
 [0 1 0 0]
 [1 0 0 0]]",0.0715162251701961,0.0,EH38E1746373,chr14,105021639,105022139,shared,cross_context,12613,-1,MA0493.3,KLF1,478,486,11.191098276068846,+,KLF1,ig,0.0561998066259548,0.0541946001630276,0.0718433975661173,0.7543433976618169,False,0.0276852124952711,0.0341805342404404,0.0455552781990263,0.7503088135697711,False,0.0136721507587935,0.034911706171697,0.0490612018032698,0.7115948605527561,False,0.0325190566266731,0.5365099906921387,-0.8983203692836973,0.840959924879557,0.6664596152166039,0.311079805756679,0.0561998066259548,0.0276852124952711,0.0136721507587935,1.051558719144183,1.0317408345430128,0.287676752979403,1.529122143313802,1.401976137104617,1.2002725817096658,0.7543433976618169,0.7503088135697711,0.7115948605527561,-0.2498910412705898,-0.5854106363010432,-1.684643347194524,K562,0.174500309662953,0.840959924879557,0.6664596152166039,0.311079805756679,0.174500309662953,0.17450030966295305,K562
KLF1,K562,norm_mean,"[[1 0 0 0]
 [0 0 0 1]
 [1 0 0 0]
 ...
 [0 1 0 0]
 [0 0 0 1]
 [0 0 0 1]]",0.6559465563787183,1.0,EH38E3160304,chr16,369951,370451,shared,cross_context,86373,-1,MA0493.3,KLF1,153,161,11.191098276068846,+,KLF1,ig,0.0363246564520522,0.0577994565246626,0.061315924388534,0.9426498527839612,False,0.0223047362233046,0.0356967503629857,0.039672855560483,0.8997774639839041,False,0.0176560268155299,0.047813489169348,0.0525036377031428,0.9106698536392536,False,0.0254284731636289,2.038789987564087,1.0277138809646502,0.62810559480241,0.584038445830986,0.3624872838769327,0.0363246564520522,0.0223047362233046,0.0176560268155299,0.8128719852057013,0.6995059910862926,0.3358130786490008,1.2817489317163593,1.315588051613825,0.8844721996793661,0.9426498527839612,0.8997774639839041,0.9106698536392536,-0.6709209724997549,-0.7758647510788452,-1.4639977049093644,K562,0.044067148971424,0.62810559480241,0.584038445830986,0.3624872838769327,0.044067148971424,0.04406714897142405,K562
KLF1,K562,norm_mean,"[[0 0 1 0]
 [0 1 0 0]
 [0 1 0 0]
 ...
 [0 0 1 0]
 [0 0 1 0]
 [0 0 1 0]]",0.0300125996061828,0.0,EH38E2601537,chr7,151459878,151460378,shared,cross_context,38496,-1,MA0493.3,KLF1,368,376,11.191098276068846,+,KLF1,ig,0.0821288209408521,0.081626420476241,0.0710018339469873,1.1496380366851653,True,0.0408031869446858,0.0432146267453208,0.05113423442502,0.8451210579377588,False,0.0317665869370102,0.0755106525318115,0.0531916342491361,1.419596133899128,True,0.0515661982741827,1.2741299867630005,0.3495136011729861,1.133585950487714,0.8887725030189869,0.5225995821699818,0.0821288209408521,0.0408031869446858,0.0317665869370102,1.6274523189017476,0.9937089879477012,0.7366399867380786,1.6083845684694458,2.1837204272242987,0.924888770521875,1.1496380366851653,0.8451210579377588,1.419596133899128,0.1808937841831465,-0.1701139101687457,-0.9362221209352074,K562,0.244813447468727,1.133585950487714,0.8887725030189869,0.5225995821699818,0.244813447468727,0.24481344746872702,K562
KLF1,K562,norm_mean,"[[0 0 1 0]
 [0 1 0 0]
 [0 0 0 1]
 ...
 [0 0 1 0]
 [0 1 0 0]
 [0 1 0 0]]",0.0014128186880539,0.0,EH38E1721141,chr14,64502999,64503499,shared,cross_context,11893,-1,MA0493.3,KLF1,238,246,11.191098276068846,+,KLF1,ig,0.1483757458627224,0.074871166961966,0.0659923685642962,1.134542633419695,True,0.0566893626819364,0.0447684493398992,0.0472030431138148,0.9484227478242696,False,0.0995432691415771,0.0449156642251182,0.0484983865511215,0.92612678808408,False,0.101536125895412,1.3900699615478516,0.4751585327761558,2.136112282226282,1.2256621553456577,2.113495208720981,0.1483757458627224,0.0566893626819364,0.0995432691415771,2.438422217261499,1.5100463963279798,3.0178879612086944,3.175204186549821,2.650903166597718,3.749031348846525,1.134542633419695,0.9484227478242696,0.92612678808408,1.0949874832596436,0.2935613668482892,1.0796308424753454,K562,0.0226170735053012,2.136112282226282,1.2256621553456577,2.113495208720981,0.0226170735053012,0.02261707350530129,K562
KLF1,K562,norm_mean,"[[0 1 0 0]
 [0 1 0 0]
 [0 1 0 0]
 ...
 [1 0 0 0]
 [0 0 1 0]
 [0 0 0 1]]",0.669335918200591,1.0,EH38E2844390,chr1,162561667,162562167,shared,cross_context,53526,-1,MA0493.3,KLF1,483,491,11.191098276068846,+,KLF1,ig,0.0442883640062063,0.0532750153320375,0.0508767942112172,1.047137613260143,True,0.0077438929583877,0.0355861831156653,0.0361851278616814,0.9834474930479584,False,0.0244107338949106,0.0336409484686737,0.036308913740213,0.926520122418709,False,0.0254809969531682,1.3863500356674194,0.4712926061721366,0.8309989354200246,0.1964772608758125,0.6152154528103544,0.0442883640062063,0.0077438929583877,0.0244107338949106,0.7654229621646176,0.1184673345619082,0.6156802436229147,2.7072642470742894,0.4275925240347211,1.2392158426641668,1.047137613260143,0.9834474930479584,0.926520122418709,-0.2670814643689244,-2.347565734449939,-0.7008363515753682,K562,0.2157834826096701,0.8309989354200246,0.1964772608758125,0.6152154528103544,0.2157834826096701,0.21578348260967017,K562
KLF1,K562,norm_mean,"[[0 0 0 1]
 [0 0 0 1]
 [0 1 0 0]
 ...
 [0 1 0 0]
 [0 0 0 1]
 [0 0 1 0]]",0.6791109513901205,1.0,EH38E3280671,chr19,1279352,1279852,shared,cross_context,103783,-1,MA0493.3,KLF1,390,398,10.881533544537856,+,KLF1,ig,0.0769347613677382,0.0569870524248108,0.0668940733063009,0.8518997437168421,False,0.0408932319842278,0.0532586045743664,0.0461629103802981,1.1537096036302037,True,0.0279903383925557,0.0411791033885674,0.0612221998803385,0.6726170693454836,False,0.0486061105815072,0.7432500123977661,-0.428078571627982,1.2199619573568687,0.8201077936636277,0.5398512352904316,0.0769347613677382,0.0408932319842278,0.0279903383925557,1.4979904294020887,1.0736305019109276,0.7182368852316343,2.252540027999122,1.3710500918564252,1.134729817992468,0.8518997437168421,1.1537096036302037,0.6726170693454836,0.2868361614393301,-0.2861145453934743,-0.8893661880450264,K562,0.399854163693241,1.2199619573568687,0.8201077936636277,0.5398512352904316,0.399854163693241,0.399854163693241,K562
KLF1,K562,norm_mean,"[[0 1 0 0]
 [0 1 0 0]
 [0 1 0 0]
 ...
 [0 0 1 0]
 [1 0 0 0]
 [0 0 1 0]]",0.1299888963496367,0.0,EH38E2920372,chr10,100826821,100827321,shared,cross_context,60058,-1,MA0493.3,KLF1,111,119,10.881533544537856,+,KLF1,ig,0.0918773645535111,0.0575661390705499,0.0531226871210302,1.0836448860907084,True,0.0299391985172405,0.0553904742380837,0.0481865131436998,1.1495013672785748,True,0.0273650985909625,0.0445440866508579,0.0677577565283363,0.6574019324003191,False,0.0497272205539047,0.9222599864006042,-0.1167530248124705,1.714542502528338,0.6173958742516851,0.5180470052465455,0.0918773645535111,0.0299391985172405,0.0273650985909625,1.8589081324905607,0.6545562230014629,0.5470267271214422,3.500097194695708,1.188808700072474,1.2082208332598212,1.0836448860907084,1.1495013672785748,0.6574019324003191,0.7778236691434746,-0.6957322503758812,-0.9488450846165,K562,1.0971466282766529,1.714542502528338,0.6173958742516851,0.5180470052465455,1.0971466282766529,1.0971466282766529,K562
KLF1,K562,norm_mean,"[[0 1 0 0]
 [0 1 0 0]
 [1 0 0 0]
 ...
 [0 0 0 1]
 [0 0 0 1]
 [0 0 0 1]]",0.6845519284162593,1.0,EH38E3310153,chr19,45886930,45887430,shared,cross_context,214867,-1,MA0493.3,KLF1,296,304,10.881533544537856,+,KLF1,ig,0.0892784771276637,0.0717357059358619,0.0631532309299263,1.135899043019163,True,0.0556896131020039,0.0580751534027513,0.0426464494715522,1.3617813558823315,True,0.0545417764224112,0.045169834959961,0.0543698411425933,0.8307882771555892,False,0.0665032888840263,1.6990000009536743,0.7646867024753274,1.342417210480555,1.1441514760509592,1.07416261845448,0.0892784771276637,0.0556896131020039,0.0545417764224112,1.2776733013719226,1.5448645063819793,1.3122623154276871,2.6341655941251565,2.4525514149352468,1.9441906573210817,1.135899043019163,1.3617813558823315,0.8307882771555892,0.4248331181776657,0.1942780667346426,0.1032124221134495,K562,0.1982657344295957,1.342417210480555,1.1441514760509592,1.07416261845448,0.1982657344295957,0.19826573442959572,K562
KLF1,K562,norm_mean,"[[0 1 0 0]
 [0 0 1 0]
 [0 1 0 0]
 ...
 [0 0 0 1]
 [0 1 0 0]
 [0 1 0 0]]",0.711818301185837,1.0,EH38E3379146,chr2,156435642,156436142,shared,cross_context,119557,-1,MA0493.3,KLF1,334,342,10.881533544537856,+,KLF1,ig,0.1628475775942206,0.0539859817083925,0.0577697086829461,0.9345031088809754,False,0.076273223850876,0.056587197285844,0.0482511097237291,1.1727644375891106,True,0.0420324154547415,0.0389862995687872,0.0458382156668621,0.8505193864205693,False,0.0937177389666127,1.8591599464416504,0.8946516689031,2.87360133067659,1.5193122930699587,0.9477860535530802,0.1628475775942206,0.076273223850876,0.0420324154547415,3.5550817323086603,1.3862239898506874,0.790132288968137,3.829912966376977,3.2319122971365446,2.3189292265197228,0.9345031088809754,1.1727644375891106,0.8505193864205693,1.5228599237617029,0.6034184457439906,-0.0773666611537405,K562,1.3542890376066312,2.87360133067659,1.5193122930699587,0.9477860535530802,1.3542890376066312,1.3542890376066312,K562
KLF1,K562,norm_mean,"[[0 1 0 0]
 [0 1 0 0]
 [0 1 0 0]
 ...
 [0 1 0 0]
 [0 0 0 1]
 [0 1 0 0]]",0.0061560935987764,0.0,EH38E2879719,chr1,247331065,247331565,shared,cross_context,56841,-1,MA0493.3,KLF1,209,217,10.881533544537856,+,KLF1,ig,0.1043676659464836,0.0570199401234276,0.0609585101535627,0.9353891790644971,False,0.0324317974154837,0.0417765767886885,0.0494826125079551,0.8442676372290557,False,0.0191031999711412,0.0439199030905729,0.0447377321837941,0.981719258655,False,0.0519675544443695,2.1746199131011963,1.1207639276485044,1.7564398349735884,0.6978715945796766,0.4300753037609399,0.1043676659464836,0.0324317974154837,0.0191031999711412,2.006053955134948,0.9786541747488816,0.3696151749485294,3.1125229767452827,1.349536894183469,1.2023300719345793,0.9353891790644971,0.8442676372290557,0.981719258655,0.8126541602044084,-0.5189664817500188,-1.2173388018326312,K562,1.0585682403939116,1.7564398349735884,0.6978715945796766,0.4300753037609399,1.0585682403939116,1.0585682403939116,K562
KLF1,K562,norm_mean,"[[0 0 0 1]
 [0 0 0 1]
 [1 0 0 0]
 ...
 [0 0 1 0]
 [0 1 0 0]
 [0 0 1 0]]",0.8369653963173974,1.0,EH38E2685645,chr9,19049063,19049563,shared,cross_context,40756,-1,MA0493.3,KLF1,285,293,10.881533544537856,+,KLF1,ig,0.0606905505992472,0.0642519825603813,0.0715159697261137,0.8984283345687001,False,0.0181416009727399,0.0484537393652135,0.0497633891347318,0.973682268649446,False,0.0297313585761003,0.0340289753268007,0.0515277274676825,0.6604011159648374,False,0.0361878367160291,2.195580005645752,1.1346027634726523,0.8836910084192924,0.3683438640426001,0.6652459954453914,0.0606905505992472,0.0181416009727399,0.0297313585761003,1.0186348321153995,0.3661657347258168,0.8366260592492053,2.087656304267729,0.9782139914517296,1.3055846143530565,0.8984283345687001,0.973682268649446,0.6604011159648374,-0.1783860885113272,-1.4408748808940022,-0.5880401719784764,K562,0.2184450129739009,0.8836910084192924,0.3683438640426001,0.6652459954453914,0.2184450129739009,0.21844501297390095,K562
KLF1,K562,norm_mean,"[[0 1 0 0]
 [0 0 0 1]
 [0 0 0 1]
 ...
 [0 1 0 0]
 [0 1 0 0]
 [0 1 0 0]]",0.1929467318776125,0.0,EH38E3228428,chr17,48543893,48544393,shared,cross_context,97836,-1,MA0493.3,KLF1,96,104,10.881533544537856,+,KLF1,ig,0.0723240645602345,0.0602407388912979,0.0731565965141635,0.823449060333806,False,0.0312769853044301,0.0514362299541244,0.0431298364880785,1.1925901467871394,True,0.040129507164238,0.0425223459146218,0.0436953055323101,0.973155712382464,False,0.0479101856763009,0.5132399797439575,-0.9622917278248262,1.1202189366648578,0.6775691076109792,0.9780345543042572,0.0723240645602345,0.0312769853044301,0.040129507164238,1.4105556572282316,0.742482464629697,0.8173152948750403,1.6975062798659128,1.229598678945054,3.212850075907949,0.823449060333806,1.1925901467871394,0.973155712382464,0.1637807228321506,-0.5615599933424955,-0.032042656411904,K562,0.1421843823606007,1.1202189366648578,0.6775691076109792,0.9780345543042572,0.1421843823606007,0.1421843823606006,K562
KLF1,K562,norm_mean,"[[0 1 0 0]
 [0 1 0 0]
 [0 0 1 0]
 ...
 [0 0 1 0]
 [0 0 0 1]
 [1 0 0 0]]",0.8272499199288861,1.0,EH38E3224937,chr17,43546505,43547005,shared,cross_context,27982,-1,MA0493.3,KLF1,5,13,10.881533544537856,+,KLF1,ig,0.1289848352316767,0.0761296816577669,0.0594487966457381,1.2805922600167885,True,0.0899669199716299,0.0684898597002029,0.0498599250277038,1.3736451855010974,True,0.0272995089762844,0.0541207002906594,0.0429842498374637,1.2590818242609252,True,0.0820837547265303,0.778410017490387,-0.3613959649761267,2.077168630383197,1.652005821328837,0.6144595165631309,0.1289848352316767,0.0899669199716299,0.0272995089762844,2.7643638591909525,2.2209754622156104,0.6475071966221991,3.374060754599902,3.0018689128429155,1.3329961551559764,1.2805922600167885,1.3736451855010974,1.2590818242609252,1.0546183436667813,0.7242187714002988,-0.7026101302369943,K562,0.4251628090543604,2.077168630383197,1.652005821328837,0.6144595165631309,0.4251628090543604,0.42516280905436,K562
KLF1,K562,norm_mean,"[[1 0 0 0]
 [0 0 1 0]
 [1 0 0 0]
 ...
 [0 0 1 0]
 [0 0 0 1]
 [0 0 0 1]]",0.9153281402114716,1.0,EH38E2800019,chr1,31065223,31065723,shared,cross_context,47458,-1,MA0493.3,KLF1,398,406,10.881533544537856,+,KLF1,ig,0.0524054571287706,0.0555363016878254,0.0658782169500011,0.8430145172239573,False,0.0260704805841669,0.0348403234643046,0.0562926610765446,0.6189140219857415,False,0.0204720859182998,0.0431928117910865,0.0418934383496109,1.0310159104266632,True,0.0329826745437458,2.3784799575805664,1.2500404749476004,0.8065405055373233,0.5209681832052047,0.4481491400947822,0.0524054571287706,0.0260704805841669,0.0204720859182998,1.0150629770105044,0.621862477632974,0.4351086305307975,1.428700404883732,1.0669306103482956,1.1475177560092529,0.8430145172239573,0.6189140219857415,1.0310159104266632,-0.3101811038337508,-0.9407328258210604,-1.1579491632493653,K562,0.2855723223321186,0.8065405055373233,0.5209681832052047,0.4481491400947822,0.2855723223321186,0.2855723223321186,K562
KLF1,K562,norm_mean,"[[1 0 0 0]
 [0 1 0 0]
 [0 1 0 0]
 ...
 [0 0 1 0]
 [1 0 0 0]
 [0 1 0 0]]",0.1834519063408596,0.0,EH38E3001441,chr12,6937097,6937597,shared,cross_context,69767,-1,MA0493.3,KLF1,485,493,10.881533544537856,+,KLF1,ig,0.0685360133647918,0.0559410688473144,0.0699461624905234,0.7997731234671,False,0.0353596258210018,0.0476720505277626,0.0574921982653904,0.82919150205021,False,0.0236948495730757,0.0349248534650541,0.0480200229756883,0.7272975735509386,False,0.0425301629196231,0.8300099968910217,-0.2687976439036525,0.8868093634685416,0.6220568542118946,0.5071316040023699,0.0685360133647918,0.0353596258210018,0.0236948495730757,1.1240417157181115,0.8549678174921548,0.6051372655287802,1.5443104787518158,1.016863276757413,1.3402422073354558,0.7997731234671,0.82919150205021,0.7272975735509386,-0.1733040901298263,-0.6848816479982751,-0.979567907330875,K562,0.2647525092566469,0.8868093634685416,0.6220568542118946,0.5071316040023699,0.2647525092566469,0.26475250925664695,K562
KLF1,K562,norm_mean,"[[0 1 0 0]
 [0 0 0 1]
 [1 0 0 0]
 ...
 [0 0 0 1]
 [0 1 0 0]
 [0 0 0 1]]",0.0914383593353116,0.0,EH38E3700006,chr6,30752269,30752769,shared,cross_context,150972,-1,MA0493.3,KLF1,159,167,10.881533544537856,+,KLF1,ig,0.0519312925171107,0.0645604032254777,0.0654014452219367,0.987140163875485,False,0.0192016608489211,0.0378855771606322,0.0445482600188173,0.8504387969415931,False,0.0189786866976646,0.0445455929351737,0.038794286431348,1.148251084125302,True,0.0300372133545655,1.4215699434280396,0.5074860984371038,0.8331758521203352,0.4624426567378742,0.4766459067208836,0.0519312925171107,0.0192016608489211,0.0189786866976646,0.8458195449842955,0.5806666778124615,0.5124595646057402,1.7773150064082284,1.073044849209598,1.03892011122781,0.987140163875485,0.8504387969415931,1.148251084125302,-0.2633070667046173,-1.1126536103957805,-1.0690101847950302,K562,0.3565299453994515,0.8331758521203352,0.4624426567378742,0.4766459067208836,0.3565299453994515,0.3565299453994516,K562
KLF1,K562,norm_mean,"[[1 0 0 0]
 [0 1 0 0]
 [1 0 0 0]
 ...
 [0 1 0 0]
 [0 0 1 0]
 [0 0 0 1]]",0.0794571923402966,0.0,EH38E3870688,chr8,144852894,144853394,shared,cross_context,168567,-1,MA0493.3,KLF1,232,240,10.881533544537856,+,KLF1,ig,0.0642106506275013,0.0530730155319906,0.0625153008940964,0.8489602750580354,False,0.0442692260257899,0.041981622762978,0.0490239201306114,0.8563495960264507,False,0.0536284302361309,0.0553910337400157,0.0494673751557293,1.119748568994257,True,0.054036102296474,1.834879994392395,0.8756864966557066,1.0915183649802795,0.956696222166963,1.0356716767032796,0.0642106506275013,0.0442692260257899,0.0536284302361309,0.9552960164738288,1.2738684911050755,1.2147988881699765,2.9519252228833563,1.6334653703452229,1.386654383581142,0.8489602750580354,0.8563495960264507,1.119748568994257,0.1263364054416247,-0.0638671920177048,0.050566721150746,K562,0.0558466882769999,1.0915183649802795,0.956696222166963,1.0356716767032796,0.0558466882769999,0.0558466882769999,K562
KLF1,K562,norm_mean,"[[0 0 1 0]
 [1 0 0 0]
 [1 0 0 0]
 ...
 [0 0 1 0]
 [0 0 1 0]
 [0 0 1 0]]",0.8839565204288061,1.0,EH38E3538586,chr3,128650004,128650504,shared,cross_context,218067,-1,MA0493.3,KLF1,464,472,10.881533544537856,+,KLF1,ig,0.049074345617555,0.0492407658376032,0.0607467405579518,0.8105909433069676,False,0.0247586228360887,0.040444474274991,0.0412657413742272,0.9800978518048,False,0.0312578327138908,0.0324657080625183,0.0332184985093772,0.9773379215190728,False,0.0350302670558448,3.965909957885742,1.9876522867299609,0.8928462195307834,0.5721874876782206,0.7940185709534732,0.049074345617555,0.0247586228360887,0.0312578327138908,1.1330891036969324,0.3443209105025745,0.9064442328143651,1.4481638029501298,1.748471362240391,1.6604944123340912,0.8105909433069676,0.9800978518048,0.9773379215190728,-0.16351638088723,-0.8054401425237561,-0.3327553427435331,K562,0.0988276485773101,0.8928462195307834,0.5721874876782206,0.7940185709534732,0.0988276485773101,0.09882764857731019,K562
KLF1,K562,norm_mean,"[[1 0 0 0]
 [1 0 0 0]
 [0 0 1 0]
 ...
 [0 1 0 0]
 [0 0 1 0]
 [0 0 1 0]]",0.1105400100299235,0.0,EH38E3531971,chr3,113746574,113747074,shared,cross_context,19836,-1,MA0493.3,KLF1,406,414,10.881533544537856,+,KLF1,ig,0.0618848450249061,0.0616830109583679,0.0489035812517775,1.2613186348789034,True,0.048504707054235,0.0561903031828114,0.0523000295639342,1.0743835693302215,True,0.0486120448913425,0.0521808959543705,0.0594128969063207,0.8782754231609413,False,0.0530005323234945,0.1258700042963028,-2.989982113464872,1.068339506396826,0.8725406997068552,0.8549736746973262,0.0618848450249061,0.048504707054235,0.0486120448913425,1.30854180025093,0.7956666655602206,0.8819462135432928,2.100487805917618,2.65115633154966,1.70999210723812,1.2613186348789034,1.0743835693302215,0.8782754231609413,0.0953701936564434,-0.1967056657559984,-0.2260480942169897,K562,0.1957988066899707,1.068339506396826,0.8725406997068552,0.8549736746973262,0.1957988066899707,0.19579880668997074,K562
KLF1,K562,norm_mean,"[[0 1 0 0]
 [0 1 0 0]
 [0 0 0 1]
 ...
 [1 0 0 0]
 [0 0 1 0]
 [0 0 1 0]]",0.7436256714920106,1.0,EH38E3694583,chr6,18155066,18155566,shared,cross_context,28563,-1,MA0493.3,KLF1,275,283,10.881533544537856,+,KLF1,ig,0.0457747676264261,0.0630344107042765,0.0542863303495463,1.1611468059626395,True,0.0229868243186501,0.0684177593997446,0.0435537735268157,1.570879814783953,True,0.0206820073653943,0.0457229354220908,0.042542038635591,1.0747704186450155,True,0.0298145331034902,1.377500057220459,0.4620534260531501,0.7932747331977327,0.4315456137271125,0.4723582833421947,0.0457747676264261,0.0229868243186501,0.0206820073653943,0.91339133766124,0.4726089097571192,0.4423579309384666,1.7829108529467397,1.1351053351573035,1.5601818140150667,1.1611468059626395,1.570879814783953,1.0747704186450155,-0.3341074950090647,-1.2124150333684462,-1.0820465341109122,K562,0.3209164498555379,0.7932747331977327,0.4315456137271125,0.4723582833421947,0.3209164498555379,0.32091644985553797,K562
KLF1,K562,norm_mean,"[[0 0 1 0]
 [1 0 0 0]
 [1 0 0 0]
 ...
 [1 0 0 0]
 [0 0 1 0]
 [0 0 1 0]]",0.9070864571354555,1.0,EH38E2837490,chr1,151399841,151400341,shared,cross_context,185220,-1,MA0493.3,KLF1,190,198,10.881533544537856,+,KLF1,ig,0.0463493017014116,0.0491083988787431,0.0734378122156375,0.6687071783602846,False,0.0160206109285354,0.0439003759552724,0.057347115012817,0.7655200839703948,False,0.0395941629540175,0.0560004559696244,0.055539385785252,1.0083014980241247,True,0.0339880251946548,2.426949977874756,1.2791449677015487,0.7363311650234954,0.3118946969612115,0.7204646888568947,0.0463493017014116,0.0160206109285354,0.0395941629540175,0.672310066636102,0.2567791119327469,0.7648647981207694,1.556315356538834,1.1029932399050946,1.2870267559604471,0.6687071783602846,0.7655200839703948,1.0083014980241247,-0.441573328435968,-1.6808690669912083,-0.4730003695763953,K562,0.0158664761666006,0.7363311650234954,0.3118946969612115,0.7204646888568947,0.0158664761666006,0.01586647616660064,K562
KLF1,K562,norm_mean,"[[0 1 0 0]
 [0 1 0 0]
 [0 1 0 0]
 ...
 [0 1 0 0]
 [0 0 1 0]
 [1 0 0 0]]",0.1606519538048376,0.0,EH38E3200932,chr16,89574866,89575366,shared,cross_context,92832,-1,MA0493.3,KLF1,295,303,10.881533544537856,+,KLF1,ig,0.1783342263661325,0.0970285949448589,0.062716975504419,1.5470863939725277,True,0.0569022223935462,0.0542264092451659,0.0490293992744484,1.1059976052663965,True,0.0454864740895573,0.0890806422717287,0.0386043121405423,2.307530279832994,True,0.093574307616412,0.8125100135803223,-0.299540726006571,2.342805296585583,1.1144300911639524,0.7799246211565546,0.1783342263661325,0.0569022223935462,0.0454864740895573,3.148792190069851,1.5012527192047205,1.0924376355873795,4.0336431345857084,2.923720117243974,1.8976666078319824,1.5470863939725277,1.1059976052663965,2.307530279832994,1.2282370618068703,0.1563061196468883,-0.3585933971891973,K562,1.2283752054216306,2.342805296585583,1.1144300911639524,0.7799246211565546,1.2283752054216306,1.2283752054216306,K562
KLF1,K562,norm_mean,"[[0 1 0 0]
 [0 0 0 1]
 [0 1 0 0]
 ...
 [1 0 0 0]
 [0 0 1 0]
 [1 0 0 0]]",0.1578830884535664,0.0,EH38E3282938,chr19,2841773,2842273,shared,cross_context,104603,-1,MA0493.3,KLF1,403,411,10.881533544537856,+,KLF1,ig,0.0609436938539147,0.0474083200620953,0.0618332514227027,0.7667122673346297,False,0.0462575375568121,0.0419598152654361,0.0559600842866774,0.749816736377903,False,0.0245322353875963,0.04629779028357,0.0485176967899882,0.9542452301790092,False,0.043911155599441,1.562999963760376,0.6443186679165193,1.121123270816729,0.9099860855140764,0.5185506327434047,0.0609436938539147,0.0462575375568121,0.0245322353875963,1.1138553504642976,1.129865610632854,0.8897466566946176,2.308659539467101,2.3193382718689928,1.0004312838151863,0.7667122673346297,0.749816736377903,0.9542452301790092,0.1649449167347954,-0.1360836078953667,-0.9474432273841216,K562,0.2111371853026524,1.121123270816729,0.9099860855140764,0.5185506327434047,0.2111371853026524,0.21113718530265246,K562
KLF1,K562,norm_mean,"[[1 0 0 0]
 [0 0 1 0]
 [1 0 0 0]
 ...
 [0 1 0 0]
 [0 0 1 0]
 [0 0 1 0]]",0.0595731833261217,0.0,EH38E3220761,chr17,38510358,38510858,shared,cross_context,54919,-1,MA0493.3,KLF1,418,426,10.881533544537856,+,KLF1,ig,0.1258673807606101,0.0613613528385758,0.0599714286625385,1.0231762686878068,True,0.0812025940977037,0.0382420024729799,0.0440149695368018,0.8688406282457782,False,0.0572865009307861,0.0342386379546951,0.0435166301834397,0.786794150705704,False,0.0881188252630333,1.1563400030136108,0.2095669089198636,1.9355803974151105,1.918577723887432,1.4095438172941264,0.1258673807606101,0.0812025940977037,0.0572865009307861,2.055122776696744,2.3786040176932586,1.97999629575873,3.1632184651587028,2.502463954189279,2.214691906692155,1.0231762686878068,0.8688406282457782,0.786794150705704,0.9527662342568266,0.9400372121850452,0.4952283274670619,K562,0.0170026735276784,1.9355803974151105,1.918577723887432,1.4095438172941264,0.0170026735276784,0.01700267352767848,K562
KLF1,K562,norm_mean,"[[0 0 1 0]
 [0 1 0 0]
 [0 0 0 1]
 ...
 [0 0 0 1]
 [0 1 0 0]
 [1 0 0 0]]",0.1094534693969629,0.0,EH38E1491823,chr10,97425868,97426368,shared,cross_context,5395,-1,MA0493.3,KLF1,289,297,10.881533544537856,+,KLF1,ig,0.047477223270107,0.0419661287678172,0.0535471851352411,0.783722259622111,False,0.0266223467187955,0.0341034886556735,0.0438279946570102,0.7781209508067062,False,0.0377396580297499,0.0434915233435458,0.0510229865900234,0.8523906130603417,False,0.0372797426728842,3.5969200134277344,1.8467624789652928,0.9684617188555128,0.6650705145216534,0.7849181829488291,0.047477223270107,0.0266223467187955,0.0377396580297499,1.049759613732722,0.6350087386410815,0.713452722511341,2.0299332346961325,1.6160007646815044,1.9252587457989916,0.783722259622111,0.7781209508067062,0.8523906130603417,-0.0462330699783639,-0.5884207813411932,-0.3493858125554601,K562,0.1835435359066837,0.9684617188555128,0.6650705145216534,0.7849181829488291,0.1835435359066837,0.1835435359066837,K562
KLF1,K562,norm_mean,"[[0 0 1 0]
 [1 0 0 0]
 [0 1 0 0]
 ...
 [0 1 0 0]
 [0 1 0 0]
 [1 0 0 0]]",0.0414689429333179,0.0,EH38E3920992,chr9,137168795,137169295,shared,cross_context,174415,-1,MA0493.3,KLF1,158,166,10.881533544537856,+,KLF1,ig,0.0636639231233857,0.0525729211140424,0.0635745899622037,0.8269485163146602,False,0.0411578881321474,0.0465673939452972,0.0418733121046995,1.1121017298044964,True,0.0321796081261709,0.0412806997605366,0.0403668585515319,1.022638149596323,True,0.0456671397939013,1.844640016555786,0.883340082396364,1.1077861462802965,0.9429089484242246,0.7950830147355384,0.0636639231233857,0.0411578881321474,0.0321796081261709,1.237259609224783,0.5038074389147186,0.7155495698295589,1.848196755739596,2.7873594435311158,1.875999874506512,0.8269485163146602,1.1121017298044964,1.022638149596323,0.1476794030154103,-0.0848096289245735,-0.3308225928082677,K562,0.1648771978560717,1.1077861462802965,0.9429089484242246,0.7950830147355384,0.1648771978560717,0.1648771978560719,K562
KLF1,K562,norm_mean,"[[1 0 0 0]
 [0 1 0 0]
 [0 1 0 0]
 ...
 [0 0 0 1]
 [0 1 0 0]
 [1 0 0 0]]",0.1349256821422469,0.0,EH38E3871906,chr9,2843977,2844477,shared,cross_context,168710,-1,MA0493.3,KLF1,301,309,10.881533544537856,+,KLF1,ig,0.0846230762545019,0.0589194922801107,0.0649558514233751,0.9070696776089224,False,0.0218278542160987,0.0334709431231021,0.0560876475222384,0.59676129476135,False,0.0359659782261587,0.0410035137250088,0.0510701504786247,0.8028859384957433,False,0.0474723028989198,2.763590097427368,1.4665441695054142,1.3615596635216098,0.4646410511584337,0.7668301128402405,0.0846230762545019,0.0218278542160987,0.0359659782261587,1.495449369094296,0.6098849680177566,0.8685751609862892,2.5489184877468847,0.732028381509123,1.731501455746851,0.9070696776089224,0.59676129476135,0.8028859384957433,0.4452602036989492,-1.105811469520357,-0.3830211013412497,K562,0.5947295506813693,1.3615596635216098,0.4646410511584337,0.7668301128402405,0.5947295506813693,0.5947295506813693,K562
KLF1,K562,norm_mean,"[[0 0 1 0]
 [0 0 1 0]
 [0 1 0 0]
 ...
 [0 0 0 1]
 [0 1 0 0]
 [0 0 1 0]]",0.0251047105715565,0.0,EH38E3021425,chr12,57461776,57462276,shared,cross_context,210009,-1,MA0493.3,KLF1,19,27,10.881533544537856,+,KLF1,ig,0.0917403104249388,0.0547858414473012,0.0549904708471149,0.9962786395634065,False,0.0475945741636678,0.044176049370435,0.0499015567247988,0.8852637756658155,False,0.0656083696521818,0.0462257879576645,0.0450483287154929,1.026137462018475,True,0.0683144180802628,0.1404400020837783,-2.8319638995077807,1.694031460226528,1.01337450929945,1.4327875329442166,0.0917403104249388,0.0475945741636678,0.0656083696521818,1.942522612765081,0.9167262509433464,1.6761062898718628,3.366340876977807,2.0377264591270063,2.253724946619455,0.9962786395634065,0.8852637756658155,1.026137462018475,0.7604606683737789,0.0191674459061248,0.5188246902344624,K562,0.2612439272823115,1.694031460226528,1.01337450929945,1.4327875329442166,0.2612439272823115,0.2612439272823115,K562
KLF1,K562,norm_mean,"[[0 0 1 0]
 [0 0 1 0]
 [0 0 1 0]
 ...
 [0 1 0 0]
 [0 0 1 0]
 [0 0 1 0]]",1.0,1.0,EH38E3804611,chr7,140924762,140925262,shared,cross_context,46684,-1,MA0493.3,KLF1,95,103,10.881533544537856,+,KLF1,ig,0.0506578650092706,0.056103909840458,0.0613009618519572,0.9152205608738118,False,0.0338758340221829,0.0504487244476331,0.0432877000275766,1.165428349420529,True,0.0231260255677625,0.0456297189585166,0.0418549173290375,1.0901875088637465,True,0.0358865748664053,0.0837099999189376,-3.5784389793551385,0.8966308442664158,0.7483854353451933,0.518695092357541,0.0506578650092706,0.0338758340221829,0.0231260255677625,1.219127892549997,0.8102014304779891,0.4954646633597983,1.543262451822862,1.6850705549368523,1.1832236393756537,0.9152205608738118,1.165428349420529,1.0901875088637465,-0.1574139640606059,-0.4181466110240618,-0.9470413724237678,K562,0.1482454089212225,0.8966308442664158,0.7483854353451933,0.518695092357541,0.1482454089212225,0.1482454089212225,K562
KLF1,K562,norm_mean,"[[0 0 0 1]
 [0 0 0 1]
 [0 0 1 0]
 ...
 [0 0 0 1]
 [0 1 0 0]
 [0 1 0 0]]",0.1503252118224336,0.0,EH38E3228427,chr17,48543689,48544189,shared,cross_context,97833,-1,MA0493.3,KLF1,300,308,10.881533544537856,+,KLF1,ig,0.0674425540491938,0.0645721986144781,0.0858736511814262,0.7519441668855328,False,0.0228039021021686,0.0407496688747778,0.0487775803687634,0.8354178336138847,False,0.0324561841116519,0.048100430786726,0.0497103682417738,0.9676134539307352,False,0.0409008800876714,0.5132399797439575,-0.9622917278248262,0.851390764490405,0.5008069275710104,0.657833784253561,0.0674425540491938,0.0228039021021686,0.0324561841116519,1.3092188979522534,0.4485027117411777,0.4465854985231033,1.3407015017877366,1.350427597871043,2.82400638233001,0.7519441668855328,0.8354178336138847,0.9676134539307352,-0.2321066527046087,-0.997673573060338,-0.6042049903837087,K562,0.1935569802368439,0.851390764490405,0.5008069275710104,0.657833784253561,0.1935569802368439,0.19355698023684398,K562
KLF1,K562,norm_mean,"[[0 1 0 0]
 [0 0 0 1]
 [0 0 1 0]
 ...
 [1 0 0 0]
 [0 1 0 0]
 [1 0 0 0]]",0.7125443387703042,1.0,EH38E3332692,chr2,27071189,27071689,shared,cross_context,115172,-1,MA0493.3,KLF1,145,153,10.881533544537856,+,KLF1,ig,0.0823330784915015,0.0742060092312749,0.0631491831844171,1.1750903770784238,True,0.0555738544790074,0.0536402029934106,0.045237739603166,1.1857398624810576,True,0.0392159488983452,0.0508198253763839,0.0485931388070329,1.045822850011086,True,0.0590409606229513,1.9877500534057615,0.9911370846133286,1.1925559690154317,1.1698731905822326,0.7999421276567441,0.0823330784915015,0.0555738544790074,0.0392159488983452,1.1806602986188155,0.933049171946815,0.8735024036809924,2.9367950267770087,2.9352692106950014,1.741854371898835,1.1750903770784238,1.1857398624810576,1.045822850011086,0.2540569775673186,0.2263521573383313,-0.3220324620372309,K562,0.0226827784331988,1.1925559690154317,1.1698731905822326,0.7999421276567441,0.0226827784331988,0.022682778433199102,K562
KLF1,K562,norm_mean,"[[0 1 0 0]
 [0 0 0 1]
 [0 1 0 0]
 ...
 [0 0 1 0]
 [0 1 0 0]
 [0 0 1 0]]",1.0,1.0,EH38E2938160,chr11,841901,842401,shared,cross_context,62134,-1,MA0493.3,KLF1,208,216,10.881533544537856,+,KLF1,ig,0.140200397814624,0.0800013026641681,0.0616516142423885,1.2976349552387512,True,0.0242981751216575,0.0525772063725162,0.0515649368498998,1.0196307682729313,True,0.0560965030454099,0.0589064492681063,0.0444009201317571,1.3266940375641882,True,0.0735316919938971,2.592979907989502,1.3746115837267772,2.037220216529014,0.467629124043989,1.1204254986333622,0.140200397814624,0.0242981751216575,0.0560965030454099,3.201891279125096,0.5649701085862172,1.3420629804293114,3.172315977144578,0.9221232166903623,1.999885085407077,1.2976349552387512,1.0196307682729313,1.3266940375641882,1.0266019398348876,-1.0965633077722967,0.1640467230269883,K562,0.9167947178956516,2.037220216529014,0.467629124043989,1.1204254986333622,0.9167947178956516,0.9167947178956517,K562
KLF1,K562,norm_mean,"[[0 0 1 0]
 [1 0 0 0]
 [1 0 0 0]
 ...
 [0 0 1 0]
 [1 0 0 0]
 [0 0 0 1]]",0.0323421144975359,0.0,EH38E3291071,chr19,12640033,12640533,shared,cross_context,30712,-1,MA0493.3,KLF1,63,71,10.881533544537856,+,KLF1,ig,0.0737158504780381,0.0694064296246506,0.0768977698381058,0.9025804096135556,False,0.0360924697015434,0.0567766104766633,0.0549839121237164,1.0326038646154283,True,0.0231646301108412,0.0489502475917106,0.0724953742307843,0.6752188171853908,False,0.0443243167634742,1.8348000049591064,0.8756236027271496,1.0022429474154435,0.7126895235818502,0.4100929098878694,0.0737158504780381,0.0360924697015434,0.0231646301108412,1.0538867040709377,0.9342069099217998,0.4255771914909656,2.4609106067550037,1.256157309144633,1.1143185084362257,0.9025804096135556,1.0326038646154283,0.6752188171853908,0.0032322670054124,-0.4886543757188195,-1.2859772902988325,K562,0.2895534238335933,1.0022429474154435,0.7126895235818502,0.4100929098878694,0.2895534238335933,0.2895534238335933,K562
KLF1,K562,norm_mean,"[[0 0 1 0]
 [0 0 1 0]
 [1 0 0 0]
 ...
 [0 0 1 0]
 [0 0 1 0]
 [1 0 0 0]]",0.1130648887839997,0.0,EH38E3223562,chr17,41919388,41919888,shared,cross_context,96999,-1,MA0493.3,KLF1,277,285,10.881533544537856,+,KLF1,ig,0.1497766955289989,0.0830155887897126,0.0631750661790973,1.3140560140263011,True,0.0611045641126111,0.0641026667447295,0.0531258541674245,1.2066188051588556,True,0.071396094514057,0.05650137997407,0.0548171068867071,1.030725130817146,True,0.0940924513852223,1.223270058631897,0.2907441190041828,2.11175360834111,1.0642859519444947,1.286995240614408,0.1497766955289989,0.0611045641126111,0.071396094514057,3.79109723353864,0.6974969375258653,1.9155602595881271,3.839680024901476,3.1509806015824324,2.0815933323882163,1.3140560140263011,1.2066188051588556,1.030725130817146,1.0784415168374275,0.0898858270316385,0.3640067195166671,K562,0.8247583677267021,2.11175360834111,1.0642859519444947,1.286995240614408,0.8247583677267021,0.8247583677267021,K562
KLF1,K562,norm_mean,"[[1 0 0 0]
 [0 0 1 0]
 [0 0 0 1]
 ...
 [0 0 1 0]
 [0 0 1 0]
 [0 1 0 0]]",0.9934259965676754,1.0,EH38E3235743,chr17,62065162,62065662,shared,cross_context,14457,-1,MA0493.3,KLF1,477,485,10.881533544537856,+,KLF1,ig,0.0452677360735833,0.0565548517712159,0.0687437766382936,0.8226903773687687,False,0.0200310883228667,0.0347097359667532,0.0482851848436985,0.7188484188395696,False,0.0179131958284415,0.0359353581647155,0.0480818575923331,0.7473785849875277,False,0.0277373400749638,0.9966800212860109,-0.0047962378472655,0.5834931666766017,0.3986162175664007,0.3828227427896407,0.0452677360735833,0.0200310883228667,0.0179131958284415,0.5734412526338568,0.5923784406750757,0.340330114633897,1.4822724931586848,0.8118154247887801,1.0489162366658606,0.8226903773687687,0.7188484188395696,0.7473785849875277,-0.777212331871266,-1.3269276843358253,-1.3852515509103334,K562,0.1848769491102009,0.5834931666766017,0.3986162175664007,0.3828227427896407,0.1848769491102009,0.18487694911020097,K562
KLF1,K562,norm_mean,"[[0 1 0 0]
 [1 0 0 0]
 [0 0 1 0]
 ...
 [0 0 1 0]
 [0 0 1 0]
 [0 0 0 1]]",0.0299002446656284,0.0,EH38E3093670,chr14,49892194,49892694,shared,cross_context,22853,-1,MA0493.3,KLF1,471,479,10.881533544537856,+,KLF1,ig,0.0363892763270996,0.0481540753669105,0.0527391329919919,0.9130613930192684,False,0.0236600255593657,0.0330937337322393,0.0618079631926957,0.5354282307407914,False,0.0208324291743338,0.0366729538416257,0.0430873906577471,0.8511294086391324,False,0.0269605770202664,2.2449700832366943,1.1666968621870473,0.679422953674063,0.4095004999947282,0.4916932887526379,0.0363892763270996,0.0236600255593657,0.0208324291743338,0.7506729477737162,0.3898407044905222,0.4604541142503177,1.4404467307859143,0.8685524006553236,1.1351008253540478,0.9130613930192684,0.5354282307407914,0.8511294086391324,-0.5576181336101977,-1.2880628779852596,-1.024169428373639,K562,0.1877296649214251,0.679422953674063,0.4095004999947282,0.4916932887526379,0.1877296649214251,0.18772966492142512,K562
KLF1,K562,norm_mean,"[[0 0 0 1]
 [0 1 0 0]
 [0 1 0 0]
 ...
 [1 0 0 0]
 [0 1 0 0]
 [0 0 1 0]]",0.0134867869693871,0.0,EH38E3016331,chr12,50401313,50401813,shared,cross_context,71153,-1,MA0493.3,KLF1,43,51,10.881533544537856,+,KLF1,ig,0.1065201582387089,0.0810618904617149,0.0678778496908489,1.1942316807116915,True,0.0634202890796586,0.0527379281615139,0.0583099021820817,0.904441906837926,False,0.0836103344336152,0.04849212686182,0.0740734343288932,0.6546492781746494,False,0.0845169272506609,1.3591699600219729,0.4427269334147471,1.5053060074600633,1.074024726218101,1.3977173363122606,0.1065201582387089,0.0634202890796586,0.0836103344336152,1.91704801052038,1.0028295990358609,1.8723598748300252,2.5215974222794304,3.6783972377029137,2.0329175671305397,1.1942316807116915,0.904441906837926,0.6546492781746494,0.5900567972916926,0.1030272088021597,0.483072631607697,K562,0.1075886711478026,1.5053060074600633,1.074024726218101,1.3977173363122606,0.1075886711478026,0.10758867114780268,K562
KLF1,K562,norm_mean,"[[1 0 0 0]
 [0 0 1 0]
 [0 1 0 0]
 ...
 [0 0 1 0]
 [0 1 0 0]
 [0 1 0 0]]",0.0323421144975359,0.0,EH38E3291070,chr19,12639719,12640219,shared,cross_context,61629,-1,MA0493.3,KLF1,377,385,10.881533544537856,+,KLF1,ig,0.1070977435447275,0.0626618080877233,0.0643706663019826,0.9734526913117636,False,0.0232681917259469,0.0444200215116143,0.0506904888404251,0.8762987646156256,False,0.0110865217866376,0.0486209863611293,0.0470620865639535,1.0331241043428103,True,0.047150819019104,1.8348000049591064,0.8756236027271496,1.746129596830922,0.4791933632850867,0.2383492233880169,0.1070977435447275,0.0232681917259469,0.0110865217866376,2.30584380057403,0.5547756549946644,0.2404377816869844,2.705767591188345,1.0291105234893507,0.4750637238237124,0.9734526913117636,0.8762987646156256,1.0331241043428103,0.8041606398432651,-1.0613201645972286,-2.0688511641446885,K562,1.2669362335458354,1.746129596830922,0.4791933632850867,0.2383492233880169,1.2669362335458354,1.2669362335458354,K562
KLF1,K562,norm_mean,"[[0 0 1 0]
 [0 0 1 0]
 [0 1 0 0]
 ...
 [0 0 0 1]
 [0 1 0 0]
 [0 0 0 1]]",0.0499290763769987,0.0,EH38E2964509,chr11,65540766,65541266,shared,cross_context,19358,-1,MA0493.3,KLF1,87,95,10.881533544537856,+,KLF1,ig,0.0496041210135445,0.0586717318836599,0.0738119078183081,0.7948815532483996,False,0.0218976715696044,0.0449847770144697,0.038058810501825,1.181980324700618,True,0.0149250454851426,0.0521436233853455,0.0480329365725629,1.0855803590265425,True,0.0288089460227638,3.8224499225616455,1.934497978569346,0.7910677519699449,0.5475994546668336,0.3159247245966536,0.0496041210135445,0.0218976715696044,0.0149250454851426,0.687770651872455,0.6057330925342046,0.353520662400131,1.790985531569273,1.1733223088101823,0.8362914675738262,0.7948815532483996,1.181980324700618,1.0855803590265425,-0.3381268316839372,-0.8688070823805749,-1.662347242007267,K562,0.2434682973031113,0.7910677519699449,0.5475994546668336,0.3159247245966536,0.2434682973031113,0.24346829730311137,K562
KLF1,K562,norm_mean,"[[0 1 0 0]
 [1 0 0 0]
 [1 0 0 0]
 ...
 [1 0 0 0]
 [0 1 0 0]
 [0 1 0 0]]",0.9153281402114716,1.0,EH38E1333874,chr1,31065562,31066062,shared,cross_context,286,-1,MA0493.3,KLF1,59,67,10.881533544537856,+,KLF1,ig,0.0401104307675268,0.0656556538928998,0.0642512163700303,1.0218583769091238,True,0.0292042162618599,0.0432719586149323,0.0577598128441604,0.7491705563516488,False,0.010662476386642,0.0510779678900144,0.0559112562017981,0.9135541253110048,False,0.0266590411386763,2.3784799575805664,1.2500404749476004,0.6716714493478231,0.6044052112344123,0.214471747760723,0.0401104307675268,0.0292042162618599,0.010662476386642,0.893054308156011,0.7234851612801393,0.2360974841053687,1.40851158929166,1.1127827644402684,0.3698004055973254,1.0218583769091238,0.7491705563516488,0.9135541253110048,-0.5741723869775829,-0.7264119929016379,-2.221140473302867,K562,0.0672662381134108,0.6716714493478231,0.6044052112344123,0.214471747760723,0.0672662381134108,0.06726623811341081,K562
KLF1,K562,norm_mean,"[[0 0 0 1]
 [0 0 1 0]
 [0 1 0 0]
 ...
 [1 0 0 0]
 [0 0 1 0]
 [0 0 1 0]]",0.0230847883945842,0.0,EH38E3798060,chr7,127392007,127392507,shared,cross_context,198986,-1,MA0493.3,KLF1,337,345,10.881533544537856,+,KLF1,ig,0.0537805374478921,0.0681156752060633,0.0609050443691521,1.1183911731398657,True,0.0328992679715156,0.0483689547056565,0.0471134254746688,1.0266488575570478,True,0.0360827491385862,0.0464266706298803,0.046426295354787,1.00000786784756,True,0.0409208515193313,4.32712984085083,2.113410744654595,0.8130626399329365,0.6944740652450926,0.8072038324061971,0.0537805374478921,0.0328992679715156,0.0360827491385862,1.1121147557012778,0.8857728840366487,0.8700777848100729,1.389576615378621,1.021752890241018,2.222819766121759,1.1183911731398657,1.0266488575570478,1.00000786784756,-0.2985615884887191,-0.5260072742561775,-0.3089950690766673,K562,0.0058588075267393,0.8130626399329365,0.6944740652450926,0.8072038324061971,0.0058588075267393,0.005858807526739396,K562
KLF1,K562,norm_mean,"[[0 0 1 0]
 [1 0 0 0]
 [0 1 0 0]
 ...
 [0 1 0 0]
 [1 0 0 0]
 [0 0 1 0]]",0.0412396725756728,0.0,EH38E3282207,chr19,2273515,2274015,shared,cross_context,29967,-1,MA0493.3,KLF1,47,55,10.269035130121395,+,KLF1,ig,0.1381099438294768,0.0679489459469914,0.0738428937422577,0.9201824752742844,False,0.0330740573699586,0.046987592127989,0.0471922327857464,0.9956634682804432,False,0.0337418388808146,0.0480839587701484,0.0413925310480408,1.1616575729028438,True,0.0683086133600833,1.1892399787902832,0.2500410815089993,2.103467616733733,0.7445734061706138,0.7594211436506642,0.1381099438294768,0.0330740573699586,0.0337418388808146,2.4753431405634285,0.6019534621009798,0.9232925401653588,3.3087934919280344,1.666726069328812,1.736891737507802,0.9201824752742844,0.9956634682804432,1.1616575729028438,1.072769608411168,-0.4255140043871517,-0.3970279262464394,K562,1.344046473083069,2.103467616733733,0.7445734061706138,0.7594211436506642,1.344046473083069,1.344046473083069,K562
KLF1,K562,norm_mean,"[[0 1 0 0]
 [0 1 0 0]
 [0 1 0 0]
 ...
 [0 0 0 1]
 [0 0 1 0]
 [0 0 0 1]]",0.0702922128417194,0.0,EH38E3392668,chr2,197311167,197311667,shared,cross_context,193750,-1,MA0493.3,KLF1,138,146,10.269035130121395,+,KLF1,ig,0.0756685630185529,0.0517997169913724,0.06470197263777,0.800589330954043,False,0.026983720017597,0.0427092933887615,0.0473744166372266,0.9015263385837105,False,0.0423475665447767,0.0532982886832905,0.0562068296955756,0.9482527210560469,False,0.0483332831936422,0.4586899876594543,-1.1244055331983436,1.31232192934113,0.6286229684403795,0.8125336248706501,0.0756685630185529,0.026983720017597,0.0423475665447767,1.260424972043038,0.3281848907271236,0.8063854076518725,2.6914740199926435,2.6543653095963764,2.768023762769453,0.800589330954043,0.9015263385837105,0.9482527210560469,0.3921216760035534,-0.6697331067273093,-0.2995005761690477,K562,0.49978830447048,1.31232192934113,0.6286229684403795,0.8125336248706501,0.49978830447048,0.49978830447047984,K562
KLF1,K562,norm_mean,"[[0 0 0 1]
 [0 0 0 1]
 [1 0 0 0]
 ...
 [1 0 0 0]
 [1 0 0 0]
 [1 0 0 0]]",0.7000532385312371,1.0,EH38E2421245,chr5,150640159,150640659,shared,cross_context,205365,-1,MA0493.3,KLF1,461,469,10.269035130121395,+,KLF1,ig,0.036992872133851,0.0561861274141119,0.0728242973587475,0.7715298566085568,False,0.020050419261679,0.0439053712948225,0.0456452523142797,0.961882330580606,False,0.0223082268494181,0.0379842318955343,0.0531542175402864,0.7146041557418069,False,0.0264505060816494,0.7494999766349792,-0.4159977368135958,0.5439528023681359,0.4454903804995233,0.4813807546769872,0.036992872133851,0.020050419261679,0.0223082268494181,0.5387404974834649,0.3908744288678549,0.6690645326300034,1.2198876634350804,0.7820380548770334,0.8783737134576558,0.7715298566085568,0.961882330580606,0.7146041557418069,-0.8784466149202339,-1.1665338117658453,-1.0547496270349184,K562,0.0625720476911486,0.5439528023681359,0.4454903804995233,0.4813807546769872,0.0625720476911486,0.06257204769114871,K562
KLF1,K562,norm_mean,"[[0 0 0 1]
 [0 0 0 1]
 [0 1 0 0]
 ...
 [1 0 0 0]
 [0 0 1 0]
 [0 0 1 0]]",0.0024464965949081,0.0,EH38E2804667,chr1,39215004,39215504,shared,cross_context,14048,-1,MA0493.3,KLF1,220,228,10.269035130121395,+,KLF1,ig,0.115623413817957,0.059847280482063,0.0626801504725172,0.9548042000993876,False,0.0208864912274293,0.0416932647378416,0.0423769497070819,0.983866351574862,False,0.0325300488912034,0.0440892325050663,0.0451378041929834,0.976769329515294,False,0.0563466513121966,2.3398900032043457,1.226441327757827,1.8778094466236797,0.4959997182492207,0.7272826676834531,0.115623413817957,0.0208864912274293,0.0325300488912034,2.140919316474696,0.6723834825168659,0.9390208780219926,3.7485828381757376,0.9221910045221966,1.7640007908043822,0.9548042000993876,0.983866351574862,0.976769329515294,0.9090506716625124,-1.011588790883824,-0.4594118979391463,K562,1.1505267789402265,1.8778094466236797,0.4959997182492207,0.7272826676834531,1.1505267789402265,1.1505267789402267,K562
KLF1,K562,norm_mean,"[[0 0 0 1]
 [0 0 1 0]
 [0 0 0 1]
 ...
 [0 0 1 0]
 [0 1 0 0]
 [0 0 1 0]]",0.1284319178640499,0.0,EH38E1938204,chr19,10334239,10334739,shared,cross_context,19648,-1,MA0493.3,KLF1,258,266,10.269035130121395,+,KLF1,ig,0.1092731847893446,0.0644190428126603,0.0668788486770772,0.963219828910448,False,0.0403027344873407,0.0432204061083029,0.0445747931938594,0.969615186416728,False,0.0303516036947257,0.0402598050783854,0.0437360096958656,0.9205182675137468,False,0.0599758409904704,1.3931100368499756,0.4783102514270647,1.6577142255668411,0.9150201219605008,0.7162093469934385,0.1092731847893446,0.0403027344873407,0.0303516036947257,2.047023278102438,0.4000449617752798,0.7650434183236673,2.7623464207989668,4.3153339692071775,1.8114238562160276,0.963219828910448,0.969615186416728,0.9205182675137468,0.7291953220027734,-0.128124623647956,-0.481546745991891,K562,0.7426941036063406,1.6577142255668411,0.9150201219605008,0.7162093469934385,0.7426941036063406,0.7426941036063404,K562
KLF1,K562,norm_mean,"[[0 1 0 0]
 [1 0 0 0]
 [0 0 0 1]
 ...
 [0 1 0 0]
 [1 0 0 0]
 [0 0 0 1]]",0.1399422421769885,0.0,EH38E3229371,chr17,49762766,49763266,shared,cross_context,98031,-1,MA0493.3,KLF1,305,313,10.269035130121395,+,KLF1,ig,0.137189774075523,0.0675406246911734,0.079007071773706,0.8548679836653745,False,0.079789945622906,0.0668054260127246,0.0522676051760295,1.2781418434289369,True,0.0608171958010643,0.0532382543192943,0.0396613288577031,1.342321158403211,True,0.0925989718331645,0.5559999942779541,-0.846840632013056,1.840701699600639,1.3785515182148165,1.3359998569704137,0.137189774075523,0.079789945622906,0.0608171958010643,2.58831228643192,1.5541525104959866,1.814401496082288,2.847618435064718,2.399419571850204,2.153868715050314,0.8548679836653745,1.2781418434289369,1.342321158403211,0.8802558461699519,0.463153184741534,0.4179198544396668,K562,0.4621501813858226,1.840701699600639,1.3785515182148165,1.3359998569704137,0.4621501813858226,0.4621501813858224,K562
KLF1,K562,norm_mean,"[[0 1 0 0]
 [0 0 0 1]
 [0 0 0 1]
 ...
 [0 0 0 1]
 [0 0 1 0]
 [0 0 0 1]]",0.0057495925399718,0.0,EH38E3681885,chr5,177425417,177425917,shared,cross_context,28542,-1,MA0493.3,KLF1,375,383,10.269035130121395,+,KLF1,ig,0.0461912086466327,0.0714841583848465,0.0589278673772128,1.2130787933741038,True,0.0213327409292105,0.0369766113196965,0.0424406276251361,0.8712548488620386,False,0.0312947102356702,0.0630068414309062,0.0478914702949943,1.3156169122943506,True,0.0329395532705045,3.2037999629974365,1.6797845227104204,0.7332844336052826,0.5286399970060648,0.5932947544736306,0.0461912086466327,0.0213327409292105,0.0312947102356702,0.9785017108008306,0.6099745394803975,0.470818936311574,1.197060805502493,1.3527551824941064,1.847435330164262,1.2130787933741038,0.8712548488620386,1.3156169122943506,-0.4475551792047315,-0.9196425084589532,-0.7531790649726982,K562,0.139989679131652,0.7332844336052826,0.5286399970060648,0.5932947544736306,0.139989679131652,0.13998967913165206,K562
KLF1,K562,norm_mean,"[[0 1 0 0]
 [0 0 0 1]
 [1 0 0 0]
 ...
 [1 0 0 0]
 [0 0 1 0]
 [0 0 1 0]]",0.6943561489861656,1.0,EH38E3701945,chr6,33289482,33289982,shared,cross_context,152080,-1,MA0493.3,KLF1,212,220,10.269035130121395,+,KLF1,ig,0.2556675896048546,0.0943147130679426,0.0575304074468127,1.63938864436604,True,0.0855821107979863,0.0453681130590848,0.0516644822476873,0.8781294673638387,False,0.0327888143365271,0.0629138795405742,0.0461552229162174,1.363093100511002,True,0.1246795049131227,2.41513991355896,1.2721073668506415,3.555913228572842,1.7392983455736382,0.6221600679151469,0.2556675896048546,0.0855821107979863,0.0327888143365271,4.890402802534742,1.587252246455852,0.7796354163541979,5.2578486490244245,3.761282131344084,0.9851434751808,1.63938864436604,0.8781294673638387,1.363093100511002,1.8302201203453297,0.7985054232737807,-0.684642291186311,K562,1.816614882999204,3.555913228572842,1.7392983455736382,0.6221600679151469,1.816614882999204,1.8166148829992037,K562
KLF1,K562,norm_mean,"[[0 1 0 0]
 [0 0 0 1]
 [0 0 0 1]
 ...
 [0 0 1 0]
 [1 0 0 0]
 [0 1 0 0]]",0.1623862185767089,0.0,EH38E3838333,chr8,67343278,67343778,shared,cross_context,47647,-1,MA0493.3,KLF1,113,121,10.269035130121395,+,KLF1,ig,0.0602159715490415,0.0609464474942069,0.0737956785457423,0.8258808704851265,False,0.0210738233872689,0.041798932407255,0.0577786356953191,0.7234321937497632,False,0.026781395310536,0.0521212509798351,0.0546898848537038,0.9530325688001448,False,0.0360237300822821,1.21356999874115,0.279258514369096,0.9055631691187204,0.4324649955584642,0.5209749781814459,0.0602159715490415,0.0210738233872689,0.026781395310536,1.2921556151168534,0.5958275907760562,0.5013949817696097,1.4429611172540333,0.7799615616861892,1.3408556893321804,0.8258808704851265,0.7234321937497632,0.9530325688001448,-0.1431128109308711,-1.209344728230839,-0.9407140089049928,K562,0.3845881909372745,0.9055631691187204,0.4324649955584642,0.5209749781814459,0.3845881909372745,0.3845881909372745,K562
KLF1,K562,norm_mean,"[[0 0 0 1]
 [0 1 0 0]
 [0 1 0 0]
 ...
 [1 0 0 0]
 [0 0 0 1]
 [0 1 0 0]]",0.1437098155413549,0.0,EH38E3332589,chr2,26942865,26943365,shared,cross_context,215313,-1,MA0493.3,KLF1,207,215,10.269035130121395,+,KLF1,ig,0.095908602932468,0.0609632273306488,0.0556267565172435,1.095933327560053,True,0.0521772996289655,0.0420001205150038,0.043156450430352,0.97320586758466,False,0.0138581988285295,0.037397562781698,0.0393867486583629,0.9494958218339586,False,0.0539813671299877,1.783900022506714,0.8350355713680652,1.6601854445246065,1.221423150047457,0.3577709398968053,0.095908602932468,0.0521772996289655,0.0138581988285295,1.3486492254074938,1.4969057613885026,0.316832369386934,4.119239560782249,3.195616500362512,1.203110063666635,1.095933327560053,0.97320586758466,0.9494958218339586,0.7313444020515603,0.2885630956227871,-1.482891882250451,K562,0.4387622944771492,1.6601854445246065,1.221423150047457,0.3577709398968053,0.4387622944771492,0.43876229447714943,K562
KLF1,K562,norm_mean,"[[1 0 0 0]
 [0 0 1 0]
 [0 0 1 0]
 ...
 [0 0 1 0]
 [0 0 1 0]
 [0 0 1 0]]",0.1466868384587129,0.0,EH38E3176160,chr16,29666589,29667089,shared,cross_context,12957,-1,MA0493.3,KLF1,194,202,10.269035130121395,+,KLF1,ig,0.1060262424871325,0.0695124012278392,0.0529683113235655,1.312339139524766,True,0.0377004987094551,0.0478555655444506,0.0342872167449919,1.3957257581772928,True,0.0688233209075406,0.0544816208438714,0.0434678071276159,1.2533783484898813,True,0.0708500207013761,1.636039972305298,0.7102088789651698,1.7915259745015175,0.9620316477491856,1.457050524766898,0.1060262424871325,0.0377004987094551,0.0688233209075406,2.2024921141900853,1.268464088901335,1.727007227022602,2.849548523104742,1.555178877193259,3.036113853035148,1.312339139524766,1.3957257581772928,1.2533783484898813,0.841188961469692,-0.055843738581813,0.5430509062352845,K562,0.3344754497346198,1.7915259745015175,0.9620316477491856,1.457050524766898,0.3344754497346198,0.3344754497346196,K562
KLF1,K562,norm_mean,"[[1 0 0 0]
 [0 0 1 0]
 [0 0 1 0]
 ...
 [0 0 1 0]
 [1 0 0 0]
 [0 0 1 0]]",0.6943561489861656,1.0,EH38E3701944,chr6,33289300,33289800,shared,cross_context,152072,-1,MA0493.3,KLF1,394,402,10.269035130121395,+,KLF1,ig,0.2219768911600113,0.0760008042643312,0.0540626242840619,1.405791731586725,True,0.0756980953738093,0.0440058975765714,0.05346688029909,0.8230495046636442,False,0.0494154334301129,0.0429417877556988,0.041186366811238,1.0426211548664774,True,0.1156968066546445,2.41513991355896,1.2721073668506415,3.5649829090304745,1.629987442064606,1.2380637556362166,0.2219768911600113,0.0756980953738093,0.0494154334301129,4.568464026005135,1.4879670681335695,1.5963343376813903,5.237599253604022,3.615099975988604,1.995660838305931,1.405791731586725,0.8230495046636442,1.0426211548664774,1.8338951606317493,0.7048608504083769,0.3080856110097445,K562,1.9349954669658684,3.5649829090304745,1.629987442064606,1.2380637556362166,1.9349954669658684,1.9349954669658684,K562
KLF1,K562,norm_mean,"[[0 0 0 1]
 [1 0 0 0]
 [0 0 0 1]
 ...
 [0 0 0 1]
 [0 0 0 1]
 [0 0 1 0]]",0.0040106599091403,0.0,EH38E1988010,chr2,37155999,37156499,shared,cross_context,22119,-1,MA0493.3,KLF1,406,414,10.269035130121395,+,KLF1,ig,0.0573474636184982,0.0547622549923835,0.0626404433485839,0.8742314601019961,False,0.0307850380195304,0.0403752314363373,0.0693746461350895,0.5819882026905742,False,0.0413277186453342,0.046476777466014,0.0696607303153262,0.6671875328288545,False,0.043153406761121,0.6672199964523315,-0.5837634059233767,0.9673696997135904,0.5542721357721898,0.6409949611308436,0.0573474636184982,0.0307850380195304,0.0413277186453342,1.1655555783765648,0.7945735710694292,0.8812873026637935,1.8153955088162577,1.1201497696015252,1.0036218847374478,0.8742314601019961,0.5819882026905742,0.6671875328288545,-0.0478607434947455,-0.851333609634741,-0.6416150767912558,K562,0.3263747385827467,0.9673696997135904,0.5542721357721898,0.6409949611308436,0.3263747385827467,0.3263747385827468,K562
KLF1,K562,norm_mean,"[[1 0 0 0]
 [0 1 0 0]
 [0 1 0 0]
 ...
 [1 0 0 0]
 [0 1 0 0]
 [0 0 0 1]]",0.1709817016632253,0.0,EH38E3467379,chr22,19705813,19706313,shared,cross_context,18794,-1,MA0493.3,KLF1,218,226,10.269035130121395,+,KLF1,ig,0.1088196425698697,0.0779909765161573,0.0616351750918861,1.2653645219023513,True,0.0266807096777483,0.0608567874412983,0.0452024385393507,1.34631617108794,True,0.0860164415207691,0.0628846049250569,0.0572140060912016,1.0991118823893804,True,0.0738389312561291,0.8349199891090393,-0.2602884170778279,1.59972048949504,0.5199152727564538,1.4473795670005836,0.1088196425698697,0.0266807096777483,0.0860164415207691,2.075147058963535,0.5969056132789142,1.921743923467776,2.607313724875289,0.96675913804095,2.742741539677896,1.2653645219023513,1.34631617108794,1.0991118823893804,0.6778198537357062,-0.9436515564232352,0.533443310994074,K562,0.1523409224944565,1.59972048949504,0.5199152727564538,1.4473795670005836,0.1523409224944565,0.15234092249445652,K562
KLF1,K562,norm_mean,"[[0 0 1 0]
 [1 0 0 0]
 [0 0 1 0]
 ...
 [0 1 0 0]
 [0 0 1 0]
 [0 1 0 0]]",0.014868867595893,0.0,EH38E3920924,chr9,137129181,137129681,shared,cross_context,174376,-1,MA0493.3,KLF1,215,223,10.269035130121395,+,KLF1,ig,0.0659889394883066,0.0676613272732356,0.0586809922876851,1.153036325820139,True,0.0289252757793292,0.0461999802413629,0.0580850441952068,0.7953849898477896,False,0.0452023443067446,0.0734214094502385,0.0624165987302638,1.1763120577013793,True,0.0467055198581268,1.8404899835586548,0.8800906820734667,1.061104178865543,0.5412416646831667,0.6775403610990356,0.0659889394883066,0.0289252757793292,0.0452023443067446,0.9358782094911058,0.5904741618531162,0.8956481606400204,2.4619976601160163,1.1653965161461175,1.0671908832271004,1.153036325820139,0.7953849898477896,1.1763120577013793,0.0855663078991206,-0.8856551902353237,-0.5616212023460876,K562,0.3835638177665077,1.061104178865543,0.5412416646831667,0.6775403610990356,0.3835638177665077,0.3835638177665075,K562
KLF1,K562,norm_mean,"[[0 1 0 0]
 [0 0 1 0]
 [1 0 0 0]
 ...
 [0 0 1 0]
 [0 0 1 0]
 [0 0 1 0]]",0.1831336293160549,0.0,EH38E3045996,chr12,120687347,120687847,shared,cross_context,74730,-1,MA0493.3,KLF1,116,124,10.269035130121395,+,KLF1,ig,0.045171950594522,0.0582415952871087,0.0730304369909307,0.7974974505406146,False,0.0207941563276108,0.0575414285238366,0.0616186771351336,0.9338308100859848,False,0.0166461819317191,0.0517226923638372,0.0601505286779932,0.8598874341047362,False,0.0275374296179506,1.7211799621582031,0.783398787955305,0.7266462865134047,0.3752723229338547,0.328402702115104,0.045171950594522,0.0207941563276108,0.0166461819317191,0.6989713907929656,0.1007928435276049,0.4498164993738643,2.222435201019312,1.1890784052852763,0.617408190623802,0.7974974505406146,0.9338308100859848,0.8598874341047362,-0.4606748262450456,-1.4139901984692362,-1.6064620927573152,K562,0.3513739635795499,0.7266462865134047,0.3752723229338547,0.328402702115104,0.3513739635795499,0.35137396357955,K562
KLF1,K562,norm_mean,"[[0 1 0 0]
 [1 0 0 0]
 [0 0 0 1]
 ...
 [0 1 0 0]
 [0 0 1 0]
 [0 1 0 0]]",0.0758496020374457,0.0,EH38E3790677,chr7,102425638,102426138,shared,cross_context,221086,-1,MA0493.3,KLF1,317,325,10.269035130121395,+,KLF1,ig,0.0950747834285721,0.0709652303194161,0.046218793617187,1.5354190235470937,True,0.045973839063663,0.0510490169696277,0.0396470878956538,1.2875852125162413,True,0.0412939608213491,0.0551845849573146,0.0371640593672004,1.4848908070874054,True,0.0607808611045281,1.1992700099945068,0.262157714293934,1.6851759845890693,0.9945599466445052,0.9346116592702394,0.0950747834285721,0.045973839063663,0.0412939608213491,1.7511476455779318,1.2577188806259512,0.7593619327950709,4.690136918346907,1.531150946399189,3.538508080387104,1.5354190235470937,1.2875852125162413,1.4848908070874054,0.7528992621958016,-0.0078697619752633,-0.0975610584238838,K562,0.6906160379445639,1.6851759845890693,0.9945599466445052,0.9346116592702394,0.6906160379445639,0.690616037944564,K562
KLF1,K562,norm_mean,"[[0 1 0 0]
 [0 0 0 1]
 [0 0 1 0]
 ...
 [0 0 1 0]
 [0 1 0 0]
 [0 0 1 0]]",0.8359965703257768,1.0,EH38E3207496,chr17,7931835,7932335,shared,cross_context,94293,-1,MA0493.3,KLF1,496,504,10.269035130121395,+,KLF1,ig,0.0549522186629474,0.058211301753181,0.0689218513539526,0.8445985150376764,False,0.0261213922058232,0.0339640428416896,0.0585500024189241,0.5800860057667903,False,0.0266839557152707,0.0347469861101126,0.0644460653269197,0.5391637261671769,False,0.0359191888613471,3.397769927978516,1.7645885917188988,0.8098239132784545,0.5571486102123092,0.4790080700766412,0.0549522186629474,0.0261213922058232,0.0266839557152707,1.085524165273117,0.3792085398777752,0.4466335175198092,1.2888711205847485,2.020318292615777,1.1685283569550922,0.8445985150376764,0.5800860057667903,0.5391637261671769,-0.3043198481418033,-0.8438658982693403,-1.0618781299402171,K562,0.2526753030661453,0.8098239132784545,0.5571486102123092,0.4790080700766412,0.2526753030661453,0.2526753030661453,K562
KLF1,K562,norm_mean,"[[1 0 0 0]
 [0 0 0 1]
 [0 1 0 0]
 ...
 [0 0 0 1]
 [0 0 1 0]
 [0 0 1 0]]",0.0187670413023246,0.0,EH38E3154901,chr15,90934236,90934736,shared,cross_context,24814,-1,MA0493.3,KLF1,44,52,10.269035130121395,+,KLF1,ig,0.1119447792880237,0.0731211857986636,0.0590015295753255,1.2393097930150103,True,0.0492488904274068,0.04771489750623,0.0462865711987251,1.0308581076958918,True,0.0810487861745059,0.0535294139478355,0.0438097104278858,1.221861573756195,True,0.0807474852966455,1.3863500356674194,0.4712926061721366,1.87144996065422,1.150358941369047,1.8657055344395788,0.1119447792880237,0.0492488904274068,0.0810487861745059,2.123734709245128,1.282695789545074,2.163098786967255,3.7995190877166234,2.987529395024654,3.2068493558477624,1.2393097930150103,1.0308581076958918,1.221861573756195,0.904156474346129,0.2020840903668892,0.8997213034007246,K562,0.0057444262146413,1.87144996065422,1.150358941369047,1.8657055344395788,0.0057444262146413,0.005744426214641329,K562
KLF1,K562,norm_mean,"[[0 1 0 0]
 [0 1 0 0]
 [0 0 1 0]
 ...
 [0 0 1 0]
 [0 1 0 0]
 [0 0 0 1]]",0.1363883053960942,0.0,EH38E1794993,chr16,695630,696130,shared,cross_context,14275,-1,MA0493.3,KLF1,339,347,10.269035130121395,+,KLF1,ig,0.0365177717758342,0.0602672672574408,0.0529448942741773,1.138301562419384,True,0.0220987450447864,0.0549102457554545,0.0345247925117873,1.590457924754451,True,0.0257615067530423,0.0439799763017799,0.0493757744751642,0.8907195454059408,False,0.0281260078578876,3.965909957885742,1.9876522867299609,0.6699826499491446,0.5256321604836143,0.5637499814152892,0.0365177717758342,0.0220987450447864,0.0257615067530423,0.7332902924675194,0.4273833285547297,0.5978292262755585,1.847800167720716,1.382979318215254,1.344181272827864,1.138301562419384,1.590457924754451,0.8907195454059408,-0.5778043570985876,-0.9278745433645036,-0.8268726115204532,K562,0.1062326685338553,0.6699826499491446,0.5256321604836143,0.5637499814152892,0.1062326685338553,0.10623266853385538,K562
KLF1,K562,norm_mean,"[[0 0 0 1]
 [0 0 1 0]
 [0 1 0 0]
 ...
 [0 1 0 0]
 [0 0 0 1]
 [0 0 0 1]]",0.1085214636402425,0.0,EH38E3225370,chr17,44087283,44087783,shared,cross_context,190937,-1,MA0493.3,KLF1,77,85,10.269035130121395,+,KLF1,ig,0.1312536777695641,0.0580820926936576,0.057270888731582,1.0141641563174597,True,0.0383783965371549,0.0456585053761955,0.0541448102961294,0.8432663572707333,False,0.0351783184742089,0.0362606634979601,0.0386720282398164,0.9376455224081388,False,0.0682701309269759,1.7523900270462036,0.8093247326078503,2.214924860850987,0.811338738749824,0.992498139022622,0.1312536777695641,0.0383783965371549,0.0351783184742089,2.796106403666977,0.8229010498429135,1.2124800703376402,3.2554046262107468,1.6582076792228058,2.6388934186923896,1.0141641563174597,0.8432663572707333,0.9376455224081388,1.147257758250441,-0.3016237191309701,-0.0108636962918714,K562,1.2224267218283646,2.214924860850987,0.811338738749824,0.992498139022622,1.2224267218283646,1.2224267218283649,K562
KLF1,K562,norm_mean,"[[0 0 0 1]
 [0 0 1 0]
 [0 0 1 0]
 ...
 [1 0 0 0]
 [1 0 0 0]
 [0 0 0 1]]",0.1183726107391985,0.0,EH38E3544555,chr3,143001551,143002051,shared,cross_context,39726,-1,MA0493.3,KLF1,343,351,10.269035130121395,+,KLF1,ig,0.1003592498600483,0.0599002950574504,0.0587431585192153,1.0196980613644733,True,0.0202403255098033,0.0358688478317344,0.0386282936722602,0.9285638876628328,False,0.0179845832171849,0.0383041713677812,0.0477994205289573,0.8013520442377705,False,0.0461947195290122,1.367400050163269,0.4514364384264426,1.6903887800957575,0.4873586838217585,0.401965450557403,0.1003592498600483,0.0202403255098033,0.0179845832171849,1.8094454600717296,0.4097888189655828,0.4080428953739762,2.996188240937275,1.336861626498176,0.8001139407347578,1.0196980613644733,0.9285638876628328,0.8013520442377705,0.7573550974261768,-1.0369441411777018,-1.3148565860421402,K562,1.203030096273999,1.6903887800957575,0.4873586838217585,0.401965450557403,1.203030096273999,1.203030096273999,K562
KLF1,K562,norm_mean,"[[0 1 0 0]
 [0 1 0 0]
 [1 0 0 0]
 ...
 [1 0 0 0]
 [0 0 1 0]
 [0 0 0 1]]",0.0528483612383864,0.0,EH38E1818350,chr16,56932815,56933315,shared,cross_context,15011,-1,MA0493.3,KLF1,121,129,10.269035130121395,+,KLF1,ig,0.1557072028517723,0.0809332535928115,0.0680955193548773,1.188525213909871,True,0.062284805229865,0.0525678827497176,0.050774474605504,1.0353208537348553,True,0.0569391727913171,0.0608498032818897,0.0539424473497395,1.1280502645136454,True,0.0916437269576514,1.495069980621338,0.5802139800484583,2.2371392757309585,1.325840975098084,1.0758750430846935,0.1557072028517723,0.062284805229865,0.0569391727913171,2.7655958630051267,1.7870437069977485,1.078623394984184,3.7006801840429855,2.5313956559598427,2.1034430223745653,1.188525213909871,1.0353208537348553,1.1280502645136454,1.161655076510668,0.4069077462251287,0.1055105279431213,K562,0.9112983006328744,2.2371392757309585,1.325840975098084,1.0758750430846935,0.9112983006328744,0.9112983006328745,K562
KLF1,K562,norm_mean,"[[0 1 0 0]
 [1 0 0 0]
 [0 0 0 1]
 ...
 [0 0 1 0]
 [0 1 0 0]
 [0 0 0 1]]",0.0891682354890232,0.0,EH38E3286717,chr19,6392669,6393169,shared,cross_context,105639,-1,MA0493.3,KLF1,156,164,10.269035130121395,+,KLF1,ig,0.0505664597731083,0.059094518253114,0.0587147220208023,1.006468329484621,True,0.0314109057653695,0.0561632116851978,0.0405143698122209,1.3862537683041765,True,0.0293041664408519,0.0451434715889627,0.0409843333083419,1.101480905752958,True,0.0370938439931099,0.9061099886894226,-0.1422403194229421,0.8743639953600153,0.6847152636351468,0.6826031763271677,0.0505664597731083,0.0314109057653695,0.0293041664408519,0.8314279567266284,0.8538857604373605,0.8236944866869522,1.703712474673361,1.5278713384566314,1.4743668967118144,1.006468329484621,1.3862537683041765,1.101480905752958,-0.1936940984318189,-0.5464239195130309,-0.5508809650924245,K562,0.1896487317248685,0.8743639953600153,0.6847152636351468,0.6826031763271677,0.1896487317248685,0.1896487317248685,K562
KLF1,K562,norm_mean,"[[1 0 0 0]
 [1 0 0 0]
 [0 0 1 0]
 ...
 [0 0 1 0]
 [0 0 1 0]
 [0 1 0 0]]",0.7262691722118386,1.0,EH38E3021533,chr12,57520024,57520524,shared,cross_context,72358,-1,MA0493.3,KLF1,210,218,10.269035130121395,+,KLF1,ig,0.0760588361881673,0.0604627786390483,0.0567334843986034,1.065733378138905,True,0.0498394826427102,0.0583182626403868,0.0482621832582084,1.2083632902544894,True,0.0361057753907516,0.0453167150658555,0.0509532209141,0.8893786370927701,False,0.054001364740543,1.281499981880188,0.3578345840162522,1.307072049174926,0.9549560961437572,0.7406090973599165,0.0760588361881673,0.0498394826427102,0.0361057753907516,1.7786067984136729,1.1815694209248115,1.0400471338533293,2.3054359771951547,1.4596240629745694,1.1618982048307445,1.065733378138905,1.2083632902544894,0.8893786370927701,0.3863386694922379,-0.0664936862299823,-0.4332158218049,K562,0.352115953031169,1.307072049174926,0.9549560961437572,0.7406090973599165,0.352115953031169,0.3521159530311687,K562
KLF1,K562,norm_mean,"[[1 0 0 0]
 [0 0 1 0]
 [0 1 0 0]
 ...
 [0 0 1 0]
 [0 0 1 0]
 [0 0 0 1]]",0.0827391634661286,0.0,EH38E3289351,chr19,10332639,10333139,shared,cross_context,30542,-1,MA0493.3,KLF1,290,298,10.269035130121395,+,KLF1,ig,0.0941375712864101,0.0623222807608544,0.0726146009938719,0.8582608914081208,False,0.0426290044561028,0.0548082749405875,0.0557714263413799,0.9827302026991586,False,0.0398948274669237,0.0521231990825617,0.0436678224210388,1.1936291817738398,True,0.0588871344031455,1.655369997024536,0.7271545859661893,1.3723845676715325,0.7695433549003385,0.8493555371631,0.0941375712864101,0.0426290044561028,0.0398948274669237,1.3237928934626284,0.7132771307598236,0.3226042832439204,2.77259107168673,1.5406073182413331,2.099171606145843,0.8582608914081208,0.9827302026991586,1.1936291817738398,0.4566848091878783,-0.3779254849285869,-0.235559506040162,K562,0.5230290305084325,1.3723845676715325,0.7695433549003385,0.8493555371631,0.5230290305084325,0.5230290305084325,K562
KLF1,K562,norm_mean,"[[0 0 1 0]
 [0 1 0 0]
 [0 1 0 0]
 ...
 [1 0 0 0]
 [0 0 0 1]
 [0 1 0 0]]",1.0,1.0,EH38E3775902,chr7,55952183,55952683,shared,cross_context,23125,-1,MA0493.3,KLF1,53,61,10.269035130121395,+,KLF1,ig,0.0662291420157998,0.0661716844968032,0.0627637322084046,1.0542979460511226,True,0.0232327896519564,0.0503146835195366,0.0415763981139753,1.2101738895194287,True,0.0374386325711384,0.0376280564418993,0.045057663412299,0.8351087304838155,False,0.0423001880796315,1.8019299507141116,0.8495437287036449,1.107651078486509,0.5258974398462163,0.9644231795333098,0.0662291420157998,0.0232327896519564,0.0374386325711384,1.3394628454518145,0.393204848531818,1.154189670081574,1.868341603888948,1.2015862018607293,1.945901557020026,1.0542979460511226,1.2101738895194287,0.8351087304838155,0.1475034904378226,-0.9271466185811262,-0.0522617674241706,K562,0.1432278989531992,1.107651078486509,0.5258974398462163,0.9644231795333098,0.1432278989531992,0.1432278989531992,K562
KLF1,K562,norm_mean,"[[0 0 1 0]
 [1 0 0 0]
 [0 0 0 1]
 ...
 [0 0 1 0]
 [0 0 1 0]
 [0 1 0 0]]",0.6609151394143743,1.0,EH38E2839558,chr1,154983451,154983951,shared,cross_context,15402,-1,MA0493.3,KLF1,59,67,10.269035130121395,+,KLF1,ig,0.0652764786500483,0.0609074736858019,0.0468493817251874,1.3000696795185192,True,0.046390916861128,0.0517631748196436,0.0389560876536415,1.3287566757807638,True,0.0385348509298637,0.0464004554139683,0.0326094622802338,1.4229134104109318,True,0.0500674154803467,1.5355700254440308,0.6187752434672186,1.28239354250269,1.1058454769102146,0.9354853689514582,0.0652764786500483,0.046390916861128,0.0385348509298637,1.611263647065584,1.4474894080060818,1.238680592385513,2.4870419932923604,2.2276664057213766,1.9047640699699453,1.3000696795185192,1.3287566757807638,1.4229134104109318,0.3588390670523077,0.1451498088754862,-0.0962130035415832,K562,0.1765480655924753,1.28239354250269,1.1058454769102146,0.9354853689514582,0.1765480655924753,0.17654806559247538,K562
KLF1,K562,norm_mean,"[[0 0 0 1]
 [0 0 1 0]
 [0 0 1 0]
 ...
 [0 0 0 1]
 [1 0 0 0]
 [1 0 0 0]]",0.0111707304954118,0.0,EH38E3699264,chr6,29628906,29629406,shared,cross_context,150561,-1,MA0493.3,KLF1,121,129,10.269035130121395,+,KLF1,ig,0.1180128519190475,0.0707586085028015,0.0656927083210191,1.077114942283663,True,0.0502905973698943,0.0531508145644329,0.0505510733530132,1.0514278040940297,True,0.0485898124752566,0.0497448690053715,0.0531795535515993,0.9354132618464392,False,0.0722977539213995,1.171720027923584,0.2286291230544329,1.7578021879865378,1.0084726616438244,0.9508661960147248,0.1180128519190475,0.0502905973698943,0.0485898124752566,2.0688874621676514,1.1484854652156582,0.7954820287137601,3.611628774565526,2.4345332688323937,2.981396133336061,1.077114942283663,1.0514278040940297,0.9354132618464392,0.8137727286013613,0.0121719763626376,-0.0726857511563681,K562,0.7493295263427133,1.7578021879865378,1.0084726616438244,0.9508661960147248,0.7493295263427133,0.7493295263427133,K562
KLF1,K562,norm_mean,"[[0 1 0 0]
 [0 1 0 0]
 [0 0 0 1]
 ...
 [0 0 0 1]
 [0 0 1 0]
 [0 0 1 0]]",0.0040106599091403,0.0,EH38E2788784,chr1,15684942,15685442,shared,cross_context,45682,-1,MA0493.3,KLF1,89,97,10.269035130121395,+,KLF1,ig,0.1491862586699426,0.0758385665109381,0.0597762560145929,1.2687069897009615,True,0.064716181019321,0.055216745797079,0.0485467739310115,1.137392455812232,True,0.0960394171997904,0.0707779787969775,0.048711156307836,1.453013429193783,True,0.1033139522963513,1.4780900478363037,0.5637351397250916,2.415029284293851,1.3401742956050329,1.8044228417071169,0.1491862586699426,0.064716181019321,0.0960394171997904,3.415388980739805,1.7624428804646368,2.804770204439105,3.7623231947395896,2.17870565168329,2.625985945607724,1.2687069897009615,1.137392455812232,1.453013429193783,1.272040683674731,0.4224206428437817,0.8515374547764674,K562,0.6106064425867344,2.415029284293851,1.3401742956050329,1.8044228417071169,0.6106064425867344,0.6106064425867344,K562
KLF1,K562,norm_mean,"[[1 0 0 0]
 [0 0 1 0]
 [0 1 0 0]
 ...
 [0 0 1 0]
 [0 1 0 0]
 [0 0 0 1]]",0.8129499836237674,1.0,EH38E3350533,chr2,69914208,69914708,shared,cross_context,116793,-1,MA0493.3,KLF1,354,362,10.269035130121395,+,KLF1,ig,0.083446109551005,0.0707629956566961,0.0459683445166781,1.5393850052000884,True,0.0657639970886521,0.0609365840919781,0.0344155925664295,1.7706092454536393,True,0.0713210264220833,0.0615939970570616,0.0515834109708263,1.1940657656632914,True,0.0735103776872468,1.5339299440383911,0.6172335356857824,1.388774546073225,1.288210762845325,1.173802970506588,0.083446109551005,0.0657639970886521,0.0713210264220833,1.5704916328622869,2.011692158853945,1.6774389754193093,3.042034952508675,2.711776849531412,1.7454118984781228,1.5393850052000884,1.7706092454536393,1.1940657656632914,0.4738124119764422,0.3653686517435633,0.231190265444931,K562,0.1005637832279,1.388774546073225,1.288210762845325,1.173802970506588,0.1005637832279,0.10056378322790005,K562
KLF1,K562,norm_mean,"[[0 0 1 0]
 [0 1 0 0]
 [0 0 0 1]
 ...
 [0 0 0 1]
 [0 0 1 0]
 [0 0 1 0]]",0.2027679533451191,0.0,EH38E2837178,chr1,150973723,150974223,shared,cross_context,185200,-1,MA0493.3,KLF1,488,496,10.269035130121395,+,KLF1,ig,0.0747857751557603,0.0540080720046535,0.0505213273141998,1.0690150909658052,True,0.0430088604043703,0.0489171540096867,0.046838524013292,1.044378417048767,True,0.0537702739238739,0.0406108179752482,0.0431875089230015,0.9403369072359228,False,0.0571883031613348,1.1032099723815918,0.1417087108784073,1.2731707424893897,0.8965209970133233,1.203472499221957,0.0747857751557603,0.0430088604043703,0.0537702739238739,1.3573664904200422,0.9750133413826858,1.417221392916799,3.085114089451115,2.426056415619108,1.7579324760857895,1.0690150909658052,1.044378417048767,0.9403369072359228,0.348425910415309,-0.1575907210799113,0.2672031760901955,K562,0.0696982432674326,1.2731707424893897,0.8965209970133233,1.203472499221957,0.0696982432674326,0.06969824326743268,K562
KLF1,K562,norm_mean,"[[0 1 0 0]
 [0 1 0 0]
 [0 1 0 0]
 ...
 [0 0 0 1]
 [0 1 0 0]
 [0 0 1 0]]",0.1982594492537042,0.0,EH38E2862322,chr1,207321269,207321769,shared,cross_context,207951,-1,MA0493.3,KLF1,442,450,9.82263771602042,+,KLF1,ig,0.0593805664684623,0.0526534556644037,0.0648907671682536,0.8114166290207917,False,0.0331771118799224,0.0309588588177575,0.0555722527066245,0.5570919251784772,False,0.0466239330999087,0.0349819437827682,0.0553838458593236,0.6316270913246492,False,0.0463938704827645,4.533160209655762,2.1805174676954158,1.02778660410271,0.7477368941714125,0.9719376627758808,0.0593805664684623,0.0331771118799224,0.0466239330999087,1.283423471341839,0.8553745764503023,1.0244111481293374,1.8563624981793665,2.032446274960909,2.108955054407892,0.8114166290207917,0.5570919251784772,0.6316270913246492,0.0395407550784141,-0.4193973739785617,-0.0410643068230642,K562,0.0558489413268291,1.02778660410271,0.7477368941714125,0.9719376627758808,0.0558489413268291,0.05584894132682916,K562
KLF1,K562,norm_mean,"[[0 1 0 0]
 [0 0 0 1]
 [0 1 0 0]
 ...
 [0 0 0 1]
 [0 0 0 1]
 [1 0 0 0]]",0.0024464965949081,0.0,EH38E2804668,chr1,39215252,39215752,shared,cross_context,48330,-1,MA0493.3,KLF1,400,408,9.210139301603965,+,KLF1,ig,0.1167135720606893,0.0608420284930616,0.0559924954241768,1.086610217423685,True,0.0887907920405268,0.0615337773744249,0.0444562109858872,1.3841432314716782,True,0.0325598212657496,0.0477334234025329,0.0463254590476236,1.0303926626940765,True,0.0793547284556552,1.0423400402069092,0.0598273855969782,1.97573858867232,1.6991193752540092,0.676894572099097,0.1167135720606893,0.0887907920405268,0.0325598212657496,2.714886945145456,1.850156006072564,0.7736691636807462,3.7762492517013584,2.4998220760783263,1.511707250753485,1.086610217423685,1.3841432314716782,1.0303926626940765,0.9823920763093792,0.7647872165477374,-0.5629969445601444,K562,0.2766192134183107,1.97573858867232,1.6991193752540092,0.676894572099097,0.2766192134183107,0.27661921341831075,K562
KLF1,K562,norm_mean,"[[1 0 0 0]
 [1 0 0 0]
 [0 0 0 1]
 ...
 [0 0 1 0]
 [0 1 0 0]
 [0 1 0 0]]",0.1676730401982129,0.0,EH38E2380166,chr5,69166740,69167240,shared,cross_context,32269,-1,MA0493.3,KLF1,450,458,9.210139301603965,+,KLF1,ig,0.0518779135309159,0.0632951283321017,0.0529025251162238,1.1964479243394663,True,0.0247002153773792,0.0336381624790374,0.0430135473672999,0.7820362819981516,False,0.0208801285480149,0.0415820251370314,0.0357232484722044,1.16400426263986,True,0.03248608581877,1.549489974975586,0.631794351958085,0.8268043861097144,0.6196226328754166,0.5389004697443804,0.0518779135309159,0.0247002153773792,0.0208801285480149,0.9219382672316098,0.446485794790998,0.4553464219068641,1.9368472394151008,1.3810483066532186,1.356800482752037,1.1964479243394663,0.7820362819981516,1.16400426263986,-0.2743820510143782,-0.6905382503347424,-0.8919092479253614,K562,0.2071817532342977,0.8268043861097144,0.6196226328754166,0.5389004697443804,0.2071817532342977,0.20718175323429777,K562
KLF1,K562,norm_mean,"[[0 1 0 0]
 [0 0 1 0]
 [0 0 1 0]
 ...
 [0 0 0 1]
 [0 0 0 1]
 [1 0 0 0]]",0.0316214372923259,0.0,EH38E3284275,chr19,3985252,3985752,shared,cross_context,105066,-1,MA0493.3,KLF1,393,401,8.916298962698532,+,KLF1,ig,0.0406869982834905,0.0573778644076082,0.0651922136750938,0.8801335676716459,False,0.0219468880677595,0.0472493633965495,0.0476002707008034,0.9926278311999976,False,0.0244618888245895,0.0366521372535498,0.0674400303928387,0.543477391769799,False,0.0290319250586132,2.6592800617218018,1.4110362649441217,0.644971673741109,0.4384544993938444,0.4593469049714643,0.0406869982834905,0.0219468880677595,0.0244618888245895,0.6195526350792506,0.5192851106934374,0.4358150231972219,1.63517465476457,0.8899653247049591,0.9620310208582472,0.8801335676716459,0.9926278311999976,0.543477391769799,-0.6326922918830207,-1.1895009568056591,-1.1223439837491305,K562,0.1856247687696446,0.644971673741109,0.4384544993938444,0.4593469049714643,0.1856247687696446,0.18562476876964468,K562
KLF1,K562,norm_mean,"[[0 0 1 0]
 [1 0 0 0]
 [0 0 1 0]
 ...
 [1 0 0 0]
 [1 0 0 0]
 [0 0 0 1]]",0.0745784185147917,0.0,EH38E3704688,chr6,36594304,36594804,shared,cross_context,43838,-1,MA0493.3,KLF1,308,316,8.916298962698532,+,KLF1,ig,0.1064585880376398,0.0821581080928444,0.0700152915716171,1.17343075368756,True,0.0552532050642184,0.0530400665081106,0.0594515253358986,0.8921563792833358,False,0.0313453755225054,0.0471511107764672,0.057106537259339,0.8256690876851478,False,0.0643523895414546,1.6524499654769895,0.7246074621034605,1.431985492478465,0.985417909760221,0.5959154861116054,0.1064585880376398,0.0552532050642184,0.0313453755225054,1.661716340103367,1.6195561118125403,0.4577724126787346,2.569595923891347,1.3844337245232976,1.5653341358344934,1.17343075368756,0.8921563792833358,0.8256690876851478,0.5180168776631434,-0.0211924008604452,-0.7468203530764035,K562,0.4465675827182439,1.431985492478465,0.985417909760221,0.5959154861116054,0.4465675827182439,0.4465675827182439,K562
KLF1,K562,norm_mean,"[[0 1 0 0]
 [1 0 0 0]
 [0 1 0 0]
 ...
 [0 0 0 1]
 [0 0 1 0]
 [0 0 0 1]]",0.0045011436691476,0.0,EH38E3751762,chr7,817238,817738,shared,cross_context,156843,-1,MA0493.3,KLF1,269,277,8.916298962698532,+,KLF1,ig,0.1062545423628762,0.0745045745122479,0.0707492510156067,1.0530791904075552,True,0.032932766713202,0.0556748924939893,0.0458916917409507,1.2131799515359587,True,0.0446416926570236,0.0486430566350463,0.0396053334680357,1.2281942883364887,True,0.0612763339110339,0.6880599856376648,-0.5393916523760732,1.4713399519822767,0.6624544504513495,1.0349130484390985,0.1062545423628762,0.032932766713202,0.0446416926570236,1.838209383636931,0.8096896304220805,0.9464024272484748,3.791036837034324,1.2218138762865904,3.279953101070762,1.0530791904075552,1.2131799515359587,1.2281942883364887,0.5571306196846941,-0.5941068326627551,0.0495095615288883,K562,0.4364269035431782,1.4713399519822767,0.6624544504513495,1.0349130484390985,0.4364269035431782,0.43642690354317826,K562
KLF1,K562,norm_mean,"[[1 0 0 0]
 [0 0 1 0]
 [0 1 0 0]
 ...
 [0 0 0 1]
 [0 1 0 0]
 [0 0 1 0]]",0.7627334306112213,1.0,EH38E3857049,chr8,125429677,125430177,shared,cross_context,166384,-1,MA0493.3,KLF1,50,58,8.916298962698532,+,KLF1,ig,0.0577647058526054,0.0665423381328582,0.0443207844809512,1.5013796325663264,True,0.0377854106482118,0.0460582171811256,0.0436753880587639,1.0545574677798175,True,0.0395907538186293,0.0429608337767422,0.0457045387476682,0.9399684485219644,False,0.0450469567731488,2.71028995513916,1.4384477360826782,1.033008660150873,0.8889224628929729,0.939669227683672,0.0577647058526054,0.0377854106482118,0.0395907538186293,0.8302312589604988,1.0069266655374398,1.208647773211835,2.6616511277209414,1.7703210862779792,1.58332938043153,1.5013796325663264,1.0545574677798175,0.9399684485219644,0.0468523503762829,-0.1698705091680676,-0.0897750892858373,K562,0.093339432467201,1.033008660150873,0.8889224628929729,0.939669227683672,0.093339432467201,0.093339432467201,K562
KLF1,K562,norm_mean,"[[0 1 0 0]
 [0 0 0 1]
 [0 0 0 1]
 ...
 [0 0 1 0]
 [0 0 1 0]
 [1 0 0 0]]",0.0013692870645399,0.0,EH38E3307364,chr19,42076538,42077038,shared,cross_context,192654,-1,MA0493.3,KLF1,226,234,8.916298962698532,+,KLF1,ig,0.0633350231219083,0.0712076961499406,0.0717832351141483,0.9919821267025118,False,0.0271963321138173,0.0421108063915744,0.043278120354397,0.9730273938993302,False,0.0354244417976588,0.0325171572627732,0.0662620231085337,0.4907358820323524,False,0.0419852656777948,1.4563000202178955,0.5423085941967593,0.8850814113106905,0.6350998144782851,0.6673728629525333,0.0633350231219083,0.0271963321138173,0.0354244417976588,1.2635992508916372,0.7605272002244807,0.8879892006989136,1.3046784476134057,1.1400034394155003,1.0403955054221865,0.9919821267025118,0.9730273938993302,0.4907358820323524,-0.1761179303867581,-0.6549447439808388,-0.5834350685964054,K562,0.2177085483581572,0.8850814113106905,0.6350998144782851,0.6673728629525333,0.2177085483581572,0.21770854835815723,K562
KLF1,K562,norm_mean,"[[0 0 1 0]
 [1 0 0 0]
 [0 1 0 0]
 ...
 [0 1 0 0]
 [0 1 0 0]
 [1 0 0 0]]",0.1564659159789851,0.0,EH38E1796178,chr16,1952515,1953015,shared,cross_context,14353,-1,MA0493.3,KLF1,351,359,8.916298962698532,+,KLF1,ig,0.0788596521597355,0.0646290594345191,0.0620869459839834,1.040944243605556,True,0.0195025426219217,0.0577483858715277,0.0401986453279939,1.4365750645224258,True,0.0347595808125333,0.0455664008011808,0.039984870788094,1.139590762885274,True,0.0443739251980635,1.376129984855652,0.4606177972260081,1.1803768144747155,0.3859549070876981,0.7928293609614934,0.0788596521597355,0.0195025426219217,0.0347595808125333,1.0062736694007166,0.2272593103874358,0.6299096183301107,3.0975001962494653,1.4764065170719365,2.277181160328015,1.040944243605556,1.4365750645224258,1.139590762885274,0.2392474892778986,-1.373495790602048,-0.3349177020251304,K562,0.3875474535132222,1.1803768144747155,0.3859549070876981,0.7928293609614934,0.3875474535132222,0.3875474535132222,K562
KLF1,K562,norm_mean,"[[0 0 0 1]
 [0 0 0 1]
 [0 1 0 0]
 ...
 [0 1 0 0]
 [0 0 0 1]
 [0 0 0 1]]",0.6593763307583798,1.0,EH38E2135600,chr21,28884676,28885176,shared,cross_context,181793,-1,MA0493.3,KLF1,449,457,8.916298962698532,+,KLF1,ig,0.0802990412339568,0.0595466813247185,0.0749789701186819,0.7941783314532144,False,0.0427489353169221,0.0424331855139462,0.0624902416649274,0.6790368798876478,False,0.0457103488733992,0.0504953748197294,0.0548354616726282,0.9208523840405805,False,0.056252775141426,1.511039972305298,0.5955427801190624,1.1639232934096122,0.7298865600959007,0.8705070955661056,0.0802990412339568,0.0427489353169221,0.0457103488733992,1.321874983085808,0.975897440393944,1.1379478237044869,2.030838444649659,1.5870951393974535,1.4891017724301194,0.7941783314532144,0.6790368798876478,0.9208523840405805,0.2189959840011247,-0.4542558370064406,-0.2000720357944485,K562,0.2934161978435066,1.1639232934096122,0.7298865600959007,0.8705070955661056,0.2934161978435066,0.2934161978435066,K562
KLF1,K562,norm_mean,"[[0 0 1 0]
 [0 0 1 0]
 [0 1 0 0]
 ...
 [0 1 0 0]
 [0 0 0 1]
 [0 0 0 1]]",0.0046913043318851,0.0,EH38E3771455,chr7,44606969,44607469,shared,cross_context,45778,-1,MA0493.3,KLF1,29,37,8.916298962698532,+,KLF1,ig,0.0674628226552158,0.0732170004758518,0.0653401065128855,1.120552034237847,True,0.0250605548499152,0.0392259272834053,0.0476929967384785,0.8224670652135252,False,0.0436643387656658,0.0438848458160646,0.0560813008685363,0.7825217552231936,False,0.0453959054235989,2.4873199462890625,1.3145926747222638,1.0285767575564528,0.6222950432229849,0.92810494360566,0.0674628226552158,0.0250605548499152,0.0436643387656658,1.0328313513690623,0.9004839775473629,0.7717349651717027,2.084784155424904,1.4578952482380898,2.1267181605361607,1.120552034237847,0.8224670652135252,0.7825217552231936,0.040649460422523,-0.6843293378206683,-0.1076401489074128,K562,0.1004718139507927,1.0285767575564528,0.6222950432229849,0.92810494360566,0.1004718139507927,0.10047181395079285,K562
KLF1,K562,norm_mean,"[[0 0 1 0]
 [0 0 1 0]
 [0 0 0 1]
 ...
 [0 0 0 1]
 [1 0 0 0]
 [1 0 0 0]]",0.1402850905915466,0.0,EH38E3146707,chr15,75203035,75203535,shared,cross_context,189306,-1,MA0493.3,KLF1,221,229,8.916298962698532,+,KLF1,ig,0.0670761135406792,0.0553731797402724,0.0565086440220534,0.9799061877966888,False,0.0250668341759592,0.0412331821370753,0.0514801549355839,0.8009527978138675,False,0.0509045427606906,0.0507099555945023,0.0474088437208243,1.0696304933487153,True,0.0476824968257763,0.8154799938201904,-0.2942768420346802,1.1963968602239778,0.5279736824359388,1.0453034372311962,0.0670761135406792,0.0250668341759592,0.0509045427606906,1.151306517469762,0.4226155293390161,1.0818472797546723,2.918292889662199,1.3565085510543098,3.0101961875385466,0.9799061877966888,0.8009527978138675,1.0696304933487153,0.2586960306296306,-0.9214620738692878,0.0639217990390432,K562,0.1510934229927816,1.1963968602239778,0.5279736824359388,1.0453034372311962,0.1510934229927816,0.1510934229927816,K562
KLF1,K562,norm_mean,"[[0 0 0 1]
 [1 0 0 0]
 [0 0 0 1]
 ...
 [0 0 1 0]
 [0 1 0 0]
 [0 0 1 0]]",0.0642127686390469,0.0,EH38E2799016,chr1,29237080,29237580,shared,cross_context,184589,-1,MA0493.3,KLF1,461,469,8.916298962698532,+,KLF1,ig,0.0315150133828865,0.0464837654889561,0.0609590340004069,0.7625409199108468,False,0.0190931865363381,0.0293415322713553,0.052514237263822,0.5587347015363066,False,0.0159292602038476,0.0329806161386659,0.0452315898632514,0.7291498916327555,False,0.0221791533743574,0.9993900060653688,-0.00087886016685,0.6120963142382102,0.4736461241346044,0.3947125991278961,0.0315150133828865,0.0190931865363381,0.0159292602038476,0.4643037033105267,0.6485395523136641,0.4848030784010293,1.3767977251683916,1.0156644686284846,0.8117593939520181,0.7625409199108468,0.5587347015363066,0.7291498916327555,-0.7081694116041203,-1.0781185129435285,-1.3411255207997883,K562,0.1384501901036057,0.6120963142382102,0.4736461241346044,0.3947125991278961,0.1384501901036057,0.13845019010360582,K562
KLF1,K562,norm_mean,"[[1 0 0 0]
 [0 0 1 0]
 [0 0 0 1]
 ...
 [0 1 0 0]
 [0 1 0 0]
 [0 0 1 0]]",0.1766243146156919,0.0,EH38E3870193,chr8,144443665,144444165,shared,cross_context,63680,-1,MA0493.3,KLF1,83,91,8.916298962698532,+,KLF1,ig,0.101621092762798,0.0713642918993718,0.0488433502218686,1.461084814296212,True,0.043695054075215,0.0637255369569174,0.0321546309726545,1.981845700317784,True,0.0344301376026123,0.0478777466996689,0.0419690205692313,1.1407875295258645,True,0.0599154281468751,1.4673099517822266,0.5531746386025532,1.7729536661502403,0.9723968965350144,0.7871702229391963,0.101621092762798,0.043695054075215,0.0344301376026123,1.7522040085068271,0.9157915867137124,0.9716157806218688,3.765904367103325,2.8353959429540985,2.125684259189508,1.461084814296212,1.981845700317784,1.1407875295258645,0.8261548345750139,-0.0403828044803974,-0.3452524455868918,K562,0.800556769615226,1.7729536661502403,0.9723968965350144,0.7871702229391963,0.800556769615226,0.8005567696152259,K562
KLF1,K562,norm_mean,"[[0 0 1 0]
 [1 0 0 0]
 [0 1 0 0]
 ...
 [0 0 1 0]
 [1 0 0 0]
 [0 0 0 1]]",0.1755141301780127,0.0,EH38E1739885,chr14,96502088,96502588,shared,cross_context,12435,-1,MA0493.3,KLF1,487,495,8.916298962698532,+,KLF1,ig,0.1316947354935109,0.0509742956911213,0.0432304559659678,1.1791289904496904,True,0.050669660384301,0.0350639678467996,0.0350704821950057,0.9998139647379388,False,0.0655886796303093,0.0352985606272704,0.044212591900723,0.7983823414539468,False,0.0826510251693738,0.9100800156593324,-0.1359331147546939,2.8961169120383645,1.360843730902361,1.7390562575823127,0.1316947354935109,0.050669660384301,0.0655886796303093,3.055933240167279,1.65505753667344,2.3254055716062663,5.824174700607109,2.043599371745469,2.977144594526675,1.1791289904496904,0.9998139647379388,0.7983823414539468,1.5341198436007142,0.4445014091245906,0.7983046046772005,K562,1.1570606544560518,2.8961169120383645,1.360843730902361,1.7390562575823127,1.1570606544560518,1.1570606544560518,K562
KLF1,K562,norm_mean,"[[0 0 1 0]
 [0 1 0 0]
 [0 0 1 0]
 ...
 [0 1 0 0]
 [0 0 0 1]
 [1 0 0 0]]",0.165519138650396,0.0,EH38E3042263,chr12,113185696,113186196,shared,cross_context,30412,-1,MA0493.3,KLF1,408,416,8.916298962698532,+,KLF1,ig,0.0483596171252429,0.0583906391728669,0.0541955104182125,1.07740711265953,True,0.024378444883041,0.0352119565673638,0.042236690808204,0.8336815114244028,False,0.030305583612062,0.038871079874516,0.058016786952503,0.6699969994265423,False,0.0343478818734486,2.097059965133667,1.0683688036460022,0.6936501672748147,0.5133937935705637,0.5563729914093203,0.0483596171252429,0.024378444883041,0.030305583612062,0.9023494507150956,0.5500454051900622,0.6052528841335038,1.437496897597591,1.421379680652224,1.4212158596852154,1.07740711265953,0.8336815114244028,0.6699969994265423,-0.5277198495803992,-0.9618622368321909,-0.8458757049547619,K562,0.1372771758654943,0.6936501672748147,0.5133937935705637,0.5563729914093203,0.1372771758654943,0.13727717586549437,K562
KLF1,K562,norm_mean,"[[0 0 1 0]
 [0 0 0 1]
 [0 0 0 1]
 ...
 [0 1 0 0]
 [0 1 0 0]
 [0 0 0 1]]",0.0325789603597037,0.0,EH38E3514392,chr3,52122781,52123281,shared,cross_context,135204,-1,MA0493.3,KLF1,178,186,8.916298962698532,+,KLF1,ig,0.0698682300280779,0.076798203238286,0.0566485332323449,1.355695995981696,True,0.0214871672797016,0.0458398186229169,0.0480848887645481,0.9533100786460134,False,0.0330621232278645,0.0439808049157727,0.0535673449502874,0.821037457544592,False,0.0414725068452147,1.4305800199508667,0.5166012059947953,1.1003959521713174,0.463663296824763,0.6460284446837521,0.0698682300280779,0.0214871672797016,0.0330621232278645,1.0470366052012707,0.5256508375883843,0.9506020356720128,3.0189216972746205,1.1053011581406076,1.1776109246786637,1.355695995981696,0.9533100786460134,0.821037457544592,0.1380227391048135,-1.1088505630031125,-0.6303304043592213,K562,0.4543675074875652,1.1003959521713174,0.463663296824763,0.6460284446837521,0.4543675074875652,0.45436750748756527,K562
KLF1,K562,norm_mean,"[[0 1 0 0]
 [0 0 0 1]
 [0 1 0 0]
 ...
 [0 1 0 0]
 [0 1 0 0]
 [0 0 1 0]]",0.9934259965676754,1.0,EH38E3235742,chr17,62064879,62065379,shared,cross_context,98667,-1,MA0493.3,KLF1,450,458,8.916298962698532,+,KLF1,ig,0.0492020698729902,0.0580189292167779,0.0630019483945216,0.9209067574290356,False,0.0341728769126348,0.0490837075817398,0.0609022030798951,0.8059429222604599,False,0.0295675852103158,0.0387371022463776,0.052958560353727,0.7314604980391319,False,0.0376475106653136,0.0,-19.93156856932417,0.7256997302949033,0.6142196088075926,0.5812616957976218,0.0492020698729902,0.0341728769126348,0.0295675852103158,1.0196041025374467,0.5396094608805742,0.7770863086179851,1.43483695162306,1.589408035588609,0.8859603625122131,0.9209067574290356,0.8059429222604599,0.7314604980391319,-0.4625553590354734,-0.7031735218107164,-0.7827402519649067,K562,0.1114801214873106,0.7256997302949033,0.6142196088075926,0.5812616957976218,0.1114801214873106,0.11148012148731068,K562
KLF1,K562,norm_mean,"[[0 0 0 1]
 [0 0 0 1]
 [0 1 0 0]
 ...
 [0 1 0 0]
 [0 0 1 0]
 [0 1 0 0]]",0.6983449440862702,1.0,EH38E3771905,chr7,45111794,45112294,shared,cross_context,158977,-1,MA0493.3,KLF1,217,225,8.916298962698532,+,KLF1,ig,0.0817408761940896,0.0513685363199329,0.0567004715084271,0.9059629645702078,False,0.0399299402488395,0.0397916875948431,0.058707158760696,0.6777994652926156,False,0.0210843955865129,0.0411492606520187,0.0496507139228364,0.8287746361154746,False,0.0475850706764807,2.2017900943756104,1.138677592696264,1.4966009123906356,0.7780838032783206,0.4550932711161286,0.0817408761940896,0.0399299402488395,0.0210843955865129,1.7319280633932093,1.2519700607272228,0.5308620207903438,2.289490519074546,1.164503209948495,0.740747968760083,0.9059629645702078,0.6777994652926156,0.8287746361154746,0.5816895607202519,-0.3620025444246588,-1.1357658365453185,K562,0.718517109112315,1.4966009123906356,0.7780838032783206,0.4550932711161286,0.718517109112315,0.718517109112315,K562
KLF1,K562,norm_mean,"[[1 0 0 0]
 [0 1 0 0]
 [0 0 1 0]
 ...
 [0 0 1 0]
 [0 0 1 0]
 [0 1 0 0]]",0.6626080782804562,1.0,EH38E3044722,chr12,118136300,118136800,shared,cross_context,74493,-1,MA0493.3,KLF1,138,146,8.916298962698532,+,KLF1,ig,0.0603618479217402,0.0606335816148202,0.0601072795236914,1.0087558779525638,True,0.0242706021526828,0.0454018273303518,0.0433354311697723,1.047683515035282,True,0.025991097849328,0.0406908525331527,0.0493856048515001,0.8239413978242045,False,0.0368745159745837,2.888099908828736,1.5301211501625875,1.0411327891692457,0.5478057056984109,0.5831975876497594,0.0603618479217402,0.0242706021526828,0.025991097849328,0.7708513212610991,0.4736086130084761,0.5717138559516082,3.697366787848857,1.3673687798339973,1.417885224121592,1.0087558779525638,1.047683515035282,0.8239413978242045,0.05815408737025,-0.8682637996680693,-0.7779433403292099,K562,0.4579352015194861,1.0411327891692457,0.5478057056984109,0.5831975876497594,0.4579352015194861,0.4579352015194863,K562
KLF1,K562,norm_mean,"[[0 0 1 0]
 [0 0 1 0]
 [0 0 0 1]
 ...
 [0 1 0 0]
 [0 0 0 1]
 [0 0 1 0]]",0.0108426615880143,0.0,EH38E3185848,chr16,66511238,66511738,shared,cross_context,90248,-1,MA0493.3,KLF1,195,203,8.916298962698532,+,KLF1,ig,0.0650450331158936,0.085102898471523,0.0722150980607048,1.1784639081338018,True,0.0256401913939043,0.0531747569807339,0.0405087038659705,1.3126745311310295,True,0.0306589929386973,0.0531948796176584,0.0475333712241272,1.119105736804969,True,0.0404480724828317,0.7248600125312805,-0.4642237008005085,0.8436260794565225,0.564518559273643,0.6227577945605258,0.0650450331158936,0.0256401913939043,0.0306589929386973,0.7195776245829995,0.5847477002232727,0.6715691861463975,1.6571359536977304,1.1750616242929364,1.7784677817086378,1.1784639081338018,1.3126745311310295,1.119105736804969,-0.245324398565997,-0.8249070800989132,-0.6832569189333022,K562,0.2208682848959966,0.8436260794565225,0.564518559273643,0.6227577945605258,0.2208682848959966,0.22086828489599664,K562
KLF1,K562,norm_mean,"[[1 0 0 0]
 [0 1 0 0]
 [1 0 0 0]
 ...
 [0 0 0 1]
 [0 1 0 0]
 [0 0 1 0]]",0.0997175826090832,0.0,EH38E3538482,chr3,128496199,128496699,shared,cross_context,218065,-1,MA0493.3,KLF1,285,293,8.916298962698532,+,KLF1,ig,0.0663671124493703,0.0736807057075202,0.0559137959159367,1.317755150101838,True,0.0228072822792455,0.0486006221733987,0.0420747847764197,1.155100635229629,True,0.0298545691184699,0.0542803415493108,0.0484682904860118,1.1199142739691563,True,0.0396763212823619,1.6180200576782229,0.6942303837940061,1.0558933030926454,0.5110996983756141,0.5883992783588238,0.0663671124493703,0.0228072822792455,0.0298545691184699,1.0312476995421198,0.4494413894058108,0.6574260957130765,2.6152452695209205,1.034584230699204,1.3977263264294086,1.317755150101838,1.155100635229629,1.1199142739691563,0.0784640606117986,-0.9683233521296316,-0.7651326152322262,K562,0.4674940247338216,1.0558933030926454,0.5110996983756141,0.5883992783588238,0.4674940247338216,0.4674940247338216,K562
KLF1,K562,norm_mean,"[[0 0 0 1]
 [1 0 0 0]
 [0 1 0 0]
 ...
 [1 0 0 0]
 [0 0 1 0]
 [0 0 0 1]]",0.1473286710472509,0.0,EH38E2112936,chr20,41028423,41028923,shared,cross_context,25071,-1,MA0493.3,KLF1,219,227,8.800191187146758,+,KLF1,ig,0.0669789660023525,0.0560844965558499,0.0653814017147315,0.8578049186296958,False,0.030736816348508,0.0459805587722803,0.0489870329728523,0.9386269507584258,False,0.0267459599126596,0.0600614105182467,0.0580969657226561,1.0338130302163822,True,0.0414872474211733,1.4428000450134275,0.5288723731751487,1.0846831572421316,0.6428597840971911,0.4543661889800651,0.0669789660023525,0.030736816348508,0.0267459599126596,1.1206241615803585,0.7765692809059918,0.525120562295421,2.6559988931772383,1.141477681165552,1.3441392181385952,0.8578049186296958,0.9386269507584258,1.0338130302163822,0.1172736852615671,-0.6374239909327442,-1.1380726089947013,K562,0.4418233731449404,1.0846831572421316,0.6428597840971911,0.4543661889800651,0.4418233731449404,0.44182337314494047,K562
KLF1,K562,norm_mean,"[[1 0 0 0]
 [0 0 0 1]
 [0 0 1 0]
 ...
 [1 0 0 0]
 [0 0 0 1]
 [0 0 1 0]]",0.9426489875437676,1.0,EH38E3305232,chr19,39390497,39390997,shared,cross_context,192584,-1,MA0493.3,KLF1,166,174,8.800191187146758,+,KLF1,ig,0.1313788979314267,0.0713093896885402,0.0613040231547697,1.1632087811989578,True,0.0631581821944564,0.0453321537026204,0.0516789513683222,0.8771877859450897,False,0.0661150558153167,0.0690663010720163,0.0496042600069712,1.3923458819635883,True,0.0868840453137333,1.1457799673080444,0.1963312783179423,1.942895262194639,1.3114909706598397,1.1709767218915768,0.1313788979314267,0.0631581821944564,0.0661150558153167,2.1743869361606247,1.6268208460714657,1.487899337297241,2.919906929546352,2.1062046757912416,1.7776822109960702,1.1632087811989578,0.8771877859450897,1.3923458819635883,0.9582081308036352,0.391207876084476,0.2277123976985118,K562,0.6314042915347993,1.942895262194639,1.3114909706598397,1.1709767218915768,0.6314042915347993,0.6314042915347993,K562
KLF1,K562,norm_mean,"[[0 1 0 0]
 [0 0 0 1]
 [1 0 0 0]
 ...
 [0 0 1 0]
 [0 0 1 0]
 [0 0 1 0]]",0.1204802792086576,0.0,EH38E3875350,chr9,14692481,14692981,shared,cross_context,168927,-1,MA0493.3,KLF1,490,498,8.800191187146758,+,KLF1,ig,0.0521854441612958,0.0688356090924935,0.0657378195531782,1.047123240307308,True,0.0334684294648468,0.0484379971958696,0.0445715745695633,1.08674613352083,True,0.0337824453308712,0.0550959788571344,0.0478511350648477,1.1514035616591518,True,0.0398121063190046,1.3833999633789062,0.4682193662056783,0.8189247876594089,0.7498227600150632,0.6422610026210669,0.0521854441612958,0.0334684294648468,0.0337824453308712,0.9606679501461722,0.9649108611011922,0.553532158556741,1.7182759289798613,1.4456152066871877,2.3894702337837384,1.047123240307308,1.08674613352083,1.1514035616591518,-0.2881971363185936,-0.4153784753094219,-0.6387683923871089,K562,0.0691020276443457,0.8189247876594089,0.7498227600150632,0.6422610026210669,0.0691020276443457,0.0691020276443457,K562
KLF1,K562,norm_mean,"[[0 0 0 1]
 [0 0 1 0]
 [0 1 0 0]
 ...
 [0 0 0 1]
 [0 1 0 0]
 [0 1 0 0]]",0.0012437913279688,0.0,EH38E3286716,chr19,6392229,6392729,shared,cross_context,105633,-1,MA0493.3,KLF1,156,164,8.800191187146758,+,KLF1,ig,0.0967825714033097,0.0621406530804233,0.0580492896927843,1.070480667454936,True,0.0402727744076401,0.0582586511038243,0.0542365008983044,1.0741592727648277,True,0.0301478742621839,0.0503070465872588,0.038176416080051,1.3177516009951125,True,0.0557344066910445,1.177940011024475,0.2362672936392398,1.5873883877503148,0.730334563265868,0.7194084449347711,0.0967825714033097,0.0402727744076401,0.0301478742621839,1.4409246567315055,0.6397278701479296,0.991443412870299,2.7496107915273806,2.0335581784954866,1.3502883619386858,1.070480667454936,1.0741592727648277,1.3177516009951125,0.666655157770102,-0.4533705848200858,-0.4751169979152046,K562,0.8570538244844468,1.5873883877503148,0.730334563265868,0.7194084449347711,0.8570538244844468,0.8570538244844468,K562
KLF1,K562,norm_mean,"[[0 0 1 0]
 [0 0 0 1]
 [0 1 0 0]
 ...
 [0 0 0 1]
 [1 0 0 0]
 [1 0 0 0]]",0.1433478831796485,0.0,EH38E1863565,chr17,42459050,42459550,shared,cross_context,17031,-1,MA0493.3,KLF1,313,321,8.800191187146758,+,KLF1,ig,0.0760911526158452,0.0701129928079899,0.0809457103358739,0.866172943017432,False,0.031593038511346,0.0348871349927503,0.052358779004554,0.6663090506107006,False,0.0266140703461132,0.0393790270257159,0.0487906623465971,0.8071015448603942,False,0.0447660871577682,0.8446099758148193,-0.2436410996416804,0.9775772166813872,0.6983371983736403,0.5904599665363119,0.0760911526158452,0.031593038511346,0.0266140703461132,0.7416068838483456,0.6414684195719246,0.8448106458725289,2.4592241205179657,2.625586405948709,1.1135611334064617,0.866172943017432,0.6663090506107006,0.8071015448603942,-0.0327174311720774,-0.5180042699205294,-0.7600888449086893,K562,0.279240018307747,0.9775772166813872,0.6983371983736403,0.5904599665363119,0.279240018307747,0.2792400183077469,K562
KLF1,K562,norm_mean,"[[0 0 1 0]
 [0 0 1 0]
 [0 0 0 1]
 ...
 [0 1 0 0]
 [0 0 1 0]
 [0 0 1 0]]",0.133118412599,0.0,EH38E3216386,chr17,29292863,29293363,shared,cross_context,95496,-1,MA0493.3,KLF1,286,294,8.800191187146758,+,KLF1,ig,0.0901554338634014,0.0639528252754826,0.0759252111064807,0.8423133228126194,False,0.0195313699077814,0.0385346012667287,0.0626863453153652,0.6147207166993071,False,0.0576525789219886,0.0553846519827493,0.0741205439770009,0.747223934671816,False,0.0557797942310571,1.2507799863815308,0.3228291935620576,1.2653660993809812,0.366772029689785,0.8630388359098392,0.0901554338634014,0.0195313699077814,0.0576525789219886,1.645105250521483,0.2686057772957579,0.9946324248196048,1.9672528293157123,1.0463611126982832,1.5505580478009258,0.8423133228126194,0.6147207166993071,0.747223934671816,0.3395548511571509,-1.4470444688324102,-0.2125026124744027,K562,0.402327263471142,1.2653660993809812,0.366772029689785,0.8630388359098392,0.402327263471142,0.402327263471142,K562
KLF1,K562,norm_mean,"[[0 0 0 1]
 [1 0 0 0]
 [0 1 0 0]
 ...
 [0 1 0 0]
 [0 0 0 1]
 [0 1 0 0]]",0.1849221124621592,0.0,EH38E2109925,chr20,36461474,36461974,shared,cross_context,24959,-1,MA0493.3,KLF1,33,41,8.800191187146758,+,KLF1,ig,0.0737629539798945,0.0715935922192875,0.0536528482032008,1.334385429162772,True,0.0354203234892338,0.0689257494715275,0.057886490902747,1.1907050589795904,True,0.0485006921226158,0.0664217801322229,0.0434044978889869,1.5302968139186337,True,0.052561323197248,1.4844599962234497,0.5699391874342048,1.3035149924834029,0.6420184982757808,0.9826843732955096,0.0737629539798945,0.0354203234892338,0.0485006921226158,1.3341859462986034,0.9178620843481984,1.167089607327803,3.158379771840432,1.1334768524163406,2.2646508372461747,1.334385429162772,1.1907050589795904,1.5302968139186337,0.3824071773496847,-0.6393132267782319,-0.0251999791937249,K562,0.3208306191878932,1.3035149924834029,0.6420184982757808,0.9826843732955096,0.3208306191878932,0.32083061918789324,K562
KLF1,K562,norm_mean,"[[0 0 1 0]
 [0 1 0 0]
 [1 0 0 0]
 ...
 [0 1 0 0]
 [1 0 0 0]
 [0 1 0 0]]",0.0320932100339299,0.0,EH38E3349076,chr2,66576489,66576989,shared,cross_context,116643,-1,MA0493.3,KLF1,189,197,8.800191187146758,+,KLF1,ig,0.0784562366898171,0.0616987835697364,0.0775982094380318,0.7951056611422337,False,0.042746434075525,0.0466552053811028,0.0581808156892498,0.8019000216719754,False,0.0500454162247478,0.0434747444538516,0.0447930036300996,0.9705697592232948,False,0.0570826956633633,1.0193099975585938,0.0275942930954472,1.1271514516764498,0.8082439559578404,1.119329276415601,0.0784562366898171,0.042746434075525,0.0500454162247478,1.3730528552579928,0.9204343104468428,1.6468776299267678,2.433025427768745,1.9262603737131796,1.5797337733530643,0.7951056611422337,0.8019000216719754,0.9705697592232948,0.1726813800575343,-0.3071372791732397,0.1626345019215654,K562,0.0078221752608487,1.1271514516764498,0.8082439559578404,1.119329276415601,0.0078221752608487,0.007822175260848718,K562
KLF1,K562,norm_mean,"[[0 1 0 0]
 [0 0 0 1]
 [0 0 1 0]
 ...
 [0 1 0 0]
 [1 0 0 0]
 [0 1 0 0]]",0.6644153235240382,1.0,EH38E3700913,chr6,31777315,31777815,shared,cross_context,151506,-1,MA0493.3,KLF1,27,35,8.800191187146758,+,KLF1,ig,0.205400064587593,0.0718918030180793,0.0616431626409757,1.1662573475378044,True,0.0257413713843561,0.073276752437232,0.0599832099978812,1.2216208539624984,True,0.0729554072022438,0.0577387411968084,0.0390672845055814,1.4779303744353058,True,0.1013656143913976,3.442600011825561,1.7834989861312822,3.310028115748484,0.4387752837598766,1.5855916225154476,0.205400064587593,0.0257413713843561,0.0729554072022438,4.302857775439932,0.3224452760745354,2.133772347695284,3.9588062718207127,1.2630597491473756,2.3484551465108465,1.1662573475378044,1.2216208539624984,1.4779303744353058,1.726843471933194,-1.1884458306744443,0.6650212460776008,K562,1.7244364932330365,3.310028115748484,0.4387752837598766,1.5855916225154476,1.7244364932330365,1.7244364932330365,K562
KLF1,K562,norm_mean,"[[0 0 1 0]
 [0 0 1 0]
 [0 0 1 0]
 ...
 [0 1 0 0]
 [0 0 0 1]
 [0 0 1 0]]",0.0458627243297916,0.0,EH38E3279864,chr19,860382,860882,shared,cross_context,103312,-1,MA0493.3,KLF1,195,203,8.800191187146758,+,KLF1,ig,0.165230743587017,0.062850596390781,0.0475931330210214,1.3205809156798165,True,0.0853688013739883,0.0511489790031919,0.0383101541153388,1.3351281620511914,True,0.0374691350152716,0.0310595604707486,0.0342637503622442,0.906484289592852,False,0.0960228933254256,2.5824100971221924,1.368718683282527,3.0789063118916653,1.9805022120559883,1.1364473089882758,0.165230743587017,0.0853688013739883,0.0374691350152716,3.715939892310012,2.166642858165769,1.3876395644618753,4.324466771386106,3.228546206443869,2.5769074307494444,1.3205809156798165,1.3351281620511914,0.906484289592852,1.6224179687198623,0.9858663133420608,0.1845307968871485,K562,1.098404099835677,3.0789063118916653,1.9805022120559883,1.1364473089882758,1.098404099835677,1.098404099835677,K562
KLF1,K562,norm_mean,"[[0 0 1 0]
 [0 0 1 0]
 [0 0 1 0]
 ...
 [0 0 0 1]
 [0 0 1 0]
 [0 0 0 1]]",0.1338522949628036,0.0,EH38E3326753,chr2,15591975,15592475,shared,cross_context,114727,-1,MA0493.3,KLF1,403,411,8.800191187146758,+,KLF1,ig,0.0574722796445712,0.0526258807396516,0.0818220557400775,0.6431746774375898,False,0.0224029120290651,0.0569969761034008,0.0458429941084099,1.243308051292054,True,0.0426444240729324,0.0416612335568061,0.062744345833979,0.6639837640064608,False,0.0408398719155229,2.6948699951171875,1.4302162120652329,0.8819039812146625,0.4402761793082402,0.8546460118557394,0.0574722796445712,0.0224029120290651,0.0426444240729324,0.950123105663683,0.3381711143260751,1.169673779520097,2.0726944177127327,1.1184887563408932,1.4245128727197656,0.6431746774375898,1.243308051292054,0.6639837640064608,-0.1813065047773889,-1.183519300761888,-0.2266011032465348,K562,0.0272579693589231,0.8819039812146625,0.4402761793082402,0.8546460118557394,0.0272579693589231,0.027257969358923106,K562
KLF1,K562,norm_mean,"[[0 0 1 0]
 [0 0 0 1]
 [0 0 1 0]
 ...
 [0 1 0 0]
 [0 1 0 0]
 [0 0 0 1]]",0.0536036158019926,0.0,EH38E3484321,chr22,42314502,42315002,shared,cross_context,131591,-1,MA0493.3,KLF1,383,391,8.800191187146758,+,KLF1,ig,0.1292459089308977,0.0599730482971062,0.0706385034653875,0.8490134539211774,False,0.084507180377841,0.0531200590130174,0.0675779505938084,0.7860559647886792,False,0.0613842569291591,0.054716753110988,0.0471941781476036,1.1593960031658344,True,0.0917124487459659,0.5663599967956543,-0.8202061791609943,1.880355243306498,1.328301837651733,1.1560887337798622,0.1292459089308977,0.084507180377841,0.0613842569291591,2.033179030152493,1.7739165194561772,1.462832659392276,3.320230101510227,1.952488023497539,1.6137850503432538,0.8490134539211774,0.7860559647886792,1.1593960031658344,0.9110052474260968,0.4095830169001437,0.2092521351342663,K562,0.552053405654765,1.880355243306498,1.328301837651733,1.1560887337798622,0.552053405654765,0.552053405654765,K562
KLF1,K562,norm_mean,"[[0 0 1 0]
 [1 0 0 0]
 [1 0 0 0]
 ...
 [0 0 1 0]
 [0 0 1 0]
 [1 0 0 0]]",0.6599970424399688,1.0,EH38E1930034,chr19,507014,507514,shared,cross_context,19075,-1,MA0493.3,KLF1,316,324,8.800191187146758,+,KLF1,ig,0.0481944291386753,0.0461880854837363,0.0661387417380927,0.6983513336725741,False,0.0273620920197572,0.0400008078076643,0.0432974358816066,0.9238606803053312,False,0.0229251417913474,0.0546615564578678,0.0441658272262828,1.2376433888892533,True,0.03282722098326,2.089709997177124,1.063303434282607,0.8380706321389573,0.6582011520995807,0.4718756856396052,0.0481944291386753,0.0273620920197572,0.0229251417913474,1.0459228597066297,0.4902832610580254,0.614002482821726,1.2024856489219466,1.6051838848407975,0.96644434558267,0.6983513336725741,0.9238606803053312,1.2376433888892533,-0.2548562545606011,-0.6033995409720625,-1.0835212562545586,K562,0.1798694800393765,0.8380706321389573,0.6582011520995807,0.4718756856396052,0.1798694800393765,0.17986948003937653,K562
KLF1,K562,norm_mean,"[[0 0 1 0]
 [1 0 0 0]
 [1 0 0 0]
 ...
 [1 0 0 0]
 [1 0 0 0]
 [0 1 0 0]]",0.1895799919611092,0.0,EH38E2798279,chr1,28088042,28088542,shared,cross_context,13740,-1,MA0493.3,KLF1,167,175,8.800191187146758,+,KLF1,ig,0.2698537297546863,0.0866402148175984,0.0630374338470976,1.3744246201948036,True,0.1576851508580148,0.0818920612208603,0.0531847693886937,1.5397649884445936,True,0.1450478434562683,0.0718150510941632,0.0399503144946781,1.7976087053743433,True,0.1908622413563231,1.0515700578689575,0.0725463406749825,3.852450675612187,2.5397543490102974,2.7909589741427365,0.2698537297546863,0.1576851508580148,0.1450478434562683,4.837417905566104,3.376358641648869,3.1560645385930908,5.395982397771031,4.691726995406421,4.760944728273474,1.3744246201948036,1.5397649884445936,1.7976087053743433,1.945776485860756,1.344688963469717,1.4807609181004615,K562,1.0614917014694505,3.852450675612187,2.5397543490102974,2.7909589741427365,1.0614917014694505,1.0614917014694503,K562
KLF1,K562,norm_mean,"[[0 1 0 0]
 [1 0 0 0]
 [1 0 0 0]
 ...
 [0 0 1 0]
 [0 1 0 0]
 [0 0 0 1]]",0.0313118760174716,0.0,EH38E3102899,chr14,70821509,70822009,shared,cross_context,79741,-1,MA0493.3,KLF1,452,460,8.800191187146758,+,KLF1,ig,0.0923153422772884,0.0485371639768709,0.0821964513917919,0.5905018677813523,False,0.0330874583451077,0.0455373392259934,0.0667804672074271,0.6818959841294598,False,0.0376430960604921,0.04173307697376,0.0660448202781845,0.6318901388341525,False,0.0543486322276294,0.4611299932003021,-1.1167514605109552,1.3166862637391736,0.5498871481543032,0.6591726413155372,0.0923153422772884,0.0330874583451077,0.0376430960604921,1.9186741573033708,0.6815035232743417,0.7008203215389577,2.2348559736024223,1.0542601702467629,1.321203489626394,0.5905018677813523,0.6818959841294598,0.6318901388341525,0.3969116263647324,-0.8627925236330052,-0.6012717273885784,K562,0.6575136224236364,1.3166862637391736,0.5498871481543032,0.6591726413155372,0.6575136224236364,0.6575136224236364,K562
KLF1,K562,norm_mean,"[[0 1 0 0]
 [0 0 1 0]
 [0 1 0 0]
 ...
 [0 0 1 0]
 [0 1 0 0]
 [0 1 0 0]]",0.100374628984749,0.0,EH38E3176513,chr16,30011534,30012034,shared,cross_context,89001,-1,MA0493.3,KLF1,186,194,8.800191187146758,+,KLF1,ig,0.0527550063561648,0.0901470313337631,0.0597795064167665,1.5079919801505677,True,0.0253767984686419,0.0512342474859906,0.0498863975031718,1.027018180908959,True,0.0332619831897318,0.0586887329025194,0.0610946154061319,0.9606202266137296,False,0.0371312626715128,0.6194300055503845,-0.6909844961268937,0.7391883523600465,0.504430640875585,0.5602808674396836,0.0527550063561648,0.0253767984686419,0.0332619831897318,0.6847793284635086,0.501103822571067,0.6533292238851857,1.7109217160117272,1.3930997209907738,1.2493469396059094,1.5079919801505677,1.027018180908959,0.9606202266137296,-0.4359860690344654,-0.9872721793734126,-0.8357778642832511,K562,0.1789074849203629,0.7391883523600465,0.504430640875585,0.5602808674396836,0.1789074849203629,0.1789074849203629,K562
KLF1,K562,norm_mean,"[[0 1 0 0]
 [0 1 0 0]
 [0 0 0 1]
 ...
 [0 0 0 1]
 [0 1 0 0]
 [0 1 0 0]]",0.0263991535348487,0.0,EH38E3315682,chr19,52637828,52638328,shared,cross_context,16490,-1,MA0493.3,KLF1,219,227,8.800191187146758,+,KLF1,ig,0.0333014841889962,0.0764089060749392,0.0645359493758475,1.1839741256490122,True,0.0241729974513873,0.0549617141124326,0.0570350609285434,0.9636476858473904,False,0.0189564183820039,0.0575542285502888,0.0491467084616604,1.1710696126169051,True,0.0254769666741291,1.681939959526062,0.7501270641579096,0.4814174308016374,0.4299320362115574,0.3615505327879298,0.0333014841889962,0.0241729974513873,0.0189564183820039,0.5923873174505121,0.3820445663554155,0.2732831899319548,0.912734108742433,1.3102656489453712,0.8455733000458128,1.1839741256490122,0.9636476858473904,1.1710696126169051,-1.054639713111387,-1.2178194753683995,-1.467730788651317,K562,0.0514853945900799,0.4814174308016374,0.4299320362115574,0.3615505327879298,0.0514853945900799,0.05148539459008,K562
KLF1,K562,norm_mean,"[[0 0 0 1]
 [0 0 1 0]
 [0 0 0 1]
 ...
 [0 0 0 1]
 [1 0 0 0]
 [0 0 0 1]]",0.711818301185837,1.0,EH38E3379147,chr2,156436048,156436548,shared,cross_context,119564,-1,MA0493.3,KLF1,258,266,8.800191187146758,+,KLF1,ig,0.0609958298737183,0.0611547662562225,0.0548718210945177,1.114502013808912,True,0.0186149624933023,0.0383824262558482,0.0395338978297121,0.9708735706365328,False,0.0190127982059493,0.0462237538065528,0.0460717847379736,1.0032983101579491,True,0.0328745301909899,1.053570032119751,0.07528758442792,1.0640150567781494,0.476279624474845,0.4121466551836147,0.0609958298737183,0.0186149624933023,0.0190127982059493,0.8821206368467812,0.483205363856143,0.5190349096584222,2.984778452634649,1.035889388976549,0.7396949596982655,1.114502013808912,0.9708735706365328,1.0032983101579491,0.0895185677828493,-1.070119261186714,-1.278770304807642,K562,0.5877354323033044,1.0640150567781494,0.476279624474845,0.4121466551836147,0.5877354323033044,0.5877354323033044,K562
KLF1,K562,norm_mean,"[[0 0 1 0]
 [0 0 1 0]
 [1 0 0 0]
 ...
 [0 1 0 0]
 [1 0 0 0]
 [0 0 0 1]]",0.0220339097845096,0.0,EH38E3822606,chr8,22692194,22692694,shared,cross_context,47192,-1,MA0493.3,KLF1,398,406,8.800191187146758,+,KLF1,ig,0.036805389332585,0.0580600526218768,0.0707847085847918,0.8202342791308501,False,0.0177395667997188,0.0374599275545915,0.0565820299787446,0.6620462529923551,False,0.018902500742115,0.0464553794817766,0.0531951486934087,0.8733008909612066,False,0.0244824856248063,0.1631399989128112,-2.615808704037916,0.5489476648962723,0.3805650292148808,0.3969930642153341,0.036805389332585,0.0177395667997188,0.018902500742115,0.5152338058610727,0.3618902066708034,0.4882534696936889,1.13881219093112,0.9013336564340946,0.7948184505139675,0.8202342791308501,0.6620462529923551,0.8733008909612066,-0.8652594789006298,-1.3937850951604465,-1.3328142886950227,K562,0.1519546006809382,0.5489476648962723,0.3805650292148808,0.3969930642153341,0.1519546006809382,0.15195460068093825,K562
KLF1,K562,norm_mean,"[[0 0 1 0]
 [0 0 1 0]
 [0 1 0 0]
 ...
 [0 0 1 0]
 [0 0 0 1]
 [0 0 1 0]]",0.7490877700772652,1.0,EH38E2805153,chr1,39955129,39955629,shared,cross_context,48425,-1,MA0493.3,KLF1,97,105,8.800191187146758,+,KLF1,ig,0.0810049517313018,0.0605259178322739,0.0719018389762782,0.8417852766518233,False,0.0265837397892028,0.0529061755043221,0.0631145117063056,0.8382567763170801,False,0.0569649979006499,0.0631395068229176,0.0461194802710406,1.369041731637788,True,0.0548512298070515,1.1201599836349487,0.1637060837133356,1.2736857289499812,0.4904449445818895,1.1345269779522305,0.0810049517313018,0.0265837397892028,0.0569649979006499,1.822427076265249,0.2974501440035774,0.8981134667927357,2.1583462997505807,1.424376710765369,3.189981243983699,0.8417852766518233,0.8382567763170801,1.369041731637788,0.3490093499853787,-1.0278368976758872,0.1820909165799304,K562,0.1391587509977507,1.2736857289499812,0.4904449445818895,1.1345269779522305,0.1391587509977507,0.13915875099775077,K562
KLF1,K562,norm_mean,"[[1 0 0 0]
 [0 1 0 0]
 [0 0 0 1]
 ...
 [0 1 0 0]
 [0 0 1 0]
 [0 1 0 0]]",0.1979923871259059,0.0,EH38E3416575,chr20,2839675,2840175,shared,cross_context,122526,-1,MA0493.3,KLF1,355,363,8.800191187146758,+,KLF1,ig,0.1265027513727545,0.0694776846084278,0.0579133411218769,1.1996833763291312,True,0.0432280038367025,0.0381504919246072,0.0591078224769524,0.645438858538468,False,0.036202039103955,0.0397654692153446,0.0449194794809703,0.8852609340582743,False,0.0686442647711373,0.8154799938201904,-0.2942768420346802,2.1051654575481185,0.8965276919730227,0.8594101372219429,0.1265027513727545,0.0432280038367025,0.036202039103955,2.281622453229972,1.344001042364847,1.15514936479764,3.4989373040603207,1.227522665609994,1.5185912859233042,1.1996833763291312,0.645438858538468,0.8852609340582743,1.0739336284678545,-0.1575799474905427,-0.2185812986037066,K562,1.2086377655750955,2.1051654575481185,0.8965276919730227,0.8594101372219429,1.2086377655750955,1.2086377655750957,K562
KLF1,K562,norm_mean,"[[1 0 0 0]
 [0 1 0 0]
 [0 0 1 0]
 ...
 [0 0 1 0]
 [0 0 1 0]
 [1 0 0 0]]",0.9221518500901272,1.0,EH38E2852038,chr1,182391226,182391726,shared,cross_context,185414,-1,MA0493.3,KLF1,292,300,8.800191187146758,+,KLF1,ig,0.0737327269744128,0.0568282972532324,0.0692955449533959,0.820085751408612,False,0.0161131384666077,0.0345378262351732,0.0451119993449538,0.7656015933822874,False,0.0346228144189808,0.0494579952122876,0.0486055161561055,1.017538521308137,True,0.0414895599533338,2.4464499950408936,1.2906903843775073,1.1444644876875285,0.3931811433098864,0.7074757757135773,0.0737327269744128,0.0161131384666077,0.0346228144189808,1.6853348393060406,0.5745899956955492,0.519870722953517,2.3228355548653306,0.6418873286251433,2.0937562665142715,0.820085751408612,0.7656015933822874,1.017538521308137,0.1946726985517711,-1.346733958516328,-0.4992473425802442,K562,0.4369887119739509,1.1444644876875285,0.3931811433098864,0.7074757757135773,0.4369887119739509,0.43698871197395117,K562
KLF1,K562,norm_mean,"[[1 0 0 0]
 [0 0 0 1]
 [0 0 1 0]
 ...
 [0 0 0 1]
 [0 0 0 1]
 [1 0 0 0]]",0.6653834134363013,1.0,EH38E2905047,chr10,68231947,68232447,shared,cross_context,17055,-1,MA0493.3,KLF1,185,193,8.800191187146758,+,KLF1,ig,0.1261077811941504,0.0857841923343949,0.0525163687966203,1.633475009132113,True,0.0452600668068043,0.0535733306396286,0.0415254271058301,1.2901328528606155,True,0.0755906492122449,0.0410429094079881,0.045150007742818,0.9090341811552632,False,0.0823194990710665,0.9724400043487548,-0.0403173669635716,1.908119681332055,0.9829766064900242,1.7732033910066114,0.1261077811941504,0.0452600668068043,0.0755906492122449,2.866563652294944,0.7737049706132294,1.853981200472935,2.6822202234871715,2.391362627781798,3.092998125756071,1.633475009132113,1.2901328528606155,0.9090341811552632,0.932151663844377,-0.0247710106304557,0.8263580273870967,K562,0.1349162903254432,1.908119681332055,0.9829766064900242,1.7732033910066114,0.1349162903254432,0.1349162903254435,K562
KLF1,K562,norm_mean,"[[0 0 0 1]
 [0 0 0 1]
 [0 0 0 1]
 ...
 [0 1 0 0]
 [0 0 0 1]
 [1 0 0 0]]",0.1121470547854114,0.0,EH38E1652388,chr12,123363584,123364084,shared,cross_context,10507,-1,MA0493.3,KLF1,267,275,8.800191187146758,+,KLF1,ig,0.0851024901494383,0.1014338790427427,0.0624462291255044,1.6243392790858235,True,0.0314342933124862,0.0499548772786511,0.0589449089830174,0.8474840264526207,False,0.0542366443551145,0.0605945819383487,0.0518830741948943,1.1679063201164053,True,0.056924475939013,1.788349986076355,0.8386299111175584,1.0956116602500692,0.5670664127969932,0.981019382466373,0.0851024901494383,0.0314342933124862,0.0542366443551145,1.172440079538047,0.6767690538894748,1.4832773079226875,2.209493413874905,1.4068978419565878,1.8443768056567893,1.6243392790858235,0.8474840264526207,1.1679063201164053,0.1317365267036772,-0.8184103839799677,-0.027646452678789,K562,0.1145922777836961,1.0956116602500692,0.5670664127969932,0.981019382466373,0.1145922777836961,0.11459227778369618,K562
KLF1,K562,norm_mean,"[[1 0 0 0]
 [0 0 1 0]
 [1 0 0 0]
 ...
 [0 1 0 0]
 [0 0 0 1]
 [0 0 0 1]]",0.1138630064953185,0.0,EH38E1766014,chr15,59105525,59106025,shared,cross_context,13268,-1,MA0493.3,KLF1,187,195,8.800191187146758,+,KLF1,ig,0.0640117701841518,0.0578072858636733,0.0442210926191842,1.307233027667541,True,0.0354335925076156,0.0389398933609481,0.0300083642911895,1.2976342198044668,True,0.0395143933128565,0.0404513388511259,0.0371511433708811,1.0888313061858117,True,0.046319918668208,1.284559965133667,0.3612753620245057,1.2844664899677645,1.035001190314821,1.031042146555717,0.0640117701841518,0.0354335925076156,0.0395143933128565,1.1115017355472117,1.2478111996822816,1.2953091687647744,2.835614670561851,1.701721942969476,1.845723796733469,1.307233027667541,1.2976342198044668,1.0888313061858117,0.3611692538469717,0.0496324283072048,0.0441033092596277,K562,0.2494652996529434,1.2844664899677645,1.035001190314821,1.031042146555717,0.2494652996529434,0.2494652996529434,K562
KLF1,K562,norm_mean,"[[0 1 0 0]
 [0 1 0 0]
 [0 1 0 0]
 ...
 [0 0 0 1]
 [0 1 0 0]
 [1 0 0 0]]",0.1235868006351622,0.0,EH38E2921548,chr10,102504153,102504653,shared,cross_context,60407,-1,MA0493.3,KLF1,269,277,8.800191187146758,+,KLF1,ig,0.1019966980675235,0.073886625485029,0.058491080696396,1.2632116208696655,True,0.0440697950543835,0.052457493165275,0.0522654403022711,1.0036743749818149,True,0.0386217544437386,0.054463383948605,0.0497218185415616,1.095361645903267,True,0.0615627491885485,1.0296900272369385,0.042211502123504,1.5812224294287964,0.8419833194609824,0.7488610547701011,0.1019966980675235,0.0440697950543835,0.0386217544437386,2.1788195655184146,1.1565294256772678,0.8849659176373972,2.445630801860831,1.5554935783285266,1.9457455382762332,1.2632116208696655,1.0036743749818149,1.095361645903267,0.6610403257640078,-0.248136440843399,-0.4172300300704795,K562,0.7392391099678141,1.5812224294287964,0.8419833194609824,0.7488610547701011,0.7392391099678141,0.7392391099678141,K562
KLF1,K562,norm_mean,"[[1 0 0 0]
 [0 0 0 1]
 [0 0 1 0]
 ...
 [1 0 0 0]
 [0 0 0 1]
 [0 0 0 1]]",0.1484458968835291,0.0,EH38E3280007,chr19,933571,934071,shared,cross_context,103444,-1,MA0493.3,KLF1,413,421,8.800191187146758,+,KLF1,ig,0.0355736239580437,0.0573491425107931,0.0670181102491915,0.8557259185658077,False,0.0289288874191697,0.0499987935979152,0.0716360070841619,0.6979560789815248,False,0.0211434420780278,0.0555635448329849,0.0461709536134731,1.2034304784743757,True,0.0285486511517471,0.6456300020217896,-0.6312182390268819,0.5223571471994823,0.4507015562981616,0.3784996081630555,0.0355736239580437,0.0289288874191697,0.0211434420780278,0.4156784634359494,0.6811563012683954,0.3945486734836176,1.5325852984653785,1.307662761593536,0.8285924080651504,0.8557259185658077,0.6979560789815248,1.2034304784743757,-0.9368915452768156,-1.149755659916288,-1.4016362843958077,K562,0.0716555909013207,0.5223571471994823,0.4507015562981616,0.3784996081630555,0.0716555909013207,0.07165559090132073,K562
KLF1,K562,norm_mean,"[[0 0 1 0]
 [0 0 1 0]
 [1 0 0 0]
 ...
 [0 1 0 0]
 [1 0 0 0]
 [0 1 0 0]]",0.9655186388556528,1.0,EH38E3789381,chr7,100867323,100867823,shared,cross_context,160456,-1,MA0493.3,KLF1,446,454,8.800191187146758,+,KLF1,ig,0.0684681972488761,0.0583095667650923,0.0667308739986037,0.8738018031697639,False,0.0345425000996328,0.0512247129261959,0.0625203358195722,0.8193286882005675,False,0.0568279151339083,0.0494637026032432,0.0532021190237719,0.929731638768474,False,0.0532795374941391,2.1404099464416504,1.0978878122693967,1.0907889564336712,0.6333230263374523,1.0549227541891515,0.0684681972488761,0.0345425000996328,0.0568279151339083,1.0385499602209132,0.8261041839653183,1.3849769550110669,2.40356287993537,1.0657615774955658,1.6624907214558031,0.8738018031697639,0.8193286882005675,0.929731638768474,0.1253720003636874,-0.6589865587914452,0.0771373640647183,K562,0.0358662022445197,1.0907889564336712,0.6333230263374523,1.0549227541891515,0.0358662022445197,0.03586620224451975,K562
KLF1,K562,norm_mean,"[[0 0 1 0]
 [0 0 0 1]
 [0 0 1 0]
 ...
 [1 0 0 0]
 [1 0 0 0]
 [1 0 0 0]]",0.1895799919611092,0.0,EH38E2798278,chr1,28087795,28088295,shared,cross_context,47164,-1,MA0493.3,KLF1,414,422,8.800191187146758,+,KLF1,ig,0.2461478728801012,0.0867472368408925,0.0645905001048231,1.3430337784933355,True,0.0962695243069902,0.0456521428536507,0.0466196973447222,0.9792455906272216,False,0.1213230695575475,0.06526526342961,0.0497401698713656,1.3121235909961366,True,0.1545801555815463,1.0515700578689575,0.0725463406749825,3.3021351352569064,2.1421701106449973,2.1210525423477944,0.2461478728801012,0.0962695243069902,0.1213230695575475,3.569747726094123,3.032288044152163,2.423831257542345,5.269696767603273,3.609041952433615,3.2763706081308253,1.3430337784933355,0.9792455906272216,1.3121235909961366,1.7233991621707223,1.0990730503411554,1.0847803601840582,K562,1.159965024611909,3.3021351352569064,2.1421701106449973,2.1210525423477944,1.159965024611909,1.159965024611909,K562
KLF1,K562,norm_mean,"[[0 0 1 0]
 [0 0 1 0]
 [1 0 0 0]
 ...
 [0 0 0 1]
 [0 0 1 0]
 [0 0 1 0]]",0.1437098155413549,0.0,EH38E3332588,chr2,26942547,26943047,shared,cross_context,115142,-1,MA0493.3,KLF1,216,224,8.800191187146758,+,KLF1,ig,0.0491468207910656,0.0593430893914774,0.0535299758544752,1.1085952750446342,True,0.0251138628809712,0.0454653725051321,0.0495971082582866,0.9166938342740458,False,0.0293358745402656,0.044227753886953,0.0384660560335666,1.149786251818901,True,0.0345321860707675,1.4563000202178955,0.5423085941967593,0.8807559805369115,0.5233892192359133,0.7204871874550417,0.0491468207910656,0.0251138628809712,0.0293358745402656,0.8111238814259262,0.4527121535553215,0.8796456098632397,1.8432959441570356,1.223140999196418,1.4654181899758645,1.1085952750446342,0.9166938342740458,1.149786251818901,-0.1831857272626829,-0.934043884051936,-0.4729553179456437,K562,0.1602687930818698,0.8807559805369115,0.5233892192359133,0.7204871874550417,0.1602687930818698,0.1602687930818698,K562
KLF1,K562,norm_mean,"[[0 0 1 0]
 [0 1 0 0]
 [0 0 0 1]
 ...
 [0 0 1 0]
 [0 1 0 0]
 [0 0 0 1]]",0.1234182242732303,0.0,EH38E3862721,chr8,134478360,134478860,shared,cross_context,167292,-1,MA0493.3,KLF1,371,379,8.800191187146758,+,KLF1,ig,0.1184257846325635,0.0727464067598339,0.0939963366352473,0.7739280234169762,False,0.0445877094171009,0.0558411878519109,0.0496825534773731,1.1239594727704143,True,0.0271203401498496,0.0455676354211755,0.0635082863854786,0.7175068143001655,False,0.0633779447331714,1.1552599668502808,0.2082187850209293,1.4101438729616966,0.8342266681054766,0.4977764801768636,0.1184257846325635,0.0445877094171009,0.0271203401498496,1.8060137737662751,1.3231314912066372,0.380124598288397,2.1733413260085896,1.45830336245057,1.0244367631921525,0.7739280234169762,1.1239594727704143,0.7175068143001655,0.4958423652211771,-0.2614886609014054,-1.006430027065528,K562,0.57591720485622,1.4101438729616966,0.8342266681054766,0.4977764801768636,0.57591720485622,0.57591720485622,K562
KLF1,K562,norm_mean,"[[1 0 0 0]
 [0 0 1 0]
 [1 0 0 0]
 ...
 [1 0 0 0]
 [1 0 0 0]
 [0 1 0 0]]",0.0394375184503152,0.0,EH38E3912963,chr9,130268516,130269016,shared,cross_context,172812,-1,MA0493.3,KLF1,290,298,8.800191187146758,+,KLF1,ig,0.0496850186027586,0.06937223570887,0.0750885896245913,0.923871746918966,False,0.022738414176274,0.0492932441562879,0.0497203722251213,0.9914091957921924,False,0.0336670591495931,0.0608761115471133,0.0435172576996056,1.398895536533538,True,0.0353634973095419,0.6795399785041809,-0.5573675421254808,0.6819653134487395,0.4588657220238802,0.6693510477430822,0.0496850186027586,0.022738414176274,0.0336670591495931,0.5470939912646259,0.6277931240603047,0.7714770741492195,2.329470299078316,1.3037116349919662,1.2988271572463856,0.923871746918966,0.9914091957921924,1.398895536533538,-0.552229730924331,-1.1238560525093844,-0.5791650477737453,K562,0.0126142657056572,0.6819653134487395,0.4588657220238802,0.6693510477430822,0.0126142657056572,0.012614265705657268,K562
KLF1,K562,norm_mean,"[[0 0 0 1]
 [0 0 0 1]
 [0 0 1 0]
 ...
 [0 0 1 0]
 [1 0 0 0]
 [0 0 1 0]]",0.660116035313886,1.0,EH38E3224344,chr17,42676268,42676768,shared,cross_context,213129,-1,MA0493.3,KLF1,430,438,8.800191187146758,+,KLF1,ig,0.0712745435303077,0.0692693417612463,0.0886150604058639,0.7816880519756668,False,0.0188226675672922,0.0294912789826048,0.048208822197339,0.6117401654096213,False,0.0410784263513051,0.0457718017575098,0.0619372082140762,0.7390031886693199,False,0.0437252124829683,1.553380012512207,0.6354117366428911,0.8825103652173102,0.402695631702118,0.7609782339718596,0.0712745435303077,0.0188226675672922,0.0410784263513051,1.1179713440541656,0.305368219006371,0.8777369741538597,1.5681234948080294,1.049633665524733,1.4939342449179431,0.7816880519756668,0.6117401654096213,0.7390031886693199,-0.1803148700984778,-1.3122382687749448,-0.3940729036384426,K562,0.1215321312454505,0.8825103652173102,0.402695631702118,0.7609782339718596,0.1215321312454505,0.12153213124545059,K562
KLF1,K562,norm_mean,"[[0 1 0 0]
 [0 1 0 0]
 [0 0 0 1]
 ...
 [0 0 1 0]
 [0 0 1 0]
 [0 0 1 0]]",0.0698068215106638,0.0,EH38E3186836,chr16,67529623,67530123,shared,cross_context,190077,-1,MA0493.3,KLF1,338,346,8.800191187146758,+,KLF1,ig,0.0489431715104728,0.0500592218048404,0.0544132502150238,0.9199820339200844,False,0.0253189260256476,0.0454488801141269,0.0480339160223525,0.9461829144046502,False,0.0236461806925945,0.0396328042604727,0.0494145596529253,0.8020469375498546,False,0.032636092742905,1.2795499563217163,0.3556376018273929,0.890802228284997,0.4969449835833061,0.5019659768127739,0.0489431715104728,0.0253189260256476,0.0236461806925945,1.0843958863739829,0.3338244368497384,0.5760637404789863,1.82760902916059,1.330188231188718,1.1395908485929966,0.9199820339200844,0.9461829144046502,0.8020469375498546,-0.1668229263279085,-1.0088419510718696,-0.994338510201646,K562,0.3888362514722231,0.890802228284997,0.4969449835833061,0.5019659768127739,0.3888362514722231,0.3888362514722231,K562
KLF1,K562,norm_mean,"[[1 0 0 0]
 [1 0 0 0]
 [1 0 0 0]
 ...
 [0 0 0 1]
 [0 1 0 0]
 [0 0 0 1]]",0.1219629226682083,0.0,EH38E3789646,chr7,101155224,101155724,shared,cross_context,63438,-1,MA0493.3,KLF1,297,305,8.800191187146758,+,KLF1,ig,0.1022667279466986,0.0649987492721993,0.0653702324298225,0.9943170907156724,False,0.0270877722650766,0.0439314781571738,0.0428087847620635,1.0262255314906747,True,0.0624231151305139,0.047520119715482,0.0529958931489629,0.896675344543344,False,0.063925871780763,0.5436599850654602,-0.8792207956683834,1.566398868971847,0.6271150216678146,1.2295946893476353,0.1022667279466986,0.0270877722650766,0.0624231151305139,1.9345471293502092,0.631174162365967,1.3754556027616354,2.6090313054275747,1.2616008878684082,2.0723540824738715,0.9943170907156724,1.0262255314906747,0.896675344543344,0.6474516292686225,-0.673198014837268,0.2981828402896022,K562,0.336804179624212,1.566398868971847,0.6271150216678146,1.2295946893476353,0.336804179624212,0.33680417962421183,K562
KLF1,K562,norm_mean,"[[1 0 0 0]
 [0 0 1 0]
 [0 1 0 0]
 ...
 [0 0 0 1]
 [0 1 0 0]
 [0 1 0 0]]",0.0200252638283404,0.0,EH38E3700863,chr6,31729302,31729802,shared,cross_context,151464,-1,MA0493.3,KLF1,417,425,8.800191187146758,+,KLF1,ig,0.1175383497029542,0.0575261102616787,0.0576011144963558,0.9986976949611128,False,0.0246519966749474,0.0364187128597404,0.0547400948754511,0.6653022120181005,False,0.0247204905608668,0.0395582200060016,0.0558184255682863,0.7086945308169287,False,0.0556369456462562,2.3310799598693848,1.220999111019235,2.1080735367345405,0.524145088872312,0.5407764222088246,0.1175383497029542,0.0246519966749474,0.0247204905608668,2.656893716043266,0.7075517256123672,0.5403853816964873,3.300904603356549,1.165125445229567,1.4784784410915237,0.9986976949611128,0.6653022120181005,0.7086945308169287,1.0759251946195585,-0.93196187193123,-0.886895840569729,K562,1.567297114525716,2.1080735367345405,0.524145088872312,0.5407764222088246,1.567297114525716,1.567297114525716,K562
KLF1,K562,norm_mean,"[[0 1 0 0]
 [0 0 1 0]
 [0 0 1 0]
 ...
 [0 0 0 1]
 [0 0 1 0]
 [1 0 0 0]]",0.0698068215106638,0.0,EH38E3186835,chr16,67529465,67529965,shared,cross_context,90585,-1,MA0493.3,KLF1,496,504,8.800191187146758,+,KLF1,ig,0.0514433496864512,0.0553523399980622,0.0589890024904161,0.9383500021644746,False,0.0153821195708587,0.0384264564359909,0.0409462444824748,0.9384608414534628,False,0.0313718627148773,0.0416606776573462,0.0480088103102752,0.8677713259375722,False,0.0327324439907291,1.2795499563217163,0.3556376018273929,0.7863390568319409,0.3779611466804816,0.7031219680783817,0.0514433496864512,0.0153821195708587,0.0313718627148773,0.7521191566688517,0.3537785224893149,0.8043927737512624,1.735210203637807,0.9070079780136528,1.8725996659265445,0.9383500021644746,0.9384608414534628,0.8677713259375722,-0.346776579376899,-1.403690153905348,-0.5081531226285656,K562,0.0832170887535592,0.7863390568319409,0.3779611466804816,0.7031219680783817,0.0832170887535592,0.08321708875355927,K562
KLF1,K562,norm_mean,"[[0 0 1 0]
 [0 1 0 0]
 [0 0 1 0]
 ...
 [0 1 0 0]
 [0 0 1 0]
 [0 0 1 0]]",0.1342145534835385,0.0,EH38E2830114,chr1,109984779,109985279,shared,cross_context,14910,-1,MA0493.3,KLF1,316,324,8.800191187146758,+,KLF1,ig,0.0660929651930928,0.0727944640669738,0.0458572069093288,1.587415656098509,True,0.032149096019566,0.0383008613524725,0.0474727283698771,0.8067969674312194,False,0.0369948373408988,0.0503235365223372,0.0494210270699113,1.018261443019684,True,0.0450789661845192,1.5727399587631226,0.6532810685393216,1.1353209105946278,0.7259650165125427,0.7476363134155333,0.0660929651930928,0.032149096019566,0.0369948373408988,1.199904801293139,0.5207113024464038,0.8898499918491102,2.1828302282080627,1.4657376952620982,1.6323069742911227,1.587415656098509,0.8067969674312194,1.018261443019684,0.1831001496104492,-0.462028064954413,-0.4195914490857048,K562,0.3876845971790945,1.1353209105946278,0.7259650165125427,0.7476363134155333,0.3876845971790945,0.38768459717909454,K562
KLF1,K562,norm_mean,"[[0 0 0 1]
 [0 1 0 0]
 [0 0 1 0]
 ...
 [1 0 0 0]
 [0 0 1 0]
 [0 0 1 0]]",0.1711064829997828,0.0,EH38E3937073,chrX,71182328,71182828,shared,cross_context,50783,-1,MA0493.3,KLF1,343,351,8.800191187146758,+,KLF1,ig,0.0848805606365203,0.0699835436866851,0.068252227273506,1.0253662954115514,True,0.0383085580542683,0.0398270413669524,0.05527664476496,0.7205038281766438,False,0.0235781977535225,0.0431124119058949,0.0511272015919873,0.8432380832725002,False,0.0489224388147704,1.562999963760376,0.6443186679165193,1.1253523839747834,0.7015438125946301,0.4935887032700805,0.0848805606365203,0.0383085580542683,0.0235781977535225,1.375048678451467,0.766090812687348,0.6059648427123805,2.400916043901792,1.754194898193118,1.5547366896939667,1.0253662954115514,0.7205038281766438,0.8432380832725002,0.1703768276213176,-0.5113948874330142,-1.0186187159592013,K562,0.4238085713801534,1.1253523839747834,0.7015438125946301,0.4935887032700805,0.4238085713801534,0.4238085713801534,K562
KLF1,K562,norm_mean,"[[0 1 0 0]
 [1 0 0 0]
 [0 0 1 0]
 ...
 [0 1 0 0]
 [0 0 1 0]
 [1 0 0 0]]",0.7348034307239617,1.0,EH38E3550664,chr3,160565363,160565863,shared,cross_context,138151,-1,MA0493.3,KLF1,360,368,8.800191187146758,+,KLF1,ig,0.038411651388742,0.0463502376736141,0.0485281503417589,0.9551204362002028,False,0.0298378730076365,0.0477876884071156,0.0415575039641548,1.1499169187149785,True,0.0251647573604714,0.0439261511561926,0.0430369495992518,1.0206611146609954,True,0.0311380939189499,2.079530000686645,1.05625819217519,0.6754179127004105,0.6270572743912443,0.5562645585629294,0.038411651388742,0.0298378730076365,0.0251647573604714,0.8695600467052342,0.5162026338906501,0.5485542632837609,1.3375971267167246,1.3376650998064394,1.4233465763079547,0.9551204362002028,1.1499169187149785,1.0206611146609954,-0.5661476513074144,-0.6733308701231339,-0.8461569026007977,K562,0.0483606383091662,0.6754179127004105,0.6270572743912443,0.5562645585629294,0.0483606383091662,0.04836063830916626,K562
KLF1,K562,norm_mean,"[[0 0 1 0]
 [0 0 0 1]
 [0 0 1 0]
 ...
 [0 0 0 1]
 [0 1 0 0]
 [1 0 0 0]]",0.0595731833261217,0.0,EH38E2859119,chr1,203117421,203117921,shared,cross_context,53309,-1,MA0493.3,KLF1,178,186,8.800191187146758,+,KLF1,ig,0.0562360800395254,0.0681950597194372,0.0809982362713545,0.8419325461810001,False,0.0362432347319554,0.0583966178516857,0.0537155844896192,1.0871445882065227,True,0.0258220274117775,0.0700844939949456,0.0511354813187099,1.3705645958915922,True,0.0394337807277528,1.5856499671936035,0.6650752405783333,0.7572615250168343,0.6685001973094798,0.4525094562456763,0.0562360800395254,0.0362432347319554,0.0258220274117775,0.7393460152616533,0.6331643054879666,0.3714897619755198,1.6991768527208464,2.3097503113765594,1.1409543152583788,0.8419325461810001,1.0871445882065227,1.3705645958915922,-0.4011364629353461,-0.5810001065955694,-1.1439801506940368,K562,0.0887613277073544,0.7572615250168343,0.6685001973094798,0.4525094562456763,0.0887613277073544,0.08876132770735445,K562
KLF1,K562,norm_mean,"[[1 0 0 0]
 [0 0 0 1]
 [0 0 1 0]
 ...
 [1 0 0 0]
 [1 0 0 0]
 [0 0 1 0]]",0.0275161052497019,0.0,EH38E1415176,chr1,205229877,205230377,shared,cross_context,3445,-1,MA0493.3,KLF1,347,355,8.800191187146758,+,KLF1,ig,0.0690705059096217,0.0587014541937969,0.0540699220344538,1.085657998541442,True,0.0218473217610153,0.0375894624504144,0.0328860004833708,1.1430228810947416,True,0.0427990579046309,0.0389982324861921,0.0544178837426791,0.7166435487304863,False,0.0445722951917559,1.1435099840164185,0.1934702236506858,1.238337742901543,0.6181617682725475,0.8986863116204643,0.0690705059096217,0.0218473217610153,0.0427990579046309,1.343024383792344,0.8237568271401539,0.9345319140063744,3.1653957562433845,1.1732085528362466,2.653621601062743,1.085657998541442,1.1430228810947416,0.7166435487304863,0.3084048484762701,-0.6939436626039277,-0.1541104654658719,K562,0.3396514312810786,1.238337742901543,0.6181617682725475,0.8986863116204643,0.3396514312810786,0.33965143128107866,K562
KLF1,K562,norm_mean,"[[0 0 0 1]
 [0 0 0 1]
 [1 0 0 0]
 ...
 [0 1 0 0]
 [0 1 0 0]
 [0 1 0 0]]",0.0267125645900185,0.0,EH38E2869951,chr1,226407375,226407875,shared,cross_context,55690,-1,MA0493.3,KLF1,286,294,8.800191187146758,+,KLF1,ig,0.0340408552146982,0.0522566974058281,0.0566484100461074,0.9224740489372024,False,0.0183027675375342,0.0482786194619257,0.0443363398379192,1.0889173249132649,True,0.0218663266859948,0.0362327803607331,0.0436985833247234,0.8291520985924665,False,0.0247366498127424,1.6627899408340454,0.7336067930500253,0.6196806811640349,0.3989591663590618,0.5361725878005994,0.0340408552146982,0.0183027675375342,0.0218663266859948,0.7225588216349292,0.4968807595356494,0.5307229793035935,1.616413081001009,0.636467907804186,0.9563255356383082,0.9224740489372024,1.0889173249132649,0.8291520985924665,-0.6904031002433983,-1.3256869977206795,-0.8992306297860126,K562,0.0835080933634354,0.6196806811640349,0.3989591663590618,0.5361725878005994,0.0835080933634354,0.08350809336343545,K562
KLF1,K562,norm_mean,"[[0 0 1 0]
 [0 1 0 0]
 [0 0 0 1]
 ...
 [1 0 0 0]
 [0 1 0 0]
 [0 0 1 0]]",0.2013925627046127,0.0,EH38E3681934,chr5,177447809,177448309,shared,cross_context,148492,-1,MA0493.3,KLF1,179,187,8.800191187146758,+,KLF1,ig,0.0797991510480642,0.069077244939981,0.0565845598129377,1.2207788301358944,True,0.0476024185481946,0.0553882524347864,0.0510717333490259,1.0845185380937814,True,0.0282941601763013,0.0456314689409919,0.0504159575691051,0.9050995377296854,False,0.0518985765908534,1.6828900575637815,0.7509417864125973,1.317312362787857,0.9289071557662752,0.5920339512320322,0.0797991510480642,0.0476024185481946,0.0282941601763013,1.3323017480387025,1.025357777412488,0.5006036138577612,2.42421686616258,2.2904366982112423,1.8573067165258563,1.2207788301358944,1.0845185380937814,0.9050995377296854,0.3975974809432959,-0.1063936868332039,-0.7562481803300773,K562,0.3884052070215816,1.317312362787857,0.9289071557662752,0.5920339512320322,0.3884052070215816,0.38840520702158166,K562
KLF1,K562,norm_mean,"[[0 1 0 0]
 [1 0 0 0]
 [0 0 0 1]
 ...
 [0 0 0 1]
 [1 0 0 0]
 [0 0 1 0]]",0.0881442417730837,0.0,EH38E3000852,chr12,6362770,6363270,shared,cross_context,20425,-1,MA0493.3,KLF1,459,467,8.800191187146758,+,KLF1,ig,0.0687161627283785,0.0633930747199337,0.0662085744389332,0.9574751560864988,False,0.0234167096205055,0.047512683608802,0.0521736085438169,0.9106649094867644,False,0.0514579258742742,0.0614122641296125,0.0612145076022716,1.0032303861091545,True,0.0478635994077194,0.7378799915313721,-0.4385399436049949,0.944765004892568,0.4584585268670357,0.8757582795760505,0.0687161627283785,0.0234167096205055,0.0514579258742742,1.271201343471894,0.6090840843828546,1.0155284365934227,1.8949566405463412,0.7248234726902814,1.670450532688751,0.9574751560864988,0.9106649094867644,1.0032303861091545,-0.081972566604704,-1.1251368612778605,-0.1913953706501752,K562,0.0690067253165175,0.944765004892568,0.4584585268670357,0.8757582795760505,0.0690067253165175,0.06900672531651753,K562
KLF1,K562,norm_mean,"[[0 1 0 0]
 [0 0 0 1]
 [0 1 0 0]
 ...
 [0 0 0 1]
 [0 0 1 0]
 [0 1 0 0]]",0.0840360722163791,0.0,EH38E2906074,chr10,70144949,70145449,shared,cross_context,58662,-1,MA0493.3,KLF1,481,489,8.303800548282073,+,KLF1,ig,0.049838731996715,0.0534697331988718,0.0736395971220918,0.7261001964638535,False,0.0277442428050562,0.039059475975082,0.0460409426369005,0.8483637661262662,False,0.0179151483462192,0.039589155357753,0.061262867138721,0.6462176966992432,False,0.0318327077159968,1.675029993057251,0.7441877899682182,0.7401860836505346,0.5601555357904043,0.3576182644099417,0.049838731996715,0.0277442428050562,0.0179151483462192,0.8460813696714802,0.6750586464584596,0.4774499989507004,1.0949410334099037,1.2195686202483036,0.7402883757023566,0.7261001964638535,0.8483637661262662,0.6462176966992432,-0.4340400813707818,-0.8361006230740077,-1.483507670605002,K562,0.1800305478601302,0.7401860836505346,0.5601555357904043,0.3576182644099417,0.1800305478601302,0.18003054786013029,K562
KLF1,K562,norm_mean,"[[0 0 1 0]
 [0 0 1 0]
 [0 0 1 0]
 ...
 [0 1 0 0]
 [1 0 0 0]
 [0 0 1 0]]",0.0308179176777601,0.0,EH38E3146961,chr15,75644319,75644819,shared,cross_context,24529,-1,MA0493.3,KLF1,350,358,8.303800548282073,+,KLF1,ig,0.0554463474545627,0.0509458762733265,0.0594506627440546,0.8569436462503515,False,0.034886923385784,0.035051710216212,0.0440321795582814,0.7960474045883474,False,0.0297000220743939,0.0439018868771381,0.0491858190097015,0.8925718598435904,False,0.0400110976382469,0.3443700075149536,-1.5379644070743947,0.9952728972239284,0.8773669122659145,0.6439412692562522,0.0554463474545627,0.034886923385784,0.0297000220743939,1.38934633766372,0.7584906148147087,0.7910608485886801,1.8036627027227128,2.80388651059721,1.2201595571610473,0.8569436462503515,0.7960474045883474,0.8925718598435904,-0.006835936132572,-0.1887477935532782,-0.6349989794880586,K562,0.1179059849580139,0.9952728972239284,0.8773669122659145,0.6439412692562522,0.1179059849580139,0.11790598495801397,K562
KLF1,K562,norm_mean,"[[0 0 0 1]
 [1 0 0 0]
 [0 0 1 0]
 ...
 [1 0 0 0]
 [0 0 0 1]
 [0 0 0 1]]",0.7455515431003064,1.0,EH38E3309754,chr19,45507505,45508005,shared,cross_context,55471,-1,MA0493.3,KLF1,472,480,8.303800548282073,+,KLF1,ig,0.0518885864294134,0.0442058246512897,0.0572276009572669,0.7724562306873007,False,0.0218341074651107,0.034232488629641,0.0446971024840604,0.7658769599903963,False,0.0263538259860069,0.0427973637873947,0.0567854117212118,0.7536681509121912,False,0.033358839960177,1.6721899509429932,0.7417396011561569,0.8286414445145178,0.4819775863032335,0.4910115403394757,0.0518885864294134,0.0218341074651107,0.0263538259860069,0.955434984485604,0.4452403013375437,0.4024184422143828,1.8838559929960443,1.1169991645851998,1.1380846258967474,0.7724562306873007,0.7658769599903963,0.7536681509121912,-0.2711801146101638,-1.0529620344036452,-1.026171159069315,K562,0.3376299041750421,0.8286414445145178,0.4819775863032335,0.4910115403394757,0.3376299041750421,0.33762990417504213,K562
KLF1,K562,norm_mean,"[[0 0 1 0]
 [0 0 0 1]
 [0 0 1 0]
 ...
 [1 0 0 0]
 [1 0 0 0]
 [0 1 0 0]]",0.0149554614942482,0.0,EH38E3250985,chr17,81832184,81832684,shared,cross_context,100692,-1,MA0493.3,KLF1,165,173,8.303800548282073,+,KLF1,ig,0.0696407093200832,0.051563469832763,0.0640656918946819,0.8048529604425251,False,0.0385930142365396,0.0418470865697599,0.0366331248303536,1.1423288441885189,True,0.041436219587922,0.0508777213736902,0.0473005472687609,1.075626257098916,True,0.0498899810481816,2.356640100479126,1.2367320632192964,1.2356269638450912,1.0328406256858034,0.8908202779645914,0.0696407093200832,0.0385930142365396,0.041436219587922,1.591244973909283,1.1177607609555422,0.8849618324218235,2.2763602782046144,1.653259294571734,1.8359981338254296,0.8048529604425251,1.1423288441885189,1.075626257098916,0.3052432600728569,0.0466176551432701,-0.1667936943406376,K562,0.2027863381592878,1.2356269638450912,1.0328406256858034,0.8908202779645914,0.2027863381592878,0.20278633815928782,K562
KLF1,K562,norm_mean,"[[0 1 0 0]
 [0 1 0 0]
 [0 0 0 1]
 ...
 [0 0 0 1]
 [0 0 1 0]
 [0 0 1 0]]",0.0050947495637937,0.0,EH38E3177136,chr16,30748525,30749025,shared,cross_context,89279,-1,MA0493.3,KLF1,479,487,8.303800548282073,+,KLF1,ig,0.098702578456141,0.0784296825551428,0.0724290006427327,1.0828490111788125,True,0.0389582386123947,0.0583057739102514,0.0464291129523189,1.2558017512010589,True,0.0638101082004141,0.0555889272666536,0.0750888989516534,0.7403080966650483,False,0.0671569750896499,0.0797799974679946,-3.647811028832307,1.375036446575784,0.7459154823518754,1.071526183627963,0.098702578456141,0.0389582386123947,0.0638101082004141,1.9809351456896729,0.7302280933516964,1.595739920090747,2.62981683201098,1.71354549854724,1.660150186058724,1.0828490111788125,1.2558017512010589,0.7403080966650483,0.459469860120886,-0.4229159210511605,0.0996671052373624,K562,0.303510262947821,1.375036446575784,0.7459154823518754,1.071526183627963,0.303510262947821,0.303510262947821,K562
KLF1,K562,norm_mean,"[[0 1 0 0]
 [1 0 0 0]
 [0 0 1 0]
 ...
 [0 1 0 0]
 [0 1 0 0]
 [1 0 0 0]]",0.0735556717427915,0.0,EH38E2836958,chr1,150567843,150568343,shared,cross_context,52189,-1,MA0493.3,KLF1,479,487,8.303800548282073,+,KLF1,ig,0.1000113582704216,0.0626898177212569,0.0795704000396654,0.7878533953765786,False,0.033889712387463,0.036812357455492,0.046480772481882,0.7919909151667424,False,0.0303319384111091,0.0361142864290741,0.0474651639233343,0.760858613673382,False,0.0547443363563312,1.331629991531372,0.4131943523468399,1.3815802230613077,0.7479116629021849,0.6892706705806212,0.1000113582704216,0.033889712387463,0.0303319384111091,1.934959239213884,0.5491719155969452,0.985530896119554,2.3913723434822565,2.05451502381828,1.1880776967719586,0.7878533953765786,0.7919909151667424,0.760858613673382,0.4663193373911183,-0.4190602119082268,-0.5368574648395719,K562,0.6336685601591225,1.3815802230613077,0.7479116629021849,0.6892706705806212,0.6336685601591225,0.6336685601591228,K562
KLF1,K562,norm_mean,"[[0 1 0 0]
 [0 0 1 0]
 [1 0 0 0]
 ...
 [0 0 1 0]
 [0 1 0 0]
 [0 1 0 0]]",0.1992643690206303,0.0,EH38E2292008,chr4,39527876,39528376,shared,cross_context,30188,-1,MA0493.3,KLF1,61,69,8.303800548282073,+,KLF1,ig,0.0955736913019791,0.0631633210380096,0.052231763646123,1.209289224332094,True,0.0720316425431519,0.0596931474655866,0.0590207785804523,1.011391899385042,True,0.0375300110899843,0.0493346060614567,0.0502491181960795,0.9818002387811748,False,0.0683784483117051,2.2896900177001958,1.1951529270089782,1.6915007978912084,1.326448892970395,0.7528612336133559,0.0955736913019791,0.0720316425431519,0.0375300110899843,1.888434833115388,1.2061481312713869,0.5021592173148552,3.9331609735480426,3.329119488123879,1.969569220375528,1.209289224332094,1.011391899385042,0.9818002387811748,0.7583038585129905,0.4075690918230642,-0.40954411921172,K562,0.3650519049208134,1.6915007978912084,1.326448892970395,0.7528612336133559,0.3650519049208134,0.3650519049208134,K562
KLF1,K562,norm_mean,"[[1 0 0 0]
 [0 0 1 0]
 [0 0 0 1]
 ...
 [0 0 1 0]
 [1 0 0 0]
 [0 0 1 0]]",0.1338522949628036,0.0,EH38E1975603,chr2,15591515,15592015,shared,cross_context,21776,-1,MA0493.3,KLF1,461,469,8.303800548282073,+,KLF1,ig,0.067147244582884,0.0579951284651178,0.0637491567048709,0.90973939680825,False,0.0419205698126461,0.0514241062226938,0.049459742924082,1.0397161971598785,True,0.0289713573874905,0.0525673677056329,0.0814295380399562,0.6455564223424024,False,0.0460130572610069,4.065199851989746,2.023326634221843,1.0832137384714902,0.7541913108057523,0.4607303563657976,0.067147244582884,0.0419205698126461,0.0289713573874905,1.0612877845075397,0.8105331494078017,0.4101953445517547,2.168997519257206,1.8939568929368844,1.5226743036784856,0.90973939680825,1.0397161971598785,0.6455564223424024,0.1153179432700753,-0.4069975639874097,-1.118005435130189,K562,0.3290224276657378,1.0832137384714902,0.7541913108057523,0.4607303563657976,0.3290224276657378,0.32902242766573786,K562
KLF1,K562,norm_mean,"[[0 1 0 0]
 [1 0 0 0]
 [1 0 0 0]
 ...
 [0 1 0 0]
 [0 0 0 1]
 [0 0 1 0]]",0.6949407732548935,1.0,EH38E3720312,chr6,89145824,89146324,shared,cross_context,44348,-1,MA0493.3,KLF1,187,195,8.303800548282073,+,KLF1,ig,0.0522122093243524,0.0457291296496987,0.0664092066395336,0.6885961311351476,False,0.0372105130227282,0.0427756739902542,0.0447932955664118,0.9549568501220308,False,0.026065241836477,0.0316226457367884,0.0499639354063729,0.6329093004884061,False,0.0384959880611859,1.223230004310608,0.2906968791742473,0.9009598387063418,0.8547788899968669,0.6111950384982576,0.0522122093243524,0.0372105130227282,0.026065241836477,0.938913585281192,0.9591093001070936,0.76723409207639,1.854881960849481,2.394136959083183,1.3259373466843838,0.6885961311351476,0.9549568501220308,0.6329093004884061,-0.1504652955608672,-0.2263768142061666,-0.7102952604801688,K562,0.0461809487094748,0.9009598387063418,0.8547788899968669,0.6111950384982576,0.0461809487094748,0.04618094870947487,K562
KLF1,K562,norm_mean,"[[0 1 0 0]
 [0 1 0 0]
 [0 1 0 0]
 ...
 [1 0 0 0]
 [1 0 0 0]
 [0 1 0 0]]",0.6915102597392848,1.0,EH38E3575924,chr4,18022084,18022584,shared,cross_context,196207,-1,MA0493.3,KLF1,364,372,8.303800548282073,+,KLF1,ig,0.0958247412927448,0.0702092431281926,0.0799861910283473,0.8777669426168924,False,0.0348056831862777,0.0415967055584769,0.039763424846107,1.0461044353805216,True,0.0525809368118643,0.0495810143998824,0.0493777552650588,1.004116207643916,True,0.061070453763629,2.1519699096679688,1.10565857568198,1.278845167470448,0.8273153675784262,0.9992799782100844,0.0958247412927448,0.0348056831862777,0.0525809368118643,1.3120381772724008,0.9073270003002208,1.0925646247028449,2.1069616465648697,2.163860852697806,1.836853715587843,0.8777669426168924,1.0461044353805216,1.004116207643916,0.3548416057352256,-0.2734907123409705,-0.0010391445707053,K562,0.2795651892603635,1.278845167470448,0.8273153675784262,0.9992799782100844,0.2795651892603635,0.27956518926036356,K562
KLF1,K562,norm_mean,"[[0 0 1 0]
 [0 0 1 0]
 [0 0 0 1]
 ...
 [0 0 0 1]
 [1 0 0 0]
 [0 1 0 0]]",0.0050947495637937,0.0,EH38E3177137,chr16,30748920,30749420,shared,cross_context,13013,-1,MA0493.3,KLF1,84,92,8.303800548282073,+,KLF1,ig,0.0842643352225422,0.0753334514587186,0.0757729229005053,0.9942000207070804,False,0.0450898344279266,0.059713293594541,0.048976084269816,1.2192334747146691,True,0.0686378011014312,0.0714940337525331,0.0639425750251393,1.118097332543326,True,0.0659973235839667,0.0797799974679946,-3.647811028832307,1.2007699866399246,0.8548963047228807,1.0875793269633782,0.0842643352225422,0.0450898344279266,0.0686378011014312,1.6847470004687088,0.5499636253570063,1.0716414638280936,2.206131797250836,2.5883447100065573,2.2622379332484406,0.9942000207070804,1.2192334747146691,1.118097332543326,0.2639598234235452,-0.2261786553470585,0.1211206348789974,K562,0.1131906596765464,1.2007699866399246,0.8548963047228807,1.0875793269633782,0.1131906596765464,0.1131906596765464,K562
