tf,target_cell,scheme_id,sequence,y,label,id,chr,start,end,cell_line,split,row_idx,grad_idx,jaspar_id,tf_motif_name,begin,stop,pwm_score,strand,tf_key,gradient_method,mean_grad_K562,win_abs_K562,flank_abs_K562,win_enrichment_K562,local_peak_K562,mean_grad_hPSC,win_abs_hPSC,flank_abs_hPSC,win_enrichment_hPSC,local_peak_hPSC,mean_grad_HepG2,win_abs_HepG2,flank_abs_HepG2,win_enrichment_HepG2,local_peak_HepG2,mean_gradient,chip_signal,chip_log2,motif_spec_norm_mean_K562,motif_spec_norm_mean_hPSC,motif_spec_norm_mean_HepG2,motif_spec_raw_mean_K562,motif_spec_raw_mean_hPSC,motif_spec_raw_mean_HepG2,motif_spec_norm_median_K562,motif_spec_norm_median_hPSC,motif_spec_norm_median_HepG2,motif_spec_norm_max_K562,motif_spec_norm_max_hPSC,motif_spec_norm_max_HepG2,motif_spec_win_enrich_K562,motif_spec_win_enrich_hPSC,motif_spec_win_enrich_HepG2,motif_spec_norm_mean_log2_K562,motif_spec_norm_mean_log2_hPSC,motif_spec_norm_mean_log2_HepG2,lineage_target,matrix_delta_norm_mean,motif_spec_K562,motif_spec_hPSC,motif_spec_HepG2,delta_spec_norm,delta,rra_assigned_cell
TAL1,K562,norm_mean,"[[1 0 0 0]
 [0 0 1 0]
 [1 0 0 0]
 ...
 [1 0 0 0]
 [1 0 0 0]
 [1 0 0 0]]",0.0729170604877574,0.0,EH38E1825286,chr16,70437034,70437534,shared,cross_context,15324,-1,MA0091.2,TAL1::TCF3,337,347,16.456833945510823,+,TAL1,ig,0.0732968848198652,0.0576003051246516,0.05797369974467,0.9935590697634672,False,0.0303396919742226,0.0370607591967564,0.042769727712773,0.8665182715321706,False,0.0317498369142413,0.0517177373368758,0.031021138008132,1.667176769967325,True,0.045128804569443,,,1.2561289788271677,0.735989909006672,0.7065137169234098,0.0732968848198652,0.0303396919742226,0.0317498369142413,1.739511509963236,0.6819552197728317,0.6699502426528684,2.341807997131834,1.7833675808424945,1.6304286756897557,0.9935590697634672,0.8665182715321706,1.667176769967325,0.328984608340521,-0.4422421069788771,-0.5012105221725343,K562,0.5201390698204956,1.2561289788271677,0.735989909006672,0.7065137169234098,0.5201390698204956,0.5201390698204956,K562
TAL1,K562,norm_mean,"[[0 0 0 1]
 [0 1 0 0]
 [0 0 0 1]
 ...
 [0 1 0 0]
 [0 0 0 1]
 [0 1 0 0]]",0.1012526049110085,0.0,EH38E3019433,chr12,54295636,54296136,shared,cross_context,71758,-1,MA0140.3,GATA1::TAL1,281,298,16.43679566100525,+,TAL1,ig,0.0568395346567473,0.0580232373741455,0.064303450513249,0.902334600828994,False,0.0518532464390291,0.0531464839522959,0.059142578358147,0.8986161314154741,False,0.0471580554457271,0.0441223935160087,0.071942148804784,0.6133037185572293,False,0.0519502788471678,,,0.9189864515272675,0.9129035790252436,0.7721328123642872,0.0568395346567473,0.0518532464390291,0.0471580554457271,1.0658458153859849,1.3213640867833762,0.7876676873457947,2.148539061617479,1.5699147774815616,2.179467301956264,0.902334600828994,0.8986161314154741,0.6133037185572293,-0.1218845010724974,-0.131465602657286,-0.3730790703190361,K562,0.0060828725020238,0.9189864515272675,0.9129035790252436,0.7721328123642872,0.0060828725020238,0.006082872502023995,K562
TAL1,K562,norm_mean,"[[0 1 0 0]
 [0 1 0 0]
 [0 1 0 0]
 ...
 [0 1 0 0]
 [0 1 0 0]
 [1 0 0 0]]",0.1236161351850709,0.0,EH38E3225640,chr17,44323769,44324269,shared,cross_context,54973,-1,MA0091.2,TAL1::TCF3,217,227,16.26418848971999,+,TAL1,ig,0.0412339662201702,0.0624855831169406,0.0503171492682901,1.2418344760634987,True,0.0339082641527056,0.0544376269809436,0.0459931264435559,1.1836032762790818,True,0.0315749876666814,0.069912349745573,0.0398174704874131,1.7558205313285271,True,0.0355724060131857,,,0.7487494819277508,0.6879093893191859,0.6122353671338295,0.0412339662201702,0.0339082641527056,0.0315749876666814,0.6376203217708085,0.8436775262236176,0.6133576325540571,2.5308878536361936,1.5849934514677273,1.5773701211086115,1.2418344760634987,1.1836032762790818,1.7558205313285271,-0.4174449932835381,-0.539709545579151,-0.7078417047800327,K562,0.0608400926085649,0.7487494819277508,0.6879093893191859,0.6122353671338295,0.0608400926085649,0.06084009260856493,K562
TAL1,K562,norm_mean,"[[0 0 1 0]
 [0 1 0 0]
 [0 0 0 1]
 ...
 [0 1 0 0]
 [0 0 1 0]
 [0 0 1 0]]",0.0997526020619413,0.0,EH38E3224681,chr17,43169752,43170252,shared,cross_context,14215,-1,MA0140.3,GATA1::TAL1,477,494,14.754997932602002,+,TAL1,ig,0.0596639025298988,0.0542520360019989,0.0814396934164688,0.6661620036183488,False,0.04027907469529,0.0459828655293677,0.065627802167146,0.7006612594711367,False,0.0424584397388731,0.0477749719237908,0.0773837791653932,0.6173770041381782,False,0.0474671389880206,,,0.8709565348053554,0.7199627890273718,0.7542711111428823,0.0596639025298988,0.04027907469529,0.0424584397388731,0.7915887379209715,0.7635657667628768,1.0001077028441634,2.657174846293097,1.7757856659842493,1.4472744693026478,0.6661620036183488,0.7006612594711367,0.6173770041381782,-0.1993273704864978,-0.4740057494854729,-0.4068449217353811,K562,0.1166854236624731,0.8709565348053554,0.7199627890273718,0.7542711111428823,0.1166854236624731,0.11668542366247314,K562
TAL1,K562,norm_mean,"[[1 0 0 0]
 [0 0 1 0]
 [0 0 1 0]
 ...
 [0 1 0 0]
 [0 0 1 0]
 [0 0 1 0]]",0.8771975954062684,1.0,EH38E3221640,chr17,39621514,39622014,shared,cross_context,96478,-1,MA0091.2,TAL1::TCF3,315,325,14.723619567346752,+,TAL1,ig,0.0582240739837288,0.0722037517849821,0.0569919742570475,1.2669106493875677,True,0.0420631048735231,0.061333197269123,0.0482129827452734,1.2721300582431874,True,0.0340343329124152,0.0530102315422846,0.0520511079745643,1.0184263778578009,True,0.0447738372565557,,,0.9314692295020356,0.7693584617260278,0.6550426826584657,0.0582240739837288,0.0420631048735231,0.0340343329124152,1.024117471067281,0.7149438929810152,0.439712249782494,2.3985420825578365,1.6811908653079757,1.875740241841948,1.2669106493875677,1.2721300582431874,1.0184263778578009,-0.1024199819043531,-0.3782721535252799,-0.6103391767929371,K562,0.1621107677760078,0.9314692295020356,0.7693584617260278,0.6550426826584657,0.1621107677760078,0.16211076777600775,K562
TAL1,K562,norm_mean,"[[0 0 1 0]
 [0 0 1 0]
 [1 0 0 0]
 ...
 [0 1 0 0]
 [0 0 0 1]
 [0 0 0 1]]",0.0083576240509403,0.0,EH38E2961258,chr11,62081973,62082473,shared,cross_context,186797,-1,MA0140.3,GATA1::TAL1,174,191,14.55860261649313,+,TAL1,ig,0.0905774168889312,0.0653499604295939,0.0550266410643565,1.187605626829148,True,0.0469586929744657,0.0513826409110333,0.0435166691222677,1.1807574003214918,True,0.0699170276193934,0.0495251784741412,0.0458500220403999,1.080155809498737,True,0.0691510458275967,,,1.554170686591386,1.0335634015084496,1.5136948391758112,0.0905774168889312,0.0469586929744657,0.0699170276193934,1.5489098300325133,0.8862289959864138,2.3741159207566582,3.983293095694019,3.557912924991744,4.095969350481047,1.187605626829148,1.1807574003214918,1.080155809498737,0.6361449571683161,0.0476268915973209,0.5980743883227471,K562,0.0404758474155748,1.554170686591386,1.0335634015084496,1.5136948391758112,0.0404758474155748,0.04047584741557486,K562
TAL1,K562,norm_mean,"[[0 0 1 0]
 [0 1 0 0]
 [0 1 0 0]
 ...
 [0 0 1 0]
 [0 0 1 0]
 [1 0 0 0]]",0.0149001827586382,0.0,EH38E2860959,chr1,205344343,205344843,shared,cross_context,16027,-1,MA0140.3,GATA1::TAL1,250,267,14.41691089778317,+,TAL1,ig,0.0478377264157375,0.0648310940596275,0.0688415429963825,0.941743630667864,False,0.0327377933940357,0.0425758408493129,0.0604141991341468,0.7047322386489465,False,0.0429048647227532,0.055494135384506,0.0755959264654218,0.7340888674603498,False,0.0411601281775088,,,0.7110777239276154,0.6125385997586504,0.6333413633675403,0.0478377264157375,0.0327377933940357,0.0429048647227532,0.8604715933716772,0.5683093016452945,0.8447381194013595,2.266491065033967,1.8715503097520847,1.541162168696974,0.941743630667864,0.7047322386489465,0.7340888674603498,-0.4919208314716641,-0.7071273326197572,-0.6589447880705697,K562,0.077736360560075,0.7110777239276154,0.6125385997586504,0.6333413633675403,0.077736360560075,0.07773636056007505,K562
TAL1,K562,norm_mean,"[[1 0 0 0]
 [0 0 0 1]
 [1 0 0 0]
 ...
 [1 0 0 0]
 [0 0 1 0]
 [0 1 0 0]]",0.1753420428120521,0.0,EH38E2168939,chr22,44676652,44677152,shared,cross_context,27098,-1,MA0140.3,GATA1::TAL1,237,254,14.406711361246211,+,TAL1,ig,0.06815808693714,0.0833691947197075,0.0621027144616863,1.3424402140543985,True,0.03880709845244,0.0507302114693447,0.0449161148564412,1.1294431928730777,True,0.0371735746260075,0.0574543106253258,0.0494868528312042,1.1610012706058574,True,0.0480462533385291,,,0.9680180583989147,0.822406507216066,0.706733492156625,0.06815808693714,0.03880709845244,0.0371735746260075,0.994339599357568,0.6292019250931539,0.8291327744880345,2.3665064216225047,2.0481941290295045,1.6933369691305715,1.3424402140543985,1.1294431928730777,1.1610012706058574,-0.0468941321372652,-0.2820764133639719,-0.5007618127901419,K562,0.1456115511828488,0.9680180583989147,0.822406507216066,0.706733492156625,0.1456115511828488,0.14561155118284874,K562
TAL1,K562,norm_mean,"[[0 0 1 0]
 [0 0 1 0]
 [0 0 0 1]
 ...
 [0 1 0 0]
 [0 0 0 1]
 [0 0 1 0]]",0.0108426615880143,0.0,EH38E3185848,chr16,66511238,66511738,shared,cross_context,90248,-1,MA0140.3,GATA1::TAL1,130,147,14.298437739387664,+,TAL1,ig,0.1071478965253952,0.0870798531803302,0.0747338132893651,1.1652000305559376,True,0.0496218004537855,0.0553064981999341,0.0419607334564823,1.3180533432943753,True,0.0377789454479866,0.0466481371730333,0.0583639814080122,0.7992622856604255,False,0.0648495474757224,,,1.3896950395378471,1.0925202105704572,0.7673811333285822,0.1071478965253952,0.0496218004537855,0.0377789454479866,1.7389011866465764,0.9103366264320504,0.9406115446278692,3.188517051659261,2.639996870700812,1.68233410178538,1.1652000305559376,1.3180533432943753,0.7992622856604255,0.4747683277158751,0.1276599697604223,-0.381984797427967,K562,0.2971748289673901,1.3896950395378471,1.0925202105704572,0.7673811333285822,0.2971748289673901,0.2971748289673899,K562
TAL1,K562,norm_mean,"[[1 0 0 0]
 [1 0 0 0]
 [0 1 0 0]
 ...
 [0 0 1 0]
 [0 0 1 0]
 [0 0 1 0]]",0.1639573808226524,0.0,EH38E2601185,chr7,151085259,151085759,shared,cross_context,205998,-1,MA0140.3,GATA1::TAL1,223,240,14.05179989139233,+,TAL1,ig,0.0615315272965851,0.0666166549397166,0.0694960987350966,0.9585666903113128,False,0.0300732124048997,0.0337075443612411,0.0558522356165131,0.6035127860870697,False,0.037160873228191,0.0451072776707587,0.0461916365304018,0.9765245679447824,False,0.0429218709765586,,,0.8999611371282016,0.6371177985040245,0.8119390282486887,0.0615315272965851,0.0300732124048997,0.037160873228191,0.9757459108116096,0.6294520730739922,0.978528061872484,1.8628222291743048,2.25306876897401,2.93614651261654,0.9585666903113128,0.6035127860870697,0.9765245679447824,-0.1520653901564004,-0.6503679515297724,-0.3005566993773248,K562,0.0880221088795129,0.8999611371282016,0.6371177985040245,0.8119390282486887,0.0880221088795129,0.0880221088795129,K562
TAL1,K562,norm_mean,"[[1 0 0 0]
 [0 0 1 0]
 [0 0 1 0]
 ...
 [0 0 1 0]
 [0 0 0 1]
 [0 0 1 0]]",0.6719377042145873,1.0,EH38E3753929,chr7,2354572,2355072,shared,cross_context,157137,-1,MA0091.2,TAL1::TCF3,31,41,13.719873641222026,+,TAL1,ig,0.092974979057908,0.0715961010596947,0.0644273653646814,1.1112683180780811,True,0.0435126177966594,0.0467014824057696,0.0453505869687069,1.029787599885286,True,0.0485315101221203,0.0492874873522669,0.0493588830990484,0.9985533357355036,False,0.0616730356588959,,,1.4388939953163704,0.9766076900847904,1.074634063023286,0.092974979057908,0.0435126177966594,0.0485315101221203,1.7252565980261243,1.2450151059762165,1.405905705784428,3.399490068372542,1.9960044065995224,2.3333890531529327,1.1112683180780811,1.029787599885286,0.9985533357355036,0.5249603122854505,-0.0341489552017723,0.103845474796017,K562,0.3642599322930844,1.4388939953163704,0.9766076900847904,1.074634063023286,0.3642599322930844,0.3642599322930844,K562
TAL1,K562,norm_mean,"[[0 1 0 0]
 [0 0 0 1]
 [0 1 0 0]
 ...
 [0 0 1 0]
 [0 0 1 0]
 [1 0 0 0]]",0.0429142574813604,0.0,EH38E1773662,chr15,69059498,69059998,shared,cross_context,180310,-1,MA0091.2,TAL1::TCF3,291,301,13.571617135136528,+,TAL1,ig,0.0913099281489849,0.058170775094768,0.0585017515524015,0.9943422822005612,False,0.0657394882291555,0.04410629023012,0.044302295829253,0.9955754989393004,False,0.0414322787895798,0.0466806546918815,0.048427560733473,0.9639272419588024,False,0.0661605650559067,,,1.5642637313827912,1.4864533956022756,0.8677793788121242,0.0913099281489849,0.0657394882291555,0.0414322787895798,1.9296865138809836,1.7258465452329477,1.1209608872102457,2.297368755242831,2.6048261447099432,1.3252125530003511,0.9943422822005612,0.9955754989393004,0.9639272419588024,0.645483769246515,0.5718742324720997,-0.2045997896686735,K562,0.0778103357805155,1.5642637313827912,1.4864533956022756,0.8677793788121242,0.0778103357805155,0.07781033578051555,K562
TAL1,K562,norm_mean,"[[1 0 0 0]
 [0 0 1 0]
 [0 1 0 0]
 ...
 [0 0 0 1]
 [0 1 0 0]
 [0 0 1 0]]",0.8235650483870284,1.0,EH38E3434907,chr20,45363221,45363721,shared,cross_context,124882,-1,MA0091.2,TAL1::TCF3,458,468,13.571617135136528,+,TAL1,ig,0.0378601043485105,0.0459141486429143,0.0616162134113255,0.7451633044175661,False,0.0185879911296069,0.036154374537291,0.0490971383324358,0.7363844085707467,False,0.0204865141073241,0.0429725160030648,0.0515594972390681,0.8334547458689302,False,0.0256448698618138,,,0.715645464375322,0.4199747738102793,0.3990469576985482,0.0378601043485105,0.0185879911296069,0.0204865141073241,0.8195389724946291,0.4120824435358216,0.4705915829201128,1.295771505757825,1.1307530155676782,1.0406756429256954,0.7451633044175661,0.7363844085707467,0.8334547458689302,-0.4826830493255253,-1.25162541782696,-1.325369566246195,K562,0.2956706905650426,0.715645464375322,0.4199747738102793,0.3990469576985482,0.2956706905650426,0.29567069056504264,K562
TAL1,K562,norm_mean,"[[1 0 0 0]
 [0 0 0 1]
 [0 0 1 0]
 ...
 [1 0 0 0]
 [0 0 1 0]
 [1 0 0 0]]",0.0272310575925878,0.0,EH38E2807089,chr1,43008794,43009294,shared,cross_context,48748,-1,MA0091.2,TAL1::TCF3,393,403,13.571617135136528,+,TAL1,ig,0.0956061163917183,0.0622213442041538,0.0501580640083944,1.2405050519631289,True,0.0494154550600796,0.0418119694542838,0.0404267816782045,1.034263856184909,True,0.0403343144804239,0.0471592306648381,0.0465189284301214,1.013764119653728,True,0.0617852953107406,,,1.5652988051251044,1.1564332639612342,0.8242489649246695,0.0956061163917183,0.0494154550600796,0.0403343144804239,1.7127556208165968,1.0876610494533685,1.1116296177578888,3.627406179437105,2.5526706462172912,1.8012056104954706,1.2405050519631289,1.034263856184909,1.013764119653728,0.6464380852514299,0.2096820138448993,-0.2788479229477654,K562,0.4088655411638702,1.5652988051251044,1.1564332639612342,0.8242489649246695,0.4088655411638702,0.4088655411638702,K562
TAL1,K562,norm_mean,"[[0 1 0 0]
 [1 0 0 0]
 [0 1 0 0]
 ...
 [0 0 0 1]
 [0 0 1 0]
 [0 0 1 0]]",0.1820749873518121,0.0,EH38E3468279,chr22,20240302,20240802,shared,cross_context,128999,-1,MA0091.2,TAL1::TCF3,248,258,13.369370170751296,+,TAL1,ig,0.0830049119889736,0.0537767601147061,0.0533755936533755,1.007515726921529,True,0.0373318508267402,0.0410796747176209,0.0422708971438204,0.9718190948174716,False,0.0317532259505242,0.0452207134499622,0.0402384799483862,1.1238173576584678,True,0.0506966629220793,,,1.550557571237304,0.8929873596454282,0.7527196439349382,0.0830049119889736,0.0373318508267402,0.0317532259505242,2.111732222094856,1.067477373612948,0.838210147237028,2.1100240267052044,1.875308204548384,1.8905453132819003,1.007515726921529,0.9718190948174716,1.1238173576584678,0.6327870942441423,-0.1632883393204919,-0.4098154705954567,K562,0.6575702115918757,1.550557571237304,0.8929873596454282,0.7527196439349382,0.6575702115918757,0.6575702115918759,K562
TAL1,K562,norm_mean,"[[0 1 0 0]
 [0 0 1 0]
 [0 0 1 0]
 ...
 [0 0 0 1]
 [0 0 1 0]
 [1 0 0 0]]",0.0698068215106638,0.0,EH38E3186835,chr16,67529465,67529965,shared,cross_context,90585,-1,MA0091.2,TAL1::TCF3,366,376,13.369370170751296,+,TAL1,ig,0.0602560183033347,0.0580608159161056,0.0630096151586235,0.9214594717861035,False,0.0304471612907946,0.0416880993451923,0.0398931468438929,1.0449937443738346,True,0.0338256788440048,0.040990716413944,0.0453072892240136,0.9047265477307072,False,0.041509619479378,,,0.9210454002292816,0.7481312274048215,0.7581181295016056,0.0602560183033347,0.0304471612907946,0.0338256788440048,1.3302793280182834,0.6582920042539185,0.8288178307975475,2.092200195289868,1.7698737201631278,1.4952182912975225,0.9214594717861035,1.0449937443738346,0.9047265477307072,-0.1186558218346446,-0.4186367419355244,-0.3995054272163487,K562,0.162927270727676,0.9210454002292816,0.7481312274048215,0.7581181295016056,0.162927270727676,0.162927270727676,K562
TAL1,K562,norm_mean,"[[0 0 1 0]
 [0 0 0 1]
 [0 1 0 0]
 ...
 [1 0 0 0]
 [0 0 1 0]
 [1 0 0 0]]",0.0089271025624508,0.0,EH38E2186033,chr3,24495452,24495952,shared,cross_context,27482,-1,MA0091.2,TAL1::TCF3,373,383,13.369370170751296,+,TAL1,ig,0.0666247848421335,0.0585624474671203,0.0680956942383518,0.8600020826884659,False,0.0459470883011817,0.054363275031792,0.0397098399828084,1.3690123497149302,True,0.0357031064340844,0.0413224854273721,0.0560220792137372,0.7376105748166097,False,0.0494249931924666,,,1.059461273089337,1.0087462205170683,0.7364198761585148,0.0666247848421335,0.0459470883011817,0.0357031064340844,1.1674772226018229,0.9976497212221566,0.4648827422391193,2.672523970165792,2.223661393376335,1.9895531660175496,0.8600020826884659,1.3690123497149302,0.7376105748166097,0.0833308546281173,0.0125632695785981,-0.4413995270113329,K562,0.0507150525722681,1.059461273089337,1.0087462205170683,0.7364198761585148,0.0507150525722681,0.050715052572268604,K562
TAL1,K562,norm_mean,"[[0 1 0 0]
 [0 1 0 0]
 [0 0 0 1]
 ...
 [0 0 1 0]
 [0 0 1 0]
 [0 0 1 0]]",0.0698068215106638,0.0,EH38E3186836,chr16,67529623,67530123,shared,cross_context,190077,-1,MA0091.2,TAL1::TCF3,208,218,13.369370170751296,+,TAL1,ig,0.0763930980116129,0.0659014800505247,0.0479180103317888,1.3752963831605882,True,0.047208547219634,0.0526014488760847,0.049889989057705,1.0543485642331547,True,0.0312818569946102,0.0445704151765676,0.0487332428695084,0.9145791128680132,False,0.0516278340752857,,,1.390411365552339,0.9265815895701152,0.6640576804750008,0.0763930980116129,0.047208547219634,0.0312818569946102,1.2400790681649714,0.9653900888401707,0.941803654689239,2.4455222010504727,1.9858351606336344,1.5918924469772109,1.3752963831605882,1.0543485642331547,0.9145791128680132,0.475511781282257,-0.110010075862864,-0.5906195322855896,K562,0.4638297759822235,1.390411365552339,0.9265815895701152,0.6640576804750008,0.4638297759822235,0.46382977598222375,K562
TAL1,K562,norm_mean,"[[0 0 1 0]
 [0 1 0 0]
 [1 0 0 0]
 ...
 [0 0 0 1]
 [0 1 0 0]
 [0 0 0 1]]",0.0161268332049537,0.0,EH38E3165046,chr16,4306794,4307294,shared,cross_context,27455,-1,MA0091.2,TAL1::TCF3,108,118,13.308580084361608,+,TAL1,ig,0.0729439263232052,0.0769549437181558,0.0697107563787817,1.1039176258658812,True,0.0373906069435179,0.0481370434170821,0.0575066707889492,0.8370687154375357,False,0.0469708037795498,0.0584717220067977,0.0532496578143166,1.0980673571653186,True,0.0524351123487576,,,1.054600338452918,0.7056944244582142,0.9067765582689103,0.0729439263232052,0.0373906069435179,0.0469708037795498,1.443315569842616,0.743760890615806,0.6404939580005368,1.9556268965577424,1.6680110099372072,2.5794753951821203,1.1039176258658812,0.8370687154375357,1.0980673571653186,0.0766963662026217,-0.5028844812340562,-0.1411809978796823,K562,0.1478237801840077,1.054600338452918,0.7056944244582142,0.9067765582689103,0.1478237801840077,0.14782378018400755,K562
TAL1,K562,norm_mean,"[[0 0 1 0]
 [0 1 0 0]
 [1 0 0 0]
 ...
 [0 0 0 1]
 [0 1 0 0]
 [0 0 0 1]]",0.04044652749089,0.0,EH38E1875017,chr17,59786824,59787324,shared,cross_context,5255,-1,MA0140.3,GATA1::TAL1,222,239,13.293386680083726,+,TAL1,ig,0.0518335594302591,0.0613301691034575,0.0585402990668976,1.0476570773374605,True,0.0302171113846056,0.0532366569311125,0.0354485899974045,1.5017985741329822,True,0.0352008255362948,0.040584059075918,0.0434060428270664,0.9349861697309488,False,0.0390838321170532,,,0.8692517091346826,0.7127172477307478,0.8320979257787777,0.0518335594302591,0.0302171113846056,0.0352008255362948,0.7227396927391271,0.8702168366008903,0.5524624272359865,2.518758655230532,1.5295047115589997,2.326596132954003,1.0476570773374605,1.5017985741329822,0.9349861697309488,-0.2021540946251132,-0.4885982549077198,-0.2651747706502081,K562,0.0371537833559049,0.8692517091346826,0.7127172477307478,0.8320979257787777,0.0371537833559049,0.03715378335590491,K562
TAL1,K562,norm_mean,"[[1 0 0 0]
 [1 0 0 0]
 [0 0 1 0]
 ...
 [0 0 0 1]
 [0 1 0 0]
 [1 0 0 0]]",0.2028078889464614,0.0,EH38E3913952,chr9,131124972,131125472,shared,cross_context,200445,-1,MA0091.2,TAL1::TCF3,281,291,13.176724714960464,+,TAL1,ig,0.0658227991312742,0.0763950884784571,0.0610382219885464,1.2515940581763971,True,0.0415832407772541,0.0408807685924693,0.0457601678204716,0.8933699679414403,False,0.0307166416198015,0.0569818200683221,0.0582467896183982,0.9782824196631644,False,0.0460408938427766,,,0.981887631206324,0.9482167231499272,0.5318653919587144,0.0658227991312742,0.0415832407772541,0.0307166416198015,0.9838915468811816,1.3679471388088429,0.6133823892965743,1.896468399933111,1.5936563865885678,1.1585771815191237,1.2515940581763971,0.8933699679414403,0.9782824196631644,-0.0263701637633413,-0.0767112560991721,-0.910866927136463,K562,0.0336709080563967,0.981887631206324,0.9482167231499272,0.5318653919587144,0.0336709080563967,0.03367090805639683,K562
TAL1,K562,norm_mean,"[[0 0 0 1]
 [0 1 0 0]
 [0 1 0 0]
 ...
 [1 0 0 0]
 [0 0 0 1]
 [0 0 1 0]]",0.0525610488722801,0.0,EH38E2938692,chr11,1202491,1202991,shared,cross_context,208826,-1,MA0091.2,TAL1::TCF3,239,249,13.106333119976371,+,TAL1,ig,0.0864313472062349,0.0719233245536452,0.070551328327453,1.019446636431251,True,0.0420100803952664,0.0436475991712359,0.0578982282552318,0.7538674834772157,False,0.0300618254346773,0.0536570979095995,0.0611813014943319,0.8770177787798892,False,0.0528344176787262,,,1.2158485488577009,0.8027673422081615,0.5161523148992156,0.0864313472062349,0.0420100803952664,0.0300618254346773,1.280095550100361,1.1812380889724103,0.5924943602001314,3.0862963945087,1.4920499297544143,1.144560936854943,1.019446636431251,0.7538674834772157,0.8770177787798892,0.2819635330767373,-0.3169461662161356,-0.9541312289172,K562,0.4130812066495392,1.2158485488577009,0.8027673422081615,0.5161523148992156,0.4130812066495392,0.4130812066495394,K562
TAL1,K562,norm_mean,"[[0 0 0 1]
 [0 1 0 0]
 [0 0 1 0]
 ...
 [0 1 0 0]
 [1 0 0 0]
 [1 0 0 0]]",0.038510918396825,0.0,EH38E3701906,chr6,33248745,33249245,shared,cross_context,220048,-1,MA0091.2,TAL1::TCF3,281,291,13.106333119976371,+,TAL1,ig,0.1407364433631301,0.076416227837908,0.0627902502937314,1.217007661386252,True,0.0363369377329945,0.0499576699425233,0.04331830092064,1.153269111393717,True,0.0920384073629975,0.0513523483916651,0.0451580885818634,1.1371680828981912,True,0.089703929486374,,,2.066223108498233,0.7914508735258307,1.9344854021871327,0.1407364433631301,0.0363369377329945,0.0920384073629975,1.6567805112483045,0.8121082646919994,2.7428959359363567,4.875970127593034,1.6771527638786894,3.18490618146898,1.217007661386252,1.153269111393717,1.1371680828981912,1.046996043935743,-0.3374282900428734,0.9519498428524726,K562,0.1317377063111002,2.066223108498233,0.7914508735258307,1.9344854021871327,0.1317377063111002,0.13173770631110027,K562
TAL1,K562,norm_mean,"[[0 1 0 0]
 [0 0 0 1]
 [0 0 1 0]
 ...
 [0 0 0 1]
 [1 0 0 0]
 [1 0 0 0]]",0.1270122496746456,0.0,EH38E2906118,chr10,70233879,70234379,shared,cross_context,58683,-1,MA0140.3,GATA1::TAL1,70,87,12.8473318964015,+,TAL1,ig,0.0918927371282787,0.0779471827612724,0.0663130643032491,1.1754421519476026,True,0.0559178677880588,0.0569830224313773,0.0344741271808743,1.6529209166978227,True,0.0527672786265611,0.0708779269002843,0.0454352809081319,1.5599751973327562,True,0.0668592945142996,,,1.3904538768673615,1.302802279323708,1.0077506606983415,0.0918927371282787,0.0559178677880588,0.0527672786265611,1.5883444517192875,1.4628424613147244,0.8827530218435177,2.746890025845409,2.890195893886101,2.791167847126705,1.1754421519476026,1.6529209166978227,1.5599751973327562,0.475555890477043,0.3816181500297715,0.0111387304761198,K562,0.0876515975436535,1.3904538768673615,1.302802279323708,1.0077506606983415,0.0876515975436535,0.08765159754365359,K562
TAL1,K562,norm_mean,"[[0 0 1 0]
 [0 0 1 0]
 [0 0 0 1]
 ...
 [0 1 0 0]
 [0 0 0 1]
 [0 1 0 0]]",0.1201709106935943,0.0,EH38E1412380,chr1,202108223,202108723,shared,cross_context,57898,-1,MA0091.2,TAL1::TCF3,456,466,12.826789077660704,+,TAL1,ig,0.057375446613878,0.0443856875970959,0.0636975214642006,0.696819587459863,False,0.0389609507285058,0.0400260484128375,0.0435202004422899,0.9197117386625272,False,0.0292612440884113,0.0438413581525674,0.0506910752900876,0.8648731409414184,False,0.0418658804769317,,,1.067376267063046,0.9188971914070364,0.6338380205302072,0.057375446613878,0.0389609507285058,0.0292612440884113,1.475619091079793,1.0634347724977482,0.7626715465498661,2.221683746603452,1.997036340335438,1.4363597686710494,0.696819587459863,0.9197117386625272,0.8648731409414184,0.0940688400585285,-0.1220246352243657,-0.6578138907875715,K562,0.1484790756560094,1.067376267063046,0.9188971914070364,0.6338380205302072,0.1484790756560094,0.1484790756560096,K562
TAL1,K562,norm_mean,"[[0 0 1 0]
 [0 1 0 0]
 [0 1 0 0]
 ...
 [0 1 0 0]
 [0 1 0 0]
 [0 0 0 1]]",0.0768207124384042,0.0,EH38E1796252,chr16,2010000,2010500,shared,cross_context,180401,-1,MA0140.3,GATA1::TAL1,160,177,12.607222038227034,+,TAL1,ig,0.1185533714425914,0.084000911526964,0.0624084857035317,1.34598519929091,True,0.0526856477372348,0.0487658556416863,0.0588179340211625,0.8290982701493356,False,0.0480676238315508,0.0369829363736789,0.0426829934737874,0.8664558105989657,False,0.0731022143371257,,,1.7078231308135114,0.9777861066796572,1.1834450386598678,0.1185533714425914,0.0526856477372348,0.0480676238315508,1.8990614893221849,1.0025281464588889,1.1581528943306096,3.834417165053017,3.650884185335458,3.634620887077764,1.34598519929091,0.8290982701493356,0.8664558105989657,0.7721585721082443,-0.032409187111413,0.2429927074655978,K562,0.5243780921536436,1.7078231308135114,0.9777861066796572,1.1834450386598678,0.5243780921536436,0.5243780921536436,K562
TAL1,K562,norm_mean,"[[1 0 0 0]
 [0 0 1 0]
 [0 0 1 0]
 ...
 [0 0 1 0]
 [0 0 1 0]
 [0 0 0 1]]",0.0807251395691874,0.0,EH38E1378431,chr1,114757287,114757787,shared,cross_context,2391,-1,MA0140.3,GATA1::TAL1,26,43,12.603000299663172,+,TAL1,ig,0.111631317064166,0.0914763419097289,0.0565608961274847,1.6173068674597788,True,0.0566766395726624,0.0640594569593668,0.0499470641615334,1.2825467364152812,True,0.0556469178375075,0.0524951201467774,0.0561847071559168,0.9343309498399636,False,0.0746516248247787,,,1.6194738390458288,1.111494805801787,1.0669869810142474,0.111631317064166,0.0566766395726624,0.0556469178375075,1.1508760913641911,0.939947936968214,1.0206237674407113,5.248536521309142,4.3653822660433335,2.5105296247279654,1.6173068674597788,1.2825467364152812,0.9343309498399636,0.6955251639398474,0.1525012077271964,0.0935425743834647,K562,0.5079790332440417,1.6194738390458288,1.111494805801787,1.0669869810142474,0.5079790332440417,0.5079790332440417,K562
TAL1,K562,norm_mean,"[[0 0 0 1]
 [0 0 0 1]
 [1 0 0 0]
 ...
 [0 0 1 0]
 [0 0 1 0]
 [1 0 0 0]]",0.1762732569461399,0.0,EH38E1886921,chr17,76370262,76370762,shared,cross_context,5398,-1,MA0140.3,GATA1::TAL1,334,351,12.504696100021432,+,TAL1,ig,0.0689983557471457,0.057843990685651,0.0528748949006613,1.0939781507754076,True,0.0317906095810672,0.0424578452040441,0.0425422262365895,0.9980163000347216,False,0.0291657054194194,0.0513039604004006,0.038233866345534,1.3418456432914974,True,0.0433182235825441,,,1.1845861727473668,0.6972376007278123,0.6591053846458362,0.0689983557471457,0.0317906095810672,0.0291657054194194,1.1225232870481423,0.8696223772642736,0.7543746441258977,3.2161365049329262,1.5481866534318378,1.6698398929771745,1.0939781507754076,0.9980163000347216,1.3418456432914974,0.2443831524961683,-0.5202777193947394,-0.601418935886134,K562,0.4873485720195545,1.1845861727473668,0.6972376007278123,0.6591053846458362,0.4873485720195545,0.4873485720195545,K562
TAL1,K562,norm_mean,"[[0 0 1 0]
 [0 0 0 1]
 [0 0 1 0]
 ...
 [0 1 0 0]
 [0 0 0 1]
 [0 0 0 1]]",0.1204478771725079,0.0,EH38E2163947,chr22,38655434,38655934,shared,cross_context,7994,-1,MA0140.3,GATA1::TAL1,483,500,12.371503449480755,+,TAL1,ig,0.1045041163178051,0.0723590207652887,0.0809530874202028,0.8938388161937173,False,0.0502275926992297,0.0493552371053374,0.062420270149596,0.7906923356808556,False,0.0493156773257343,0.0499789078964386,0.0777396458429575,0.6429010696600121,False,0.0680157954475897,,,1.4441724260598163,0.772522313006414,0.7858589715301357,0.1045041163178051,0.0502275926992297,0.0493156773257343,1.4468865718619357,0.983470975731122,0.9109028411209537,3.087022030715768,1.4922887031313588,1.4313669602315091,0.8938388161937173,0.7906923356808556,0.6429010696600121,0.5302430031760418,-0.3723514895836702,-0.3476576601215252,K562,0.6583134545296806,1.4441724260598163,0.772522313006414,0.7858589715301357,0.6583134545296806,0.6583134545296806,K562
TAL1,K562,norm_mean,"[[1 0 0 0]
 [0 0 0 1]
 [0 0 1 0]
 ...
 [1 0 0 0]
 [1 0 0 0]
 [0 0 1 0]]",0.0595682197221942,0.0,EH38E2858884,chr1,202808850,202809350,shared,cross_context,54290,-1,MA0140.3,GATA1::TAL1,242,259,12.285731819868715,+,TAL1,ig,0.0523648409939864,0.0677645793370902,0.059801447659713,1.1331593240199869,True,0.0316337309948935,0.0545387103865505,0.0460974111166508,1.1831184709560822,True,0.037935734479962,0.059766594544053,0.0496776402571226,1.2030881942827778,True,0.0406447688229473,,,0.8323499925271493,0.6404264227301758,0.7075102217619265,0.0523648409939864,0.0316337309948935,0.037935734479962,0.6896059505977672,0.5220363317604763,0.6181876412068913,1.9226143335088048,2.020712541330005,2.7896179778107384,1.1331593240199869,1.1831184709560822,1.2030881942827778,-0.26473780239642,-0.6428952608026501,-0.499177101400247,K562,0.1248397707652227,0.8323499925271493,0.6404264227301758,0.7075102217619265,0.1248397707652227,0.12483977076522279,K562
TAL1,K562,norm_mean,"[[0 1 0 0]
 [0 1 0 0]
 [0 1 0 0]
 ...
 [0 1 0 0]
 [0 0 0 1]
 [0 1 0 0]]",0.0521701191913816,0.0,EH38E3228074,chr17,48003711,48004211,shared,cross_context,97770,-1,MA0091.2,TAL1::TCF3,4,14,12.241837156636176,+,TAL1,ig,0.0544509769417345,0.0542856836644932,0.0465421819791663,1.1663757411510212,True,0.0348200919106602,0.0461423262243624,0.0456317322753602,1.0111892275758647,True,0.0303163066506385,0.0475384820118779,0.0408683983847731,1.163208548869985,True,0.0398624585010111,,,1.1062007761822643,0.7843231309837639,0.7072947557557138,0.0544509769417345,0.0348200919106602,0.0303163066506385,1.0,0.989329066744212,0.6082098019706029,3.048753917553562,1.2526844745082335,1.7754872508700124,1.1663757411510212,1.0111892275758647,1.163208548869985,0.1456132607595013,-0.3504799445433215,-0.4996165283821233,K562,0.3218776451985004,1.1062007761822643,0.7843231309837639,0.7072947557557138,0.3218776451985004,0.3218776451985004,K562
TAL1,K562,norm_mean,"[[0 1 0 0]
 [0 1 0 0]
 [0 0 1 0]
 ...
 [0 0 1 0]
 [0 0 1 0]
 [0 0 0 1]]",0.1880616214364755,0.0,EH38E3120528,chr14,104768882,104769382,shared,cross_context,81591,-1,MA0091.2,TAL1::TCF3,381,391,12.179304718848783,+,TAL1,ig,0.0859195968136191,0.0629338608938269,0.0889916335257281,0.707188432536728,False,0.0588226551190018,0.0498867306113243,0.0818504414987849,0.6094863216736792,False,0.0329106545075774,0.0436196402885252,0.0568924427405411,0.7667034586723345,False,0.0592176354800661,,,1.201788371889878,0.92149755708417,0.663952907668076,0.0859195968136191,0.0588226551190018,0.0329106545075774,1.7087466434581902,1.2268135652241352,0.4790015576754493,2.4338379599815885,2.6240640532778263,1.9098622741673656,0.707188432536728,0.6094863216736792,0.7667034586723345,0.2651828692083641,-0.1179477520856616,-0.5908471738577368,K562,0.2802908148057079,1.201788371889878,0.92149755708417,0.663952907668076,0.2802908148057079,0.28029081480570806,K562
TAL1,K562,norm_mean,"[[1 0 0 0]
 [0 1 0 0]
 [0 0 0 1]
 ...
 [0 0 0 1]
 [0 0 1 0]
 [0 0 0 1]]",0.142695823119605,0.0,EH38E2392547,chr5,95780975,95781475,shared,cross_context,9647,-1,MA0091.2,TAL1::TCF3,88,98,12.176740584534503,+,TAL1,ig,0.0700862960889935,0.0565860324038658,0.0633016466896515,0.8939107657369801,False,0.0368469147011637,0.0551586237939773,0.0640011263417545,0.8618381945507994,False,0.0333186970092356,0.0378452058808761,0.050052761331899,0.7561061030951759,False,0.0467506359331309,,,1.140439572457179,0.6664785035432703,0.7933141889247805,0.0700862960889935,0.0368469147011637,0.0333186970092356,1.6352822700976284,0.6756747301522257,0.6603653509366336,1.8185009782386925,1.4085925277701434,1.789275030824476,0.8939107657369801,0.8618381945507994,0.7561061030951759,0.1895900070330603,-0.5853697490388519,-0.3340357403397956,K562,0.3471253835323985,1.140439572457179,0.6664785035432703,0.7933141889247805,0.3471253835323985,0.3471253835323985,K562
TAL1,K562,norm_mean,"[[0 0 1 0]
 [0 1 0 0]
 [0 1 0 0]
 ...
 [1 0 0 0]
 [0 1 0 0]
 [0 0 0 1]]",0.9173497630705992,1.0,EH38E3858726,chr8,127736283,127736783,shared,cross_context,199630,-1,MA0140.3,GATA1::TAL1,384,401,12.13738112308215,+,TAL1,ig,0.0557701728471061,0.06779497509473,0.0742375782860273,0.913216291907614,False,0.032511598238831,0.0427961151738418,0.0549743530864361,0.7784740517421459,False,0.0305162991725784,0.0441877362382365,0.0560898099666122,0.7878031390462565,False,0.0395993567528385,,,0.7722298699870581,0.650081204496278,0.5811847961890547,0.0557701728471061,0.032511598238831,0.0305162991725784,0.6690658094856403,0.790206898431691,0.3802743024169183,1.7343877575164823,1.4917713887491832,1.5331491506689792,0.913216291907614,0.7784740517421459,0.7878031390462565,-0.3728977339624208,-0.6213081499013158,-0.7829311298842978,K562,0.12214866549078,0.7722298699870581,0.650081204496278,0.5811847961890547,0.12214866549078,0.12214866549078007,K562
TAL1,K562,norm_mean,"[[1 0 0 0]
 [0 0 1 0]
 [1 0 0 0]
 ...
 [0 0 0 1]
 [0 0 0 1]
 [0 0 1 0]]",0.0728522597464034,0.0,EH38E3114145,chr14,96362594,96363094,shared,cross_context,80760,-1,MA0091.2,TAL1::TCF3,9,19,11.978800105861252,+,TAL1,ig,0.1574138324707746,0.0702288166293874,0.0665173344197683,1.055797059278213,True,0.0758840130642056,0.0520812285749707,0.0472691110239247,1.1018023489078703,True,0.0949756099842488,0.0622492550918832,0.0630220824980642,0.9877370398927208,False,0.1094244851730763,,,2.404120222646438,1.494278571807211,1.545341572100112,0.1574138324707746,0.0758840130642056,0.0949756099842488,2.2974862910964005,1.404463096272497,1.0988647309218966,5.063564555614692,3.484599977930897,4.488428345398384,1.055797059278213,1.1018023489078703,0.9877370398927208,1.2655090431878897,0.5794491294813726,0.6279257580988397,K562,0.858778650546326,2.404120222646438,1.494278571807211,1.545341572100112,0.858778650546326,0.858778650546326,K562
TAL1,K562,norm_mean,"[[0 0 0 1]
 [0 0 1 0]
 [1 0 0 0]
 ...
 [0 1 0 0]
 [0 1 0 0]
 [0 0 0 1]]",0.0728522597464034,0.0,EH38E1739800,chr14,96362348,96362848,shared,cross_context,202802,-1,MA0091.2,TAL1::TCF3,255,265,11.978800105861252,+,TAL1,ig,0.0630535504780709,0.056080918534426,0.0698587482519752,0.802775771251851,False,0.0431445768568664,0.0462399379600537,0.0461460620587249,1.0020341038173162,True,0.0313028691802173,0.0583052660847897,0.0651220661746218,0.8953225927325608,False,0.0458336655050516,,,0.9779264261828916,0.934214471029357,0.5011726422616973,0.0630535504780709,0.0431445768568664,0.0313028691802173,0.938669891863582,0.891741364125913,0.4796213971633266,2.415625536430402,1.962921145802561,1.341937052962682,0.802775771251851,1.0020341038173162,0.8953225927325608,-0.032202164608673,-0.0981743006128115,-0.9966204282480168,K562,0.0437119551535346,0.9779264261828916,0.934214471029357,0.5011726422616973,0.0437119551535346,0.043711955153534654,K562
TAL1,K562,norm_mean,"[[0 1 0 0]
 [0 0 1 0]
 [0 0 0 1]
 ...
 [0 0 0 1]
 [0 0 0 1]
 [0 0 1 0]]",0.0362926272451351,0.0,EH38E1623047,chr12,69534354,69534854,shared,cross_context,9728,-1,MA0091.2,TAL1::TCF3,195,205,11.899192843362147,+,TAL1,ig,0.1046437785029411,0.0760200929339043,0.0561489707053018,1.353899785516966,True,0.0346671153791248,0.045182395040756,0.0505760809160225,0.8933548287821954,False,0.0530102718621492,0.0468237358040642,0.0439144783707646,1.066248009284252,True,0.0641070552480717,,,1.5978519026476852,0.7144160928188842,1.1727185946329,0.1046437785029411,0.0346671153791248,0.0530102718621492,1.5417361125777738,0.9555035243342144,1.160727708991199,3.861516768345081,1.316472616277997,2.8796168115670056,1.353899785516966,0.8933548287821954,1.066248009284252,0.6761336987701729,-0.4851635141326397,0.2298568672535816,K562,0.4251333080147852,1.5978519026476852,0.7144160928188842,1.1727185946329,0.4251333080147852,0.4251333080147852,K562
TAL1,K562,norm_mean,"[[0 1 0 0]
 [0 1 0 0]
 [0 1 0 0]
 ...
 [0 1 0 0]
 [0 1 0 0]
 [1 0 0 0]]",0.0220339097845096,0.0,EH38E3000825,chr12,6337140,6337640,shared,cross_context,69463,-1,MA0091.2,TAL1::TCF3,51,61,11.828801248378056,+,TAL1,ig,0.0503268564119935,0.061658942552749,0.0657919994005351,0.9371798051853932,False,0.0338601869065314,0.043403131684754,0.047895058375434,0.9062129600594964,False,0.0286644226405769,0.0485503266687737,0.0493961588642559,0.9828763603548556,False,0.0376171553197006,,,0.8221488150182549,0.7812527263616542,0.5887481914726325,0.0503268564119935,0.0338601869065314,0.0286644226405769,0.919079138566922,0.6736895495414605,0.6876581706486972,1.710690257955363,1.977043256032512,1.4496973225423495,0.9371798051853932,0.9062129600594964,0.9828763603548556,-0.2825285371124675,-0.356138773752616,-0.7642773694014701,K562,0.0408960886566006,0.8221488150182549,0.7812527263616542,0.5887481914726325,0.0408960886566006,0.04089608865660066,K562
TAL1,K562,norm_mean,"[[0 0 1 0]
 [0 0 1 0]
 [1 0 0 0]
 ...
 [1 0 0 0]
 [0 0 0 1]
 [0 0 1 0]]",0.0479157687886485,0.0,EH38E3151390,chr15,84599824,84600324,shared,cross_context,85486,-1,MA0091.2,TAL1::TCF3,395,405,11.69129363699123,+,TAL1,ig,0.2441805131733417,0.0866494486207375,0.0768176224530248,1.127989054774957,True,0.1310143690556287,0.0460454908345127,0.0445253410456781,1.034140995031687,True,0.0639774261973798,0.044900483173842,0.043295430961803,1.0370718527490017,True,0.1463907694754501,,,3.006974462290224,2.7890779512493293,1.402370469129019,0.2441805131733417,0.1310143690556287,0.0639774261973798,4.522060361946985,3.445157405305087,1.809519038044988,4.522782095387648,4.1139951128415735,3.305520692019511,1.127989054774957,1.034140995031687,1.0370718527490017,1.5883126158863112,1.4797882569735834,0.4878675225399783,K562,0.2178965110408945,3.006974462290224,2.7890779512493293,1.402370469129019,0.2178965110408945,0.21789651104089458,K562
TAL1,K562,norm_mean,"[[1 0 0 0]
 [0 1 0 0]
 [0 0 0 1]
 ...
 [1 0 0 0]
 [0 0 1 0]
 [0 0 0 1]]",0.0495563969222358,0.0,EH38E3484054,chr22,41941490,41941990,shared,cross_context,131511,-1,MA0091.2,TAL1::TCF3,143,153,11.565764197603134,+,TAL1,ig,0.0365132102277129,0.0593531632720259,0.0572586607609522,1.0365794819062075,True,0.0213401443324983,0.0401228721332154,0.0477025673758508,0.8411049117343364,False,0.0210771213052794,0.0387331587419612,0.0337824408305741,1.1465467362393544,True,0.0263101586218302,,,0.6121269905872794,0.4705042077517717,0.5908143928793361,0.0365132102277129,0.0213401443324983,0.0210771213052794,0.8619344012274637,0.583695721654978,0.7186972723109456,1.0480867076938134,0.8030232509971184,1.190071735789725,1.0365794819062075,0.8411049117343364,1.1465467362393544,-0.7080971100616857,-1.0877204666877438,-0.7592231202989174,K562,0.0213125977079432,0.6121269905872794,0.4705042077517717,0.5908143928793361,0.0213125977079432,0.021312597707943248,K562
TAL1,K562,norm_mean,"[[0 0 0 1]
 [0 0 0 1]
 [0 0 1 0]
 ...
 [1 0 0 0]
 [0 1 0 0]
 [1 0 0 0]]",0.1111421386047833,0.0,EH38E3511079,chr3,47283471,47283971,shared,cross_context,134358,-1,MA0091.2,TAL1::TCF3,274,284,11.527207687040011,+,TAL1,ig,0.1162899166345596,0.069911500486778,0.0535864485353112,1.304648644409098,True,0.0527711973525583,0.0558948108030017,0.0457438837053278,1.221907587558329,True,0.0768953521735966,0.0537383909313939,0.0466587544564017,1.1517319748491726,True,0.0819854887202382,,,1.9393475696576288,1.0616005598607,1.555822732611125,0.1162899166345596,0.0527711973525583,0.0768953521735966,2.288762386107233,1.1707967008512317,2.24952160835479,3.670563840342368,1.9176053312225692,3.4076051934261504,1.304648644409098,1.221907587558329,1.1517319748491726,0.955571387007074,0.0862410380200064,0.637677692773434,K562,0.3835248370465038,1.9393475696576288,1.0616005598607,1.555822732611125,0.3835248370465038,0.38352483704650386,K562
TAL1,K562,norm_mean,"[[1 0 0 0]
 [0 0 1 0]
 [1 0 0 0]
 ...
 [1 0 0 0]
 [1 0 0 0]
 [0 0 0 1]]",0.0279588208521659,0.0,EH38E2837777,chr1,151836405,151836905,shared,cross_context,52390,-1,MA0091.2,TAL1::TCF3,217,227,11.45681609205592,+,TAL1,ig,0.1061304058879613,0.0664914859575219,0.0616117631464313,1.0792009799733102,True,0.0506523411720991,0.0426251183671411,0.0437248472537761,0.9748486569035032,False,0.0318059679120779,0.0352026908390689,0.0499223710592979,0.7051484743336883,False,0.0628629049907128,,,1.6708738442489204,1.1699279448445064,0.7200400885502114,0.1061304058879613,0.0506523411720991,0.0318059679120779,1.890280697135616,1.3633639239548268,0.6776429215968455,3.1070914782757577,2.2641873488192465,2.207844593151328,1.0792009799733102,0.9748486569035032,0.7051484743336883,0.7406028107752788,0.226419679061781,-0.4738508614085773,K562,0.500945899404414,1.6708738442489204,1.1699279448445064,0.7200400885502114,0.500945899404414,0.500945899404414,K562
TAL1,K562,norm_mean,"[[0 0 0 1]
 [0 0 0 1]
 [0 0 0 1]
 ...
 [0 1 0 0]
 [0 0 1 0]
 [0 0 1 0]]",0.9584300960145395,1.0,EH38E3131208,chr15,43792418,43792918,shared,cross_context,82676,-1,MA0091.2,TAL1::TCF3,296,306,11.28622015528746,+,TAL1,ig,0.1793744854629039,0.0690115550952032,0.0675556371845694,1.0215512391829524,True,0.0773463577032089,0.0591542281664442,0.0563635640400327,1.0495116602156818,True,0.0632846977561712,0.0530709194968221,0.0545923665908563,0.972130594250608,False,0.1066685136407613,,,2.6324375180562924,1.3429494778495878,1.171996315096269,0.1793744854629039,0.0773463577032089,0.0632846977561712,3.0811430473249697,1.1769881093995775,0.9946579307581832,3.905972407097603,3.171260894260981,2.551542772379737,1.0215512391829524,1.0495116602156818,0.972130594250608,1.3963992892690826,0.4254050322529777,0.2289680349837131,K562,1.2894880402067046,2.6324375180562924,1.3429494778495878,1.171996315096269,1.2894880402067046,1.2894880402067046,K562
TAL1,K562,norm_mean,"[[0 0 1 0]
 [1 0 0 0]
 [0 0 1 0]
 ...
 [0 1 0 0]
 [0 1 0 0]
 [0 0 0 1]]",0.1206207590828275,0.0,EH38E3294854,chr19,17246316,17246816,shared,cross_context,31040,-1,MA0091.2,TAL1::TCF3,237,247,11.193779041280996,+,TAL1,ig,0.0948264436796307,0.0879304457506805,0.058460572891188,1.5040979990627927,True,0.0722614717669785,0.0678793981607304,0.0509109719113882,1.3332957961580107,True,0.035942617803812,0.0585523954569362,0.0536595738783198,1.0911824361089248,True,0.067676844416807,,,1.3552008768119632,1.255863691645614,0.6467892653639912,0.0948264436796307,0.0722614717669785,0.035942617803812,1.681354083770152,1.44161097867402,0.5963764479385827,2.7875795384292763,3.0213749691347878,1.3226535938605388,1.5040979990627927,1.3332957961580107,1.0911824361089248,0.4385067142681065,0.3286798873062157,-0.6286323577763626,K562,0.0993371851663491,1.3552008768119632,1.255863691645614,0.6467892653639912,0.0993371851663491,0.09933718516634915,K562
TAL1,K562,norm_mean,"[[0 0 1 0]
 [0 1 0 0]
 [0 1 0 0]
 ...
 [0 0 0 1]
 [1 0 0 0]
 [0 0 0 1]]",0.2005169416646255,0.0,EH38E2631444,chr8,53843330,53843830,shared,cross_context,183561,-1,MA0140.3,GATA1::TAL1,477,494,11.189871857111566,+,TAL1,ig,0.0709790454300887,0.0644897424348164,0.0593210559262661,1.08713054001718,True,0.0398705463089487,0.0363875340903177,0.0521225875685922,0.6981143647423275,False,0.035416090313126,0.0341743412258802,0.039633109208662,0.8622672630422484,False,0.0487552273507211,,,1.0872331946408396,0.7015760365655296,0.8212714782838563,0.0709790454300887,0.0398705463089487,0.035416090313126,0.9733746962608718,0.9760542043860522,0.8945553152156255,2.55439604095532,1.7118217601277097,2.076008085513842,1.08713054001718,0.6981143647423275,0.8622672630422484,0.1206614105697621,-0.5113286217280792,-0.2840688971527645,K562,0.2659617163569833,1.0872331946408396,0.7015760365655296,0.8212714782838563,0.2659617163569833,0.2659617163569833,K562
TAL1,K562,norm_mean,"[[0 0 1 0]
 [0 1 0 0]
 [0 0 1 0]
 ...
 [0 0 1 0]
 [1 0 0 0]
 [1 0 0 0]]",0.7152202956216737,1.0,EH38E3539586,chr3,129893810,129894310,shared,cross_context,39585,-1,MA0091.2,TAL1::TCF3,452,462,10.954346557340187,+,TAL1,ig,0.0441300956532359,0.0591278171213343,0.0664871311641763,0.8893120697629386,False,0.0272226765751838,0.0536573710129596,0.0494415698584634,1.0852681319360082,True,0.0296688363887369,0.0371794394182506,0.0480658171641698,0.7735108623276892,False,0.0336738695390522,,,0.7018611159166698,0.4823194447513321,0.5823096386830761,0.0441300956532359,0.0272226765751838,0.0296688363887369,0.6772045091816201,0.5777164017688943,0.7265764907252225,1.467772170940002,0.951595747654468,1.5228696809383953,0.8893120697629386,1.0852681319360082,0.7735108623276892,-0.510742514155691,-1.0519391182450055,-0.7801415932228931,K562,0.1195514772335937,0.7018611159166698,0.4823194447513321,0.5823096386830761,0.1195514772335937,0.11955147723359372,K562
TAL1,K562,norm_mean,"[[1 0 0 0]
 [1 0 0 0]
 [0 1 0 0]
 ...
 [1 0 0 0]
 [0 0 1 0]
 [0 0 1 0]]",0.0219835958230905,0.0,EH38E2895865,chr10,35126289,35126789,shared,cross_context,57998,-1,MA0091.2,TAL1::TCF3,72,82,10.899208712936185,+,TAL1,ig,0.0908252947265282,0.0653264912916347,0.0635937717498745,1.0272465246456834,True,0.024705130374059,0.0410531116381753,0.0559531542169861,0.7337049157572486,False,0.0435434537008404,0.0436208813468692,0.0489932399336248,0.8903447190371333,False,0.0530246262671426,,,1.4415319753854972,0.5262862254841681,0.9741664011746144,0.0908252947265282,0.024705130374059,0.0435434537008404,1.573304420481846,0.4234045817941539,1.0747642125418382,2.752880904457252,1.599641088895999,1.875465496613588,1.0272465246456834,0.7337049157572486,0.8903447190371333,0.5276028393726194,-0.9260804565510842,-0.0377598676645744,K562,0.4673655742108829,1.4415319753854972,0.5262862254841681,0.9741664011746144,0.4673655742108829,0.46736557421088276,K562
TAL1,K562,norm_mean,"[[0 0 0 1]
 [0 1 0 0]
 [0 0 0 1]
 ...
 [1 0 0 0]
 [1 0 0 0]
 [1 0 0 0]]",0.0650123752167826,0.0,EH38E3532746,chr3,116000211,116000711,shared,cross_context,136301,-1,MA0140.3,GATA1::TAL1,490,507,10.869170832471024,+,TAL1,ig,0.0529902222675873,0.0564501943922368,0.0492149224015884,1.1470135513264457,True,0.0282259732621776,0.0487967344594653,0.0473783819528762,1.0299364847164898,True,0.0286209435503491,0.0409379382809856,0.0417778412837651,0.9798957347740416,False,0.0366123796933714,,,1.017018201185806,0.5816663830837552,0.6933193522833829,0.0529902222675873,0.0282259732621776,0.0286209435503491,1.1905033493887536,0.5746715773884076,0.8385852821032063,2.2009990186997643,1.5303116194907895,1.5777800828669442,1.1470135513264457,1.0299364847164898,0.9798957347740416,0.0243455002064229,-0.7817361651705795,-0.5284080624779756,K562,0.323698848902423,1.017018201185806,0.5816663830837552,0.6933193522833829,0.323698848902423,0.32369884890242306,K562
TAL1,K562,norm_mean,"[[0 0 0 1]
 [0 0 0 1]
 [0 0 1 0]
 ...
 [0 0 0 1]
 [0 1 0 0]
 [0 1 0 0]]",0.1787450042239956,0.0,EH38E3872593,chr9,4661722,4662222,shared,cross_context,24440,-1,MA0140.3,GATA1::TAL1,140,157,10.865259150854328,+,TAL1,ig,0.0561704229673042,0.0593721357779577,0.0543903281382705,1.0915934301975196,True,0.0292432994636542,0.0414580563834169,0.0485378565480782,0.8541384146406912,False,0.0382402014973409,0.0443438650935422,0.0430823318066916,1.0292816786169838,True,0.0412179746427664,,,0.959789430662474,0.6488236568036191,0.8413051838109112,0.0561704229673042,0.0292432994636542,0.0382402014973409,1.0006668644114407,0.5812834736869607,1.088114288067083,2.5079136269640023,1.6606048538693865,1.6495429486010105,1.0915934301975196,0.8541384146406912,1.0292816786169838,-0.0592101674053345,-0.624101669947313,-0.2492988595128923,K562,0.1184842468515627,0.959789430662474,0.6488236568036191,0.8413051838109112,0.1184842468515627,0.11848424685156278,K562
TAL1,K562,norm_mean,"[[0 1 0 0]
 [0 0 0 1]
 [0 1 0 0]
 ...
 [1 0 0 0]
 [0 1 0 0]
 [1 0 0 0]]",0.0675924165148926,0.0,EH38E3097914,chr14,60247854,60248354,shared,cross_context,22970,-1,MA0091.2,TAL1::TCF3,119,129,10.837906019961014,+,TAL1,ig,0.0892078029923141,0.0628443265752866,0.057205379163601,1.098573534663996,True,0.0446652006823569,0.0489835867536021,0.0361185289415776,1.356189596507045,True,0.0354112209752202,0.0442983007698785,0.0343295226287279,1.2903846157465138,True,0.056428074883297,,,1.5620672982305746,1.0798927322467915,0.8753484762733883,0.0892078029923141,0.0446652006823569,0.0354112209752202,1.7578947517692398,0.9638503544566772,0.9158458450659812,3.26530937333234,2.443700852295967,1.611284137661037,1.098573534663996,1.356189596507045,1.2903846157465138,0.6434566110820954,0.1108880152604644,-0.1920706249722018,K562,0.4821745659837828,1.5620672982305746,1.0798927322467915,0.8753484762733883,0.4821745659837828,0.48217456598378305,K562
TAL1,K562,norm_mean,"[[0 1 0 0]
 [0 0 0 1]
 [0 1 0 0]
 ...
 [0 0 0 1]
 [0 0 0 1]
 [1 0 0 0]]",0.1545032549765656,0.0,EH38E3355459,chr2,85328275,85328775,shared,cross_context,117555,-1,MA0091.2,TAL1::TCF3,248,258,10.837906019961014,+,TAL1,ig,0.1065880956128239,0.0856555712572298,0.0630798451736784,1.3578910576347,True,0.067286951560527,0.0483951645891647,0.0445356175520991,1.0866617862867345,True,0.0416935792658478,0.061496246313909,0.0469193498653252,1.3106795678889172,True,0.0718562088130662,,,1.4824803458077238,1.4613856973730464,0.7924509651754696,0.1065880956128239,0.067286951560527,0.0416935792658478,2.000529108220266,1.8524532501196096,1.0674318284403443,2.6407257405801485,2.6667863799038347,1.7764425132920836,1.3578910576347,1.0866617862867345,1.3106795678889172,0.5680129791382438,0.5473369938110293,-0.335606425306014,K562,0.0210946484346774,1.4824803458077238,1.4613856973730464,0.7924509651754696,0.0210946484346774,0.021094648434677454,K562
TAL1,K562,norm_mean,"[[0 1 0 0]
 [0 0 0 1]
 [1 0 0 0]
 ...
 [1 0 0 0]
 [0 0 1 0]
 [0 1 0 0]]",0.0363224730045351,0.0,EH38E2166781,chr22,41940787,41941287,shared,cross_context,26994,-1,MA0140.3,GATA1::TAL1,29,46,10.829212181004062,+,TAL1,ig,0.0505234559121377,0.0614300954481586,0.0622878511139424,0.986229007539452,False,0.0207405991797499,0.0358792414807248,0.0473325375246349,0.7580247283764087,False,0.0355333734358496,0.0445031246735015,0.0503784604603424,0.8833758601014712,False,0.0355991428425791,,,0.832412606718452,0.5257046625249939,0.7743287588947603,0.0505234559121377,0.0207405991797499,0.0355333734358496,0.9244251521638102,0.3538904210261896,0.9738754164622104,1.6830972807956357,1.6347875014350717,1.8396475194820117,0.986229007539452,0.7580247283764087,0.8833758601014712,-0.2646292785945798,-0.9276755617760528,-0.3689818675774072,K562,0.0580838478236916,0.832412606718452,0.5257046625249939,0.7743287588947603,0.0580838478236916,0.05808384782369169,K562
TAL1,K562,norm_mean,"[[0 0 0 1]
 [0 0 0 1]
 [1 0 0 0]
 ...
 [0 0 0 1]
 [1 0 0 0]
 [0 0 1 0]]",0.0814895708959485,0.0,EH38E2876169,chr1,236795882,236796382,shared,cross_context,56612,-1,MA0091.2,TAL1::TCF3,168,178,10.828817117952095,+,TAL1,ig,0.0829898523166775,0.0722723434411455,0.0481484100244335,1.5010325033400878,True,0.0328993211267516,0.0468698984704678,0.0429037970187135,1.0924414807763891,True,0.0432155528571456,0.0410842709214193,0.0396980458498257,1.0349189662294196,True,0.0530349087668582,,,1.455341136836095,0.7616429646739871,1.0690903690286333,0.0829898523166775,0.0328993211267516,0.0432155528571456,1.837071629198529,0.9724453793821032,1.2048111321115869,3.0441584176459866,1.2739677114322483,2.4557483611544084,1.5010325033400878,1.0924414807763891,1.0349189662294196,0.5413573663143091,-0.3928132288775687,0.0963838089813707,K562,0.3862507678074613,1.455341136836095,0.7616429646739871,1.0690903690286333,0.3862507678074613,0.3862507678074616,K562
TAL1,K562,norm_mean,"[[0 0 1 0]
 [0 0 0 1]
 [0 0 1 0]
 ...
 [0 0 1 0]
 [0 0 0 1]
 [1 0 0 0]]",0.0814895708959485,0.0,EH38E2876168,chr1,236795601,236796101,shared,cross_context,56606,-1,MA0091.2,TAL1::TCF3,449,459,10.828817117952095,+,TAL1,ig,0.0548940187320113,0.059378408860648,0.0640158405160764,0.9275579154530836,False,0.0378570932429283,0.0326069894945248,0.0508757028111722,0.6409146465534031,False,0.0308640621602535,0.0347290790753322,0.0454143138887593,0.7647164176747365,False,0.0412050580450644,,,0.826358806458653,0.7765345169964448,0.7499693937487185,0.0548940187320113,0.0378570932429283,0.0308640621602535,0.707045138743675,0.5473599887218916,0.787970653287668,2.0734553835498084,1.9817766917734136,1.7876021989485074,0.9275579154530836,0.6409146465534031,0.7647164176747365,-0.275159754716694,-0.3648780391280232,-0.4150963725390713,K562,0.0498242894622081,0.826358806458653,0.7765345169964448,0.7499693937487185,0.0498242894622081,0.04982428946220818,K562
TAL1,K562,norm_mean,"[[0 1 0 0]
 [0 0 1 0]
 [0 1 0 0]
 ...
 [0 0 0 1]
 [0 1 0 0]
 [1 0 0 0]]",0.7670620216089908,1.0,EH38E3268762,chr18,50287628,50288128,shared,cross_context,29476,-1,MA0091.2,TAL1::TCF3,224,234,10.82679767365103,+,TAL1,ig,0.1136775105493143,0.0707698412111494,0.0693694879983713,1.0201867283631063,True,0.03457015408203,0.0483795548568014,0.0631380462895881,0.7662503044899638,False,0.0285474841250106,0.0395274360413895,0.0624134687690783,0.6333157007260545,False,0.0589317162521183,,,1.6259038849020244,0.6025508115466359,0.5338611500499865,0.1136775105493143,0.03457015408203,0.0285474841250106,1.8120055152357564,0.6841327311259255,0.37542075910699,2.8458895455407065,1.0903270071973126,1.384436007019337,1.0201867283631063,0.7662503044899638,0.6333157007260545,0.701241976090113,-0.7308451872908147,-0.905463526643037,K562,1.0233530733553886,1.6259038849020244,0.6025508115466359,0.5338611500499865,1.0233530733553886,1.0233530733553886,K562
TAL1,K562,norm_mean,"[[0 0 1 0]
 [0 1 0 0]
 [1 0 0 0]
 ...
 [0 1 0 0]
 [1 0 0 0]
 [0 0 1 0]]",0.0455700539763548,0.0,EH38E3866380,chr8,141431814,141432314,shared,cross_context,167536,-1,MA0091.2,TAL1::TCF3,233,243,10.76426523586364,+,TAL1,ig,0.1594342157244682,0.07744403218152,0.0799254130237013,0.9689536727075504,False,0.0606391860172152,0.0450222589197801,0.0472741877930298,0.9523643133383484,False,0.1085490234196186,0.0636201931879622,0.0542964596974436,1.1717187791853363,True,0.1095408083871007,,,2.019276129450186,1.3070331465961371,1.87352007189622,0.1594342157244682,0.0606391860172152,0.1085490234196186,2.408311509674921,1.8109905554178647,2.059381905064642,3.302237545385798,2.87957952694299,3.355081578246648,0.9689536727075504,0.9523643133383484,1.1717187791853363,1.0138382087336468,0.3862957297072986,0.9057514347861608,K562,0.1457560575539669,2.019276129450186,1.3070331465961371,1.87352007189622,0.1457560575539669,0.14575605755396626,K562
TAL1,K562,norm_mean,"[[1 0 0 0]
 [1 0 0 0]
 [1 0 0 0]
 ...
 [0 0 0 1]
 [1 0 0 0]
 [0 0 1 0]]",0.1698911388620293,0.0,EH38E3189603,chr16,71894855,71895355,shared,cross_context,91265,-1,MA0091.2,TAL1::TCF3,394,404,10.636171662161262,+,TAL1,ig,0.1029018245637416,0.0688754520798102,0.0736797725554433,0.934794453661452,False,0.0239527919329702,0.048722373219789,0.0583216549414363,0.835407790033319,False,0.0682848219759762,0.0472606341436039,0.0630382445079007,0.7497135590529502,False,0.065046479490896,,,1.3971840333870995,0.4208103554587078,1.2208576739733712,0.1029018245637416,0.0239527919329702,0.0682848219759762,1.4782011819593552,0.4405525630066297,1.6167074493018845,2.538533504436838,1.2381143359772324,2.190352489332136,0.934794453661452,0.835407790033319,0.7497135590529502,0.482522062272729,-1.2487578840124696,0.287895023766585,K562,0.1763263594137285,1.3971840333870995,0.4208103554587078,1.2208576739733712,0.1763263594137285,0.17632635941372832,K562
TAL1,K562,norm_mean,"[[0 1 0 0]
 [1 0 0 0]
 [0 0 0 1]
 ...
 [0 1 0 0]
 [0 0 1 0]
 [0 1 0 0]]",0.0758496020374457,0.0,EH38E3790677,chr7,102425638,102426138,shared,cross_context,221086,-1,MA0091.2,TAL1::TCF3,242,252,10.636171662161262,+,TAL1,ig,0.1225224915891885,0.0694406628079013,0.0480706502081981,1.444553965082816,True,0.0319570626597851,0.0409693624108331,0.0495945025796596,0.8260866027270133,False,0.0507694732397794,0.0509959626226918,0.0398157406381916,1.280798724256025,True,0.068416342496251,,,2.1716795237638933,0.6913326183140525,1.1490721810433493,0.1225224915891885,0.0319570626597851,0.0507694732397794,2.839912066749706,0.9501775651925796,1.25231176082057,3.728387665662125,1.5183244280000412,2.5955516997194272,1.444553965082816,0.8260866027270133,1.280798724256025,1.118811220017697,-0.5325480966075407,0.2004694275794143,K562,1.022607342720544,2.1716795237638933,0.6913326183140525,1.1490721810433493,1.022607342720544,1.022607342720544,K562
TAL1,K562,norm_mean,"[[0 0 1 0]
 [1 0 0 0]
 [0 1 0 0]
 ...
 [0 0 1 0]
 [1 0 0 0]
 [0 0 1 0]]",0.6727510382592119,1.0,EH38E3427108,chr20,32018645,32019145,shared,cross_context,18042,-1,MA0091.2,TAL1::TCF3,425,435,10.6324098664625,+,TAL1,ig,0.0444188128691166,0.0576746362424455,0.0886086617113323,0.6508915564194087,False,0.029210537020117,0.0364538353175157,0.0720740695326822,0.5057828771990862,False,0.0365095153683796,0.056022812424344,0.0761317783803679,0.7358662342784347,False,0.0367129550858711,,,0.5796925240103972,0.5263257401354963,0.5526321005828326,0.0444188128691166,0.029210537020117,0.0365095153683796,0.7831130673079749,0.664065386424796,0.6022808262160593,1.2400620331119163,1.2786198548205605,1.524563260545243,0.6508915564194087,0.5057828771990862,0.7358662342784347,-0.7866402123454219,-0.9259721401091398,-0.8556087262780175,K562,0.0270604234275645,0.5796925240103972,0.5263257401354963,0.5526321005828326,0.0270604234275645,0.02706042342756454,K562
TAL1,K562,norm_mean,"[[0 1 0 0]
 [0 0 0 1]
 [0 0 1 0]
 ...
 [0 0 0 1]
 [0 0 1 0]
 [1 0 0 0]]",0.0219062236645979,0.0,EH38E3102016,chr14,69005656,69006156,shared,cross_context,210946,-1,MA0091.2,TAL1::TCF3,436,446,10.630876639278842,+,TAL1,ig,0.0551801008172333,0.067821273272857,0.0728270085621625,0.9312652723105406,False,0.0400456120725721,0.0484060873603448,0.0494733162142802,0.9784279947276452,False,0.0348791342694312,0.0351400663401,0.0664533308745012,0.528793073119723,False,0.0433682823864122,,,0.8467186365855639,0.8293140494972179,0.7088454317185995,0.0551801008172333,0.0400456120725721,0.0348791342694312,1.0219317379964123,0.6079924769550221,0.8093221300467311,1.7717524370315572,2.2232087286132334,1.4871234451567958,0.9312652723105406,0.9784279947276452,0.528793073119723,-0.2400454495278108,-0.2700095597568078,-0.4964570199768872,K562,0.017404587088346,0.8467186365855639,0.8293140494972179,0.7088454317185995,0.017404587088346,0.017404587088346024,K562
TAL1,K562,norm_mean,"[[0 1 0 0]
 [0 1 0 0]
 [0 1 0 0]
 ...
 [0 1 0 0]
 [1 0 0 0]
 [0 0 1 0]]",0.0149738924743714,0.0,EH38E2776910,chr1,1069111,1069611,shared,cross_context,12787,-1,MA0091.2,TAL1::TCF3,136,146,10.630876639278842,+,TAL1,ig,0.1082170823588967,0.0959153873199829,0.0617289478529275,1.5538151081135434,True,0.0813724342733621,0.0742093762430886,0.0588553290943619,1.2608775581788736,True,0.0644102977588772,0.0573579600054654,0.0395565262024244,1.4500248381694734,True,0.0846666047970454,,,1.4418061327663267,1.3385380407631762,1.438682458433639,0.1082170823588967,0.0813724342733621,0.0644102977588772,1.879646923032432,1.522449045637633,1.7857436313795687,2.8460352790361254,2.8994219421894742,2.961017208695495,1.5538151081135434,1.2608775581788736,1.4500248381694734,0.5278771918625652,0.4206581415062817,0.5247482010057508,K562,0.0031236743326876,1.4418061327663267,1.3385380407631762,1.438682458433639,0.0031236743326876,0.003123674332687676,K562
TAL1,K562,norm_mean,"[[1 0 0 0]
 [0 0 0 1]
 [0 0 0 1]
 ...
 [0 1 0 0]
 [0 1 0 0]
 [0 0 0 1]]",0.1788151191294378,0.0,EH38E3848429,chr8,101027672,101028172,shared,cross_context,221740,-1,MA0091.2,TAL1::TCF3,326,336,10.565780067177172,+,TAL1,ig,0.0608003440778702,0.066988708677236,0.0703247790920856,0.9525618141494708,False,0.0278746003750711,0.0469349708780646,0.0513045720862112,0.9148300009382404,False,0.0369915191084146,0.0467544202681165,0.0474193277292357,0.9859779260327096,False,0.0418888211871186,,,0.8475595741784524,0.5745477482509507,0.8031717801132326,0.0608003440778702,0.0278746003750711,0.0369915191084146,1.2276509067470875,0.568184968674957,0.674525812197611,1.39740366253369,1.3973985974046073,2.654929567349229,0.9525618141494708,0.9148300009382404,0.9859779260327096,-0.2386133156722917,-0.7995012981953759,-0.3162195128038207,K562,0.0443877940652197,0.8475595741784524,0.5745477482509507,0.8031717801132326,0.0443877940652197,0.044387794065219754,K562
TAL1,K562,norm_mean,"[[0 0 0 1]
 [0 1 0 0]
 [0 1 0 0]
 ...
 [0 1 0 0]
 [0 1 0 0]
 [1 0 0 0]]",0.859446706349668,1.0,EH38E2944487,chr11,10857157,10857657,shared,cross_context,63063,-1,MA0091.2,TAL1::TCF3,307,317,10.50122818508872,+,TAL1,ig,0.1100957488641142,0.0682241532730404,0.0566962249771071,1.2033277571356915,True,0.0735746202990412,0.047439837118145,0.0502409601653926,0.944246039874902,False,0.0593765445053577,0.0504122999019455,0.0468787143437657,1.0753769563409563,True,0.0810156378895044,,,1.8119876643885076,1.4992828737924495,1.2199059773491,0.1100957488641142,0.0735746202990412,0.0593765445053577,2.068274878786465,2.032679649483569,1.410594163176184,3.765950579444908,3.577768123066949,2.540257030156156,1.2033277571356915,0.944246039874902,1.0753769563409563,0.8575731346648329,0.5842726071409008,0.2867699594302821,K562,0.3127047905960578,1.8119876643885076,1.4992828737924495,1.2199059773491,0.3127047905960578,0.31270479059605805,K562
TAL1,K562,norm_mean,"[[1 0 0 0]
 [0 1 0 0]
 [0 0 0 1]
 ...
 [0 0 1 0]
 [0 0 0 1]
 [0 0 0 1]]",0.7286279429120665,1.0,EH38E3777332,chr7,66994921,66995421,shared,cross_context,159388,-1,MA0091.2,TAL1::TCF3,27,37,10.484153360377002,+,TAL1,ig,0.1483353050425648,0.0911746111977845,0.0598363127338234,1.5237335289363736,True,0.062659211969003,0.0562867186422227,0.0508076084591448,1.107840130067968,True,0.0551824789668899,0.059528696523339,0.0608194224140606,0.9787775742145324,False,0.0887256653261526,,,2.1182190570549526,1.28900191416324,1.0051774673782137,0.1483353050425648,0.062659211969003,0.0551824789668899,2.673347402374615,1.4231946470077754,1.1031172594898215,4.196614130725024,3.719385161326517,2.072596291910433,1.5237335289363736,1.107840130067968,0.9787775742145324,1.0828517950089442,0.3662544072173734,0.0074502378678807,K562,0.8292171428917126,2.1182190570549526,1.28900191416324,1.0051774673782137,0.8292171428917126,0.8292171428917126,K562
TAL1,K562,norm_mean,"[[0 0 1 0]
 [0 1 0 0]
 [0 1 0 0]
 ...
 [0 1 0 0]
 [0 0 1 0]
 [0 0 1 0]]",0.0290004058119162,0.0,EH38E3287835,chr19,7868301,7868801,shared,cross_context,105898,-1,MA0091.2,TAL1::TCF3,219,229,10.413761765392913,+,TAL1,ig,0.0706366384401917,0.0579300069692544,0.0621688908185415,0.931816490343627,False,0.0312497654929757,0.049128877724288,0.0520862239787581,0.9432219220211576,False,0.0561536271125078,0.0501377398404292,0.0519814405193662,0.9645313730087214,False,0.0526800103485584,,,1.1672954369225352,0.613570497148901,1.0954401746664486,0.0706366384401917,0.0312497654929757,0.0561536271125078,1.655364151136746,0.6607001122212516,1.447955781455393,1.790200746055648,1.21564767409616,2.1630826989396037,0.931816490343627,0.9432219220211576,0.9645313730087214,0.2231697477487808,-0.7046989784048989,0.1315106978141821,K562,0.0718552622560866,1.1672954369225352,0.613570497148901,1.0954401746664486,0.0718552622560866,0.07185526225608663,K562
TAL1,K562,norm_mean,"[[0 1 0 0]
 [0 1 0 0]
 [0 0 0 1]
 ...
 [0 1 0 0]
 [0 0 1 0]
 [0 0 1 0]]",0.8820421319488518,1.0,EH38E3282286,chr19,2328383,2328883,shared,cross_context,104419,-1,MA0091.2,TAL1::TCF3,296,306,10.369372815687576,+,TAL1,ig,0.067496027238667,0.0744572673202492,0.0481834143278162,1.5452879980816383,True,0.04620022168383,0.0537338063749484,0.0414338542498091,1.296857228931912,True,0.044603870762512,0.0471048040885943,0.0392294756782172,1.200749978599644,True,0.0527667065616697,,,1.1564781791559968,0.9988900107575504,1.0559120524008505,0.067496027238667,0.04620022168383,0.044603870762512,1.284443550186155,1.2596959512261248,1.1303053171680295,3.1925896759878585,1.6969212976537764,2.4739796191589414,1.5452879980816383,1.296857228931912,1.200749978599644,0.2097380461922592,-0.0016022639444973,0.0784896780616947,K562,0.1005661267551465,1.1564781791559968,0.9988900107575504,1.0559120524008505,0.1005661267551465,0.10056612675514631,K562
TAL1,K562,norm_mean,"[[0 0 0 1]
 [0 0 1 0]
 [0 0 0 1]
 ...
 [0 0 0 1]
 [1 0 0 0]
 [0 0 0 1]]",0.0394375184503152,0.0,EH38E2109889,chr20,36399656,36400156,shared,cross_context,204299,-1,MA0091.2,TAL1::TCF3,166,176,10.36783958850392,+,TAL1,ig,0.0653897000476717,0.0655552884330973,0.0582718951412823,1.1249896201978653,True,0.0319312786217778,0.0500831003399798,0.0432135880004607,1.1589662202958857,True,0.0295340169686824,0.0368252988019958,0.041153681130712,0.8948237154483069,False,0.042284998546044,,,1.0752101213994083,0.7119418728490369,0.7609086026116317,0.0653897000476717,0.0319312786217778,0.0295340169686824,1.2533379105472966,0.7318075937380484,0.6945270591212911,2.30843237896146,1.5016039525269431,1.8771006699417916,1.1249896201978653,1.1589662202958857,0.8948237154483069,0.1046186253225835,-0.4901686370284603,-0.3942049197852603,K562,0.3143015187877765,1.0752101213994083,0.7119418728490369,0.7609086026116317,0.3143015187877765,0.31430151878777657,K562
TAL1,K562,norm_mean,"[[0 1 0 0]
 [1 0 0 0]
 [0 0 1 0]
 ...
 [0 1 0 0]
 [1 0 0 0]
 [0 0 1 0]]",0.7436256714920106,1.0,EH38E3694582,chr6,18154814,18155314,shared,cross_context,197478,-1,MA0091.2,TAL1::TCF3,230,240,10.36783958850392,+,TAL1,ig,0.0813090214971452,0.0543732054141582,0.0515579661842844,1.0546031756524212,True,0.0522238427773118,0.0502367975877132,0.0479707723779705,1.0472374036322432,True,0.043852952774614,0.0370845808903686,0.0397284914863867,0.9334502813572256,False,0.0591286056830237,,,1.544105977879339,1.0689354131120137,1.1332767467946496,0.0813090214971452,0.0522238427773118,0.043852952774614,1.3578918934696325,0.890418115691349,0.8687728640175211,5.441264324877061,2.566029488239709,3.347454161831639,1.0546031756524212,1.0472374036322432,0.9334502813572256,0.6267717745986107,0.0961746869637475,0.180500212364689,K562,0.410829231084689,1.544105977879339,1.0689354131120137,1.1332767467946496,0.410829231084689,0.4108292310846893,K562
TAL1,K562,norm_mean,"[[0 1 0 0]
 [0 0 0 1]
 [0 1 0 0]
 ...
 [0 1 0 0]
 [1 0 0 0]
 [0 1 0 0]]",0.1099603269652746,0.0,EH38E2166868,chr22,42069898,42070398,shared,cross_context,181966,-1,MA0140.3,GATA1::TAL1,99,116,10.322482317048369,+,TAL1,ig,0.0607348444173112,0.0671330071968259,0.0668869365011184,1.0036787551021389,True,0.0422076018362799,0.0549793453462189,0.0550086058413043,0.9994678925357832,False,0.0461436829748837,0.0549642192595638,0.0472928012320816,1.1622108694244453,True,0.0496953764094916,,,0.852881157999436,0.77421105900469,0.8292610108025649,0.0607348444173112,0.0422076018362799,0.0461436829748837,1.1860564087041674,1.1040774229776302,0.6032656905710794,1.6430974979831787,1.6516003350445307,2.6508848767479813,1.0036787551021389,0.9994678925357832,1.1622108694244453,-0.2295833653797653,-0.3692011774664556,-0.2701018301201052,K562,0.0236201471968711,0.852881157999436,0.77421105900469,0.8292610108025649,0.0236201471968711,0.02362014719687111,K562
TAL1,K562,norm_mean,"[[0 0 1 0]
 [0 0 0 1]
 [0 0 0 1]
 ...
 [1 0 0 0]
 [0 0 1 0]
 [0 0 0 1]]",0.1068388215700519,0.0,EH38E3026462,chr12,69639349,69639849,shared,cross_context,72865,-1,MA0140.3,GATA1::TAL1,348,365,10.284521235832235,+,TAL1,ig,0.1172501241021296,0.0718170939025003,0.0723843685011615,0.9921628863795228,False,0.0412414565353709,0.0409020342497387,0.0559609867991639,0.7309025319282708,False,0.033479253117762,0.0432188081135973,0.0455636246153972,0.9485373254001233,False,0.0639902779184208,,,1.565471140923174,0.835028956894075,0.7449684458404011,0.1172501241021296,0.0412414565353709,0.033479253117762,1.5997625169485945,0.7409423653975672,0.668686801764088,3.695851365330777,2.064307268533838,2.2074686605008687,0.9921628863795228,0.7309025319282708,0.9485373254001233,0.6465969139137842,-0.2601018653416658,-0.4247487734077285,K562,0.7304421840290991,1.565471140923174,0.835028956894075,0.7449684458404011,0.7304421840290991,0.7304421840290991,K562
TAL1,K562,norm_mean,"[[0 0 0 1]
 [0 0 1 0]
 [0 1 0 0]
 ...
 [0 1 0 0]
 [0 1 0 0]
 [1 0 0 0]]",0.0587785373694082,0.0,EH38E3105299,chr14,75296335,75296835,shared,cross_context,80090,-1,MA0140.3,GATA1::TAL1,466,483,10.218903815903698,+,TAL1,ig,0.0573191299267551,0.056265712211607,0.0729501122946385,0.7712901698006102,False,0.0295597552869688,0.0369023960386402,0.0511793240555562,0.7210409576369631,False,0.0344585163847488,0.0401851607122807,0.0460248702066019,0.8731182032825046,False,0.0404458005328242,,,0.9335326129476632,0.6637448711101843,0.7654832907168603,0.0573191299267551,0.0295597552869688,0.0344585163847488,1.1885287649765603,0.5239496823408089,0.8834988394140892,1.911753390762129,2.226355303290337,1.860242839419704,0.7712901698006102,0.7210409576369631,0.8731182032825046,-0.0992276694807241,-0.5912992847480243,-0.3855572066728103,K562,0.168049322230803,0.9335326129476632,0.6637448711101843,0.7654832907168603,0.168049322230803,0.16804932223080293,K562
TAL1,K562,norm_mean,"[[1 0 0 0]
 [0 1 0 0]
 [1 0 0 0]
 ...
 [1 0 0 0]
 [0 0 1 0]
 [0 1 0 0]]",0.0948462493883021,0.0,EH38E3463342,chr21,45012592,45013092,shared,cross_context,56080,-1,MA0091.2,TAL1::TCF3,180,190,10.15072471461799,+,TAL1,ig,0.0711128760129213,0.0545428310893476,0.0529693908446158,1.0297045127874376,True,0.0445251382887363,0.0422360628674505,0.0490878407516631,0.8604178472006039,False,0.0312076783506199,0.0432163748837774,0.0460975347940499,0.9374984085780554,False,0.0489485642174258,,,1.3359775258399882,0.978120333512762,0.7067187527293555,0.0711128760129213,0.0445251382887363,0.0312076783506199,1.6945254400923324,1.053160466920586,0.7862418418820634,2.985801385384072,2.435133424123633,1.869687738866383,1.0297045127874376,0.8604178472006039,0.9374984085780554,0.4178957397062816,-0.0319161293772148,-0.5007919015302106,K562,0.3578571923272262,1.3359775258399882,0.978120333512762,0.7067187527293555,0.3578571923272262,0.35785719232722624,K562
TAL1,K562,norm_mean,"[[0 0 1 0]
 [0 0 0 1]
 [0 0 0 1]
 ...
 [0 0 1 0]
 [0 1 0 0]
 [0 1 0 0]]",0.0023807181359698,0.0,EH38E3046269,chr12,121095698,121096198,shared,cross_context,74785,-1,MA0091.2,TAL1::TCF3,427,437,10.019437178387811,+,TAL1,ig,0.0659593222662806,0.0602881440793862,0.0566774079145398,1.063706610105119,True,0.0493660764768719,0.0523130290827248,0.044299802367168,1.180886019316318,True,0.0358074311167001,0.0510899967898149,0.0403608352364972,1.2658306953298293,True,0.0503776099532842,,,1.0727127908684135,1.0436930753445806,0.7805868440746927,0.0659593222662806,0.0493660764768719,0.0358074311167001,0.9001986974130411,1.407880120091686,0.9415871783541334,2.1789504980660195,1.7154088673828864,1.2458146034667623,1.063706610105119,1.180886019316318,1.2658306953298293,0.1012638606128592,0.0616975142670499,-0.3573689450818305,K562,0.0290197155238329,1.0727127908684135,1.0436930753445806,0.7805868440746927,0.0290197155238329,0.02901971552383298,K562
TAL1,K562,norm_mean,"[[0 0 0 1]
 [0 0 1 0]
 [1 0 0 0]
 ...
 [1 0 0 0]
 [0 1 0 0]
 [0 1 0 0]]",0.0713342952244039,0.0,EH38E1476103,chr10,70652793,70653293,shared,cross_context,4993,-1,MA0091.2,TAL1::TCF3,457,467,10.019437178387811,+,TAL1,ig,0.058552447753027,0.0647965658729663,0.0541642296442296,1.196297895042442,True,0.0356894910801202,0.0406940178730292,0.0519231895124539,0.7837347901349686,False,0.0435409188270568,0.0400313405005726,0.0488884420791873,0.8188301899133906,False,0.045927619220068,,,1.003980406629856,0.661101563950661,0.908543048189902,0.058552447753027,0.0356894910801202,0.0435409188270568,1.1346171126448843,1.062512723619666,1.1612406837049636,1.9886284971615769,1.4323887626069411,1.938727561909372,1.196297895042442,0.7837347901349686,0.8188301899133906,0.0057311158115498,-0.5970561650687847,-0.1383732200742358,K562,0.0954373584399538,1.003980406629856,0.661101563950661,0.908543048189902,0.0954373584399538,0.09543735843995416,K562
TAL1,K562,norm_mean,"[[0 0 0 1]
 [1 0 0 0]
 [0 0 1 0]
 ...
 [0 0 0 1]
 [1 0 0 0]
 [0 0 0 1]]",0.0083576240509403,0.0,EH38E2961257,chr11,62081510,62082010,shared,cross_context,64853,-1,MA0091.2,TAL1::TCF3,33,43,10.019437178387811,+,TAL1,ig,0.0518310659565031,0.0860283268854254,0.0611372569412924,1.4071339984503215,True,0.0295340434182435,0.0590136981371324,0.044237613172736,1.33401602311905,True,0.025093942368403,0.0622804022097261,0.0364938994211843,1.7065971609381223,True,0.0354863505810499,,,0.7391234312746274,0.595042988204382,0.5262788619417906,0.0518310659565031,0.0295340434182435,0.025093942368403,1.0583894502252025,0.5627663143311433,0.4281417863589113,1.605146995797361,1.6242474852193467,1.4258016786508405,1.4071339984503215,1.33401602311905,1.7065971609381223,-0.4361127829373831,-0.7489341944137156,-0.9261006421836464,K562,0.1440804430702454,0.7391234312746274,0.595042988204382,0.5262788619417906,0.1440804430702454,0.14408044307024548,K562
TAL1,K562,norm_mean,"[[1 0 0 0]
 [0 1 0 0]
 [0 0 0 1]
 ...
 [0 0 1 0]
 [0 1 0 0]
 [1 0 0 0]]",0.0198878870058069,0.0,EH38E3491176,chr22,50341963,50342463,shared,cross_context,195203,-1,MA0140.3,GATA1::TAL1,101,118,9.998587636782036,+,TAL1,ig,0.0592702730175326,0.0643241793476045,0.0517971008285238,1.2418487888359635,True,0.0532528346075731,0.0671234600478783,0.0477246839149841,1.4064723006385484,True,0.0346350336502141,0.0690165045048343,0.0537034766826529,1.285140104825405,True,0.0490527137584399,,,1.016476566361006,0.943042497142906,0.5587086613853773,0.0592702730175326,0.0532528346075731,0.0346350336502141,0.8465932206637037,0.8732959741320062,0.517388109419784,2.481162655945863,2.478783160294431,1.529689741323446,1.2418487888359635,1.4064723006385484,1.285140104825405,0.0235769573944193,-0.0846053075728979,-0.8398319064487487,K562,0.0734340692181001,1.016476566361006,0.943042497142906,0.5587086613853773,0.0734340692181001,0.07343406921810003,K562
TAL1,K562,norm_mean,"[[0 0 0 1]
 [0 1 0 0]
 [1 0 0 0]
 ...
 [0 1 0 0]
 [0 0 1 0]
 [0 1 0 0]]",0.0369570339570882,0.0,EH38E3309647,chr19,45449922,45450422,shared,cross_context,111394,-1,MA0140.3,GATA1::TAL1,289,306,9.969553720608667,+,TAL1,ig,0.0460705236970063,0.0533128716535429,0.0587876186144944,0.906872294562982,False,0.0246548247592085,0.0400948291062377,0.0532546158772161,0.7528891330244312,False,0.0251517453751362,0.0328255463211098,0.0434137678299194,0.7561089580756892,False,0.031959031277117,,,0.8132621339508549,0.5124243827741023,0.6403561645816606,0.0460705236970063,0.0246548247592085,0.0251517453751362,0.821637811015065,0.4100692560726421,0.7886448027965908,2.5693754148472325,1.331572822439259,1.701014041264126,0.906872294562982,0.7528891330244312,0.7561089580756892,-0.2982076505348132,-0.964588966762488,-0.643053540722119,K562,0.1729059693691943,0.8132621339508549,0.5124243827741023,0.6403561645816606,0.1729059693691943,0.17290596936919433,K562
TAL1,K562,norm_mean,"[[0 1 0 0]
 [1 0 0 0]
 [0 1 0 0]
 ...
 [0 0 1 0]
 [0 1 0 0]
 [0 0 0 1]]",0.1889541965053679,0.0,EH38E3015135,chr12,48955998,48956498,shared,cross_context,70887,-1,MA0140.3,GATA1::TAL1,168,185,9.904771950049192,+,TAL1,ig,0.0877130228806944,0.0681642568478128,0.0620912485292005,1.0978076215954966,True,0.0658416768590755,0.06822141096025,0.0555438139253174,1.2282447649261334,True,0.0487668685998548,0.0528285104839596,0.0532040293632156,0.9929417224002062,False,0.0674405227798749,,,1.395270862377265,1.1175297936087252,0.9460663883874696,0.0877130228806944,0.0658416768590755,0.0487668685998548,1.6079249431222649,1.4612176337358318,0.8262807788075806,3.438807433349884,2.4272651971131123,3.228101841669225,1.0978076215954966,1.2282447649261334,0.9929417224002062,0.4805452190568687,0.1603132958034386,-0.0799866678984159,K562,0.2777410687685397,1.395270862377265,1.1175297936087252,0.9460663883874696,0.2777410687685397,0.27774106876853977,K562
TAL1,K562,norm_mean,"[[0 0 0 1]
 [0 0 0 1]
 [0 0 0 1]
 ...
 [0 0 1 0]
 [1 0 0 0]
 [0 0 1 0]]",0.7286279429120665,1.0,EH38E3832331,chr8,48007751,48008251,shared,cross_context,221582,-1,MA0140.3,GATA1::TAL1,147,164,9.89930849397247,+,TAL1,ig,0.0837951455922687,0.062090568547137,0.0567337343752311,1.0944204235221369,True,0.0624307433198041,0.0651917721959762,0.0490220343858441,1.3298460521732398,True,0.0391697994816829,0.0485219724732451,0.039778683975558,1.2197980281368546,True,0.0617985627979186,,,1.4503193576769786,1.1425043604081937,0.953886414731956,0.0837951455922687,0.0624307433198041,0.0391697994816829,1.6642986032435036,1.3897304299395206,0.9223887637487392,3.949913612864233,2.7305921110955467,2.6115149776066917,1.0944204235221369,1.3298460521732398,1.2197980281368546,0.5363706150325658,0.1921996726531152,-0.0681106077091148,K562,0.3078149972687849,1.4503193576769786,1.1425043604081937,0.953886414731956,0.3078149972687849,0.3078149972687849,K562
TAL1,K562,norm_mean,"[[0 0 0 1]
 [0 0 1 0]
 [0 0 1 0]
 ...
 [0 0 0 1]
 [0 0 1 0]
 [0 0 1 0]]",0.0366212580100829,0.0,EH38E1344560,chr1,46246444,46246944,shared,cross_context,472,-1,MA0140.3,GATA1::TAL1,266,283,9.882622667551573,+,TAL1,ig,0.0752492362962049,0.0826776918204268,0.079643090221604,1.0381023791185826,True,0.0333393294062903,0.0616403550398536,0.0635488722646886,0.969967572098502,False,0.0444877774947706,0.0629069914942374,0.0570540185364781,1.102586322261489,True,0.0510254477324219,,,0.930974267072789,0.5308526584350007,0.749705519382674,0.0752492362962049,0.0333393294062903,0.0444877774947706,1.0649974868021357,0.6290674659875349,0.7627381735272692,1.980483934700668,1.4663898342026556,2.143020683275272,1.0381023791185826,0.969967572098502,1.102586322261489,-0.1031868023308073,-0.913616604854647,-0.4156040695598025,K562,0.1812687476901149,0.930974267072789,0.5308526584350007,0.749705519382674,0.1812687476901149,0.18126874769011492,K562
TAL1,K562,norm_mean,"[[0 0 0 1]
 [1 0 0 0]
 [1 0 0 0]
 ...
 [0 0 0 1]
 [0 1 0 0]
 [1 0 0 0]]",0.0753196304064746,0.0,EH38E3821989,chr8,22140603,22141103,shared,cross_context,163482,-1,MA0091.2,TAL1::TCF3,454,464,9.871180672302316,+,TAL1,ig,0.0528596456395462,0.0618891959224129,0.0795795245183399,0.7777024117695729,False,0.0378196345176547,0.0398449822291149,0.0659205986227607,0.6044389313383479,False,0.0372704634442925,0.0359779838239774,0.0780115651641972,0.4611877628191926,False,0.0426499145338311,,,0.7516101385057737,0.698906174569519,0.6566268563553845,0.0528596456395462,0.0378196345176547,0.0372704634442925,1.01984813925684,0.8292119991172578,1.0028574267864094,1.6085896369178443,1.757746477963554,1.500256039967569,0.7777024117695729,0.6044389313383479,0.4611877628191926,-0.4119435654949789,-0.5168293004108921,-0.6068543346490253,K562,0.0527039639362547,0.7516101385057737,0.698906174569519,0.6566268563553845,0.0527039639362547,0.05270396393625476,K562
TAL1,K562,norm_mean,"[[0 0 1 0]
 [1 0 0 0]
 [1 0 0 0]
 ...
 [1 0 0 0]
 [0 0 1 0]
 [0 0 1 0]]",0.9070864571354555,1.0,EH38E2837490,chr1,151399841,151400341,shared,cross_context,185220,-1,MA0091.2,TAL1::TCF3,342,352,9.800789077318225,+,TAL1,ig,0.070785619225353,0.0691951343099935,0.0563224902518207,1.2285522482243971,True,0.0383579433895647,0.0494274734216742,0.0514180025810656,0.9612871237243332,False,0.0481503792107105,0.0457632584638486,0.0626003398052592,0.7310383824724874,False,0.052431313941876,,,1.1245402963541586,0.7467654749816256,0.8761556095193592,0.070785619225353,0.0383579433895647,0.0481503792107105,1.1283303460394307,0.66983532883648,0.965365068857666,2.744117730000058,2.182669622451038,1.439123661973194,1.2285522482243971,0.9612871237243332,0.7310383824724874,0.1693353603165669,-0.4212728636026006,-0.1907409709658639,K562,0.2483846868347994,1.1245402963541586,0.7467654749816256,0.8761556095193592,0.2483846868347994,0.24838468683479942,K562
TAL1,K562,norm_mean,"[[1 0 0 0]
 [0 0 1 0]
 [0 0 1 0]
 ...
 [0 0 1 0]
 [0 0 1 0]
 [0 0 1 0]]",0.1641605209641001,0.0,EH38E1386666,chr1,154974977,154975477,shared,cross_context,2782,-1,MA0091.2,TAL1::TCF3,470,480,9.778739558295854,+,TAL1,ig,0.0491964905522763,0.0541080956708174,0.0662025753536727,0.8173109159069368,False,0.023130667861551,0.0411794705540523,0.0517079515801742,0.7963854945278158,False,0.0335595987271517,0.0384805066464468,0.0522689080087002,0.73620247199381,False,0.0352955857136597,,,0.8115371825793118,0.4857792282501909,0.6822155747872601,0.0491964905522763,0.023130667861551,0.0335595987271517,0.6281520956692092,0.2383636300161436,0.6598034075319048,2.3292109944892574,1.5361544882359353,1.7898643623863255,0.8173109159069368,0.7963854945278158,0.73620247199381,-0.301270896187443,-1.0416272897599614,-0.5517004011284887,K562,0.1293216077920517,0.8115371825793118,0.4857792282501909,0.6822155747872601,0.1293216077920517,0.1293216077920517,K562
TAL1,K562,norm_mean,"[[1 0 0 0]
 [1 0 0 0]
 [0 1 0 0]
 ...
 [0 0 0 1]
 [0 1 0 0]
 [0 1 0 0]]",0.0887149826242535,0.0,EH38E2796429,chr1,25890477,25890977,shared,cross_context,46698,-1,MA0091.2,TAL1::TCF3,413,423,9.668933707917084,+,TAL1,ig,0.0496908101951703,0.0483067234803456,0.0556236783775966,0.8684559562540983,False,0.0207344457041472,0.0340245790837798,0.0425190825131721,0.8002188445870335,False,0.0328964348882436,0.0401526416256092,0.0452118686609901,0.8880993848250299,False,0.0344405635958537,,,0.8766911058783909,0.4843663629277522,0.7614993914136392,0.0496908101951703,0.0207344457041472,0.0328964348882436,1.0640947503114029,0.5249262358188441,0.7163509713767888,2.089156119577308,1.0354635001981414,2.3963495721463484,0.8684559562540983,0.8002188445870335,0.8880993848250299,-0.1898594814916781,-1.0458294121001968,-0.3930852092741768,K562,0.1151917144647517,0.8766911058783909,0.4843663629277522,0.7614993914136392,0.1151917144647517,0.11519171446475174,K562
TAL1,K562,norm_mean,"[[0 0 1 0]
 [0 1 0 0]
 [0 0 1 0]
 ...
 [0 0 1 0]
 [0 1 0 0]
 [0 0 0 1]]",0.0934488723534643,0.0,EH38E3491379,chr22,50508421,50508921,shared,cross_context,132434,-1,MA0140.3,GATA1::TAL1,406,423,9.558249376283044,+,TAL1,ig,0.0634410210392054,0.0624260385194793,0.0501238156971521,1.2454364297062452,True,0.0258294283823274,0.0475093976163771,0.0395596918941009,1.200954388977879,True,0.0306269527303383,0.0556969377025961,0.0488158432673662,1.140960036026451,True,0.0399658007172904,,,0.9822653028652484,0.5448344660949287,0.5834675992555589,0.0634410210392054,0.0258294283823274,0.0306269527303383,0.872662822328405,0.6388159933037475,0.5983898923625672,2.286424560845484,1.442585954963929,1.457458960539627,1.2454364297062452,1.200954388977879,1.140960036026451,-0.0258153545872093,-0.8761101214675601,-0.7772755490634224,K562,0.3987977036096896,0.9822653028652484,0.5448344660949287,0.5834675992555589,0.3987977036096896,0.39879770360968947,K562
TAL1,K562,norm_mean,"[[1 0 0 0]
 [0 0 0 1]
 [0 1 0 0]
 ...
 [0 0 0 1]
 [0 1 0 0]
 [0 0 0 1]]",0.0010031564515439,0.0,EH38E3491380,chr22,50508631,50509131,shared,cross_context,28260,-1,MA0140.3,GATA1::TAL1,196,213,9.558249376283044,+,TAL1,ig,0.056354859350797,0.0598878759052604,0.0692152856936445,0.8652404834089215,False,0.0333447111222673,0.0412751412304351,0.0496392293885276,0.8315022901010521,False,0.0335083729313576,0.0491512323764618,0.0413999085307966,1.1872301714772504,True,0.0410693144681406,,,0.8703353384205278,0.7271403759838269,0.758442123868844,0.056354859350797,0.0333447111222673,0.0335083729313576,1.0214709693838206,0.634563516445701,0.8158026385998434,1.916728769469976,1.9030852253958,2.203757459262923,0.8652404834089215,0.8315022901010521,1.1872301714772504,-0.2003567177137814,-0.4596941865492958,-0.3988889992539953,K562,0.1118932145516837,0.8703353384205278,0.7271403759838269,0.758442123868844,0.1118932145516837,0.11189321455168377,K562
TAL1,K562,norm_mean,"[[0 0 0 1]
 [0 1 0 0]
 [1 0 0 0]
 ...
 [1 0 0 0]
 [1 0 0 0]
 [0 0 1 0]]",0.0797809977435332,0.0,EH38E1703562,chr14,24081784,24082284,shared,cross_context,3362,-1,MA0140.3,GATA1::TAL1,453,470,9.532807282770648,+,TAL1,ig,0.0421519811429521,0.0508304259115539,0.06551067568711,0.775910454583371,False,0.0326044702190248,0.035070353228366,0.0583248645288404,0.6012932477209953,False,0.023681775201112,0.0508455730829155,0.0395468479098053,1.285704497658933,True,0.0328127421876963,,,0.6740296540482207,0.6292655476724675,0.4795992078984037,0.0421519811429521,0.0326044702190248,0.023681775201112,0.6830683031954109,0.7592269617223191,0.4978429408187482,1.9714065577004647,1.395913711780295,1.7122230085168098,0.775910454583371,0.6012932477209953,1.285704497658933,-0.5691160283321086,-0.6682591351649612,-1.0600988158668585,K562,0.0447641063757532,0.6740296540482207,0.6292655476724675,0.4795992078984037,0.0447641063757532,0.04476410637575323,K562
TAL1,K562,norm_mean,"[[0 0 1 0]
 [1 0 0 0]
 [1 0 0 0]
 ...
 [0 1 0 0]
 [0 0 1 0]
 [0 0 0 1]]",0.9070864571354555,1.0,EH38E2837489,chr1,151399510,151400010,shared,cross_context,52346,-1,MA0140.3,GATA1::TAL1,207,224,9.513264025520336,+,TAL1,ig,0.0505306976573432,0.0639091672853101,0.0611768178544783,1.0446629798676583,True,0.0324374176561832,0.0605700614361558,0.0455592607475596,1.3294782915154593,True,0.0305451171965721,0.0336558651132509,0.0562112385142916,0.5987389713411883,False,0.0378377441700328,,,0.8118145122538151,0.6307976833150879,0.6444043353141291,0.0505306976573432,0.0324374176561832,0.0305451171965721,0.800671271594148,0.7179032066108185,0.8669568369593705,1.8561472170040627,1.564479137590315,1.899161463325548,1.0446629798676583,1.3294782915154593,0.5987389713411883,-0.3007779627697862,-0.6647507309435795,-0.6339618926525625,K562,0.1674101769396859,0.8118145122538151,0.6307976833150879,0.6444043353141291,0.1674101769396859,0.16741017693968596,K562
TAL1,K562,norm_mean,"[[0 1 0 0]
 [0 1 0 0]
 [0 0 1 0]
 ...
 [1 0 0 0]
 [1 0 0 0]
 [0 0 0 1]]",0.0089165030960616,0.0,EH38E3725250,chr6,108168729,108169229,shared,cross_context,154691,-1,MA0091.2,TAL1::TCF3,377,387,9.489982553378606,+,TAL1,ig,0.1164171934127807,0.0601474571070866,0.0672507609412803,0.8943757263333703,False,0.0576092349598184,0.052675524517399,0.0432037973155788,1.2192333914609588,True,0.0537244037725031,0.0460364293737802,0.0455333502112847,1.011048364543297,True,0.0759169440483674,,,1.7406272308413309,1.163819594279624,1.198478128877489,0.1164171934127807,0.0576092349598184,0.0537244037725031,2.210355467684086,1.0731221448853516,1.5753640115390428,2.838069965532908,2.7307434551767056,1.9147843907490412,0.8943757263333703,1.2192333914609588,1.011048364543297,0.7996072722849744,0.2188674421236345,0.2612035825747206,K562,0.5421491019638418,1.7406272308413309,1.163819594279624,1.198478128877489,0.5421491019638418,0.5421491019638418,K562
TAL1,K562,norm_mean,"[[0 1 0 0]
 [1 0 0 0]
 [0 0 1 0]
 ...
 [1 0 0 0]
 [1 0 0 0]
 [0 0 1 0]]",0.047977926213785,0.0,EH38E2284512,chr4,18022553,18023053,shared,cross_context,204946,-1,MA0091.2,TAL1::TCF3,261,271,9.476288252126253,+,TAL1,ig,0.0692509377375245,0.06086321737268,0.0573589900174202,1.0610927204831957,True,0.031904437020421,0.0515168573841219,0.0398641296040016,1.29231078096442,True,0.034312142804265,0.0490082402958069,0.0407619880835483,1.2023022079378074,True,0.0451558391874035,,,1.1791843682875345,0.7183099328504096,0.7801196395561306,0.0692509377375245,0.031904437020421,0.034312142804265,1.229852707706119,0.5918931715230342,0.9062798890243076,2.654607687459327,2.049571334957219,1.5458281234516766,1.0610927204831957,1.29231078096442,1.2023022079378074,0.2377893059865823,-0.4773216275104748,-0.3582326996293385,K562,0.3990647287314036,1.1791843682875345,0.7183099328504096,0.7801196395561306,0.3990647287314036,0.39906472873140386,K562
TAL1,K562,norm_mean,"[[0 1 0 0]
 [0 0 1 0]
 [0 1 0 0]
 ...
 [0 0 1 0]
 [1 0 0 0]
 [1 0 0 0]]",0.1459639106701089,0.0,EH38E3185858,chr16,66516703,66517203,shared,cross_context,26031,-1,MA0140.3,GATA1::TAL1,116,133,9.452136125610274,+,TAL1,ig,0.051972823244903,0.046671957236249,0.0597254983567836,0.7814409373871487,False,0.0343967538107843,0.039669539554743,0.0485667224254159,0.8168047874265306,False,0.0393918884151122,0.0355188161792466,0.0572014036692313,0.6209429785185928,False,0.0419204884902665,,,0.9573491148969676,0.7818747046493919,0.8184348434540046,0.051972823244903,0.0343967538107843,0.0393918884151122,1.2515505411824603,0.8781868955805632,1.2206256044168586,1.9606144988113765,1.6295140636191645,1.5970465450319238,0.7814409373871487,0.8168047874265306,0.6209429785185928,-0.0628829675365826,-0.3549906587369529,-0.2890605264770541,K562,0.1389142714429631,0.9573491148969676,0.7818747046493919,0.8184348434540046,0.1389142714429631,0.13891427144296298,K562
TAL1,K562,norm_mean,"[[0 0 1 0]
 [0 0 1 0]
 [0 1 0 0]
 ...
 [0 1 0 0]
 [0 1 0 0]
 [0 1 0 0]]",0.0159522804694849,0.0,EH38E3288164,chr19,8210031,8210531,shared,cross_context,106015,-1,MA0091.2,TAL1::TCF3,491,501,9.413777634966948,+,TAL1,ig,0.067504811193794,0.0530073911033105,0.0614190371567383,0.8630448298560917,False,0.0355855064466595,0.0553249277704162,0.0470021126739447,1.1770729623044265,True,0.0391512944363057,0.0374151603091741,0.0470587621012236,0.7950730254647076,False,0.0474138706922531,,,1.1088417159672468,0.7148474563413214,0.9000401336832655,0.067504811193794,0.0355855064466595,0.0391512944363057,1.1042010622052625,0.7608940243201382,1.0851149524804518,2.2483975814484274,2.1526214023727337,1.970402576244346,0.8630448298560917,1.1770729623044265,0.7950730254647076,0.1490534408431873,-0.4842926795926686,-0.1519387592033753,K562,0.2088015822839812,1.1088417159672468,0.7148474563413214,0.9000401336832655,0.2088015822839812,0.20880158228398127,K562
TAL1,K562,norm_mean,"[[1 0 0 0]
 [0 1 0 0]
 [0 1 0 0]
 ...
 [0 0 0 1]
 [0 1 0 0]
 [0 1 0 0]]",0.0026575342366262,0.0,EH38E1778054,chr15,74857210,74857710,shared,cross_context,4108,-1,MA0091.2,TAL1::TCF3,374,384,9.40589665714216,+,TAL1,ig,0.0686883239075541,0.0536485840281238,0.0556714841426458,0.9636634484905564,False,0.051407869788818,0.0354264410183532,0.0497561745381066,0.7120007562320466,False,0.0397578787058591,0.0455194691097131,0.038353116543316,1.1868515871399272,True,0.0532846908007438,,,1.169270806447704,1.1124327598851598,0.7901698131248415,0.0686883239075541,0.051407869788818,0.0397578787058591,1.3602517739979207,1.509437005163004,0.9824100317879968,2.491869357438609,1.9857611973015508,1.6737817397690506,0.9636634484905564,0.7120007562320466,1.1868515871399272,0.2256091020812231,0.1537181374550872,-0.3397653610043402,K562,0.0568380465625442,1.169270806447704,1.1124327598851598,0.7901698131248415,0.0568380465625442,0.05683804656254421,K562
TAL1,K562,norm_mean,"[[0 1 0 0]
 [0 0 1 0]
 [0 1 0 0]
 ...
 [0 1 0 0]
 [1 0 0 0]
 [0 0 1 0]]",0.0316916943577274,0.0,EH38E2435267,chr5,177005386,177005886,shared,cross_context,33608,-1,MA0140.3,GATA1::TAL1,202,219,9.384237280104209,+,TAL1,ig,0.089221434229437,0.074339406164363,0.0789828958936155,0.9412088011106224,False,0.0488757315530058,0.0522355176392011,0.0625683467947847,0.8348551938246696,False,0.03122782389469,0.0375015939667355,0.04538558637498,0.8262884474821885,False,0.0564416632257109,,,1.1597708559422868,0.8358049616467792,0.7395725838669469,0.089221434229437,0.0488757315530058,0.03122782389469,1.2474992841271986,1.1055739713207569,1.0644752164859264,2.228898020880405,1.3698537506110808,1.7436223430057378,0.9412088011106224,0.8348551938246696,0.8262884474821885,0.2138397913799347,-0.2587617701051897,-0.435236348254448,K562,0.3239658942955076,1.1597708559422868,0.8358049616467792,0.7395725838669469,0.3239658942955076,0.3239658942955076,K562
TAL1,K562,norm_mean,"[[0 0 0 1]
 [1 0 0 0]
 [0 0 1 0]
 ...
 [1 0 0 0]
 [0 1 0 0]
 [0 0 0 1]]",0.024516863090239,0.0,EH38E3847941,chr8,100302570,100303070,shared,cross_context,221722,-1,MA0091.2,TAL1::TCF3,433,443,9.297337097587777,+,TAL1,ig,0.0536133030429482,0.055968381272396,0.0828132303874008,0.6758385616910491,False,0.0298849031329154,0.0352031956525752,0.0484990779147483,0.7258527359206296,False,0.0291248653084039,0.0343781334656523,0.0570269570907112,0.6028399408120023,False,0.0375410238280892,,,0.7918307674688035,0.6864906084147402,0.6355363408452864,0.0536133030429482,0.0298849031329154,0.0291248653084039,0.5385645014052506,1.1358626541512529,0.5489717236691776,2.4930882221339705,1.214124841134501,1.798295475062381,0.6758385616910491,0.7258527359206296,0.6028399408120023,-0.3367359670812151,-0.5426881091740478,-0.6539534697344122,K562,0.1053401590540633,0.7918307674688035,0.6864906084147402,0.6355363408452864,0.1053401590540633,0.10534015905406335,K562
TAL1,K562,norm_mean,"[[1 0 0 0]
 [0 0 1 0]
 [1 0 0 0]
 ...
 [0 1 0 0]
 [0 0 0 1]
 [0 0 1 0]]",0.024516863090239,0.0,EH38E3847942,chr8,100302984,100303484,shared,cross_context,221725,-1,MA0091.2,TAL1::TCF3,19,29,9.297337097587777,+,TAL1,ig,0.0521145184524357,0.0539405689830891,0.0651328707323409,0.8281618803988449,False,0.0373003876768052,0.0496209089813055,0.0389897669741185,1.2726646016529914,True,0.0323607455939054,0.0392344980250345,0.0473283498373348,0.8289849502471993,False,0.0405918839077154,,,0.9059075252121658,0.8657885873305601,0.7957861742450465,0.0521145184524357,0.0373003876768052,0.0323607455939054,0.9786067613468108,1.0384385712145363,0.909533232785148,2.2334484628130955,1.477140505516254,1.4209630123980963,0.8281618803988449,1.2726646016529914,0.8289849502471993,-0.1425643054150997,-0.2079133098919681,-0.3295472587844099,K562,0.0401189378816057,0.9059075252121658,0.8657885873305601,0.7957861742450465,0.0401189378816057,0.0401189378816057,K562
TAL1,K562,norm_mean,"[[0 1 0 0]
 [0 0 0 1]
 [0 0 1 0]
 ...
 [0 1 0 0]
 [1 0 0 0]
 [0 0 0 1]]",0.1096323849133804,0.0,EH38E3302369,chr19,35145034,35145534,shared,cross_context,31466,-1,MA0140.3,GATA1::TAL1,165,182,9.249676960218954,+,TAL1,ig,0.0821785905179293,0.0607501363544724,0.0628031393467881,0.9673103496612996,False,0.0311576882377266,0.0545231655600946,0.0467533922784931,1.1661860507032165,True,0.0288778684266349,0.0445175587583798,0.0484415925751378,0.9189943435361908,False,0.0474047157274303,,,1.330748592691898,0.6332975885912142,0.6383757821599751,0.0821785905179293,0.0311576882377266,0.0288778684266349,1.4911076825680534,0.4519433211358607,0.8715805723391541,2.668631050608574,2.5757480841897467,1.235386948028338,0.9673103496612996,1.1661860507032165,0.9189943435361908,0.4122380416533696,-0.6590445065460664,-0.647522171049034,K562,0.6923728105319229,1.330748592691898,0.6332975885912142,0.6383757821599751,0.6923728105319229,0.6923728105319229,K562
TAL1,K562,norm_mean,"[[1 0 0 0]
 [0 1 0 0]
 [0 0 1 0]
 ...
 [0 0 0 1]
 [0 1 0 0]
 [1 0 0 0]]",0.1424340410596475,0.0,EH38E2524903,chr6,167351271,167351771,shared,cross_context,36478,-1,MA0091.2,TAL1::TCF3,492,502,9.226945502603684,+,TAL1,ig,0.060721328202635,0.0845277357718441,0.0692881860467605,1.2199442415097506,True,0.0188047798350453,0.0569702439743559,0.0502156268246471,1.134512028062013,True,0.0265819892287254,0.0551403399808623,0.0540704715301399,1.0197863680967232,True,0.0353693657554686,,,0.741559060990482,0.3173055319039592,0.4915258147669159,0.060721328202635,0.0188047798350453,0.0265819892287254,0.8548613097204383,0.3297080244056171,0.6436697911752642,1.4940825839020742,0.5973699922454441,1.0566139358670297,1.2199442415097506,1.134512028062013,1.0197863680967232,-0.4313664931751702,-1.6560554169236203,-1.024660903548723,K562,0.250033246223566,0.741559060990482,0.3173055319039592,0.4915258147669159,0.250033246223566,0.25003324622356604,K562
TAL1,K562,norm_mean,"[[1 0 0 0]
 [0 0 0 1]
 [1 0 0 0]
 ...
 [0 1 0 0]
 [0 1 0 0]
 [0 1 0 0]]",0.0383077000313878,0.0,EH38E1749117,chr15,26891324,26891824,shared,cross_context,29341,-1,MA0091.2,TAL1::TCF3,37,47,9.221132179176116,+,TAL1,ig,0.0838050725869834,0.0652390822116285,0.0488298880751244,1.3360478883502616,True,0.0569272862747311,0.054385128597496,0.0371853817935334,1.4625401528498527,True,0.0306908566970378,0.0507300584565382,0.0376687696046428,1.3467401649053026,True,0.0571410718529174,,,1.5398070761568796,1.3051297982654932,0.7602968665382437,0.0838050725869834,0.0569272862747311,0.0306908566970378,2.157771482168317,1.862442305387269,0.7949715921683709,2.866742477791969,2.4568561895779544,2.360943411333568,1.3360478883502616,1.4625401528498527,1.3467401649053026,0.6227496065927334,0.3841932944920899,-0.3953652477800272,K562,0.2346772778913863,1.5398070761568796,1.3051297982654932,0.7602968665382437,0.2346772778913863,0.23467727789138637,K562
TAL1,K562,norm_mean,"[[0 0 0 1]
 [0 0 1 0]
 [0 1 0 0]
 ...
 [1 0 0 0]
 [0 0 1 0]
 [0 0 0 1]]",0.8692633632993554,1.0,EH38E2908349,chr10,73247461,73247961,shared,cross_context,58873,-1,MA0091.2,TAL1::TCF3,178,188,9.221132179176116,+,TAL1,ig,0.0610851156525313,0.0676022834423929,0.0665674227842725,1.015545900072098,True,0.0435425052419304,0.066126903554541,0.0434622609497923,1.5214783330335162,True,0.0349546953802928,0.0422973154473584,0.0413785662827848,1.0222032570259254,True,0.0465274387582515,,,0.9306282235428393,0.8405782353333919,0.8445846526034919,0.0610851156525313,0.0435425052419304,0.0349546953802928,1.276428681811587,1.1238389886978832,0.7257845714001416,1.7397950692022293,1.328834025282869,2.1963247033253173,1.015545900072098,1.5214783330335162,1.0222032570259254,-0.1037231523758042,-0.2505459911697276,-0.2436860617799776,K562,0.0860435709393472,0.9306282235428393,0.8405782353333919,0.8445846526034919,0.0860435709393472,0.08604357093934734,K562
TAL1,K562,norm_mean,"[[0 0 0 1]
 [0 1 0 0]
 [0 1 0 0]
 ...
 [0 0 1 0]
 [0 1 0 0]
 [0 1 0 0]]",0.0145689570833225,0.0,EH38E2964092,chr11,65262431,65262931,shared,cross_context,65671,-1,MA0091.2,TAL1::TCF3,290,300,9.221132179176116,+,TAL1,ig,0.0911205600947141,0.0750885480083525,0.0598772360811917,1.2540414418280812,True,0.0542078468948602,0.0574053104023914,0.0486540889023439,1.179865863256713,True,0.0452055962756276,0.0557974933006335,0.0445418050646996,1.2526991371946623,True,0.063511334421734,,,1.3844079336449089,1.041006494157213,0.9237214552841188,0.0911205600947141,0.0542078468948602,0.0452055962756276,1.625969741005259,1.1174384991836117,0.9474854415192132,3.3140938592441267,1.8637609363037615,1.8331292978757665,1.2540414418280812,1.179865863256713,1.2526991371946623,0.4692691153533982,0.0579790700800469,-0.1144702153455849,K562,0.3434014394876958,1.3844079336449089,1.041006494157213,0.9237214552841188,0.3434014394876958,0.34340143948769586,K562
TAL1,K562,norm_mean,"[[0 1 0 0]
 [1 0 0 0]
 [0 1 0 0]
 ...
 [0 0 0 1]
 [0 0 1 0]
 [0 0 0 1]]",0.0323234321981788,0.0,EH38E3196307,chr16,85461779,85462279,shared,cross_context,92017,-1,MA0140.3,GATA1::TAL1,239,256,9.219968830899791,+,TAL1,ig,0.0647306419251596,0.0626458772097248,0.0537758548154483,1.1649441143293036,True,0.0437946137835216,0.0423153668368468,0.0590863169476133,0.716161742028137,False,0.0496255847461083,0.0385797468549571,0.0535083060829679,0.7210046900959642,False,0.0527169468182632,,,1.130849791407419,0.8336247568618173,1.0408740849491844,0.0647306419251596,0.0437946137835216,0.0496255847461083,1.3479641096753814,0.959949386464388,0.9124399106092136,3.799922527176517,2.5327640055058693,2.874275852825652,1.1649441143293036,0.716161742028137,0.7210046900959642,0.1774073129348443,-0.2625299699652004,0.0577955570488173,K562,0.0899757064582345,1.130849791407419,0.8336247568618173,1.0408740849491844,0.0899757064582345,0.0899757064582345,K562
TAL1,K562,norm_mean,"[[1 0 0 0]
 [0 0 1 0]
 [0 0 0 1]
 ...
 [0 0 0 1]
 [0 1 0 0]
 [0 1 0 0]]",0.0429142574813604,0.0,EH38E3142821,chr15,69059053,69059553,shared,cross_context,24251,-1,MA0091.2,TAL1::TCF3,157,167,9.217370383477355,+,TAL1,ig,0.0912053972948342,0.060307133407332,0.0592536052723614,1.017779811917434,True,0.0770215928554534,0.0499228516803123,0.0540695639370713,0.9233076579892204,False,0.0269070165231823,0.0546414941397961,0.0429874153137704,1.2711041366390563,True,0.0650446688911567,,,1.5449738630762369,1.5195954134484655,0.5785493882300224,0.0912053972948342,0.0770215928554534,0.0269070165231823,1.8566813023810465,2.250820722373545,0.4021536704056557,2.917978418250016,2.724335569108514,1.4973707806598116,1.017779811917434,0.9233076579892204,1.2711041366390563,0.6275824326367483,0.6036872636262076,-0.78948797124038,K562,0.0253784496277711,1.5449738630762369,1.5195954134484655,0.5785493882300224,0.0253784496277711,0.02537844962777136,K562
TAL1,K562,norm_mean,"[[0 1 0 0]
 [0 1 0 0]
 [0 1 0 0]
 ...
 [1 0 0 0]
 [0 0 1 0]
 [1 0 0 0]]",0.0578184940952513,0.0,EH38E3702037,chr6,33392130,33392630,shared,cross_context,220062,-1,MA0091.2,TAL1::TCF3,477,487,9.217370383477355,+,TAL1,ig,0.0750297318678349,0.0655732122124754,0.0610663984634447,1.0738016834857504,True,0.0340284301433712,0.0296836373576661,0.0559984656912274,0.5300793814699548,False,0.0257734873332083,0.0449352613241353,0.066295996553963,0.6777974068100066,False,0.0449438831148048,,,1.0336649466500163,0.7044323684356568,0.4468688914510212,0.0750297318678349,0.0340284301433712,0.0257734873332083,1.244098789641231,0.8506943471893761,0.3978140485273381,2.20324581113984,1.3028915047105485,1.4656972511868016,1.0738016834857504,0.5300793814699548,0.6777974068100066,0.0477686259850785,-0.5054668907844793,-1.1620764759066513,K562,0.3292325782143595,1.0336649466500163,0.7044323684356568,0.4468688914510212,0.3292325782143595,0.3292325782143595,K562
TAL1,K562,norm_mean,"[[0 0 0 1]
 [0 0 1 0]
 [0 0 1 0]
 ...
 [0 0 0 1]
 [1 0 0 0]
 [0 0 0 1]]",0.0527248226383734,0.0,EH38E2784008,chr1,8789546,8790046,shared,cross_context,6473,-1,MA0091.2,TAL1::TCF3,212,222,9.217370383477355,+,TAL1,ig,0.0747483862563967,0.0610039412614423,0.0646647278906759,0.9433880543145072,False,0.0243185429600998,0.0476788244323688,0.0470469048484049,1.0134314776218605,True,0.0362433795817196,0.0431293014145921,0.0477863569816317,0.902544054691798,False,0.045103436266072,,,1.1820779906206824,0.5142020618869941,0.7884618553967556,0.0747483862563967,0.0243185429600998,0.0362433795817196,1.590008230967932,0.4890794661747195,0.9471177357844046,2.040897430637297,1.6086103954446058,1.3079988562402578,0.9433880543145072,1.0134314776218605,0.902544054691798,0.2413252253736727,-0.9595926968689118,-0.3428871317781214,K562,0.3936161352239268,1.1820779906206824,0.5142020618869941,0.7884618553967556,0.3936161352239268,0.3936161352239268,K562
TAL1,K562,norm_mean,"[[0 1 0 0]
 [0 0 1 0]
 [0 0 1 0]
 ...
 [0 1 0 0]
 [0 0 1 0]
 [1 0 0 0]]",0.7997515887867199,1.0,EH38E3394840,chr2,203239279,203239779,shared,cross_context,120618,-1,MA0091.2,TAL1::TCF3,319,329,9.154373381876647,+,TAL1,ig,0.0382175050675869,0.0534684592182748,0.0540032596748763,0.990096702295595,False,0.0303492009174078,0.0453894574486184,0.0427613369902246,1.0614599549213126,True,0.0171016372041776,0.0502979924227111,0.038067487739075,1.3212844397461363,True,0.0285561143963908,,,0.7158347537499732,0.6935936997845543,0.3921917215907664,0.0382175050675869,0.0303492009174078,0.0171016372041776,1.0664470928545973,0.9565062924380392,0.4550162938330965,1.1646744033976255,1.252951471807059,0.7561977368690186,0.990096702295595,1.0614599549213126,1.3212844397461363,-0.4823015046281489,-0.5278372988191842,-1.3503690078613049,K562,0.0222410539654188,0.7158347537499732,0.6935936997845543,0.3921917215907664,0.0222410539654188,0.022241053965418867,K562
TAL1,K562,norm_mean,"[[0 1 0 0]
 [0 0 0 1]
 [1 0 0 0]
 ...
 [1 0 0 0]
 [1 0 0 0]
 [0 0 1 0]]",0.0497962056058746,0.0,EH38E3052731,chr12,132188941,132189441,shared,cross_context,75651,-1,MA0091.2,TAL1::TCF3,438,448,9.154373381876647,+,TAL1,ig,0.0537717686966061,0.0629538674053037,0.0564690187899395,1.1148388551091837,True,0.0328373480588197,0.0416958387708291,0.0563226573204156,0.7403029855390995,False,0.0305440312484279,0.0417414792836643,0.0371267198794521,1.124297222491612,True,0.0390510493346179,,,0.8862708028700672,0.6020155343837649,0.6774550094677878,0.0537717686966061,0.0328373480588197,0.0305440312484279,0.7072702300616159,0.52823683516507,0.8709798487179796,2.1890906239480814,1.689580951494008,1.544464710102422,1.1148388551091837,0.7403029855390995,1.124297222491612,-0.1741805070481428,-0.7321273777829083,-0.561802954074232,K562,0.2088157934022794,0.8862708028700672,0.6020155343837649,0.6774550094677878,0.2088157934022794,0.2088157934022794,K562
TAL1,K562,norm_mean,"[[1 0 0 0]
 [0 1 0 0]
 [0 1 0 0]
 ...
 [0 0 0 1]
 [0 1 0 0]
 [0 0 0 1]]",0.6543665641980694,1.0,EH38E2227655,chr3,112991364,112991864,shared,cross_context,28401,-1,MA0140.3,GATA1::TAL1,454,471,9.13124494549731,+,TAL1,ig,0.0406815700424725,0.0564788433152716,0.0590926144493278,0.9557680648234286,False,0.0326505471842692,0.0337293499324005,0.0713413653511088,0.4727880527449947,False,0.0191214187618564,0.0437129916128469,0.0445775308157317,0.9806057223645752,False,0.0308178453295327,,,0.7154494269640828,0.6311727762757391,0.4555624095098865,0.0406815700424725,0.0326505471842692,0.0191214187618564,0.6625423740195917,0.7827418514279122,0.2849051780824388,1.787935690857367,1.4377892613159342,1.684990077259546,0.9557680648234286,0.4727880527449947,0.9806057223645752,-0.483078302224699,-0.6638931121852809,-1.1342793829779532,K562,0.0842766506883436,0.7154494269640828,0.6311727762757391,0.4555624095098865,0.0842766506883436,0.08427665068834367,K562
TAL1,K562,norm_mean,"[[0 0 0 1]
 [1 0 0 0]
 [0 0 1 0]
 ...
 [0 0 0 1]
 [1 0 0 0]
 [1 0 0 0]]",0.1972377927079136,0.0,EH38E2610192,chr8,10587479,10587979,shared,cross_context,38662,-1,MA0091.2,TAL1::TCF3,99,109,9.091840944089258,+,TAL1,ig,0.0982281386386603,0.1171544524107594,0.0695138960950049,1.6853383587831188,True,0.045716556161642,0.104188664255198,0.0468360796358491,2.2245380659501164,True,0.0435922749806195,0.0571588119934313,0.0541455991955373,1.055649993465071,True,0.0625123232603073,,,1.1555011413798923,0.6790471314011344,0.8517246924805453,0.0982281386386603,0.045716556161642,0.0435922749806195,1.434344768106828,0.6532816984917421,1.2630523317675966,2.535589061771016,1.4883410262910248,1.512885132989963,1.6853383587831188,2.2245380659501164,1.055649993465071,0.2085186861188203,-0.5584163800322587,-0.2315409174116487,K562,0.3037764488993471,1.1555011413798923,0.6790471314011344,0.8517246924805453,0.3037764488993471,0.3037764488993471,K562
TAL1,K562,norm_mean,"[[0 1 0 0]
 [0 1 0 0]
 [0 1 0 0]
 ...
 [1 0 0 0]
 [0 0 1 0]
 [0 0 1 0]]",0.1191961168472138,0.0,EH38E3877018,chr9,19408627,19409127,shared,cross_context,169069,-1,MA0091.2,TAL1::TCF3,485,495,9.091840944089258,+,TAL1,ig,0.0885345824994146,0.0760483671515248,0.0596047685266239,1.2758770191144315,True,0.0249558201059699,0.0338429856888251,0.0553940520132891,0.6109497021667433,False,0.0687604937702417,0.0468019372079288,0.0619246596726588,0.7557882416705558,False,0.0607502987918754,,,1.372330709004955,0.5634971980611159,1.290984949009671,0.0885345824994146,0.0249558201059699,0.0687604937702417,1.8120001892336768,0.6722027918916661,1.5029439965825533,3.051659638465614,1.086245284150886,3.2455527513064566,1.2758770191144315,0.6109497021667433,0.7557882416705558,0.4566281901048034,-0.8275196555824674,0.3684721821532583,K562,0.081345759995284,1.372330709004955,0.5634971980611159,1.290984949009671,0.081345759995284,0.08134575999528404,K562
TAL1,K562,norm_mean,"[[0 1 0 0]
 [0 1 0 0]
 [0 0 1 0]
 ...
 [1 0 0 0]
 [1 0 0 0]
 [0 1 0 0]]",0.1040321841420006,0.0,EH38E3435115,chr20,45834169,45834669,shared,cross_context,124931,-1,MA0091.2,TAL1::TCF3,263,273,9.091840944089258,+,TAL1,ig,0.1091928604990244,0.0697217559517594,0.0850154601025562,0.8201066919662076,False,0.0460553360564517,0.056741471267087,0.0515933641440008,1.0997821369216425,True,0.0327925052959472,0.0442989213147666,0.0546525964544763,0.8105545954458003,False,0.0626802339504744,,,1.3814649033847544,0.8591717211486817,0.647968321594828,0.1091928604990244,0.0460553360564517,0.0327925052959472,1.7093217970789387,0.9549616164668134,0.7084725539060113,2.483749420307681,2.14961299494688,1.6146706304618166,0.8201066919662076,1.0997821369216425,0.8105545954458003,0.466198911471278,-0.2189815840910614,-0.626004809481824,K562,0.5222931822360727,1.3814649033847544,0.8591717211486817,0.647968321594828,0.5222931822360727,0.5222931822360727,K562
TAL1,K562,norm_mean,"[[0 0 1 0]
 [0 0 0 1]
 [1 0 0 0]
 ...
 [0 0 0 1]
 [1 0 0 0]
 [1 0 0 0]]",0.051172421678685,0.0,EH38E3139946,chr15,64835624,64836124,shared,cross_context,83412,-1,MA0091.2,TAL1::TCF3,186,196,9.091840944089258,+,TAL1,ig,0.0373387244995683,0.0533178215054795,0.0488739885722648,1.090924071347345,True,0.0244203949579969,0.0395369086792925,0.0393898686367291,1.003732685848548,True,0.0275004208553582,0.0431364657037193,0.0387581939614198,1.1129634837222482,True,0.0297531801043078,,,0.7457242198083778,0.6217125168277488,0.6841647095542214,0.0373387244995683,0.0244203949579969,0.0275004208553582,0.6609453901300293,0.5659491044236702,0.5567621495804422,1.6609554602915937,2.170806232555527,1.9658768657507917,1.090924071347345,1.003732685848548,1.1129634837222482,-0.4232858944753788,-0.6856804678759147,-0.5475844035576745,K562,0.0615595102541564,0.7457242198083778,0.6217125168277488,0.6841647095542214,0.0615595102541564,0.0615595102541564,K562
TAL1,K562,norm_mean,"[[1 0 0 0]
 [0 0 1 0]
 [0 1 0 0]
 ...
 [0 0 0 1]
 [0 1 0 0]
 [1 0 0 0]]",0.1972377927079136,0.0,EH38E3817266,chr8,10587286,10587786,shared,cross_context,221383,-1,MA0091.2,TAL1::TCF3,292,302,9.091840944089258,+,TAL1,ig,0.1144472669810056,0.086503325572703,0.0543572435854002,1.5913851393687188,True,0.0419823788572102,0.0780800288263708,0.046692070901955,1.6722327923299192,True,0.0445809943601489,0.0633703290467383,0.0461559997153623,1.3729594355650383,True,0.0670035467327882,,,1.7103557123824693,0.712133132806807,0.843054117384092,0.1144472669810056,0.0419823788572102,0.0445809943601489,1.994755565745024,0.951757543128965,1.0211974813878109,3.122868799807169,1.1824920913611452,1.5882325738865355,1.5913851393687188,1.6722327923299192,1.3729594355650383,0.7742964026339342,-0.4897811155948683,-0.246302849463409,K562,0.8673015949983773,1.7103557123824693,0.712133132806807,0.843054117384092,0.8673015949983773,0.8673015949983773,K562
TAL1,K562,norm_mean,"[[0 0 1 0]
 [0 0 1 0]
 [0 0 0 1]
 ...
 [0 0 1 0]
 [0 1 0 0]
 [0 0 0 1]]",0.0841808146712013,0.0,EH38E3183341,chr16,57535306,57535806,shared,cross_context,25960,-1,MA0140.3,GATA1::TAL1,428,445,9.058411630695376,+,TAL1,ig,0.045347014989923,0.0671638837992213,0.0606706992303952,1.1070232184721702,True,0.035106919486733,0.0503394015936646,0.0632108379801502,0.7963728252699991,False,0.0301605774199261,0.033913054701552,0.0541457671637181,0.6263287088670031,False,0.0368715039655274,,,0.6921599514520399,0.6064744984437491,0.6517311097647223,0.045347014989923,0.035106919486733,0.0301605774199261,0.7201536407142229,0.7284126816211519,0.5739381359719203,2.043103554764245,1.6705092888237536,1.816963756902715,1.1070232184721702,0.7963728252699991,0.6263287088670031,-0.5308226235808327,-0.7214811095572085,-0.6176512303999848,K562,0.0404288416873176,0.6921599514520399,0.6064744984437491,0.6517311097647223,0.0404288416873176,0.04042884168731764,K562
TAL1,K562,norm_mean,"[[0 0 1 0]
 [1 0 0 0]
 [0 0 0 1]
 ...
 [0 1 0 0]
 [0 1 0 0]
 [1 0 0 0]]",0.8841400191971536,1.0,EH38E3016228,chr12,50222125,50222625,shared,cross_context,71103,-1,MA0140.3,GATA1::TAL1,239,256,8.966703461182304,+,TAL1,ig,0.06404067017138,0.0557552962633781,0.0673858463377632,0.8274035427243315,False,0.036056564299061,0.0365668649564031,0.053791446018761,0.6797894621712707,False,0.0314030022367232,0.0373683179335785,0.047841935720685,0.781078557125278,False,0.0438334122357214,,,1.0190636011376135,0.7661324660770704,0.7177717721808852,0.06404067017138,0.036056564299061,0.0314030022367232,0.98503553254944,0.8067992076373027,0.3828779446027697,3.12354988257258,1.7433351733245814,2.270263462657752,0.8274035427243315,0.6797894621712707,0.781078557125278,0.0272440962780494,-0.3843342339741433,-0.4784029054930113,K562,0.2529311350605431,1.0190636011376135,0.7661324660770704,0.7177717721808852,0.2529311350605431,0.2529311350605431,K562
TAL1,K562,norm_mean,"[[0 1 0 0]
 [0 1 0 0]
 [1 0 0 0]
 ...
 [0 0 1 0]
 [1 0 0 0]
 [0 1 0 0]]",0.1018351308089754,0.0,EH38E3154859,chr15,90903724,90904224,shared,cross_context,85926,-1,MA0091.2,TAL1::TCF3,447,457,8.952800105518776,+,TAL1,ig,0.0473343015648424,0.0618833689868915,0.0786011668178253,0.7873084283498614,False,0.0253434957936406,0.0394920321193058,0.0481336381059372,0.8204662159075881,False,0.0232879991875961,0.0558406253438442,0.0409800123650347,1.3626304262705566,True,0.031988598848693,,,0.6584574599484371,0.5674695610888831,0.4565674729804431,0.0473343015648424,0.0253434957936406,0.0232879991875961,0.7940713620223881,0.5503674690321896,0.4377803024807405,1.645934183217331,1.2231238645371234,1.125830046304634,0.7873084283498614,0.8204662159075881,1.3626304262705566,-0.6028378554095157,-0.8173850836311122,-1.1311000097412078,K562,0.0909878988595539,0.6584574599484371,0.5674695610888831,0.4565674729804431,0.0909878988595539,0.09098789885955394,K562
TAL1,K562,norm_mean,"[[0 1 0 0]
 [0 0 1 0]
 [0 1 0 0]
 ...
 [0 0 1 0]
 [0 1 0 0]
 [0 0 1 0]]",0.1844204008438958,0.0,EH38E3567262,chr4,1870924,1871424,shared,cross_context,139770,-1,MA0140.3,GATA1::TAL1,379,396,8.90517530190141,+,TAL1,ig,0.0471892585457466,0.0487828554527368,0.0548873932494057,0.8887805318657518,False,0.0255443498711375,0.0436437019123695,0.0435794126790844,1.001474990473335,True,0.0320890649934025,0.0420158270886167,0.0372700394969433,1.1273348883548613,True,0.0349408911367622,,,0.8737869748184923,0.6226260279381224,0.7894704891661182,0.0471892585457466,0.0255443498711375,0.0320890649934025,0.7094324101050627,0.5338336871072654,0.9540193856865266,2.483252521889169,1.7140514687119377,1.501061731218148,0.8887805318657518,1.001474990473335,1.1273348883548613,-0.194646492952918,-0.6835622048213409,-0.3410427546874431,K562,0.0843164856523741,0.8737869748184923,0.6226260279381224,0.7894704891661182,0.0843164856523741,0.08431648565237415,K562
TAL1,K562,norm_mean,"[[0 1 0 0]
 [0 1 0 0]
 [0 1 0 0]
 ...
 [1 0 0 0]
 [1 0 0 0]
 [0 1 0 0]]",0.6915102597392848,1.0,EH38E3575924,chr4,18022084,18022584,shared,cross_context,196207,-1,MA0091.2,TAL1::TCF3,497,507,8.820944736117635,+,TAL1,ig,0.0754141919314861,0.079740762290894,0.0711790410301182,1.1202841445182103,True,0.0374885682947933,0.0449845999974058,0.0339433654764434,1.325283633875041,True,0.0351463921891991,0.0507589103598729,0.046786779013928,1.0848983533527483,True,0.0493497174718262,,,1.006452755407249,0.8910863347461492,0.6679433298545041,0.0754141919314861,0.0374885682947933,0.0351463921891991,1.2230367814489216,0.970369857238846,0.5874943100283443,2.173263354634829,2.0440317533287486,1.7260877815513522,1.1202841445182103,1.325283633875041,1.0848983533527483,0.0092794527394865,-0.1663628762505853,-0.5822023870431745,K562,0.1153664206610999,1.006452755407249,0.8910863347461492,0.6679433298545041,0.1153664206610999,0.11536642066109992,K562
TAL1,K562,norm_mean,"[[0 0 1 0]
 [1 0 0 0]
 [0 0 0 1]
 ...
 [0 1 0 0]
 [0 0 1 0]
 [0 1 0 0]]",0.8604243960249215,1.0,EH38E3750681,chr6,170583741,170584241,shared,cross_context,156746,-1,MA0140.3,GATA1::TAL1,37,54,8.731690902006978,+,TAL1,ig,0.1029628949678119,0.0835093122837133,0.0598877851653378,1.394429567045529,True,0.0548686508965842,0.0481765502816415,0.0509694093855796,0.945205004537912,False,0.0403752904933165,0.0524654434857075,0.0430927652597893,1.217499758820686,True,0.0660689454525709,,,1.535082611885491,1.1968901891284942,0.9075604827931284,0.1029628949678119,0.0548686508965842,0.0403752904933165,1.7128046446600238,1.528939091704308,0.9992581213808908,2.820375977308625,2.2225036922900765,2.3576347651203475,1.394429567045529,0.945205004537912,1.217499758820686,0.6183162985876922,0.2592907968727781,-0.1399343010785298,K562,0.3381924227569968,1.535082611885491,1.1968901891284942,0.9075604827931284,0.3381924227569968,0.3381924227569968,K562
TAL1,K562,norm_mean,"[[0 0 1 0]
 [0 1 0 0]
 [0 0 0 1]
 ...
 [0 0 1 0]
 [0 0 1 0]
 [0 1 0 0]]",0.1202715738224942,0.0,EH38E3295507,chr19,17947366,17947866,shared,cross_context,192330,-1,MA0140.3,GATA1::TAL1,1,18,8.698047442671488,+,TAL1,ig,0.0965963640414616,0.0749832629668526,0.0660953095369041,1.1344716008973372,True,0.0468944195822319,0.0531103387544862,0.0489854677621042,1.0842057928354656,True,0.058681008296416,0.0581206981395371,0.0539081100898329,1.078143664492183,True,0.0673905973067032,,,1.497443981738616,0.960504043207824,1.1689875959042124,0.0965963640414616,0.0468944195822319,0.058681008296416,1.255252967604981,0.912915622101055,0.7996978741476481,5.503940643856271,3.114971299840142,3.4972109484466705,1.1344716008973372,1.0842057928354656,1.078143664492183,0.582502034842584,-0.0581364065079721,0.2252596227868387,K562,0.3284563858344036,1.497443981738616,0.960504043207824,1.1689875959042124,0.3284563858344036,0.3284563858344036,K562
TAL1,K562,norm_mean,"[[1 0 0 0]
 [0 0 1 0]
 [0 1 0 0]
 ...
 [1 0 0 0]
 [0 0 1 0]
 [0 0 0 1]]",0.1889753751015258,0.0,EH38E2922287,chr10,103542661,103543161,shared,cross_context,208609,-1,MA0140.3,GATA1::TAL1,201,218,8.676716118710111,+,TAL1,ig,0.1210639767677468,0.0691120347427204,0.0626365924841787,1.103380962595749,True,0.0387169766404172,0.0425047279743012,0.0509634374597179,0.8340237973087951,False,0.0700763993184356,0.0405513010223512,0.0458506496425742,0.8844213221459895,False,0.0766191175755332,,,1.857358366575848,0.8150201547932149,1.6040808602260606,0.1210639767677468,0.0387169766404172,0.0700763993184356,2.006542026957204,0.958198070526786,1.6241805592508711,4.527231059195488,1.5604048427982502,3.813154344015543,1.103380962595749,0.8340237973087951,0.8844213221459895,0.8932522025881438,-0.2950923566438319,0.6817468694421095,K562,0.2532775063497874,1.857358366575848,0.8150201547932149,1.6040808602260606,0.2532775063497874,0.2532775063497874,K562
TAL1,K562,norm_mean,"[[0 0 0 1]
 [1 0 0 0]
 [1 0 0 0]
 ...
 [1 0 0 0]
 [0 0 1 0]
 [0 0 1 0]]",0.1501073456779313,0.0,EH38E2973705,chr11,76444430,76444930,shared,cross_context,67459,-1,MA0091.2,TAL1::TCF3,78,88,8.668949577491123,+,TAL1,ig,0.1446700423955917,0.0698777850862825,0.0577684932464035,1.209617372086456,True,0.0665752226486802,0.0498109798994846,0.0512178265611873,0.972531899897372,False,0.0485338097438216,0.051154078701511,0.0390746673068497,1.30913630584337,True,0.0865930249293645,,,2.336746227946433,1.3413524931423402,1.0303570990848787,0.1446700423955917,0.0665752226486802,0.0485338097438216,2.3940771550640685,1.8367715632392776,0.8247457610537235,4.202758194685228,2.438100633656193,2.499550317512872,1.209617372086456,0.972531899897372,1.30913630584337,1.2245010656912054,0.423688413025685,0.0431444318112485,K562,0.9953937348040928,2.336746227946433,1.3413524931423402,1.0303570990848787,0.9953937348040928,0.9953937348040929,K562
TAL1,K562,norm_mean,"[[0 1 0 0]
 [0 0 0 1]
 [0 0 1 0]
 ...
 [0 0 0 1]
 [0 0 1 0]
 [0 0 1 0]]",0.8399226226512344,1.0,EH38E2966375,chr11,67240164,67240664,shared,cross_context,66366,-1,MA0140.3,GATA1::TAL1,106,123,8.637318281957384,+,TAL1,ig,0.0851451647741829,0.0826897248451132,0.0558425804445624,1.4807644879440751,True,0.0536595088128438,0.0483698831015499,0.0389312773586085,1.2424424257024809,True,0.0384862880934687,0.0440791978721972,0.0488099874487956,0.9030772418793662,False,0.0590969872268318,,,1.2684485333274995,1.2477961099871808,0.8350071629376229,0.0851451647741829,0.0536595088128438,0.0384862880934687,1.7035647039957666,1.0897469514810807,0.8301261958469041,2.5772540162888453,2.8415431509901845,2.9462594941696647,1.4807644879440751,1.2424424257024809,0.9030772418793662,0.343064985088288,0.3193822180957525,-0.2601395196564264,K562,0.0206524233403189,1.2684485333274995,1.2477961099871808,0.8350071629376229,0.0206524233403189,0.020652423340318693,K562
TAL1,K562,norm_mean,"[[1 0 0 0]
 [0 0 1 0]
 [1 0 0 0]
 ...
 [0 1 0 0]
 [0 0 0 1]
 [0 1 0 0]]",0.0379516497306145,0.0,EH38E3151422,chr15,84633321,84633821,shared,cross_context,85505,-1,MA0140.3,GATA1::TAL1,5,22,8.539122808660794,+,TAL1,ig,0.0825314425918109,0.0645357165572932,0.0548594673548359,1.1763822710134566,True,0.0659587004988947,0.0530000553629361,0.0567989344499073,0.9331169069467192,False,0.0598453012678553,0.0513364414765965,0.0411914029734907,1.2462898883715086,True,0.0694451481195203,,,1.4644928139793871,1.3104088228776882,1.368144244831552,0.0825314425918109,0.0659587004988947,0.0598453012678553,1.2614118884218872,1.187352869037385,1.584925152025169,5.507200690063348,3.3981514525076006,4.184285782520264,1.1763822710134566,0.9331169069467192,1.2462898883715086,0.5504011151571673,0.3900169767754128,0.4522203440945315,K562,0.0963485691478351,1.4644928139793871,1.3104088228776882,1.368144244831552,0.0963485691478351,0.09634856914783518,K562
TAL1,K562,norm_mean,"[[1 0 0 0]
 [0 0 1 0]
 [1 0 0 0]
 ...
 [0 0 1 0]
 [0 0 1 0]
 [0 0 1 0]]",0.0379516497306145,0.0,EH38E3151421,chr15,84633054,84633554,shared,cross_context,30574,-1,MA0140.3,GATA1::TAL1,272,289,8.539122808660794,+,TAL1,ig,0.0624203271889949,0.0555495635658735,0.0553186203088933,1.00417460186,True,0.0355692052364568,0.0450398801662959,0.0490379379065976,0.9184699215408282,False,0.0415826963041635,0.0442062122223433,0.047425504726095,0.9321187651342367,False,0.0465240762432051,,,1.1265411009694808,0.7492008160382858,0.9006828234485881,0.0624203271889949,0.0355692052364568,0.0415826963041635,0.9663769601751232,0.4922529210992737,0.9850695952562952,4.435544698767683,3.069129644584596,2.8582591674317284,1.00417460186,0.9184699215408282,0.9321187651342367,0.171899951412478,-0.4165756219796016,-0.150908944625926,K562,0.2258582775208927,1.1265411009694808,0.7492008160382858,0.9006828234485881,0.2258582775208927,0.22585827752089271,K562
TAL1,K562,norm_mean,"[[0 1 0 0]
 [0 0 1 0]
 [0 0 1 0]
 ...
 [0 0 0 1]
 [1 0 0 0]
 [0 0 1 0]]",0.1545382696207141,0.0,EH38E3789766,chr7,101245255,101245755,shared,cross_context,160586,-1,MA0140.3,GATA1::TAL1,438,455,8.46425019384837,+,TAL1,ig,0.0478079706868704,0.0549674723448697,0.0725224531663116,0.7579371955254195,False,0.0225162017570041,0.0351542898919433,0.0596479337161872,0.5893629805448459,False,0.0272558329709093,0.0450750649359542,0.0585524230560986,0.7698239438277179,False,0.0325266684715946,,,0.7577291377674934,0.4638195969450905,0.4682805073279307,0.0478079706868704,0.0225162017570041,0.0272558329709093,0.9614985837759388,0.3935560127638327,0.5301297874642416,1.795818885726077,1.739048854573085,1.0996841628400729,0.7579371955254195,0.5893629805448459,0.7698239438277179,-0.4002458665329558,-1.108364314875735,-1.0945551062287069,K562,0.2894486304395627,0.7577291377674934,0.4638195969450905,0.4682805073279307,0.2894486304395627,0.2894486304395627,K562
TAL1,K562,norm_mean,"[[0 1 0 0]
 [1 0 0 0]
 [0 0 1 0]
 ...
 [0 1 0 0]
 [0 0 0 1]
 [0 1 0 0]]",0.6652735873476414,1.0,EH38E3475160,chr22,29882876,29883376,shared,cross_context,129958,-1,MA0091.2,TAL1::TCF3,178,188,8.439743912280484,+,TAL1,ig,0.0576193758286535,0.0476707908333628,0.068230729795706,0.6986702910755028,False,0.0374404242029413,0.0438063086767215,0.0628828115678185,0.6966339547832927,False,0.0405748533084988,0.0525613047892693,0.0641278208908254,0.8196332865016505,False,0.0452115511133645,,,0.9058681619178088,0.6805542543844973,0.704468814946656,0.0576193758286535,0.0374404242029413,0.0405748533084988,1.265060182971696,0.7416658438797884,1.026601693051292,1.602427682391723,1.539875328783931,1.252159249301365,0.6986702910755028,0.6966339547832927,0.8196332865016505,-0.142626994444334,-0.5552179135343153,-0.5053922493529388,K562,0.2013993469711527,0.9058681619178088,0.6805542543844973,0.704468814946656,0.2013993469711527,0.2013993469711528,K562
TAL1,K562,norm_mean,"[[0 0 1 0]
 [0 0 1 0]
 [1 0 0 0]
 ...
 [0 0 1 0]
 [0 0 1 0]
 [0 0 0 1]]",0.0063745321058994,0.0,EH38E3867766,chr8,142739573,142740073,shared,cross_context,167649,-1,MA0091.2,TAL1::TCF3,440,450,8.4059125267162,+,TAL1,ig,0.0751547276042401,0.070446090294281,0.0741079473122954,0.950587397752942,False,0.05209456468001,0.04141212281771,0.0702933062781812,0.5891331496414858,False,0.0419984345324337,0.0450862445236998,0.0478395080222981,0.9424477166071168,False,0.0564159089388946,,,1.027035906796434,0.9475840017108682,0.9198580058170652,0.0751547276042401,0.05209456468001,0.0419984345324337,1.2844359932282328,1.274704492616184,0.9084570269690248,2.194391900302718,1.836834212375514,2.175696230907457,0.950587397752942,0.5891331496414858,0.9424477166071168,0.0384866228384198,-0.0776742519492675,-0.1205169170557824,K562,0.0794519050855658,1.027035906796434,0.9475840017108682,0.9198580058170652,0.0794519050855658,0.07945190508556588,K562
TAL1,K562,norm_mean,"[[1 0 0 0]
 [1 0 0 0]
 [1 0 0 0]
 ...
 [0 1 0 0]
 [1 0 0 0]
 [0 1 0 0]]",0.6766077406690325,1.0,EH38E3469079,chr22,21002514,21003014,shared,cross_context,129140,-1,MA0140.3,GATA1::TAL1,54,71,8.390832652851834,+,TAL1,ig,0.0454562066451591,0.0564240197394974,0.066822915073717,0.8443811712410404,False,0.0183924518196898,0.0390054593293461,0.0408833578512712,0.9540666872465916,False,0.0225893885499852,0.0560520853410707,0.0526755466678878,1.0641004839203028,True,0.028812682338278,,,0.7758924981876264,0.4592538967024956,0.4306999507305875,0.0454562066451591,0.0183924518196898,0.0225893885499852,0.98802695469432,0.338644381533101,0.5127479158225677,1.4037949074221707,1.3858732969745724,1.3509190789084675,0.8443811712410404,0.9540666872465916,1.0641004839203028,-0.3660713157126123,-1.1226361292998956,-1.2152449329933257,K562,0.3166386014851308,0.7758924981876264,0.4592538967024956,0.4306999507305875,0.3166386014851308,0.3166386014851308,K562
TAL1,K562,norm_mean,"[[0 1 0 0]
 [0 0 0 1]
 [0 1 0 0]
 ...
 [0 1 0 0]
 [0 0 1 0]
 [0 1 0 0]]",0.1695957170713862,0.0,EH38E1543889,chr11,64230923,64231423,shared,cross_context,7139,-1,MA0140.3,GATA1::TAL1,486,503,8.388065550351866,+,TAL1,ig,0.1255634016193011,0.059384409970371,0.073971151469741,0.8028048876137103,False,0.0716371207552797,0.0429393216830794,0.0486106873792596,0.8833307069854975,False,0.0542171226595254,0.0411814495496219,0.0508775589021388,0.809422510514072,False,0.0838058816780354,,,1.6449029655564995,1.4288005532325478,1.0724206523771926,0.1255634016193011,0.0716371207552797,0.0542171226595254,1.402815028924944,1.7968589170008429,1.2347868623690763,3.179775748946968,3.096925359992824,2.1759435498400377,0.8028048876137103,0.8833307069854975,0.809422510514072,0.7180024813485542,0.5148045451941092,0.1008709090637824,K562,0.2161024123239519,1.6449029655564995,1.4288005532325478,1.0724206523771926,0.2161024123239519,0.21610241232395166,K562
TAL1,K562,norm_mean,"[[0 0 1 0]
 [1 0 0 0]
 [0 0 1 0]
 ...
 [1 0 0 0]
 [0 0 1 0]
 [0 0 0 1]]",0.0806769509606901,0.0,EH38E3619017,chr4,184475003,184475503,shared,cross_context,143446,-1,MA0091.2,TAL1::TCF3,218,228,8.369352317296393,+,TAL1,ig,0.056596282729879,0.0582450306473765,0.0625159164192155,0.9316830763540248,False,0.0410921773931477,0.0427427955286111,0.0459682129436166,0.9298335413365508,False,0.0329468909185379,0.0538983341900166,0.044732649617706,1.2048989407435684,True,0.0435451170138549,,,0.9301316926483584,0.919117744460346,0.6819467684352528,0.056596282729879,0.0410921773931477,0.0329468909185379,0.970519680728111,1.1244012426210193,0.479129311699614,2.5905985751190297,2.078240985425558,2.000795457882602,0.9316830763540248,0.9298335413365508,1.2048989407435684,-0.1044930987499868,-0.1216784021320942,-0.5522689633635889,K562,0.0110139481880126,0.9301316926483584,0.919117744460346,0.6819467684352528,0.0110139481880126,0.011013948188012379,K562
TAL1,K562,norm_mean,"[[0 1 0 0]
 [0 1 0 0]
 [1 0 0 0]
 ...
 [0 0 1 0]
 [0 0 0 1]
 [0 1 0 0]]",0.7162335369984798,1.0,EH38E3281828,chr19,2050746,2051246,shared,cross_context,104217,-1,MA0091.2,TAL1::TCF3,106,116,8.29359117146305,+,TAL1,ig,0.0591888640075922,0.0642086793005,0.0591310048564138,1.0858714239289848,True,0.0222087088681291,0.0338144104796811,0.0411846621347683,0.8210435758485676,False,0.0287502924446016,0.0506469072477193,0.065684214148282,0.7710665369721664,False,0.0367159551067743,,,0.9405531508599092,0.5945270793847078,0.5087289698687911,0.0591888640075922,0.0222087088681291,0.0287502924446016,1.1571939155470343,0.8084617781157026,0.4662382198419318,1.4676898518283965,1.8897217589355968,1.208542243907575,1.0858714239289848,0.8210435758485676,0.7710665369721664,-0.0884186202957578,-0.7501855694464061,-0.9750308403985976,K562,0.3460260714752015,0.9405531508599092,0.5945270793847078,0.5087289698687911,0.3460260714752015,0.34602607147520137,K562
TAL1,K562,norm_mean,"[[1 0 0 0]
 [1 0 0 0]
 [0 1 0 0]
 ...
 [0 1 0 0]
 [1 0 0 0]
 [0 1 0 0]]",0.1693768450214816,0.0,EH38E3921482,chr9,137459545,137460045,shared,cross_context,63928,-1,MA0091.2,TAL1::TCF3,50,60,8.29359117146305,+,TAL1,ig,0.085565555980429,0.0664573139639105,0.0629036746761994,1.056493181695216,True,0.0479839515872299,0.051102612260729,0.0412752087874105,1.2380942793770493,True,0.051075579971075,0.0532549994520377,0.0454651335001108,1.17133688254845,True,0.0615416958462447,,,1.370195932671896,1.0921026309529152,1.055068735673708,0.085565555980429,0.0479839515872299,0.051075579971075,1.5118470441408254,1.2332845630579876,1.2301733228539655,3.1454568636064297,1.840337344891417,2.1903975753687828,1.056493181695216,1.2380942793770493,1.17133688254845,0.4543822087516313,0.1271084420195793,0.0773369921342907,K562,0.2780933017189808,1.370195932671896,1.0921026309529152,1.055068735673708,0.2780933017189808,0.27809330171898083,K562
TAL1,K562,norm_mean,"[[0 0 1 0]
 [0 1 0 0]
 [0 0 0 1]
 ...
 [0 0 0 1]
 [0 0 0 1]
 [0 0 0 1]]",0.0506373242099865,0.0,EH38E3896715,chr9,97985485,97985985,shared,cross_context,49305,-1,MA0140.3,GATA1::TAL1,404,421,8.277806988329095,+,TAL1,ig,0.0408290155396303,0.0501385716791264,0.0650519087631255,0.770747006889939,False,0.0289818998700117,0.0363533001451287,0.0506470068183261,0.7177777177978745,False,0.0216484153232372,0.0412122603092575,0.0594917963357875,0.692738426475818,False,0.0304864435776264,,,0.6230024077267418,0.5224044799350995,0.3823975225828965,0.0408290155396303,0.0289818998700117,0.0216484153232372,0.6427546181771989,0.6537060247222821,0.2828426437735267,1.3714205529844103,1.5043218311846676,1.1897567333715005,0.770747006889939,0.7177777177978745,0.692738426475818,-0.6826903537064523,-0.9367608232037818,-1.3868549144720554,K562,0.1005979277916422,0.6230024077267418,0.5224044799350995,0.3823975225828965,0.1005979277916422,0.10059792779164223,K562
TAL1,K562,norm_mean,"[[0 0 1 0]
 [1 0 0 0]
 [1 0 0 0]
 ...
 [1 0 0 0]
 [0 0 1 0]
 [0 1 0 0]]",0.057277083884718,0.0,EH38E3789844,chr7,101386772,101387272,shared,cross_context,160616,-1,MA0091.2,TAL1::TCF3,143,153,8.215831205239649,+,TAL1,ig,0.0644602155312895,0.0627831745275761,0.0653374478781423,0.9609062942832888,False,0.0224513289052993,0.0523769976280164,0.0428739728064805,1.221649919122965,True,0.0374509814195334,0.0579975505493348,0.0491529463923202,1.1799402275301705,True,0.0414541752853741,,,1.0242902860840066,0.5044090373989715,0.6836248220984791,0.0644602155312895,0.0224513289052993,0.0374509814195334,0.8999033502061349,0.4249946870273357,0.6686234351237903,2.4528219184973867,1.372053681115513,1.8032813870785915,0.9609062942832888,1.221649919122965,1.1799402275301705,0.034624637590755,-0.9873339676420352,-0.5487233112277867,K562,0.3406654639855275,1.0242902860840066,0.5044090373989715,0.6836248220984791,0.3406654639855275,0.34066546398552755,K562
TAL1,K562,norm_mean,"[[0 1 0 0]
 [1 0 0 0]
 [0 0 1 0]
 ...
 [0 0 0 1]
 [0 0 1 0]
 [0 0 0 1]]",0.6576786743747549,1.0,EH38E3851476,chr8,109540084,109540584,shared,cross_context,166015,-1,MA0091.2,TAL1::TCF3,19,29,8.215831205239649,+,TAL1,ig,0.2227312490344047,0.0816036471910774,0.0812553953169845,1.0042857687157485,True,0.0596442317590117,0.0417020686686737,0.0542045271256938,0.7693464584333893,False,0.0538836389780044,0.0500836648789118,0.0612218214283348,0.818068713568931,False,0.1120863732571403,,,2.955809292029871,1.338691499029003,1.0888598052633645,0.2227312490344047,0.0596442317590117,0.0538836389780044,3.5846741807978035,1.580045424297389,1.0383235091898868,4.202920973945483,3.058820972021348,3.4811738826874628,1.0042857687157485,0.7693464584333893,0.818068713568931,1.5635531907034317,0.4208235314931157,0.1228182150019153,K562,1.6171177930008678,2.955809292029871,1.338691499029003,1.0888598052633645,1.6171177930008678,1.6171177930008678,K562
TAL1,K562,norm_mean,"[[0 0 0 1]
 [0 0 0 1]
 [0 1 0 0]
 ...
 [0 1 0 0]
 [1 0 0 0]
 [0 0 1 0]]",0.0046673058847465,0.0,EH38E2335482,chr4,151016391,151016891,shared,cross_context,31185,-1,MA0091.2,TAL1::TCF3,21,31,8.215831205239649,+,TAL1,ig,0.0688318695873022,0.0682967337151058,0.051221143771545,1.3333696858864357,True,0.0439698979724198,0.043172364513739,0.0440195159870199,0.9807548706105836,False,0.0492918556090444,0.0481653386971447,0.0497464353893883,0.9682166900596104,False,0.0540312077229221,,,1.1454684795029393,0.9964926509697136,1.0369392434847806,0.0688318695873022,0.0439698979724198,0.0492918556090444,1.2148457750314436,1.227465496645554,1.0109533605027052,1.98546038130078,1.8304047579080016,2.407938044991002,1.3333696858864357,0.9807548706105836,0.9682166900596104,0.1959377610016204,-0.0050689280628077,0.0523313673929207,K562,0.1085292360181586,1.1454684795029393,0.9964926509697136,1.0369392434847806,0.1085292360181586,0.10852923601815867,K562
TAL1,K562,norm_mean,"[[0 0 0 1]
 [0 0 1 0]
 [0 1 0 0]
 ...
 [1 0 0 0]
 [0 0 0 1]
 [0 1 0 0]]",0.057277083884718,0.0,EH38E3789843,chr7,101386464,101386964,shared,cross_context,46334,-1,MA0091.2,TAL1::TCF3,451,461,8.215831205239649,+,TAL1,ig,0.0559125831816345,0.057533068357734,0.0782007805304601,0.7357095493212971,False,0.0266534726368263,0.0426189143897499,0.0705958488985197,0.6037027533160818,False,0.0316010128706693,0.0498993369331583,0.0557614755909889,0.8948710100582763,False,0.0380556895630434,,,0.8092945185813386,0.4829995293753085,0.6104064631841569,0.0559125831816345,0.0266534726368263,0.0316010128706693,1.1144939896969868,0.492914276725233,0.8619527232851408,1.3185492131781815,1.3704237780988764,1.509514151762068,0.7357095493212971,0.6037027533160818,0.8948710100582763,-0.3052632690990929,-1.049906308570709,-0.7121578545415144,K562,0.1988880553971816,0.8092945185813386,0.4829995293753085,0.6104064631841569,0.1988880553971816,0.19888805539718168,K562
TAL1,K562,norm_mean,"[[0 1 0 0]
 [0 1 0 0]
 [0 0 0 1]
 ...
 [1 0 0 0]
 [0 0 1 0]
 [0 1 0 0]]",0.6768972943252118,1.0,EH38E3870196,chr8,144444788,144445288,shared,cross_context,168307,-1,MA0091.2,TAL1::TCF3,390,400,8.198756380527934,+,TAL1,ig,0.068600041186437,0.0643407016055425,0.0568216718113144,1.132326597076029,True,0.0557125225663185,0.0454271762527059,0.0464576160098524,0.9778195778465312,False,0.0382855204399675,0.0440974980685859,0.045757267066741,0.9637264473641176,False,0.0541993613975743,,,1.2089968070382733,1.1906180794623629,0.8949480625212237,0.068600041186437,0.0557125225663185,0.0382855204399675,1.5724797595181712,1.3268656701328168,1.001598154587635,2.261146400515622,2.3186285624280183,2.3230376693060517,1.132326597076029,0.9778195778465312,0.9637264473641176,0.2738104356263808,0.251710708092244,-0.1601241339344803,K562,0.0183787275759104,1.2089968070382733,1.1906180794623629,0.8949480625212237,0.0183787275759104,0.018378727575910414,K562
TAL1,K562,norm_mean,"[[0 1 0 0]
 [1 0 0 0]
 [0 0 1 0]
 ...
 [0 1 0 0]
 [0 1 0 0]
 [1 0 0 0]]",0.0735556717427915,0.0,EH38E2836958,chr1,150567843,150568343,shared,cross_context,52189,-1,MA0091.2,TAL1::TCF3,6,16,8.198756380527934,+,TAL1,ig,0.1687679335474968,0.0817950416239909,0.0688547391735483,1.1879360916387438,True,0.0387034468818455,0.0537358925526496,0.0439029899082379,1.2239685822145066,True,0.0381939045619219,0.048995617297478,0.0459888661737204,1.0653797477546476,True,0.0818884283304214,,,2.3313995860918686,0.8541459126739559,0.8679279857645448,0.1687679335474968,0.0387034468818455,0.0381939045619219,2.859815415170402,0.8795107716961589,0.8390553304570653,3.595446517148672,2.6393651141754595,2.925970083829164,1.1879360916387438,1.2239685822145066,1.0653797477546476,1.221196294432594,-0.2274455485167975,-0.2043527497379212,K562,1.4634716003273238,2.3313995860918686,0.8541459126739559,0.8679279857645448,1.4634716003273238,1.4634716003273238,K562
TAL1,K562,norm_mean,"[[0 0 1 0]
 [0 1 0 0]
 [0 1 0 0]
 ...
 [0 0 0 1]
 [0 1 0 0]
 [1 0 0 0]]",0.1424708305659538,0.0,EH38E3053380,chr12,132619589,132620089,shared,cross_context,75739,-1,MA0091.2,TAL1::TCF3,213,223,8.198756380527934,+,TAL1,ig,0.0529112584888935,0.0667270206531975,0.0696190851677107,0.9584586023770306,False,0.0221792256459593,0.0399593240808462,0.0600627034436911,0.6652933540591399,False,0.0282549625262618,0.0545484525995561,0.0587080389411242,0.9291477673574278,False,0.0344484822203715,,,0.7725469891638574,0.4248094567668137,0.4949785973049989,0.0529112584888935,0.0221792256459593,0.0282549625262618,1.2332390282150396,0.5248669192738235,0.6887814344732479,1.289723309469357,1.2200755026918555,0.8858311511270518,0.9584586023770306,0.6652933540591399,0.9291477673574278,-0.3723054072883599,-1.2351122088738515,-1.0145619470420646,K562,0.2775683918588585,0.7725469891638574,0.4248094567668137,0.4949785973049989,0.2775683918588585,0.27756839185885857,K562
TAL1,K562,norm_mean,"[[0 1 0 0]
 [0 0 0 1]
 [0 0 0 1]
 ...
 [0 1 0 0]
 [0 0 0 1]
 [0 0 0 1]]",0.0193263795721868,0.0,EH38E2172866,chr22,50190831,50191331,shared,cross_context,27151,-1,MA0140.3,GATA1::TAL1,257,274,8.192999515388735,+,TAL1,ig,0.0970017047708525,0.0930326457344926,0.0766788924886033,1.2132756562122158,True,0.0622353704427095,0.0637592306907754,0.0471086314896521,1.3534508462694836,True,0.0624811965424348,0.0558301093446789,0.0693030585363232,0.8055936125745593,False,0.0739060905853322,,,1.1677515071562454,1.1608310548066432,0.9756560486395608,0.0970017047708525,0.0622353704427095,0.0624811965424348,0.9639205998489146,1.496814098288719,1.185728345270566,3.4764988223961555,2.0964809550875816,1.857822885651793,1.2132756562122158,1.3534508462694836,0.8055936125745593,0.2237333083863452,0.215158021570109,-0.0355554542047911,K562,0.0069204523496022,1.1677515071562454,1.1608310548066432,0.9756560486395608,0.0069204523496022,0.006920452349602257,K562
TAL1,K562,norm_mean,"[[0 0 1 0]
 [1 0 0 0]
 [1 0 0 0]
 ...
 [0 1 0 0]
 [0 1 0 0]
 [1 0 0 0]]",0.698389690395679,1.0,EH38E3176448,chr16,29973011,29973511,shared,cross_context,30632,-1,MA0091.2,TAL1::TCF3,209,219,8.176706861505561,+,TAL1,ig,0.0833663640543818,0.0603791350731626,0.0640970653069253,0.9419951656770676,False,0.0319181649945676,0.0494988001335877,0.0634316320576591,0.7803487112724206,False,0.053505171649158,0.0394222102948697,0.0489857745504615,0.8047683763084339,False,0.0562632335660358,,,1.3307797642876555,0.5504164440107758,1.182434542784372,0.0833663640543818,0.0319181649945676,0.053505171649158,1.6642815086577267,0.6184842005004423,1.3971056603160144,2.447664157440864,1.1666603034026726,2.6114651271388643,0.9419951656770676,0.7803487112724206,0.8047683763084339,0.4122718350987531,-0.8614045202305864,0.241760322278062,K562,0.1483452215032834,1.3307797642876555,0.5504164440107758,1.182434542784372,0.1483452215032834,0.14834522150328344,K562
TAL1,K562,norm_mean,"[[0 0 0 1]
 [1 0 0 0]
 [0 0 0 1]
 ...
 [0 0 0 1]
 [0 0 1 0]
 [1 0 0 0]]",0.0547759418344593,0.0,EH38E2869576,chr1,225880960,225881460,shared,cross_context,55588,-1,MA0091.2,TAL1::TCF3,394,404,8.176706861505561,+,TAL1,ig,0.0701837331056594,0.0620750272431178,0.0678584251384482,0.9147724541019722,False,0.0470230991020798,0.044180654095835,0.0509913030803037,0.8664349165956383,False,0.0391258276067674,0.0495758581330301,0.0405628210236427,1.2221991631731508,True,0.0521108866048355,,,1.0681566730368386,0.978362387632423,0.856851629086621,0.0701837331056594,0.0470230991020798,0.0391258276067674,1.0809677270493478,0.984370716812464,0.9209193325275652,2.1880917746753967,2.6555019705358083,1.935557551804957,0.9147724541019722,0.8664349165956383,1.2221991631731508,0.0951232727541746,-0.0315591517502598,-0.2228826817625791,K562,0.0897942854044155,1.0681566730368386,0.978362387632423,0.856851629086621,0.0897942854044155,0.08979428540441559,K562
TAL1,K562,norm_mean,"[[1 0 0 0]
 [0 0 1 0]
 [1 0 0 0]
 ...
 [0 1 0 0]
 [0 0 1 0]
 [1 0 0 0]]",0.8852895154691596,1.0,EH38E3808476,chr7,151085638,151086138,shared,cross_context,23546,-1,MA0140.3,GATA1::TAL1,416,433,8.172206262761218,+,TAL1,ig,0.0634214162881321,0.0510042642778717,0.0615900528151541,0.8281248946107932,False,0.0270153220523806,0.0464604968571802,0.0641519011755008,0.724226231235387,False,0.0303788813762366,0.0363503040978685,0.0502862266078591,0.7228678570904904,False,0.0402718732389164,,,1.0358713037920944,0.4674266856256636,0.70839342717526,0.0634214162881321,0.0270153220523806,0.0303788813762366,1.3294839658889044,0.5020952234226905,0.8457424971565078,2.837099321136669,1.0388408724951863,1.5252708270456727,0.8281248946107932,0.724226231235387,0.7228678570904904,0.0508447757355509,-1.097187991140116,-0.4973772667373157,K562,0.3274778766168343,1.0358713037920944,0.4674266856256636,0.70839342717526,0.3274778766168343,0.32747787661683436,K562
TAL1,K562,norm_mean,"[[0 0 1 0]
 [0 1 0 0]
 [0 0 1 0]
 ...
 [0 0 1 0]
 [0 1 0 0]
 [1 0 0 0]]",0.1353176538273795,0.0,EH38E1579845,chr11,126355889,126356389,shared,cross_context,1288,-1,MA0091.2,TAL1::TCF3,152,162,8.145334665377552,+,TAL1,ig,0.0842744026333093,0.0595538269355893,0.0830462447055959,0.7171163485543238,False,0.0345968603156507,0.040231200553535,0.0481597340198284,0.8353699001591647,False,0.0431995801627635,0.0571111356123583,0.0623362550796426,0.916178335987751,False,0.0540236143705745,,,1.1535682023258595,0.762026212081029,0.741526753155142,0.0842744026333093,0.0345968603156507,0.0431995801627635,1.6915807721326666,0.5754700467497916,0.8943031267858096,2.082221861229049,2.008239695962371,2.3026817442882037,0.7171163485543238,0.8353699001591647,0.916178335987751,0.2061033041432558,-0.3920874687808985,-0.4314293490845542,K562,0.3915419902448305,1.1535682023258595,0.762026212081029,0.741526753155142,0.3915419902448305,0.3915419902448305,K562
TAL1,K562,norm_mean,"[[1 0 0 0]
 [0 0 1 0]
 [0 1 0 0]
 ...
 [0 0 1 0]
 [0 1 0 0]
 [0 0 0 1]]",0.8129499836237674,1.0,EH38E3350533,chr2,69914208,69914708,shared,cross_context,116793,-1,MA0140.3,GATA1::TAL1,383,400,8.139006290545256,+,TAL1,ig,0.1166474325034548,0.0660021543328184,0.0483495727190916,1.3651028741300058,True,0.0674567056052825,0.0614876687142532,0.0315817499410032,1.9469361058128545,True,0.0780823072966407,0.054668463069247,0.0582624906400109,0.9383130224195068,False,0.0873954818017926,,,1.9413365823432984,1.3213681958788392,1.285080275014469,0.1166474325034548,0.0674567056052825,0.0780823072966407,2.485322770531648,1.79073462503085,1.193198620704282,3.860740500167949,2.742902804198306,3.2203401852358198,1.3651028741300058,1.9469361058128545,0.9383130224195068,0.9570502700469096,0.402032526990431,0.3618584840810913,K562,0.619968386464459,1.9413365823432984,1.3213681958788392,1.285080275014469,0.619968386464459,0.6199683864644592,K562
TAL1,K562,norm_mean,"[[0 0 1 0]
 [0 0 0 1]
 [0 1 0 0]
 ...
 [1 0 0 0]
 [0 0 1 0]
 [1 0 0 0]]",0.8601111105642425,1.0,EH38E3665596,chr5,140564119,140564619,shared,cross_context,42476,-1,MA0091.2,TAL1::TCF3,241,251,8.128364785543843,+,TAL1,ig,0.0859129127115011,0.0796770922734867,0.060852769621609,1.3093418701484112,True,0.0178571857744827,0.0430822270910721,0.0414023741387399,1.0405735801760354,True,0.0586107030510902,0.0618717929092235,0.0417593101238031,1.4816283580717613,True,0.0541269338456913,,,1.2596089301693567,0.4245790376691093,1.181292322957175,0.0859129127115011,0.0178571857744827,0.0586107030510902,1.4278998351334773,0.379451199458607,1.3415776652693352,2.542046750906977,1.367736722520281,2.285528680083976,1.3093418701484112,1.0405735801760354,1.4816283580717613,0.332975891950886,-1.2358949472771463,0.240366019889697,K562,0.0783166072121817,1.2596089301693567,0.4245790376691093,1.181292322957175,0.0783166072121817,0.0783166072121817,K562
TAL1,K562,norm_mean,"[[0 1 0 0]
 [0 0 0 1]
 [1 0 0 0]
 ...
 [0 1 0 0]
 [0 0 0 1]
 [0 1 0 0]]",0.0318943862076388,0.0,EH38E3295394,chr19,17829712,17830212,shared,cross_context,15848,-1,MA0091.2,TAL1::TCF3,329,339,8.128364785543843,+,TAL1,ig,0.0602403604425489,0.0557191711250925,0.0500397200243071,1.113498635944409,True,0.0276020950637757,0.0402951853349804,0.0446453672899067,0.9025612007559466,False,0.0284176429966464,0.0462526616165996,0.048037860687008,0.9628374645903862,False,0.038753366167657,,,1.148351998922176,0.6416733526266194,0.5553386886511089,0.0602403604425489,0.0276020950637757,0.0284176429966464,1.2809675079279392,0.8604388296383182,0.348913645356722,2.87974364354013,1.1524069562503043,2.103878945841652,1.113498635944409,0.9025612007559466,0.9628374645903862,0.1995649335665607,-0.6400890203260411,-0.8485601849591862,K562,0.5066786462955566,1.148351998922176,0.6416733526266194,0.5553386886511089,0.5066786462955566,0.5066786462955566,K562
TAL1,K562,norm_mean,"[[0 0 1 0]
 [0 1 0 0]
 [0 1 0 0]
 ...
 [0 0 1 0]
 [1 0 0 0]
 [0 0 0 1]]",0.1303774825905125,0.0,EH38E3538465,chr3,128488604,128489104,shared,cross_context,218062,-1,MA0091.2,TAL1::TCF3,55,65,8.128364785543843,+,TAL1,ig,0.1047700303606689,0.0654721266403794,0.0718145204521715,0.9116835580228968,False,0.0350202598143368,0.0559744742047041,0.0437910771052702,1.2782161372277892,True,0.0378440828993916,0.0528180367208551,0.0444448738609207,1.188394076720643,True,0.0592114576914658,,,1.5971208257323255,0.7482220202890969,0.8363782023552442,0.1047700303606689,0.0350202598143368,0.0378440828993916,2.5843373070042053,0.9500217631397498,0.8700158995854965,2.583940848679283,1.427675242801984,1.931641064627744,0.9116835580228968,1.2782161372277892,1.188394076720643,0.6754734608603612,-0.418461667708794,-0.257772630187328,K562,0.7607426233770813,1.5971208257323255,0.7482220202890969,0.8363782023552442,0.7607426233770813,0.7607426233770813,K562
TAL1,K562,norm_mean,"[[0 1 0 0]
 [0 1 0 0]
 [0 0 0 1]
 ...
 [0 1 0 0]
 [1 0 0 0]
 [0 0 0 1]]",0.0941676274707559,0.0,EH38E2392233,chr5,95178271,95178771,shared,cross_context,182759,-1,MA0140.3,GATA1::TAL1,24,41,8.097541734623258,+,TAL1,ig,0.0478676325805923,0.0494059294427279,0.0555541029572486,0.889329822991647,False,0.0437917031813412,0.0586680174444336,0.0603953019494656,0.97140018903326,False,0.0290192925809499,0.0476898015523329,0.0469353266301914,1.0160745607959742,True,0.0402262094476278,,,0.9205321488195986,0.8003941174524871,0.6378663371816091,0.0478676325805923,0.0437917031813412,0.0290192925809499,0.8177322207033415,0.918429373908772,0.6612944941239676,2.180657915525161,2.089987358348491,1.716615184505122,0.889329822991647,0.97140018903326,1.0160745607959742,-0.1194599859408253,-0.3212175289812967,-0.6486739490238262,K562,0.1201380313671114,0.9205321488195986,0.8003941174524871,0.6378663371816091,0.1201380313671114,0.12013803136711143,K562
TAL1,K562,norm_mean,"[[1 0 0 0]
 [1 0 0 0]
 [0 1 0 0]
 ...
 [0 1 0 0]
 [0 1 0 0]
 [0 1 0 0]]",0.8640006029533639,1.0,EH38E3294918,chr19,17305408,17305908,shared,cross_context,192289,-1,MA0091.2,TAL1::TCF3,136,146,8.091856813663297,+,TAL1,ig,0.0659062622115016,0.0547082277422305,0.0605387173692552,0.9036897556259864,False,0.0298172072507441,0.0366537846985738,0.032648994452832,1.1226616343394942,True,0.0288354765158146,0.0323474009661003,0.0412299519895548,0.784560533291183,False,0.0415196486593534,,,1.1450344368101402,0.885735188569258,0.7669040332826836,0.0659062622115016,0.0298172072507441,0.0288354765158146,1.4075367139870836,0.9730715431401896,0.9377322834465432,2.802994734452717,1.8791913663000528,1.5594107638607817,0.9036897556259864,1.1226616343394942,0.784560533291183,0.1953909891613191,-0.1750526577316063,-0.3828820359680934,K562,0.2592992482408821,1.1450344368101402,0.885735188569258,0.7669040332826836,0.2592992482408821,0.25929924824088213,K562
TAL1,K562,norm_mean,"[[0 0 1 0]
 [1 0 0 0]
 [0 1 0 0]
 ...
 [0 0 1 0]
 [0 1 0 0]
 [1 0 0 0]]",0.1541360170426378,0.0,EH38E3280949,chr19,1455407,1455907,shared,cross_context,103902,-1,MA0091.2,TAL1::TCF3,76,86,8.074943070393461,+,TAL1,ig,0.0827879274263978,0.0595954586664447,0.0546854568627895,1.0897860452755164,True,0.0341469153063371,0.0413497916760388,0.0445742109807906,0.9276615668473182,False,0.0287478330545127,0.0412049865303561,0.0424639061742345,0.9703529547601562,False,0.0485608919290825,,,1.4863158746470773,0.7729020040255796,0.7109967601389049,0.0827879274263978,0.0341469153063371,0.0287478330545127,2.0831694004314976,0.9691954269320578,0.9557702229217376,2.85960126631411,1.7080098372589478,1.4465273586220726,1.0897860452755164,0.9276615668473182,0.9703529547601562,0.5717407536972235,-0.3716425860745225,-0.4920851070531963,K562,0.7134138706214976,1.4863158746470773,0.7729020040255796,0.7109967601389049,0.7134138706214976,0.7134138706214976,K562
TAL1,K562,norm_mean,"[[0 1 0 0]
 [0 1 0 0]
 [0 1 0 0]
 ...
 [1 0 0 0]
 [0 0 0 1]
 [0 0 1 0]]",0.1980813651259256,0.0,EH38E3144795,chr15,72320623,72321123,shared,cross_context,84041,-1,MA0091.2,TAL1::TCF3,452,462,8.061248769141107,+,TAL1,ig,0.0729707001708448,0.052395158536965,0.0822752622608095,0.636827531495421,False,0.0215259379707276,0.0405905003141379,0.0510425738617777,0.795228165252294,False,0.0237679775105789,0.0433118414558703,0.0634305519319605,0.6828229190579966,False,0.0394215385507171,,,1.051951225699193,0.4332821076174773,0.3897432585502727,0.0729707001708448,0.0215259379707276,0.0237679775105789,1.1071003491337572,0.5380600106551395,0.3201096018094839,2.667292834916847,0.8742482826967911,1.3545628677774395,0.636827531495421,0.795228165252294,0.6828229190579966,0.0730678161982767,-1.2066214298025109,-1.3594040225672126,K562,0.6186691180817157,1.051951225699193,0.4332821076174773,0.3897432585502727,0.6186691180817157,0.6186691180817157,K562
TAL1,K562,norm_mean,"[[0 1 0 0]
 [0 0 0 1]
 [0 0 1 0]
 ...
 [0 1 0 0]
 [1 0 0 0]
 [1 0 0 0]]",0.7345595204542698,1.0,EH38E3948695,chrX,153494005,153494505,shared,cross_context,177594,-1,MA0140.3,GATA1::TAL1,310,327,8.052857204992652,+,TAL1,ig,0.1191403607235235,0.0598172617730597,0.0720159008459118,0.83061175052062,False,0.03639238158597,0.0505133478561765,0.0385059880666501,1.3118306339896155,True,0.0439505849636214,0.0366488596820272,0.0559434909678419,0.6551048655874107,False,0.0664944424243716,,,1.798993589237652,0.8447060960390275,0.9080930050198716,0.1191403607235235,0.03639238158597,0.0439505849636214,2.400291830901468,0.90613899165303,1.1772700197125547,3.4770710985901165,2.200909061433206,2.252500427624395,0.83061175052062,1.3118306339896155,0.6551048655874107,0.8471900463176739,-0.2434786305341357,-0.1390880303533882,K562,0.8909005842177805,1.798993589237652,0.8447060960390275,0.9080930050198716,0.8909005842177805,0.8909005842177805,K562
TAL1,K562,norm_mean,"[[1 0 0 0]
 [0 0 0 1]
 [0 0 1 0]
 ...
 [0 0 0 1]
 [0 0 0 1]
 [1 0 0 0]]",0.6710789145827993,1.0,EH38E2988501,chr11,119018736,119019236,shared,cross_context,187277,-1,MA0140.3,GATA1::TAL1,488,505,8.042102569094416,+,TAL1,ig,0.0585724984240882,0.0583211013814434,0.0536275587190175,1.0875208922302209,True,0.0380023746367763,0.0450074411457171,0.040527105446672,1.1105513098986917,True,0.0308477244860328,0.0459756685653701,0.0429108589561656,1.071422455050614,True,0.0424741991822991,,,0.9609718556573345,0.8310658863152308,0.64995639255428,0.0585724984240882,0.0380023746367763,0.0308477244860328,0.96906538927826,0.7717475635366864,0.8575746491689787,2.261972398615646,3.0339903804778943,1.3773644919768488,1.0875208922302209,1.1105513098986917,1.071422455050614,-0.0574339145183446,-0.266965235780039,-0.6215851658436995,K562,0.1299059693421035,0.9609718556573345,0.8310658863152308,0.64995639255428,0.1299059693421035,0.12990596934210363,K562
TAL1,K562,norm_mean,"[[0 0 1 0]
 [0 1 0 0]
 [1 0 0 0]
 ...
 [0 1 0 0]
 [0 0 1 0]
 [0 0 1 0]]",0.1221155313278693,0.0,EH38E1392136,chr1,162560510,162561010,shared,cross_context,3039,-1,MA0091.2,TAL1::TCF3,302,312,8.01347929597641,+,TAL1,ig,0.0772098701447248,0.0550061181478668,0.0651094846832031,0.8448248356941587,False,0.0376243213191628,0.0360717194352764,0.0513170267684293,0.7029189857171969,False,0.0411908765789121,0.0396898106031585,0.0494365425184979,0.8028434140569889,False,0.0520083560142666,,,1.270963631782273,0.837521954645008,0.909635780965576,0.0772098701447248,0.0376243213191628,0.0411908765789121,1.1730456451718023,0.6515040022877312,1.393101447158992,2.4323729156802534,1.5208111229881358,1.4936345694184705,0.8448248356941587,0.7029189857171969,0.8028434140569889,0.3459227498115593,-0.2558010836713991,-0.136639088844371,K562,0.361327850816697,1.270963631782273,0.837521954645008,0.909635780965576,0.361327850816697,0.36132785081669705,K562
TAL1,K562,norm_mean,"[[0 0 0 1]
 [0 0 1 0]
 [0 0 1 0]
 ...
 [0 1 0 0]
 [1 0 0 0]
 [1 0 0 0]]",0.1456639112024651,0.0,EH38E3176326,chr16,29817094,29817594,shared,cross_context,212109,-1,MA0091.2,TAL1::TCF3,344,354,8.01347929597641,+,TAL1,ig,0.05677638836205,0.0594501619861694,0.0747296014843161,0.7955368802987351,False,0.0170862211147323,0.0392962375009665,0.0662302193612554,0.5933278184290082,False,0.0300894900225102,0.0415975014516152,0.0511311476318937,0.8135450746311332,False,0.0346506998330975,,,0.8301443171600371,0.3203525692929759,0.6491095707442485,0.05677638836205,0.0170862211147323,0.0300894900225102,1.0630251597218556,0.3369805238264674,0.5480492089421067,1.7570898792627847,0.7796980793118843,1.9289786495095067,0.7955368802987351,0.5933278184290082,0.8135450746311332,-0.2685659283137639,-1.6422675291267097,-0.6234660646302618,K562,0.1810347464157886,0.8301443171600371,0.3203525692929759,0.6491095707442485,0.1810347464157886,0.18103474641578865,K562
