tf,target_cell,scheme_id,sequence,y,label,id,chr,start,end,cell_line,split,row_idx,grad_idx,jaspar_id,tf_motif_name,begin,stop,pwm_score,strand,tf_key,gradient_method,mean_grad_K562,win_abs_K562,flank_abs_K562,win_enrichment_K562,local_peak_K562,mean_grad_hPSC,win_abs_hPSC,flank_abs_hPSC,win_enrichment_hPSC,local_peak_hPSC,mean_grad_HepG2,win_abs_HepG2,flank_abs_HepG2,win_enrichment_HepG2,local_peak_HepG2,mean_gradient,chip_signal,chip_log2,motif_spec_norm_mean_K562,motif_spec_norm_mean_hPSC,motif_spec_norm_mean_HepG2,motif_spec_raw_mean_K562,motif_spec_raw_mean_hPSC,motif_spec_raw_mean_HepG2,motif_spec_norm_median_K562,motif_spec_norm_median_hPSC,motif_spec_norm_median_HepG2,motif_spec_norm_max_K562,motif_spec_norm_max_hPSC,motif_spec_norm_max_HepG2,motif_spec_win_enrich_K562,motif_spec_win_enrich_hPSC,motif_spec_win_enrich_HepG2,motif_spec_norm_mean_log2_K562,motif_spec_norm_mean_log2_hPSC,motif_spec_norm_mean_log2_HepG2,lineage_target,matrix_delta_norm_mean,motif_spec_K562,motif_spec_hPSC,motif_spec_HepG2,delta_spec_norm,delta,rra_assigned_cell
GATA1,K562,norm_mean,"[[0 0 0 1]
 [0 1 0 0]
 [0 0 0 1]
 ...
 [0 1 0 0]
 [0 0 0 1]
 [0 1 0 0]]",0.1012526049110085,0.0,EH38E3019433,chr12,54295636,54296136,shared,cross_context,71758,-1,MA0140.3,GATA1::TAL1,281,298,16.43679566100525,+,GATA1,ig,0.0568395346567473,0.0580232373741455,0.064303450513249,0.902334600828994,False,0.0518532464390291,0.0531464839522959,0.059142578358147,0.8986161314154741,False,0.0471580554457271,0.0441223935160087,0.071942148804784,0.6133037185572293,False,0.0519502788471678,30.545000076293945,4.9328643861408095,0.9189864515272675,0.9129035790252436,0.7721328123642872,0.0568395346567473,0.0518532464390291,0.0471580554457271,1.0658458153859849,1.3213640867833762,0.7876676873457947,2.148539061617479,1.5699147774815616,2.179467301956264,0.902334600828994,0.8986161314154741,0.6133037185572293,-0.1218845010724974,-0.131465602657286,-0.3730790703190361,K562,0.0060828725020238,0.9189864515272675,0.9129035790252436,0.7721328123642872,0.0060828725020238,0.006082872502023995,K562
GATA1,K562,norm_mean,"[[1 0 0 0]
 [0 0 1 0]
 [1 0 0 0]
 ...
 [1 0 0 0]
 [1 0 0 0]
 [1 0 0 0]]",0.0729170604877574,0.0,EH38E1825286,chr16,70437034,70437534,shared,cross_context,15324,-1,MA0140.3,GATA1::TAL1,81,98,15.64803056804608,+,GATA1,ig,0.1001210491556455,0.0654369357973337,0.053187250373885,1.230312208926318,True,0.0285322761354858,0.046511511967983,0.0395256576157407,1.176741969804458,True,0.0282885029035456,0.0441345352877397,0.0503450661397073,0.876640551009727,False,0.0523139427315589,2.228410005569458,1.1560153462378364,1.7158294181814986,0.6921450400535089,0.6294903305036477,0.1001210491556455,0.0285322761354858,0.0282885029035456,1.9390088537781835,0.4539097872564429,0.7276355548155969,4.547605749110942,2.0670228285815058,1.5806300800398967,1.230312208926318,1.176741969804458,0.876640551009727,0.7789061330627169,-0.530853704304828,-0.6677438754797831,K562,1.0236843781279896,1.7158294181814986,0.6921450400535089,0.6294903305036477,1.0236843781279896,1.0236843781279896,K562
GATA1,K562,norm_mean,"[[0 0 1 0]
 [0 1 0 0]
 [0 0 0 1]
 ...
 [0 1 0 0]
 [0 0 1 0]
 [0 0 1 0]]",0.0997526020619413,0.0,EH38E3224681,chr17,43169752,43170252,shared,cross_context,14215,-1,MA0140.3,GATA1::TAL1,477,494,14.754997932602002,+,GATA1,ig,0.0596639025298988,0.0542520360019989,0.0814396934164688,0.6661620036183488,False,0.04027907469529,0.0459828655293677,0.065627802167146,0.7006612594711367,False,0.0424584397388731,0.0477749719237908,0.0773837791653932,0.6173770041381782,False,0.0474671389880206,0.9578400254249572,-0.0621418657139588,0.8709565348053554,0.7199627890273718,0.7542711111428823,0.0596639025298988,0.04027907469529,0.0424584397388731,0.7915887379209715,0.7635657667628768,1.0001077028441634,2.657174846293097,1.7757856659842493,1.4472744693026478,0.6661620036183488,0.7006612594711367,0.6173770041381782,-0.1993273704864978,-0.4740057494854729,-0.4068449217353811,K562,0.1166854236624731,0.8709565348053554,0.7199627890273718,0.7542711111428823,0.1166854236624731,0.11668542366247314,K562
GATA1,K562,norm_mean,"[[0 0 1 0]
 [0 0 1 0]
 [1 0 0 0]
 ...
 [0 1 0 0]
 [0 0 0 1]
 [0 0 0 1]]",0.0083576240509403,0.0,EH38E2961258,chr11,62081973,62082473,shared,cross_context,186797,-1,MA0140.3,GATA1::TAL1,174,191,14.55860261649313,+,GATA1,ig,0.0905774168889312,0.0653499604295939,0.0550266410643565,1.187605626829148,True,0.0469586929744657,0.0513826409110333,0.0435166691222677,1.1807574003214918,True,0.0699170276193934,0.0495251784741412,0.0458500220403999,1.080155809498737,True,0.0691510458275967,2.731559991836548,1.449725636705225,1.554170686591386,1.0335634015084496,1.5136948391758112,0.0905774168889312,0.0469586929744657,0.0699170276193934,1.5489098300325133,0.8862289959864138,2.3741159207566582,3.983293095694019,3.557912924991744,4.095969350481047,1.187605626829148,1.1807574003214918,1.080155809498737,0.6361449571683161,0.0476268915973209,0.5980743883227471,K562,0.0404758474155748,1.554170686591386,1.0335634015084496,1.5136948391758112,0.0404758474155748,0.04047584741557486,K562
GATA1,K562,norm_mean,"[[0 0 1 0]
 [0 1 0 0]
 [0 1 0 0]
 ...
 [0 0 1 0]
 [0 0 1 0]
 [1 0 0 0]]",0.0149001827586382,0.0,EH38E2860959,chr1,205344343,205344843,shared,cross_context,16027,-1,MA0140.3,GATA1::TAL1,250,267,14.41691089778317,+,GATA1,ig,0.0478377264157375,0.0648310940596275,0.0688415429963825,0.941743630667864,False,0.0327377933940357,0.0425758408493129,0.0604141991341468,0.7047322386489465,False,0.0429048647227532,0.055494135384506,0.0755959264654218,0.7340888674603498,False,0.0411601281775088,8.9404296875,3.1603443320522184,0.7110777239276154,0.6125385997586504,0.6333413633675403,0.0478377264157375,0.0327377933940357,0.0429048647227532,0.8604715933716772,0.5683093016452945,0.8447381194013595,2.266491065033967,1.8715503097520847,1.541162168696974,0.941743630667864,0.7047322386489465,0.7340888674603498,-0.4919208314716641,-0.7071273326197572,-0.6589447880705697,K562,0.077736360560075,0.7110777239276154,0.6125385997586504,0.6333413633675403,0.077736360560075,0.07773636056007505,K562
GATA1,K562,norm_mean,"[[1 0 0 0]
 [0 0 0 1]
 [1 0 0 0]
 ...
 [1 0 0 0]
 [0 0 1 0]
 [0 1 0 0]]",0.1753420428120521,0.0,EH38E2168939,chr22,44676652,44677152,shared,cross_context,27098,-1,MA0140.3,GATA1::TAL1,237,254,14.406711361246211,+,GATA1,ig,0.06815808693714,0.0833691947197075,0.0621027144616863,1.3424402140543985,True,0.03880709845244,0.0507302114693447,0.0449161148564412,1.1294431928730777,True,0.0371735746260075,0.0574543106253258,0.0494868528312042,1.1610012706058574,True,0.0480462533385291,18.997390747070312,4.247729451766195,0.9680180583989147,0.822406507216066,0.706733492156625,0.06815808693714,0.03880709845244,0.0371735746260075,0.994339599357568,0.6292019250931539,0.8291327744880345,2.3665064216225047,2.0481941290295045,1.6933369691305715,1.3424402140543985,1.1294431928730777,1.1610012706058574,-0.0468941321372652,-0.2820764133639719,-0.5007618127901419,K562,0.1456115511828488,0.9680180583989147,0.822406507216066,0.706733492156625,0.1456115511828488,0.14561155118284874,K562
GATA1,K562,norm_mean,"[[0 0 1 0]
 [0 0 1 0]
 [0 0 0 1]
 ...
 [0 1 0 0]
 [0 0 0 1]
 [0 0 1 0]]",0.0108426615880143,0.0,EH38E3185848,chr16,66511238,66511738,shared,cross_context,90248,-1,MA0140.3,GATA1::TAL1,130,147,14.298437739387664,+,GATA1,ig,0.1071478965253952,0.0870798531803302,0.0747338132893651,1.1652000305559376,True,0.0496218004537855,0.0553064981999341,0.0419607334564823,1.3180533432943753,True,0.0377789454479866,0.0466481371730333,0.0583639814080122,0.7992622856604255,False,0.0648495474757224,1.052150011062622,0.0733417837898314,1.3896950395378471,1.0925202105704572,0.7673811333285822,0.1071478965253952,0.0496218004537855,0.0377789454479866,1.7389011866465764,0.9103366264320504,0.9406115446278692,3.188517051659261,2.639996870700812,1.68233410178538,1.1652000305559376,1.3180533432943753,0.7992622856604255,0.4747683277158751,0.1276599697604223,-0.381984797427967,K562,0.2971748289673901,1.3896950395378471,1.0925202105704572,0.7673811333285822,0.2971748289673901,0.2971748289673899,K562
GATA1,K562,norm_mean,"[[1 0 0 0]
 [1 0 0 0]
 [0 1 0 0]
 ...
 [0 0 1 0]
 [0 0 1 0]
 [0 0 1 0]]",0.1639573808226524,0.0,EH38E2601185,chr7,151085259,151085759,shared,cross_context,205998,-1,MA0140.3,GATA1::TAL1,223,240,14.05179989139233,+,GATA1,ig,0.0615315272965851,0.0666166549397166,0.0694960987350966,0.9585666903113128,False,0.0300732124048997,0.0337075443612411,0.0558522356165131,0.6035127860870697,False,0.037160873228191,0.0451072776707587,0.0461916365304018,0.9765245679447824,False,0.0429218709765586,1.222000002861023,0.289245469135391,0.8999611371282016,0.6371177985040245,0.8119390282486887,0.0615315272965851,0.0300732124048997,0.037160873228191,0.9757459108116096,0.6294520730739922,0.978528061872484,1.8628222291743048,2.25306876897401,2.93614651261654,0.9585666903113128,0.6035127860870697,0.9765245679447824,-0.1520653901564004,-0.6503679515297724,-0.3005566993773248,K562,0.0880221088795129,0.8999611371282016,0.6371177985040245,0.8119390282486887,0.0880221088795129,0.0880221088795129,K562
GATA1,K562,norm_mean,"[[0 0 1 0]
 [0 1 0 0]
 [1 0 0 0]
 ...
 [0 0 0 1]
 [0 1 0 0]
 [0 0 0 1]]",0.04044652749089,0.0,EH38E1875017,chr17,59786824,59787324,shared,cross_context,5255,-1,MA0140.3,GATA1::TAL1,222,239,13.293386680083726,+,GATA1,ig,0.0518335594302591,0.0613301691034575,0.0585402990668976,1.0476570773374605,True,0.0302171113846056,0.0532366569311125,0.0354485899974045,1.5017985741329822,True,0.0352008255362948,0.040584059075918,0.0434060428270664,0.9349861697309488,False,0.0390838321170532,5.482830047607422,2.4549210179472443,0.8692517091346826,0.7127172477307478,0.8320979257787777,0.0518335594302591,0.0302171113846056,0.0352008255362948,0.7227396927391271,0.8702168366008903,0.5524624272359865,2.518758655230532,1.5295047115589997,2.326596132954003,1.0476570773374605,1.5017985741329822,0.9349861697309488,-0.2021540946251132,-0.4885982549077198,-0.2651747706502081,K562,0.0371537833559049,0.8692517091346826,0.7127172477307478,0.8320979257787777,0.0371537833559049,0.03715378335590491,K562
GATA1,K562,norm_mean,"[[0 1 0 0]
 [0 0 0 1]
 [0 0 1 0]
 ...
 [0 0 0 1]
 [1 0 0 0]
 [1 0 0 0]]",0.1270122496746456,0.0,EH38E2906118,chr10,70233879,70234379,shared,cross_context,58683,-1,MA0140.3,GATA1::TAL1,70,87,12.8473318964015,+,GATA1,ig,0.0918927371282787,0.0779471827612724,0.0663130643032491,1.1754421519476026,True,0.0559178677880588,0.0569830224313773,0.0344741271808743,1.6529209166978227,True,0.0527672786265611,0.0708779269002843,0.0454352809081319,1.5599751973327562,True,0.0668592945142996,1.0315300226211548,0.0447872099870559,1.3904538768673615,1.302802279323708,1.0077506606983415,0.0918927371282787,0.0559178677880588,0.0527672786265611,1.5883444517192875,1.4628424613147244,0.8827530218435177,2.746890025845409,2.890195893886101,2.791167847126705,1.1754421519476026,1.6529209166978227,1.5599751973327562,0.475555890477043,0.3816181500297715,0.0111387304761198,K562,0.0876515975436535,1.3904538768673615,1.302802279323708,1.0077506606983415,0.0876515975436535,0.08765159754365359,K562
GATA1,K562,norm_mean,"[[0 0 0 1]
 [0 1 0 0]
 [1 0 0 0]
 ...
 [1 0 0 0]
 [1 0 0 0]
 [0 0 1 0]]",0.0797809977435332,0.0,EH38E1703562,chr14,24081784,24082284,shared,cross_context,3362,-1,MA0035.5,GATA1,447,454,12.673241562223714,+,GATA1,ig,0.0590238883825285,0.0508304259115539,0.06551067568711,0.775910454583371,False,0.0450232560480279,0.035070353228366,0.0583248645288404,0.6012932477209953,False,0.027741216123104,0.0508455730829155,0.0395468479098053,1.285704497658933,True,0.0439294535178868,2.235140085220337,1.1603658992044008,0.9438192461734,0.8689478370523699,0.5618103020484039,0.0590238883825285,0.0450232560480279,0.027741216123104,0.725529539951689,0.5961203570983056,0.5646377400741327,2.2138312839027376,2.1238542706956234,1.256700006254022,0.775910454583371,0.6012932477209953,1.285704497658933,-0.083417502435195,-0.2026585185862637,-0.8318450125723205,K562,0.0748714091210301,0.9438192461734,0.8689478370523699,0.5618103020484039,0.0748714091210301,0.07487140912103007,K562
GATA1,K562,norm_mean,"[[0 0 0 1]
 [0 0 0 1]
 [1 0 0 0]
 ...
 [0 1 0 0]
 [0 0 1 0]
 [0 0 0 1]]",0.1774576948248999,0.0,EH38E2809159,chr1,46247879,46248379,shared,cross_context,49179,-1,MA0035.5,GATA1,304,311,12.673241562223714,+,GATA1,ig,0.0704338550567627,0.0573157597961835,0.0691236650010143,0.8291769758384879,False,0.0344654030299612,0.0450100294212461,0.0541366788841112,0.8314145240318955,False,0.0210850860125252,0.0493338264880003,0.0503322756917933,0.9801626492802848,False,0.0419947813664163,1.6836299896240234,0.751575969891055,1.1011931502768266,0.6836096721825808,0.4200975180415026,0.0704338550567627,0.0344654030299612,0.0210850860125252,1.4487873106027722,0.7559676719171746,0.4981630349534486,2.147966568211258,1.2033975487198767,1.0860423835188284,0.8291769758384879,0.8314145240318955,0.9801626492802848,0.1390675424256213,-0.5487552833709657,-1.2512038291226553,K562,0.4175834780942458,1.1011931502768266,0.6836096721825808,0.4200975180415026,0.4175834780942458,0.4175834780942458,K562
GATA1,K562,norm_mean,"[[0 1 0 0]
 [1 0 0 0]
 [0 0 1 0]
 ...
 [0 1 0 0]
 [0 1 0 0]
 [0 0 0 1]]",0.9584300960145395,1.0,EH38E1757978,chr15,43791599,43792099,shared,cross_context,12964,-1,MA0035.5,GATA1,29,36,12.673241562223714,+,GATA1,ig,0.0914165191352367,0.0708561352081596,0.055285969004035,1.281629383880284,True,0.0548846675083041,0.0536956784129142,0.0397804617037763,1.3497999423625968,True,0.0632068557398659,0.0507840787398163,0.0451220605766866,1.125482011148112,True,0.0698360141278022,0.9578400254249572,-0.0621418657139588,1.4656023625687578,1.202159025105687,1.3922975499800816,0.0914165191352367,0.0548846675083041,0.0632068557398659,1.708526243361082,1.330159524614667,1.4180943912813926,3.111324474640835,2.8638779985516325,2.8577613132288167,1.281629383880284,1.3497999423625968,1.125482011148112,0.5514937351756168,0.2656277537851217,0.4774675656761667,K562,0.0733048125886761,1.4656023625687578,1.202159025105687,1.3922975499800816,0.0733048125886761,0.07330481258867616,K562
GATA1,K562,norm_mean,"[[0 1 0 0]
 [1 0 0 0]
 [1 0 0 0]
 ...
 [0 0 1 0]
 [0 0 0 1]
 [1 0 0 0]]",0.0149278194635328,0.0,EH38E2389703,chr5,89284465,89284965,shared,cross_context,32659,-1,MA0035.5,GATA1,100,107,12.673241562223714,+,GATA1,ig,0.1011386260922466,0.0658077940449584,0.0576333574058368,1.1418349648313917,True,0.0540569836406835,0.0525754352577496,0.0495863681305842,1.0602798034430712,True,0.0595784043627125,0.0562401686771772,0.0702918714286273,0.8000947980640153,False,0.0715913380318809,0.3322600126266479,-1.5896110771810923,1.6008478631329823,1.064563661846531,0.9567492834031353,0.1011386260922466,0.0540569836406835,0.0595784043627125,1.8467108846949225,1.484804608573662,1.4586374712313468,3.117306989397271,2.090663134361997,1.6255907055266683,1.1418349648313917,1.0602798034430712,0.8000947980640153,0.6788362084850765,0.0902622281618775,-0.0637871780512701,K562,0.5362842012864513,1.6008478631329823,1.064563661846531,0.9567492834031353,0.5362842012864513,0.5362842012864513,K562
GATA1,K562,norm_mean,"[[0 0 1 0]
 [0 0 0 1]
 [0 0 0 1]
 ...
 [0 1 0 0]
 [0 0 1 0]
 [0 0 1 0]]",0.1649846677166043,0.0,EH38E2797832,chr1,27526748,27527248,shared,cross_context,47022,-1,MA0035.5,GATA1,227,234,12.673241562223714,+,GATA1,ig,0.0781121762203318,0.0646863188364659,0.0599061969577376,1.079793265530908,True,0.0482087400076644,0.0397246746206656,0.0437379016504378,0.9082435151031716,False,0.0539884508720466,0.0414522806851891,0.0456861481332639,0.907326909920401,False,0.0601031223666809,1.7416499853134155,0.8004555468958567,1.2644946801093455,1.1431935389585943,1.2261103472659618,0.0781121762203318,0.0482087400076644,0.0539884508720466,1.6359732742246635,1.356185823112483,1.3123243114259473,2.9980961358764016,2.082197941156574,1.911174715748471,1.079793265530908,0.9082435151031716,0.907326909920401,0.3385609685525088,0.1930696690830779,0.2940888254659023,K562,0.0383843328433839,1.2644946801093455,1.1431935389585943,1.2261103472659618,0.0383843328433839,0.03838433284338372,K562
GATA1,K562,norm_mean,"[[0 1 0 0]
 [0 1 0 0]
 [0 0 0 1]
 ...
 [1 0 0 0]
 [1 0 0 0]
 [1 0 0 0]]",0.9173497630705992,1.0,EH38E3858724,chr8,127735668,127736168,shared,cross_context,166827,-1,MA0035.5,GATA1,356,363,12.673241562223714,+,GATA1,ig,0.0637911552829401,0.0600934720586519,0.0628674956859483,0.9558749214394808,False,0.0410873921854155,0.0644813004159368,0.0487535306696113,1.3225972827882997,True,0.0536772942702685,0.0642689090315252,0.0501145587648769,1.2824396301414145,True,0.052851947246208,0.7516199946403503,-0.4119227295124524,1.0535273615632796,0.7240193414072087,1.0173316221864177,0.0637911552829401,0.0410873921854155,0.0536772942702685,1.3328852540840526,0.6674755307919954,1.5769574956886283,1.8820757671722423,1.47392699246644,1.3881664383527443,0.9558749214394808,1.3225972827882997,1.2824396301414145,0.0752277847975593,-0.465899855006772,0.0247900362652964,K562,0.0361957393768619,1.0535273615632796,0.7240193414072087,1.0173316221864177,0.0361957393768619,0.036195739376861935,K562
GATA1,K562,norm_mean,"[[1 0 0 0]
 [1 0 0 0]
 [1 0 0 0]
 ...
 [0 1 0 0]
 [0 0 0 1]
 [1 0 0 0]]",0.0729602755939743,0.0,EH38E3221346,chr17,39152384,39152884,shared,cross_context,96400,-1,MA0035.5,GATA1,456,463,12.673241562223714,+,GATA1,ig,0.0561524225132806,0.0632277600315865,0.0598292413714807,1.056803462891494,True,0.0400323917024901,0.0575497328443452,0.0600706726568751,0.9580336080592,False,0.0315291123198611,0.0411643500707577,0.0613580132764764,0.6708878134041759,False,0.0425713088452106,2.5945498943328857,1.3754848358502645,0.9077774929893287,0.6962642763001228,0.61969317225829,0.0561524225132806,0.0400323917024901,0.0315291123198611,1.0603416393019456,0.8597922167086772,0.9733085518471756,1.7535634300608365,1.7649557358745225,1.0573787957730234,1.056803462891494,0.9580336080592,0.6708878134041759,-0.139589374085095,-0.5222930888384298,-0.690374019688473,K562,0.211513216689206,0.9077774929893287,0.6962642763001228,0.61969317225829,0.211513216689206,0.21151321668920597,K562
GATA1,K562,norm_mean,"[[0 0 0 1]
 [0 0 1 0]
 [1 0 0 0]
 ...
 [0 0 1 0]
 [0 0 0 1]
 [0 0 1 0]]",0.0145009665268019,0.0,EH38E1991637,chr2,42360321,42360821,shared,cross_context,6575,-1,MA0035.5,GATA1,355,362,12.673241562223714,+,GATA1,ig,0.0397718240107808,0.0541754755552392,0.0582715984411889,0.9297061983438508,False,0.0180982719840747,0.0352391612606879,0.0439096305557841,0.8025381400223268,False,0.0258268115908971,0.0347710452444152,0.0462299385832212,0.7521324662912382,False,0.0278989691952509,0.4966300129890442,-1.0097537389536333,0.6831800352634442,0.4203594579273672,0.6246344854244495,0.0397718240107808,0.0180982719840747,0.0258268115908971,0.8534368784975924,0.5735850949713573,0.6354966534432607,1.4017657593672488,0.7203288166803614,1.633652574730068,0.9297061983438508,0.8025381400223268,0.7521324662912382,-0.5496622774297486,-1.25030455790119,-0.678915871318102,K562,0.0585455498389946,0.6831800352634442,0.4203594579273672,0.6246344854244495,0.0585455498389946,0.058545549838994626,K562
GATA1,K562,norm_mean,"[[0 0 1 0]
 [0 0 1 0]
 [0 0 1 0]
 ...
 [0 1 0 0]
 [0 0 1 0]
 [1 0 0 0]]",0.9173497630705992,1.0,EH38E3858725,chr8,127735974,127736474,shared,cross_context,166837,-1,MA0035.5,GATA1,50,57,12.673241562223714,+,GATA1,ig,0.137583879487855,0.0751786773081403,0.0563291919662151,1.3346306122573974,True,0.0465354223602584,0.045993723127176,0.035152655323036,1.3083993121009732,True,0.0540438187973839,0.0880855242710094,0.0395607564237434,2.2265879110507485,True,0.0793877068818325,0.7516199946403503,-0.4119227295124524,2.067405053304818,1.1146583647995962,0.797716668513294,0.137583879487855,0.0465354223602584,0.0540438187973839,2.3225917332307398,0.946659522547906,1.1784682820976284,3.37094490282668,2.4152374827875613,1.3430173184838632,1.3346306122573974,1.3083993121009732,2.2265879110507485,1.0478210750657646,0.1566016029796234,-0.3260516693300452,K562,0.9527466885052216,2.067405053304818,1.1146583647995962,0.797716668513294,0.9527466885052216,0.9527466885052216,K562
GATA1,K562,norm_mean,"[[0 0 0 1]
 [0 0 1 0]
 [0 0 0 1]
 ...
 [0 0 1 0]
 [0 1 0 0]
 [0 0 1 0]]",0.1284319178640499,0.0,EH38E1938204,chr19,10334239,10334739,shared,cross_context,19648,-1,MA0035.5,GATA1,240,247,12.673241562223714,+,GATA1,ig,0.0673702529498509,0.0570011767244432,0.0716338910413189,0.7957290597864345,False,0.0403553886072976,0.0434411486855242,0.0444332915417945,0.9776709625023682,False,0.0204343175781624,0.0410719427617732,0.0432154086167709,0.950400206139254,False,0.042719986378437,2.104640007019043,1.0735741707919322,1.02203140606088,0.916215563904515,0.4821903117908547,0.0673702529498509,0.0403553886072976,0.0204343175781624,1.3378351848574688,1.022893522285078,0.5970253757603403,1.4215683001202688,1.4956369931969251,0.7353431334425553,0.7957290597864345,0.9776709625023682,0.950400206139254,0.0314395310258004,-0.1262410229506565,-1.0523254274163942,K562,0.1058158421563649,1.02203140606088,0.916215563904515,0.4821903117908547,0.1058158421563649,0.10581584215636497,K562
GATA1,K562,norm_mean,"[[0 0 1 0]
 [0 0 0 1]
 [1 0 0 0]
 ...
 [1 0 0 0]
 [0 1 0 0]
 [1 0 0 0]]",0.0235651525609105,0.0,EH38E2852885,chr1,183915988,183916488,shared,cross_context,185426,-1,MA0035.5,GATA1,426,433,12.673241562223714,+,GATA1,ig,0.0500801104520048,0.06532219175715,0.0617980124545283,1.0570272180669658,True,0.0330828698351979,0.0432024832139723,0.0405816059134667,1.0645826254453263,True,0.0249114836832242,0.04949230540602,0.045642039431259,1.0843576487633364,True,0.0360248213234756,0.7450199723243713,-0.4246470569065226,0.7788693622754134,0.7198706501195439,0.5293696510057575,0.0500801104520048,0.0330828698351979,0.0249114836832242,0.5549749735912294,0.6892391669628956,0.5197357723395486,1.819248346998287,2.1151257496060496,1.097318996720899,1.0570272180669658,1.0645826254453263,1.0843576487633364,-0.3605467239295801,-0.4741903935446799,-0.9176526052972992,K562,0.0589987121558694,0.7788693622754134,0.7198706501195439,0.5293696510057575,0.0589987121558694,0.05899871215586949,K562
GATA1,K562,norm_mean,"[[0 1 0 0]
 [1 0 0 0]
 [0 1 0 0]
 ...
 [0 0 1 0]
 [0 0 1 0]
 [0 0 1 0]]",0.1896543802660332,0.0,EH38E1776225,chr15,72228638,72229138,shared,cross_context,13515,-1,MA0035.5,GATA1,220,227,12.673241562223714,+,GATA1,ig,0.0745676757235612,0.0717988962121307,0.0750749147303465,0.9563632127506948,False,0.0497332303119557,0.0496870676078833,0.0515031784743769,0.9647377003193292,False,0.0374057344160974,0.0495326760323951,0.0542675968093905,0.9127484874424928,False,0.0539022134838714,1.4256600141525269,0.5116309864531434,1.0104675577486943,0.9791208634346592,0.7136045117978724,0.0745676757235612,0.0497332303119557,0.0374057344160974,1.3690500959628669,1.2074971926283795,1.1546813123729065,1.7184946392711384,1.5010554384832466,1.1643143496312836,0.9563632127506948,0.9647377003193292,0.9127484874424928,0.0150230044651221,-0.0304411352036881,-0.4868033560717951,K562,0.031346694314035,1.0104675577486943,0.9791208634346592,0.7136045117978724,0.031346694314035,0.03134669431403514,K562
GATA1,K562,norm_mean,"[[1 0 0 0]
 [0 0 1 0]
 [1 0 0 0]
 ...
 [0 1 0 0]
 [1 0 0 0]
 [1 0 0 0]]",0.1080757942052483,0.0,EH38E3289356,chr19,10334469,10334969,shared,cross_context,106469,-1,MA0035.5,GATA1,10,17,12.673241562223714,+,GATA1,ig,0.1044178120791912,0.0773058808216592,0.0703245522873476,1.0992728330933057,True,0.05870050404753,0.0465618275277665,0.0356897090398706,1.3046285815741556,True,0.0211818325333297,0.0430982060580572,0.0409321510547306,1.0529179243781044,True,0.0614333828866836,2.104640007019043,1.0735741707919322,1.4924810712835628,1.431916622969443,0.5152796868052505,0.1044178120791912,0.05870050404753,0.0211818325333297,1.5276606647004074,1.8303651110986432,0.3923772028668228,2.728959652300094,2.540148652082583,1.5357201933856812,1.0992728330933057,1.3046285815741556,1.0529179243781044,0.5777126352784943,0.5179474914236151,-0.9565723719485478,K562,0.0605644483141196,1.4924810712835628,1.431916622969443,0.5152796868052505,0.0605644483141196,0.06056444831411967,K562
GATA1,K562,norm_mean,"[[1 0 0 0]
 [0 1 0 0]
 [0 0 0 1]
 ...
 [0 1 0 0]
 [0 0 1 0]
 [0 0 1 0]]",0.1924874306467263,0.0,EH38E3702120,chr6,33454248,33454748,shared,cross_context,63115,-1,MA0035.5,GATA1,1,8,12.673241562223714,+,GATA1,ig,0.1013680009969643,0.061707090298878,0.0696122011251282,0.8864406014622824,False,0.0646417267354471,0.0457607048260251,0.0484249491989612,0.9449817941613624,False,0.0318429044314793,0.0575452756544109,0.056907656158437,1.011204281233371,True,0.0659508773879635,1.2627300024032593,0.3365473368039376,1.576831691610393,1.5168786587504055,0.6186476257354756,0.1013680009969643,0.0646417267354471,0.0318429044314793,2.191033789435193,1.8981059391435944,0.7927532686186662,2.224103667781088,3.762920858492912,1.519646976461989,0.8864406014622824,0.9449817941613624,1.011204281233371,0.6570286783943121,0.6011056841493085,-0.6928101909620348,K562,0.0599530328599873,1.576831691610393,1.5168786587504055,0.6186476257354756,0.0599530328599873,0.05995303285998754,K562
GATA1,K562,norm_mean,"[[1 0 0 0]
 [0 1 0 0]
 [0 1 0 0]
 ...
 [0 0 0 1]
 [0 1 0 0]
 [0 0 0 1]]",0.6543665641980694,1.0,EH38E2227655,chr3,112991364,112991864,shared,cross_context,28401,-1,MA0035.5,GATA1,475,482,12.673241562223714,+,GATA1,ig,0.0496670808643102,0.0564788433152716,0.0590926144493278,0.9557680648234286,False,0.0193146998062729,0.0337293499324005,0.0713413653511088,0.4727880527449947,False,0.0327373135036655,0.0437129916128469,0.0445775308157317,0.9806057223645752,False,0.0339063647247496,1.2416599988937378,0.3122713394416486,0.8734737746417082,0.3733754485294288,0.7799572618722626,0.0496670808643102,0.0193146998062729,0.0327373135036655,0.7744290613037286,0.2250581217370784,0.9424367936263872,2.192720163459374,0.8823199709856443,1.515446168800138,0.9557680648234286,0.4727880527449947,0.9806057223645752,-0.1951637052193916,-1.4213010254018827,-0.3585330200553363,K562,0.0935165127694456,0.8734737746417082,0.3733754485294288,0.7799572618722626,0.0935165127694456,0.09351651276944561,K562
GATA1,K562,norm_mean,"[[0 0 1 0]
 [0 1 0 0]
 [0 1 0 0]
 ...
 [0 1 0 0]
 [0 1 0 0]
 [0 0 0 1]]",0.0768207124384042,0.0,EH38E1796252,chr16,2010000,2010500,shared,cross_context,180401,-1,MA0140.3,GATA1::TAL1,160,177,12.607222038227034,+,GATA1,ig,0.1185533714425914,0.084000911526964,0.0624084857035317,1.34598519929091,True,0.0526856477372348,0.0487658556416863,0.0588179340211625,0.8290982701493356,False,0.0480676238315508,0.0369829363736789,0.0426829934737874,0.8664558105989657,False,0.0731022143371257,0.7450199723243713,-0.4246470569065226,1.7078231308135114,0.9777861066796572,1.1834450386598678,0.1185533714425914,0.0526856477372348,0.0480676238315508,1.8990614893221849,1.0025281464588889,1.1581528943306096,3.834417165053017,3.650884185335458,3.634620887077764,1.34598519929091,0.8290982701493356,0.8664558105989657,0.7721585721082443,-0.032409187111413,0.2429927074655978,K562,0.5243780921536436,1.7078231308135114,0.9777861066796572,1.1834450386598678,0.5243780921536436,0.5243780921536436,K562
GATA1,K562,norm_mean,"[[1 0 0 0]
 [0 0 1 0]
 [0 0 1 0]
 ...
 [0 0 1 0]
 [0 0 1 0]
 [0 0 0 1]]",0.0807251395691874,0.0,EH38E1378431,chr1,114757287,114757787,shared,cross_context,2391,-1,MA0140.3,GATA1::TAL1,26,43,12.603000299663172,+,GATA1,ig,0.111631317064166,0.0914763419097289,0.0565608961274847,1.6173068674597788,True,0.0566766395726624,0.0640594569593668,0.0499470641615334,1.2825467364152812,True,0.0556469178375075,0.0524951201467774,0.0561847071559168,0.9343309498399636,False,0.0746516248247787,0.732010006904602,-0.4500627530893871,1.6194738390458288,1.111494805801787,1.0669869810142474,0.111631317064166,0.0566766395726624,0.0556469178375075,1.1508760913641911,0.939947936968214,1.0206237674407113,5.248536521309142,4.3653822660433335,2.5105296247279654,1.6173068674597788,1.2825467364152812,0.9343309498399636,0.6955251639398474,0.1525012077271964,0.0935425743834647,K562,0.5079790332440417,1.6194738390458288,1.111494805801787,1.0669869810142474,0.5079790332440417,0.5079790332440417,K562
GATA1,K562,norm_mean,"[[0 0 0 1]
 [0 0 0 1]
 [1 0 0 0]
 ...
 [0 0 1 0]
 [0 0 1 0]
 [1 0 0 0]]",0.1762732569461399,0.0,EH38E1886921,chr17,76370262,76370762,shared,cross_context,5398,-1,MA0140.3,GATA1::TAL1,334,351,12.504696100021432,+,GATA1,ig,0.0689983557471457,0.057843990685651,0.0528748949006613,1.0939781507754076,True,0.0317906095810672,0.0424578452040441,0.0425422262365895,0.9980163000347216,False,0.0291657054194194,0.0513039604004006,0.038233866345534,1.3418456432914974,True,0.0433182235825441,1.489989995956421,0.5753036124805447,1.1845861727473668,0.6972376007278123,0.6591053846458362,0.0689983557471457,0.0317906095810672,0.0291657054194194,1.1225232870481423,0.8696223772642736,0.7543746441258977,3.2161365049329262,1.5481866534318378,1.6698398929771745,1.0939781507754076,0.9980163000347216,1.3418456432914974,0.2443831524961683,-0.5202777193947394,-0.601418935886134,K562,0.4873485720195545,1.1845861727473668,0.6972376007278123,0.6591053846458362,0.4873485720195545,0.4873485720195545,K562
GATA1,K562,norm_mean,"[[0 0 1 0]
 [0 0 0 1]
 [0 0 1 0]
 ...
 [0 1 0 0]
 [0 0 0 1]
 [0 0 0 1]]",0.1204478771725079,0.0,EH38E2163947,chr22,38655434,38655934,shared,cross_context,7994,-1,MA0140.3,GATA1::TAL1,483,500,12.371503449480755,+,GATA1,ig,0.1045041163178051,0.0723590207652887,0.0809530874202028,0.8938388161937173,False,0.0502275926992297,0.0493552371053374,0.062420270149596,0.7906923356808556,False,0.0493156773257343,0.0499789078964386,0.0777396458429575,0.6429010696600121,False,0.0680157954475897,1.1837600469589231,0.2433778891094919,1.4441724260598163,0.772522313006414,0.7858589715301357,0.1045041163178051,0.0502275926992297,0.0493156773257343,1.4468865718619357,0.983470975731122,0.9109028411209537,3.087022030715768,1.4922887031313588,1.4313669602315091,0.8938388161937173,0.7906923356808556,0.6429010696600121,0.5302430031760418,-0.3723514895836702,-0.3476576601215252,K562,0.6583134545296806,1.4441724260598163,0.772522313006414,0.7858589715301357,0.6583134545296806,0.6583134545296806,K562
GATA1,K562,norm_mean,"[[1 0 0 0]
 [0 0 0 1]
 [0 0 1 0]
 ...
 [1 0 0 0]
 [1 0 0 0]
 [0 0 1 0]]",0.0595682197221942,0.0,EH38E2858884,chr1,202808850,202809350,shared,cross_context,54290,-1,MA0140.3,GATA1::TAL1,242,259,12.285731819868715,+,GATA1,ig,0.0523648409939864,0.0677645793370902,0.059801447659713,1.1331593240199869,True,0.0316337309948935,0.0545387103865505,0.0460974111166508,1.1831184709560822,True,0.037935734479962,0.059766594544053,0.0496776402571226,1.2030881942827778,True,0.0406447688229473,1.065600037574768,0.0916673922733551,0.8323499925271493,0.6404264227301758,0.7075102217619265,0.0523648409939864,0.0316337309948935,0.037935734479962,0.6896059505977672,0.5220363317604763,0.6181876412068913,1.9226143335088048,2.020712541330005,2.7896179778107384,1.1331593240199869,1.1831184709560822,1.2030881942827778,-0.26473780239642,-0.6428952608026501,-0.499177101400247,K562,0.1248397707652227,0.8323499925271493,0.6404264227301758,0.7075102217619265,0.1248397707652227,0.12483977076522279,K562
GATA1,K562,norm_mean,"[[0 0 1 0]
 [0 1 0 0]
 [0 1 0 0]
 ...
 [1 0 0 0]
 [0 1 0 0]
 [0 0 0 1]]",0.9173497630705992,1.0,EH38E3858726,chr8,127736283,127736783,shared,cross_context,199630,-1,MA0140.3,GATA1::TAL1,384,401,12.13738112308215,+,GATA1,ig,0.0557701728471061,0.06779497509473,0.0742375782860273,0.913216291907614,False,0.032511598238831,0.0427961151738418,0.0549743530864361,0.7784740517421459,False,0.0305162991725784,0.0441877362382365,0.0560898099666122,0.7878031390462565,False,0.0395993567528385,0.9903500080108644,-0.0139881477099814,0.7722298699870581,0.650081204496278,0.5811847961890547,0.0557701728471061,0.032511598238831,0.0305162991725784,0.6690658094856403,0.790206898431691,0.3802743024169183,1.7343877575164823,1.4917713887491832,1.5331491506689792,0.913216291907614,0.7784740517421459,0.7878031390462565,-0.3728977339624208,-0.6213081499013158,-0.7829311298842978,K562,0.12214866549078,0.7722298699870581,0.650081204496278,0.5811847961890547,0.12214866549078,0.12214866549078007,K562
GATA1,K562,norm_mean,"[[1 0 0 0]
 [0 0 1 0]
 [0 0 1 0]
 ...
 [1 0 0 0]
 [1 0 0 0]
 [0 0 1 0]]",0.7154416111150672,1.0,EH38E1475712,chr10,70233271,70233771,shared,cross_context,201869,-1,MA0035.5,GATA1,499,506,11.400772630556496,+,GATA1,ig,0.0421278223927531,0.0451276154571678,0.0591925021028146,0.7623872319996032,False,0.0340389514874134,0.0395380916784051,0.0417479828197974,0.9470656912553572,False,0.0325076093764177,0.0343648862175177,0.053295149373589,0.6448031420006902,False,0.0362247944188614,5.498980045318604,2.4591643137180705,0.7840527124591902,0.7665502474986521,0.645823911558875,0.0421278223927531,0.0340389514874134,0.0325076093764177,0.8751198350060544,0.9306497388867896,0.5993247139373118,1.5031779392342213,1.2786202321146936,1.2786906399478837,0.7623872319996032,0.9470656912553572,0.6448031420006902,-0.3509774419631736,-0.3835477291171445,-0.6307872350884306,K562,0.017502464960538,0.7840527124591902,0.7665502474986521,0.645823911558875,0.017502464960538,0.01750246496053809,K562
GATA1,K562,norm_mean,"[[0 0 1 0]
 [0 1 0 0]
 [0 1 0 0]
 ...
 [0 0 1 0]
 [0 1 0 0]
 [0 0 0 1]]",0.000503167806025,0.0,EH38E3944531,chrX,129932075,129932575,shared,cross_context,25634,-1,MA0035.5,GATA1,312,319,11.400772630556496,+,GATA1,ig,0.1045656480959483,0.067043275386095,0.0616142726046666,1.0881125698770562,True,0.0997579310621534,0.0714206020504934,0.0568259955526514,1.2568295335191133,True,0.0884792562574148,0.0662653084221528,0.0466708236511934,1.4198441132936213,True,0.0976009451385055,5.260910034179688,2.395312653259736,1.6585187635827057,1.6211702922174336,1.6473383574678728,0.1045656480959483,0.0997579310621534,0.0884792562574148,2.1571936750386627,1.98625605541658,2.322678531105521,2.59905402461774,3.387270835189508,2.5845768398369198,1.0881125698770562,1.2568295335191133,1.4198441132936213,0.7298953349581743,0.6970356443879931,0.7201369108311881,K562,0.0111804061148328,1.6585187635827057,1.6211702922174336,1.6473383574678728,0.0111804061148328,0.011180406114832842,K562
GATA1,K562,norm_mean,"[[0 1 0 0]
 [1 0 0 0]
 [0 0 1 0]
 ...
 [0 0 1 0]
 [0 1 0 0]
 [0 0 0 1]]",0.0483629430520264,0.0,EH38E3016109,chr12,50070729,50071229,shared,cross_context,20856,-1,MA0035.5,GATA1,201,208,11.400772630556496,+,GATA1,ig,0.0820940107639346,0.053957478281809,0.0563772030492193,0.9570795604015075,False,0.041504634012069,0.0440659792686346,0.0423086420219318,1.0415358836247472,True,0.0379013855708763,0.0357111503538908,0.045883592208204,0.7782987523918868,False,0.0538333434489599,1.0523200035095217,0.0735748562744885,1.4766114416935974,0.9690718353869168,0.9129300211397412,0.0820940107639346,0.041504634012069,0.0379013855708763,1.5016507452935153,0.8114623503738532,0.8840681313161044,3.527687094251726,2.525776450419943,2.379763832882466,0.9570795604015075,1.0415358836247472,0.7782987523918868,0.562290243538673,-0.0453244796517826,-0.1314238158182076,K562,0.5075396063066806,1.4766114416935974,0.9690718353869168,0.9129300211397412,0.5075396063066806,0.5075396063066806,K562
GATA1,K562,norm_mean,"[[0 0 0 1]
 [0 1 0 0]
 [0 0 0 1]
 ...
 [0 1 0 0]
 [1 0 0 0]
 [0 0 1 0]]",0.1592172151132642,0.0,EH38E3131511,chr15,44662503,44663003,shared,cross_context,211341,-1,MA0035.5,GATA1,144,151,11.400772630556496,+,GATA1,ig,0.0455422821853842,0.0775283388292882,0.0685610250515207,1.1307930046713706,True,0.0264464721881917,0.0551168903370853,0.05102840500699,1.080121542664715,True,0.0249730692511158,0.0514824584699817,0.0569140079642385,0.9045655237753611,False,0.0323206078748972,5.648680210113525,2.4979140828000417,0.6567831824524928,0.5307925024163824,0.4838198089271083,0.0455422821853842,0.0264464721881917,0.0249730692511158,0.862192761635053,0.3741041186262854,0.4569692488664925,1.470163058022776,1.8342003887248275,1.2860474035875171,1.1307930046713706,1.080121542664715,0.9045655237753611,-0.6065109066575872,-0.9137800997640008,-1.0474582534353858,K562,0.1259906800361103,0.6567831824524928,0.5307925024163824,0.4838198089271083,0.1259906800361103,0.12599068003611036,K562
GATA1,K562,norm_mean,"[[1 0 0 0]
 [1 0 0 0]
 [0 0 1 0]
 ...
 [0 0 0 1]
 [0 1 0 0]
 [1 0 0 0]]",0.2028078889464614,0.0,EH38E3913952,chr9,131124972,131125472,shared,cross_context,200445,-1,MA0035.5,GATA1,301,308,11.400772630556496,+,GATA1,ig,0.1862091501908643,0.0769325349060818,0.060477074888057,1.272093968293673,True,0.0547338195943406,0.0387623439100571,0.0469025978210001,0.8264432557351681,False,0.0627233052094067,0.0540366876032203,0.0606702220608788,0.8906622863910892,False,0.1012220916648705,1.610159993171692,0.6872049445128617,2.7777071744580324,1.2480875009052652,1.0860677974847817,0.1862091501908643,0.0547338195943406,0.0627233052094067,4.05430083080575,1.6949265234184443,0.8878689889266841,4.425396719458232,3.4963281561313773,3.3166152457622333,1.272093968293673,0.8264432557351681,0.8906622863910892,1.4738945191244368,0.3197190833503813,0.1191141671245078,K562,1.5296196735527672,2.7777071744580324,1.2480875009052652,1.0860677974847817,1.5296196735527672,1.5296196735527672,K562
GATA1,K562,norm_mean,"[[0 0 1 0]
 [0 1 0 0]
 [1 0 0 0]
 ...
 [0 0 0 1]
 [0 0 1 0]
 [1 0 0 0]]",0.1761201905942519,0.0,EH38E1960632,chr19,49148164,49148664,shared,cross_context,6204,-1,MA0035.5,GATA1,193,200,11.400772630556496,+,GATA1,ig,0.040714771885957,0.0730258380324812,0.0562158067698112,1.2990265414358844,True,0.0252024813422134,0.0427963443519547,0.0444584061821129,0.962615136280385,False,0.0239799741788634,0.0545051737598259,0.0469377304606668,1.161222786288585,True,0.0299657424690113,0.4656299948692322,-1.1027410000092297,0.6497712414735235,0.5831772178070268,0.4871626555600161,0.040714771885957,0.0252024813422134,0.0239799741788634,0.8395210620825432,0.7878068633462548,0.6067148160390762,1.258277674826947,1.2588900348027392,1.0449381249026488,1.2990265414358844,0.962615136280385,1.161222786288585,-0.6219962004949988,-0.7779937314571888,-1.0375245471532206,K562,0.0665940236664967,0.6497712414735235,0.5831772178070268,0.4871626555600161,0.0665940236664967,0.0665940236664967,K562
GATA1,K562,norm_mean,"[[1 0 0 0]
 [1 0 0 0]
 [1 0 0 0]
 ...
 [0 0 1 0]
 [1 0 0 0]
 [0 1 0 0]]",0.0275120866596413,0.0,EH38E3400739,chr2,218658550,218659050,shared,cross_context,120933,-1,MA0035.5,GATA1,311,318,11.400772630556496,+,GATA1,ig,0.0872858129441738,0.0585784536035498,0.0589443319066952,0.993792647583977,False,0.0440694828118596,0.0485948365449439,0.0515447885888759,0.9427689674866891,False,0.0385247929287808,0.0419868969418166,0.0462645365487027,0.9075393594880904,False,0.0566266962282714,0.5587199926376343,-0.839800067677145,1.4266600200486894,0.8176417781486991,0.8702570977367983,0.0872858129441738,0.0440694828118596,0.0385247929287808,1.7267127047570785,0.7369772513840465,0.9567992557869378,2.3852000171437795,1.8628729343665704,1.79187817104706,0.993792647583977,0.9427689674866891,0.9075393594880904,0.5126415756091706,-0.2904591791515961,-0.2004864177446604,K562,0.5564029223118911,1.4266600200486894,0.8176417781486991,0.8702570977367983,0.5564029223118911,0.5564029223118911,K562
GATA1,K562,norm_mean,"[[0 0 1 0]
 [1 0 0 0]
 [0 0 0 1]
 ...
 [0 1 0 0]
 [0 0 0 1]
 [0 0 0 1]]",0.0778701290968294,0.0,EH38E3182445,chr16,56607641,56608141,shared,cross_context,89842,-1,MA0035.5,GATA1,356,363,11.400772630556496,+,GATA1,ig,0.0573315346347434,0.0672781246120575,0.0725095174836709,0.9278522002120144,False,0.0406012077749307,0.0549077942955773,0.052278698070468,1.0502898086457195,True,0.0372923128306865,0.0448615788586903,0.0533359060289426,0.8411138722047309,False,0.0450750184134535,1.7382899522781372,0.797669578284568,0.8484069875143867,0.7976818579352325,0.7899065286732593,0.0573315346347434,0.0406012077749307,0.0372923128306865,0.7133353021418557,1.1819574471554757,0.9199361911597926,1.8914969059964315,1.4753061931574,1.2063932065212906,0.9278522002120144,1.0502898086457195,0.8411138722047309,-0.2371715901745713,-0.3261146267008241,-0.340246146857058,K562,0.0507251295791542,0.8484069875143867,0.7976818579352325,0.7899065286732593,0.0507251295791542,0.050725129579154205,K562
GATA1,K562,norm_mean,"[[0 1 0 0]
 [0 1 0 0]
 [1 0 0 0]
 ...
 [0 1 0 0]
 [0 0 0 1]
 [0 1 0 0]]",0.044508466026365,0.0,EH38E3615993,chr4,173257995,173258495,shared,cross_context,196534,-1,MA0035.5,GATA1,502,509,11.400772630556496,+,GATA1,ig,0.0561691453414303,0.0566483283022535,0.0575956673990003,0.983551732707578,False,0.011217809714643,0.0499682672752533,0.0425562367442762,1.174169977336499,True,0.0183096291563872,0.0402789904084056,0.0368476494419155,1.0931220874937535,True,0.0285655280708202,13.74172019958496,3.780490813059853,0.8990979688983968,0.228067344413841,0.4369455625434627,0.0561691453414303,0.011217809714643,0.0183096291563872,0.9727657721119686,0.2199338735865756,0.43053326982688,1.233617030444256,0.6994998988212119,1.150221189145723,0.983551732707578,1.174169977336499,1.0931220874937535,-0.1534497678175794,-2.13246819791724,-1.194474540785755,K562,0.4621524063549341,0.8990979688983968,0.228067344413841,0.4369455625434627,0.4621524063549341,0.4621524063549341,K562
GATA1,K562,norm_mean,"[[1 0 0 0]
 [1 0 0 0]
 [1 0 0 0]
 ...
 [0 0 0 1]
 [0 0 0 1]
 [0 0 1 0]]",0.6797709996267931,1.0,EH38E2958952,chr11,57781492,57781992,shared,cross_context,64484,-1,MA0035.5,GATA1,64,71,11.400772630556496,+,GATA1,ig,0.0404822480465684,0.0713689439755398,0.058775297710672,1.214267466311898,True,0.0244469154360038,0.0422039158898405,0.044770292128087,0.9426765932714934,False,0.0198935052113873,0.0483498442493146,0.0486666995030827,0.9934890758589692,False,0.0282742228979865,21.39459991455078,4.419174862702777,0.6548137759346045,0.5774685349783968,0.4247689625001101,0.0404822480465684,0.0244469154360038,0.0198935052113873,0.8933546337095514,0.6553136844965781,0.4492647437284466,1.1281007078546246,1.0848191787402863,0.7384310647798534,1.214267466311898,0.9426765932714934,0.9934890758589692,-0.610843419217413,-0.7921857530765112,-1.23524973797379,K562,0.0773452409562077,0.6548137759346045,0.5774685349783968,0.4247689625001101,0.0773452409562077,0.07734524095620776,K562
GATA1,K562,norm_mean,"[[0 0 1 0]
 [0 1 0 0]
 [0 0 0 1]
 ...
 [0 1 0 0]
 [0 1 0 0]
 [0 1 0 0]]",0.7212756066631388,1.0,EH38E3296984,chr19,19138270,19138770,shared,cross_context,108811,-1,MA0035.5,GATA1,443,450,11.400772630556496,+,GATA1,ig,0.0678696188011339,0.058834096386563,0.0628925078210886,0.9354705205781286,False,0.0366430458213601,0.0449706998746842,0.0586736081307753,0.7664552026508871,False,0.0390231985864894,0.0450992819387465,0.046783957874868,0.9639901014675052,False,0.0478452877363278,1.0523200035095217,0.0735748562744885,1.1493794367756498,0.7281593819561356,0.8522141376717525,0.0678696188011339,0.0366430458213601,0.0390231985864894,1.3470578365591994,0.8285033023965209,0.9023338664973694,1.872467482933764,1.426141658375882,1.9385197487537376,0.9354705205781286,0.7664552026508871,0.9639901014675052,0.2008551449206826,-0.4576738260110583,-0.2307121081184536,K562,0.2971652991038973,1.1493794367756498,0.7281593819561356,0.8522141376717525,0.2971652991038973,0.29716529910389733,K562
GATA1,K562,norm_mean,"[[1 0 0 0]
 [0 1 0 0]
 [1 0 0 0]
 ...
 [0 0 1 0]
 [1 0 0 0]
 [1 0 0 0]]",0.0439714642328997,0.0,EH38E3704643,chr6,36546605,36547105,shared,cross_context,152692,-1,MA0035.5,GATA1,98,105,11.400772630556496,+,GATA1,ig,0.079820167273283,0.0867096846026834,0.0622022434934714,1.393995872059269,True,0.0252488051940287,0.0525945126469014,0.0473259081363223,1.1113257749253345,True,0.0358189812728336,0.0475126838724827,0.0438989966555234,1.0823179723704437,True,0.0469626512467151,0.4966900050640106,-1.0095794746816673,1.09765287732834,0.5249826585732819,0.7894999234988583,0.079820167273283,0.0252488051940287,0.0358189812728336,1.6498661783870927,0.4486475453761548,0.7677662325512146,1.6917248018715552,1.7436394322250155,1.2840340911687722,1.393995872059269,1.1113257749253345,1.0823179723704437,0.1344218886865053,-0.9296583242243917,-0.3409889667690798,K562,0.3081529538294817,1.09765287732834,0.5249826585732819,0.7894999234988583,0.3081529538294817,0.3081529538294817,K562
GATA1,K562,norm_mean,"[[0 1 0 0]
 [0 0 1 0]
 [0 0 1 0]
 ...
 [0 0 0 1]
 [0 0 0 1]
 [0 1 0 0]]",0.1491833349879179,0.0,EH38E1887380,chr17,76727234,76727734,shared,cross_context,5401,-1,MA0035.5,GATA1,369,376,11.400772630556496,+,GATA1,ig,0.0486573745230478,0.0590766774711664,0.0537658986577298,1.098775766020149,True,0.035320526155244,0.0471070024941582,0.0392136424013491,1.201290867068979,True,0.0336857964949948,0.0451455003258888,0.0406201636088856,1.111405893056382,True,0.0392212323910955,1.1174999475479126,0.1602760546945839,0.8791239674970273,0.8102436082454589,0.8261434561998294,0.0486573745230478,0.035320526155244,0.0336857964949948,0.8668198689671713,0.4711843319719289,1.2073749301550658,1.8682567838942188,3.003740664135314,1.362665222424522,1.098775766020149,1.201290867068979,1.111405893056382,-0.1858614754512921,-0.3035723584818518,-0.2755357720558072,K562,0.0529805112971978,0.8791239674970273,0.8102436082454589,0.8261434561998294,0.0529805112971978,0.05298051129719783,K562
GATA1,K562,norm_mean,"[[0 1 0 0]
 [1 0 0 0]
 [0 1 0 0]
 ...
 [0 0 0 1]
 [0 0 1 0]
 [0 0 0 1]]",0.0323234321981788,0.0,EH38E3196307,chr16,85461779,85462279,shared,cross_context,92017,-1,MA0035.5,GATA1,238,245,11.400772630556496,+,GATA1,ig,0.0937729009560176,0.062059555548476,0.0541517020341976,1.1460312743073484,True,0.06208159362099,0.0430240601958939,0.0586320263328394,0.7337978157820937,False,0.0754154261334666,0.0392104145209305,0.0531040319381132,0.7383696812876466,False,0.077089973570158,3.32273006439209,1.732369528729884,1.6382205139937611,1.1817150310699762,1.58180428642467,0.0937729009560176,0.06208159362099,0.0754154261334666,1.6770451517683975,1.3317946643070409,2.286598729254908,3.799922527176517,2.5327640055058693,2.874275852825652,1.1460312743073484,0.7337978157820937,0.7383696812876466,0.712129566060371,0.240882174782767,0.6615711099064141,K562,0.0564162275690911,1.6382205139937611,1.1817150310699762,1.58180428642467,0.0564162275690911,0.05641622756909115,K562
GATA1,K562,norm_mean,"[[1 0 0 0]
 [0 0 1 0]
 [0 1 0 0]
 ...
 [0 1 0 0]
 [1 0 0 0]
 [0 0 1 0]]",0.000503167806025,0.0,EH38E3944533,chrX,129932693,129933193,shared,cross_context,176930,-1,MA0035.5,GATA1,230,237,11.400772630556496,+,GATA1,ig,0.1158528913344655,0.0741480078687891,0.0652452647827419,1.1364502351425774,True,0.0528495954349637,0.0496732119226362,0.0523376909859974,0.9490904450680014,False,0.0477222051205379,0.0488222385221161,0.0533336228877604,0.9154118307459294,False,0.0721415639633224,6.070199966430664,2.6017442806446205,1.6857975049975105,1.0302692213999116,0.9253624880579178,0.1158528913344655,0.0528495954349637,0.0477222051205379,1.8481809063746255,1.2181491634723711,1.4656373737957746,4.565667178207139,2.530804239843123,1.5871112907994496,1.1364502351425774,0.9490904450680014,0.9154118307459294,0.7534312535766106,0.0430213811649471,-0.1119094765838507,K562,0.6555282835975988,1.6857975049975105,1.0302692213999116,0.9253624880579178,0.6555282835975988,0.6555282835975988,K562
GATA1,K562,norm_mean,"[[0 0 0 1]
 [0 1 0 0]
 [0 0 1 0]
 ...
 [1 0 0 0]
 [0 0 1 0]
 [1 0 0 0]]",0.0389420437070385,0.0,EH38E1877503,chr17,63551240,63551740,shared,cross_context,17601,-1,MA0035.5,GATA1,227,234,11.400772630556496,+,GATA1,ig,0.0648302954754659,0.085028542218497,0.0616621863386498,1.378941187101394,True,0.0249855152796953,0.0449677873507607,0.0446808248329594,1.006422272969476,True,0.0232128759047814,0.0518843882373767,0.0447834548894883,1.1585612762525468,True,0.0376762288866475,4.46996021270752,2.1602623127335834,0.9158157722142204,0.5578005524425635,0.488103759122865,0.0648302954754659,0.0249855152796953,0.0232128759047814,1.5451197964640724,0.7000540364249015,0.6948110035496993,1.5070094272618426,1.275315707423331,1.471134937564398,1.378941187101394,1.006422272969476,1.1585612762525468,-0.1268706819375215,-0.842178729096889,-1.0347402292657517,K562,0.3580152197716567,0.9158157722142204,0.5578005524425635,0.488103759122865,0.3580152197716567,0.35801521977165685,K562
GATA1,K562,norm_mean,"[[0 0 1 0]
 [0 0 0 1]
 [0 1 0 0]
 ...
 [0 1 0 0]
 [1 0 0 0]
 [0 1 0 0]]",0.0986546015666007,0.0,EH38E1903444,chr18,22559281,22559781,shared,cross_context,18616,-1,MA0035.5,GATA1,389,396,11.400772630556496,+,GATA1,ig,0.0625299901834556,0.0521856233247672,0.0679114448435773,0.7684362445918443,False,0.0357634344005158,0.0350495366263203,0.0529763145028317,0.6616075568709349,False,0.0274038022117955,0.0342277765792096,0.0508267154885371,0.6734208479932263,False,0.041899075598589,3.2282700538635254,1.6907617160529815,0.9285628274239652,0.7115289258769368,0.5374689436855892,0.0625299901834556,0.0357634344005158,0.0274038022117955,1.0765432968105366,1.1067085250320503,0.542717694836818,1.4785850139204595,1.4739776720654458,1.4497295087323063,0.7684362445918443,0.6616075568709349,0.6734208479932263,-0.1069285657831079,-0.4910056848487703,-0.8957466976595947,K562,0.2170339015470284,0.9285628274239652,0.7115289258769368,0.5374689436855892,0.2170339015470284,0.2170339015470284,K562
GATA1,K562,norm_mean,"[[0 0 0 1]
 [0 0 1 0]
 [1 0 0 0]
 ...
 [0 0 0 1]
 [0 0 1 0]
 [1 0 0 0]]",0.7896847924095877,1.0,EH38E3699958,chr6,30722552,30723052,shared,cross_context,21886,-1,MA0035.5,GATA1,146,153,11.400772630556496,+,GATA1,ig,0.0469976444063442,0.0617656852805521,0.0707128882145389,0.8734712738425532,False,0.0364410941089902,0.0769234487600624,0.0521735690737958,1.474375538838531,True,0.0363361351524612,0.0594302634603809,0.0561004161084796,1.0593549386855372,True,0.0399249578892652,0.4656200110912323,-1.1027719337348338,0.7112421097008564,0.6107162198689903,0.628139619285797,0.0469976444063442,0.0364410941089902,0.0363361351524612,0.9777463440491712,0.6761534562060008,0.6263579813425519,1.4408541818736282,1.29504807558604,1.317889798787344,0.8734712738425532,1.474375538838531,1.0593549386855372,-0.4915873501618168,-0.7114259306355115,-0.6708428238185347,K562,0.0831024904150594,0.7112421097008564,0.6107162198689903,0.628139619285797,0.0831024904150594,0.08310249041505946,K562
GATA1,K562,norm_mean,"[[0 1 0 0]
 [0 1 0 0]
 [0 0 0 1]
 ...
 [0 0 1 0]
 [0 0 1 0]
 [0 0 1 0]]",0.0986546015666007,0.0,EH38E3259683,chr18,22559593,22560093,shared,cross_context,27759,-1,MA0035.5,GATA1,77,84,11.400772630556496,+,GATA1,ig,0.0615090549524341,0.0732623746816534,0.0459561573970131,1.5941793850810766,True,0.04106955469719,0.0620412620459683,0.0459845963225234,1.3491745827033488,True,0.0373028212093881,0.036527368647803,0.0370755738165462,0.9852135796038768,False,0.0466271436196707,3.2282700538635254,1.6907617160529815,1.04459991035968,0.8096810759211932,1.000476365753479,0.0615090549524341,0.04106955469719,0.0373028212093881,1.151131359275965,0.9959072020249709,0.9126149567946876,2.3898910317418465,1.6373278374560187,2.423986802016884,1.5941793850810766,1.3491745827033488,0.9852135796038768,0.0629504864018283,-0.3045743342330826,0.0006870883128641,K562,0.0441235446062011,1.04459991035968,0.8096810759211932,1.000476365753479,0.0441235446062011,0.04412354460620094,K562
GATA1,K562,norm_mean,"[[0 1 0 0]
 [0 0 0 1]
 [0 0 1 0]
 ...
 [0 1 0 0]
 [0 1 0 0]
 [0 1 0 0]]",0.0509093342976778,0.0,EH38E3163920,chr16,3021711,3022211,shared,cross_context,87291,-1,MA0035.5,GATA1,53,60,11.400772630556496,+,GATA1,ig,0.129295565187931,0.0816428268470917,0.0682903588772751,1.195524759777069,True,0.0718499842498983,0.0480006937991129,0.0418196068127872,1.1478032908334943,True,0.0422988910494106,0.0401871450745966,0.0395832334441365,1.0152564968889508,True,0.08114814682908,0.7450199723243713,-0.4246470569065226,1.884253747875719,1.63635595325746,1.018621536895029,0.129295565187931,0.0718499842498983,0.0422988910494106,2.807508123266354,1.2854133548642752,0.5250768750235606,3.3586894878185065,3.6928370323331503,2.5564009074946736,1.195524759777069,1.1478032908334943,1.0152564968889508,0.9139932630365368,0.7104866098834879,0.0266181272428862,K562,0.247897794618259,1.884253747875719,1.63635595325746,1.018621536895029,0.247897794618259,0.247897794618259,K562
GATA1,K562,norm_mean,"[[1 0 0 0]
 [0 0 1 0]
 [0 1 0 0]
 ...
 [1 0 0 0]
 [1 0 0 0]
 [1 0 0 0]]",0.0021953561357228,0.0,EH38E3117564,chr14,101807880,101808380,shared,cross_context,81081,-1,MA0035.5,GATA1,67,74,11.400772630556496,+,GATA1,ig,0.1266493642968791,0.0625229547079652,0.0536357175308512,1.1656960311016955,True,0.0643975298984774,0.0497305317147402,0.0470276431506499,1.0574742387299605,True,0.021594065075208,0.0454222785535967,0.047268860230688,0.9609342963333094,False,0.0708803197568548,0.993340015411377,-0.0096390127991132,2.2192456501578883,1.4306070514065683,0.4799971851650754,0.1266493642968791,0.0643975298984774,0.021594065075208,3.0467364313621723,1.743454717254449,0.4889581434253445,3.276782781494344,3.180071971360446,1.093384587658112,1.1656960311016955,1.0574742387299605,0.9609342963333094,1.150069370145141,0.5166274586519394,-1.0589021463818815,K562,0.78863859875132,2.2192456501578883,1.4306070514065683,0.4799971851650754,0.78863859875132,0.78863859875132,K562
GATA1,K562,norm_mean,"[[0 0 1 0]
 [0 1 0 0]
 [0 1 0 0]
 ...
 [0 0 0 1]
 [1 0 0 0]
 [0 0 0 1]]",0.2005169416646255,0.0,EH38E2631444,chr8,53843330,53843830,shared,cross_context,183561,-1,MA0140.3,GATA1::TAL1,477,494,11.189871857111566,+,GATA1,ig,0.0709790454300887,0.0644897424348164,0.0593210559262661,1.08713054001718,True,0.0398705463089487,0.0363875340903177,0.0521225875685922,0.6981143647423275,False,0.035416090313126,0.0341743412258802,0.039633109208662,0.8622672630422484,False,0.0487552273507211,0.744949996471405,-0.4247825679339042,1.0872331946408396,0.7015760365655296,0.8212714782838563,0.0709790454300887,0.0398705463089487,0.035416090313126,0.9733746962608718,0.9760542043860522,0.8945553152156255,2.55439604095532,1.7118217601277097,2.076008085513842,1.08713054001718,0.6981143647423275,0.8622672630422484,0.1206614105697621,-0.5113286217280792,-0.2840688971527645,K562,0.2659617163569833,1.0872331946408396,0.7015760365655296,0.8212714782838563,0.2659617163569833,0.2659617163569833,K562
GATA1,K562,norm_mean,"[[0 0 0 1]
 [0 1 0 0]
 [0 0 0 1]
 ...
 [1 0 0 0]
 [1 0 0 0]
 [1 0 0 0]]",0.0650123752167826,0.0,EH38E3532746,chr3,116000211,116000711,shared,cross_context,136301,-1,MA0140.3,GATA1::TAL1,490,507,10.869170832471024,+,GATA1,ig,0.0529902222675873,0.0564501943922368,0.0492149224015884,1.1470135513264457,True,0.0282259732621776,0.0487967344594653,0.0473783819528762,1.0299364847164898,True,0.0286209435503491,0.0409379382809856,0.0417778412837651,0.9798957347740416,False,0.0366123796933714,0.4208900034427643,-1.24848142252658,1.017018201185806,0.5816663830837552,0.6933193522833829,0.0529902222675873,0.0282259732621776,0.0286209435503491,1.1905033493887536,0.5746715773884076,0.8385852821032063,2.2009990186997643,1.5303116194907895,1.5777800828669442,1.1470135513264457,1.0299364847164898,0.9798957347740416,0.0243455002064229,-0.7817361651705795,-0.5284080624779756,K562,0.323698848902423,1.017018201185806,0.5816663830837552,0.6933193522833829,0.323698848902423,0.32369884890242306,K562
GATA1,K562,norm_mean,"[[0 0 0 1]
 [0 0 0 1]
 [0 0 1 0]
 ...
 [0 0 0 1]
 [0 1 0 0]
 [0 1 0 0]]",0.1787450042239956,0.0,EH38E3872593,chr9,4661722,4662222,shared,cross_context,24440,-1,MA0140.3,GATA1::TAL1,140,157,10.865259150854328,+,GATA1,ig,0.0561704229673042,0.0593721357779577,0.0543903281382705,1.0915934301975196,True,0.0292432994636542,0.0414580563834169,0.0485378565480782,0.8541384146406912,False,0.0382402014973409,0.0443438650935422,0.0430823318066916,1.0292816786169838,True,0.0412179746427664,0.0,-19.93156856932417,0.959789430662474,0.6488236568036191,0.8413051838109112,0.0561704229673042,0.0292432994636542,0.0382402014973409,1.0006668644114407,0.5812834736869607,1.088114288067083,2.5079136269640023,1.6606048538693865,1.6495429486010105,1.0915934301975196,0.8541384146406912,1.0292816786169838,-0.0592101674053345,-0.624101669947313,-0.2492988595128923,K562,0.1184842468515627,0.959789430662474,0.6488236568036191,0.8413051838109112,0.1184842468515627,0.11848424685156278,K562
GATA1,K562,norm_mean,"[[0 1 0 0]
 [0 0 0 1]
 [1 0 0 0]
 ...
 [1 0 0 0]
 [0 0 1 0]
 [0 1 0 0]]",0.0363224730045351,0.0,EH38E2166781,chr22,41940787,41941287,shared,cross_context,26994,-1,MA0140.3,GATA1::TAL1,29,46,10.829212181004062,+,GATA1,ig,0.0505234559121377,0.0614300954481586,0.0622878511139424,0.986229007539452,False,0.0207405991797499,0.0358792414807248,0.0473325375246349,0.7580247283764087,False,0.0355333734358496,0.0445031246735015,0.0503784604603424,0.8833758601014712,False,0.0355991428425791,1.8941199779510496,0.9215284790196796,0.832412606718452,0.5257046625249939,0.7743287588947603,0.0505234559121377,0.0207405991797499,0.0355333734358496,0.9244251521638102,0.3538904210261896,0.9738754164622104,1.6830972807956357,1.6347875014350717,1.8396475194820117,0.986229007539452,0.7580247283764087,0.8833758601014712,-0.2646292785945798,-0.9276755617760528,-0.3689818675774072,K562,0.0580838478236916,0.832412606718452,0.5257046625249939,0.7743287588947603,0.0580838478236916,0.05808384782369169,K562
GATA1,K562,norm_mean,"[[0 0 1 0]
 [0 0 0 1]
 [0 0 0 1]
 ...
 [1 0 0 0]
 [0 0 1 0]
 [0 0 0 1]]",0.1068388215700519,0.0,EH38E3026462,chr12,69639349,69639849,shared,cross_context,72865,-1,MA0140.3,GATA1::TAL1,348,365,10.284521235832235,+,GATA1,ig,0.1172501241021296,0.0718170939025003,0.0723843685011615,0.9921628863795228,False,0.0412414565353709,0.0409020342497387,0.0559609867991639,0.7309025319282708,False,0.033479253117762,0.0432188081135973,0.0455636246153972,0.9485373254001233,False,0.0639902779184208,0.7449899911880493,-0.424705115013111,1.565471140923174,0.835028956894075,0.7449684458404011,0.1172501241021296,0.0412414565353709,0.033479253117762,1.5997625169485945,0.7409423653975672,0.668686801764088,3.695851365330777,2.064307268533838,2.2074686605008687,0.9921628863795228,0.7309025319282708,0.9485373254001233,0.6465969139137842,-0.2601018653416658,-0.4247487734077285,K562,0.7304421840290991,1.565471140923174,0.835028956894075,0.7449684458404011,0.7304421840290991,0.7304421840290991,K562
GATA1,K562,norm_mean,"[[0 0 0 1]
 [0 0 1 0]
 [0 1 0 0]
 ...
 [0 1 0 0]
 [0 1 0 0]
 [1 0 0 0]]",0.0587785373694082,0.0,EH38E3105299,chr14,75296335,75296835,shared,cross_context,80090,-1,MA0140.3,GATA1::TAL1,466,483,10.218903815903698,+,GATA1,ig,0.0573191299267551,0.056265712211607,0.0729501122946385,0.7712901698006102,False,0.0295597552869688,0.0369023960386402,0.0511793240555562,0.7210409576369631,False,0.0344585163847488,0.0401851607122807,0.0460248702066019,0.8731182032825046,False,0.0404458005328242,1.0885599851608276,0.1224222348338674,0.9335326129476632,0.6637448711101843,0.7654832907168603,0.0573191299267551,0.0295597552869688,0.0344585163847488,1.1885287649765603,0.5239496823408089,0.8834988394140892,1.911753390762129,2.226355303290337,1.860242839419704,0.7712901698006102,0.7210409576369631,0.8731182032825046,-0.0992276694807241,-0.5912992847480243,-0.3855572066728103,K562,0.168049322230803,0.9335326129476632,0.6637448711101843,0.7654832907168603,0.168049322230803,0.16804932223080293,K562
GATA1,K562,norm_mean,"[[1 0 0 0]
 [0 1 0 0]
 [0 0 0 1]
 ...
 [0 0 1 0]
 [0 1 0 0]
 [1 0 0 0]]",0.0198878870058069,0.0,EH38E3491176,chr22,50341963,50342463,shared,cross_context,195203,-1,MA0140.3,GATA1::TAL1,101,118,9.998587636782036,+,GATA1,ig,0.0592702730175326,0.0643241793476045,0.0517971008285238,1.2418487888359635,True,0.0532528346075731,0.0671234600478783,0.0477246839149841,1.4064723006385484,True,0.0346350336502141,0.0690165045048343,0.0537034766826529,1.285140104825405,True,0.0490527137584399,0.971239984035492,-0.0420987937455549,1.016476566361006,0.943042497142906,0.5587086613853773,0.0592702730175326,0.0532528346075731,0.0346350336502141,0.8465932206637037,0.8732959741320062,0.517388109419784,2.481162655945863,2.478783160294431,1.529689741323446,1.2418487888359635,1.4064723006385484,1.285140104825405,0.0235769573944193,-0.0846053075728979,-0.8398319064487487,K562,0.0734340692181001,1.016476566361006,0.943042497142906,0.5587086613853773,0.0734340692181001,0.07343406921810003,K562
GATA1,K562,norm_mean,"[[0 0 0 1]
 [0 1 0 0]
 [1 0 0 0]
 ...
 [0 1 0 0]
 [0 0 1 0]
 [0 1 0 0]]",0.0369570339570882,0.0,EH38E3309647,chr19,45449922,45450422,shared,cross_context,111394,-1,MA0140.3,GATA1::TAL1,289,306,9.969553720608667,+,GATA1,ig,0.0460705236970063,0.0533128716535429,0.0587876186144944,0.906872294562982,False,0.0246548247592085,0.0400948291062377,0.0532546158772161,0.7528891330244312,False,0.0251517453751362,0.0328255463211098,0.0434137678299194,0.7561089580756892,False,0.031959031277117,1.7382899522781372,0.797669578284568,0.8132621339508549,0.5124243827741023,0.6403561645816606,0.0460705236970063,0.0246548247592085,0.0251517453751362,0.821637811015065,0.4100692560726421,0.7886448027965908,2.5693754148472325,1.331572822439259,1.701014041264126,0.906872294562982,0.7528891330244312,0.7561089580756892,-0.2982076505348132,-0.964588966762488,-0.643053540722119,K562,0.1729059693691943,0.8132621339508549,0.5124243827741023,0.6403561645816606,0.1729059693691943,0.17290596936919433,K562
GATA1,K562,norm_mean,"[[0 1 0 0]
 [1 0 0 0]
 [0 1 0 0]
 ...
 [0 0 1 0]
 [0 1 0 0]
 [0 0 0 1]]",0.1889541965053679,0.0,EH38E3015135,chr12,48955998,48956498,shared,cross_context,70887,-1,MA0140.3,GATA1::TAL1,168,185,9.904771950049192,+,GATA1,ig,0.0877130228806944,0.0681642568478128,0.0620912485292005,1.0978076215954966,True,0.0658416768590755,0.06822141096025,0.0555438139253174,1.2282447649261334,True,0.0487668685998548,0.0528285104839596,0.0532040293632156,0.9929417224002062,False,0.0674405227798749,0.4469799995422363,-1.1617145888675828,1.395270862377265,1.1175297936087252,0.9460663883874696,0.0877130228806944,0.0658416768590755,0.0487668685998548,1.6079249431222649,1.4612176337358318,0.8262807788075806,3.438807433349884,2.4272651971131123,3.228101841669225,1.0978076215954966,1.2282447649261334,0.9929417224002062,0.4805452190568687,0.1603132958034386,-0.0799866678984159,K562,0.2777410687685397,1.395270862377265,1.1175297936087252,0.9460663883874696,0.2777410687685397,0.27774106876853977,K562
GATA1,K562,norm_mean,"[[0 0 0 1]
 [0 0 0 1]
 [0 0 0 1]
 ...
 [0 0 1 0]
 [1 0 0 0]
 [0 0 1 0]]",0.7286279429120665,1.0,EH38E3832331,chr8,48007751,48008251,shared,cross_context,221582,-1,MA0140.3,GATA1::TAL1,147,164,9.89930849397247,+,GATA1,ig,0.0837951455922687,0.062090568547137,0.0567337343752311,1.0944204235221369,True,0.0624307433198041,0.0651917721959762,0.0490220343858441,1.3298460521732398,True,0.0391697994816829,0.0485219724732451,0.039778683975558,1.2197980281368546,True,0.0617985627979186,0.744949996471405,-0.4247825679339042,1.4503193576769786,1.1425043604081937,0.953886414731956,0.0837951455922687,0.0624307433198041,0.0391697994816829,1.6642986032435036,1.3897304299395206,0.9223887637487392,3.949913612864233,2.7305921110955467,2.6115149776066917,1.0944204235221369,1.3298460521732398,1.2197980281368546,0.5363706150325658,0.1921996726531152,-0.0681106077091148,K562,0.3078149972687849,1.4503193576769786,1.1425043604081937,0.953886414731956,0.3078149972687849,0.3078149972687849,K562
GATA1,K562,norm_mean,"[[0 0 0 1]
 [0 0 1 0]
 [0 0 1 0]
 ...
 [0 0 0 1]
 [0 0 1 0]
 [0 0 1 0]]",0.0366212580100829,0.0,EH38E1344560,chr1,46246444,46246944,shared,cross_context,472,-1,MA0140.3,GATA1::TAL1,266,283,9.882622667551573,+,GATA1,ig,0.0752492362962049,0.0826776918204268,0.079643090221604,1.0381023791185826,True,0.0333393294062903,0.0616403550398536,0.0635488722646886,0.969967572098502,False,0.0444877774947706,0.0629069914942374,0.0570540185364781,1.102586322261489,True,0.0510254477324219,0.298009991645813,-1.74656255178227,0.930974267072789,0.5308526584350007,0.749705519382674,0.0752492362962049,0.0333393294062903,0.0444877774947706,1.0649974868021357,0.6290674659875349,0.7627381735272692,1.980483934700668,1.4663898342026556,2.143020683275272,1.0381023791185826,0.969967572098502,1.102586322261489,-0.1031868023308073,-0.913616604854647,-0.4156040695598025,K562,0.1812687476901149,0.930974267072789,0.5308526584350007,0.749705519382674,0.1812687476901149,0.18126874769011492,K562
GATA1,K562,norm_mean,"[[0 0 1 0]
 [0 1 0 0]
 [0 1 0 0]
 ...
 [0 0 0 1]
 [1 0 0 0]
 [0 0 0 1]]",0.1594780399439871,0.0,EH38E3227515,chr17,47229968,47230468,shared,cross_context,97660,-1,MA0035.5,GATA1,317,324,9.637958355368095,+,GATA1,ig,0.0958465422902788,0.065520378537476,0.0586407082721476,1.1173188267135543,True,0.0263744733695472,0.0435562737879809,0.0505202064902221,0.8621553273907862,False,0.0431302737976823,0.0472164055489702,0.051292243801944,0.9205367682084712,False,0.0551170964858361,0.8691800236701965,-0.2022714175561017,1.5612524709050764,0.5512211619148705,0.8686741877471723,0.0958465422902788,0.0263744733695472,0.0431302737976823,0.9468978478513264,0.7150572813400535,0.9476882395599766,3.998774936905445,0.942656711594362,1.4353518537625063,1.1173188267135543,0.8621553273907862,0.9205367682084712,0.6427038560301084,-0.859296816703232,-0.2031129240815051,K562,0.692578283157904,1.5612524709050764,0.5512211619148705,0.8686741877471723,0.692578283157904,0.692578283157904,K562
GATA1,K562,norm_mean,"[[0 1 0 0]
 [0 0 0 1]
 [0 0 1 0]
 ...
 [0 0 1 0]
 [1 0 0 0]
 [0 0 0 1]]",0.0077799155273215,0.0,EH38E3748198,chr6,166997304,166997804,shared,cross_context,198333,-1,MA0035.5,GATA1,155,162,9.637958355368095,+,GATA1,ig,0.067301869392395,0.0636625242850277,0.0581608889001789,1.094593197300667,True,0.0295321592794997,0.0480502462966251,0.0483806438531091,0.9931706678151316,False,0.0395005639376384,0.0573962954478338,0.0445743665814782,1.2876522309385126,True,0.0454448642031777,0.2630600035190582,-1.9265306973888363,1.1388968835701705,0.6476589105881043,0.8218548978481279,0.067301869392395,0.0295321592794997,0.0395005639376384,1.265239808067162,0.8978775716789688,0.5630089155535429,2.798510894144958,1.5129263042921903,2.689007581003419,1.094593197300667,0.9931706678151316,1.2876522309385126,0.1876371317224222,-0.6266938745488517,-0.2830443909934017,K562,0.3170419857220425,1.1388968835701705,0.6476589105881043,0.8218548978481279,0.3170419857220425,0.31704198572204256,K562
GATA1,K562,norm_mean,"[[0 0 1 0]
 [1 0 0 0]
 [0 0 1 0]
 ...
 [0 0 1 0]
 [1 0 0 0]
 [0 1 0 0]]",0.1035852421186092,0.0,EH38E2601914,chr7,151822580,151823080,shared,cross_context,38509,-1,MA0035.5,GATA1,353,360,9.637958355368095,+,GATA1,ig,0.1086485852886523,0.0619160868093604,0.0588493122631916,1.0521121472300607,True,0.0315792661027184,0.0303348414530046,0.0518536014538995,0.5850092327701002,False,0.0392328037747315,0.035158882382675,0.0533527878944823,0.6589885398739532,False,0.0598202183887007,0.993340015411377,-0.0096390127991132,1.4921076429486508,0.6181439114191583,0.7274853873981173,0.1086485852886523,0.0315792661027184,0.0392328037747315,1.5243175148814163,0.7509847424805902,0.8891886568984263,2.989515271573789,1.286189620105808,1.1509580506189507,1.0521121472300607,0.5850092327701002,0.6589885398739532,0.5773516185616607,-0.6939853383710359,-0.4590098232200791,K562,0.7646222555505335,1.4921076429486508,0.6181439114191583,0.7274853873981173,0.7646222555505335,0.7646222555505335,K562
GATA1,K562,norm_mean,"[[0 1 0 0]
 [0 0 1 0]
 [0 0 1 0]
 ...
 [1 0 0 0]
 [0 0 1 0]
 [0 0 0 1]]",0.0710004062637028,0.0,EH38E3250541,chr17,81481673,81482173,shared,cross_context,100613,-1,MA0035.5,GATA1,344,351,9.637958355368095,+,GATA1,ig,0.0731790456255631,0.0516706239638733,0.0561482768321304,0.9202529031447712,False,0.0363220801310879,0.0430739119599456,0.048967941571027,0.8796347524863857,False,0.0236719826768551,0.0332354155892971,0.0403957659888239,0.8227448235798772,False,0.0443910361445021,0.248319998383522,-2.0097218318306256,1.3372666417467274,0.7981388436390691,0.6321781805198112,0.0731790456255631,0.0363220801310879,0.0236719826768551,1.4291511425515704,0.9326368375004505,0.7599160283809305,3.2834513667072054,1.6947984035556394,1.5182279008707908,0.9202529031447712,0.8796347524863857,0.8227448235798772,0.419287158635465,-0.3252883546450386,-0.6615968507812284,K562,0.5391277981076583,1.3372666417467274,0.7981388436390691,0.6321781805198112,0.5391277981076583,0.5391277981076583,K562
GATA1,K562,norm_mean,"[[1 0 0 0]
 [0 0 1 0]
 [0 0 1 0]
 ...
 [0 0 0 1]
 [0 0 0 1]
 [0 0 0 1]]",0.1773135646601926,0.0,EH38E3061050,chr13,36999131,36999631,shared,cross_context,76425,-1,MA0035.5,GATA1,425,432,9.637958355368095,+,GATA1,ig,0.087049799306052,0.0600287238930468,0.0769262602279195,0.780341016341906,False,0.0355426810149635,0.0470018945261836,0.046459084918606,1.011683387472969,True,0.0506910363744412,0.0497927454358432,0.0452139628084842,1.101268973791656,True,0.0577611722318189,1.340999960899353,0.423310271011391,1.3401100473816754,0.8187464987187026,1.0788767226323062,0.087049799306052,0.0355426810149635,0.0506910363744412,0.8392066791759498,0.6980822158448268,0.830810736132751,3.5450350180997945,2.39862781370244,2.519018980600806,0.780341016341906,1.011683387472969,1.101268973791656,0.4223514780975749,-0.2885112611047382,0.1095300266750046,K562,0.2612333247493692,1.3401100473816754,0.8187464987187026,1.0788767226323062,0.2612333247493692,0.2612333247493692,K562
GATA1,K562,norm_mean,"[[0 1 0 0]
 [0 1 0 0]
 [0 1 0 0]
 ...
 [0 0 1 0]
 [0 1 0 0]
 [0 1 0 0]]",0.0785316044503062,0.0,EH38E3220719,chr17,38464249,38464749,shared,cross_context,14079,-1,MA0035.5,GATA1,241,248,9.637958355368095,+,GATA1,ig,0.126363595681531,0.0784474277927074,0.0608038498187222,1.2901718415012942,True,0.0283850986909653,0.0474418933317065,0.0438146858822363,1.0827849509493173,True,0.0521825208727802,0.0534044787898892,0.0521018039386641,1.025002293639116,True,0.0689770717484255,0.248319998383522,-2.0097218318306256,1.8666366364835252,0.6275506816739611,0.9918620975474416,0.126363595681531,0.0283850986909653,0.0521825208727802,2.016465742459695,0.4644498650936041,1.4695179180746312,4.41991910711415,1.6597618095194056,2.422519669829837,1.2901718415012942,1.0827849509493173,1.025002293639116,0.9004411175372607,-0.6721961152030218,-0.0117885423915176,K562,0.8747745389360839,1.8666366364835252,0.6275506816739611,0.9918620975474416,0.8747745389360839,0.8747745389360836,K562
GATA1,K562,norm_mean,"[[0 0 0 1]
 [0 1 0 0]
 [0 0 0 1]
 ...
 [0 0 1 0]
 [1 0 0 0]
 [1 0 0 0]]",0.0506935627189953,0.0,EH38E1658491,chr13,20182184,20182684,shared,cross_context,10666,-1,MA0035.5,GATA1,416,423,9.637958355368095,+,GATA1,ig,0.1013887664303183,0.0600122978421859,0.0580273167532868,1.0342075225580962,True,0.0239341901615262,0.0456374684430193,0.0487460523389745,0.936228820405258,False,0.0641755658601011,0.0497601734113413,0.0509896803100127,0.9758869510444946,False,0.0631661741506485,2.2022900581359863,1.139005150273911,1.6640631134418575,0.5388751479914938,1.259135581567407,0.1013887664303183,0.0239341901615262,0.0641755658601011,1.6391863891897689,0.422402822555152,0.9298451849344324,3.653961351164305,1.6378336157401172,2.636383714759046,1.0342075225580962,0.936228820405258,0.9758869510444946,0.734710152929422,-0.8919770385983993,0.3324336395033197,K562,0.4049275318744505,1.6640631134418575,0.5388751479914938,1.259135581567407,0.4049275318744505,0.4049275318744505,K562
GATA1,K562,norm_mean,"[[0 1 0 0]
 [0 1 0 0]
 [0 0 0 1]
 ...
 [1 0 0 0]
 [1 0 0 0]
 [1 0 0 0]]",0.010240486882032,0.0,EH38E3619258,chr4,184824777,184825277,shared,cross_context,196568,-1,MA0035.5,GATA1,202,209,9.637958355368095,+,GATA1,ig,0.0690625248742955,0.0603512112575117,0.0584352459712717,1.0327876596824004,True,0.0343792193037058,0.0394120802136603,0.0516112428517309,0.763633472081826,False,0.0379800789856484,0.0410888938891002,0.0495999853537021,0.8284051963330163,False,0.0471406077212166,3.1567299365997314,1.6584312980358025,1.1747221763019715,0.7392117087122749,0.8236815419736554,0.0690625248742955,0.0343792193037058,0.0379800789856484,1.1426497361214292,0.7917027008399775,0.921555433962433,2.474277375524422,1.825484821847373,2.341799570747492,1.0327876596824004,0.763633472081826,0.8284051963330163,0.2323195986444897,-0.435940484494289,-0.279841433663716,K562,0.3510406343283163,1.1747221763019715,0.7392117087122749,0.8236815419736554,0.3510406343283163,0.3510406343283161,K562
GATA1,K562,norm_mean,"[[0 0 0 1]
 [1 0 0 0]
 [0 1 0 0]
 ...
 [1 0 0 0]
 [1 0 0 0]
 [1 0 0 0]]",0.0535152725895156,0.0,EH38E1755292,chr15,39781832,39782332,shared,cross_context,3866,-1,MA0035.5,GATA1,426,433,9.637958355368095,+,GATA1,ig,0.0742174320455108,0.069995743286563,0.0758813046989962,0.9224371449574922,False,0.0272718389917697,0.0481742076925002,0.0796028597734402,0.6051817959529603,False,0.0453792079351842,0.0494561632268596,0.0633602344981045,0.7805551196750694,False,0.0489561596574882,0.4966300129890442,-1.0097537389536333,0.9931178408498792,0.4343066508194099,0.8063892271862082,0.0742174320455108,0.0272718389917697,0.0453792079351842,0.9643120381822948,0.456314291462298,0.6036192141321582,2.502588998035881,0.8972816248769029,2.7996843348900806,0.9224371449574922,0.6051817959529603,0.7805551196750694,-0.0099631789811694,-1.203214045679749,-0.3104517275601153,K562,0.186728613663671,0.9931178408498792,0.4343066508194099,0.8063892271862082,0.186728613663671,0.186728613663671,K562
GATA1,K562,norm_mean,"[[0 0 1 0]
 [0 0 1 0]
 [0 0 0 1]
 ...
 [0 0 1 0]
 [0 0 1 0]
 [0 1 0 0]]",0.1890971993581697,0.0,EH38E3755793,chr7,5240474,5240974,shared,cross_context,220727,-1,MA0035.5,GATA1,297,304,9.637958355368095,+,GATA1,ig,0.0506323377734848,0.0741601287486264,0.0674024015595652,1.100259279048038,True,0.0289643525944224,0.1128751035622553,0.0463290320942924,2.4363789635996187,True,0.0220892735357795,0.0416933957219589,0.0465151217985504,0.896340483404978,False,0.0338953213012289,0.5739799737930298,-0.800925179361617,0.7228839478962251,0.4004827759411175,0.4949241386987458,0.0506323377734848,0.0289643525944224,0.0220892735357795,0.8069722953002462,0.6768486073613917,0.3646029019962108,1.379138009643628,0.9711155890066766,1.1814502724269706,1.100259279048038,2.4363789635996187,0.896340483404978,-0.4681640380158385,-1.320187895089647,-1.0147206841749927,K562,0.2279598091974792,0.7228839478962251,0.4004827759411175,0.4949241386987458,0.2279598091974792,0.22795980919747932,K562
GATA1,K562,norm_mean,"[[1 0 0 0]
 [0 1 0 0]
 [0 1 0 0]
 ...
 [1 0 0 0]
 [0 0 1 0]
 [0 0 0 1]]",0.8240609023818759,1.0,EH38E3666141,chr5,141619338,141619838,shared,cross_context,147477,-1,MA0035.5,GATA1,263,270,9.637958355368095,+,GATA1,ig,0.084522793335574,0.0552160167548572,0.0549877290334104,1.0041514294906375,True,0.0246129674238285,0.0400667715710005,0.0404500909950375,0.9905234000754664,False,0.0485953635403088,0.0565917222225107,0.0408281741618292,1.3860945174098394,True,0.0525770414332371,0.7892400026321411,-0.341462186016165,1.5346322562227594,0.6107382006188905,1.0342561597440003,0.084522793335574,0.0246129674238285,0.0485953635403088,1.350702221460705,0.6448306000036755,1.033694112761323,3.238558771564454,1.8932935323449944,2.7631020956936374,1.0041514294906375,0.9905234000754664,1.3860945174098394,0.6178929850791658,-0.7113740064403951,0.0485935512867026,K562,0.5003760964787591,1.5346322562227594,0.6107382006188905,1.0342561597440003,0.5003760964787591,0.5003760964787591,K562
GATA1,K562,norm_mean,"[[0 1 0 0]
 [0 0 1 0]
 [0 0 1 0]
 ...
 [1 0 0 0]
 [0 1 0 0]
 [1 0 0 0]]",0.0394701726691575,0.0,EH38E2830147,chr1,110034853,110035353,shared,cross_context,51033,-1,MA0035.5,GATA1,345,352,9.637958355368095,+,GATA1,ig,0.0955775275360792,0.0601697299626539,0.051649621721343,1.164959515825361,True,0.0593746661075523,0.0356079430197132,0.0381483092620108,0.9334079117653996,False,0.0356768861945186,0.0357831054684356,0.0366579972375223,0.9761334061773226,False,0.0635430266127167,0.7892400026321411,-0.341462186016165,1.6214527905712848,1.620604498288171,0.977080856305282,0.0955775275360792,0.0593746661075523,0.0356768861945186,2.1337849833350218,2.0546083567967166,1.4241365450888352,2.8833873364011087,2.4160502311462766,1.660182893507347,1.164959515825361,0.9334079117653996,0.9761334061773226,0.6972870204897075,0.6965320510439476,-0.0334501390330141,K562,0.0008482922831136,1.6214527905712848,1.620604498288171,0.977080856305282,0.0008482922831136,0.0008482922831136719,K562
GATA1,K562,norm_mean,"[[0 0 0 1]
 [1 0 0 0]
 [0 1 0 0]
 ...
 [0 1 0 0]
 [1 0 0 0]
 [0 1 0 0]]",0.7609870681635503,1.0,EH38E3449624,chr20,63980374,63980874,shared,cross_context,194574,-1,MA0035.5,GATA1,59,66,9.637958355368095,+,GATA1,ig,0.0568222911762339,0.0582631658914033,0.0548064985172823,1.063070198551893,True,0.0240590080751904,0.0405135703113046,0.0340239501802716,1.1907364720816926,True,0.0229904971617673,0.040423614513711,0.0416947381186764,0.9695133401130678,False,0.0346239321377305,0.744949996471405,-0.4247825679339042,1.019809364708833,0.6669575704681735,0.5882378787579206,0.0568222911762339,0.0240590080751904,0.0229904971617673,0.7748278817031794,0.7239471730560234,0.62447228662386,2.835060469890639,1.4178486009052662,1.1563432395764923,1.063070198551893,1.1907364720816926,0.9695133401130678,0.0282994925394385,-0.5843331076595124,-0.7655284048832343,K562,0.3528517942406598,1.019809364708833,0.6669575704681735,0.5882378787579206,0.3528517942406598,0.3528517942406596,K562
GATA1,K562,norm_mean,"[[1 0 0 0]
 [0 1 0 0]
 [0 0 0 1]
 ...
 [0 0 0 1]
 [0 0 0 1]
 [0 1 0 0]]",0.926141863523068,1.0,EH38E3687967,chr6,5260261,5260761,shared,cross_context,149349,-1,MA0035.5,GATA1,111,118,9.637958355368095,+,GATA1,ig,0.071358415564256,0.0578483273112215,0.0500692352619909,1.1553664731418638,True,0.0181563166635377,0.0410545206186361,0.0448183214480153,0.9160207283989412,False,0.0238980717424835,0.0378728813456837,0.0473244983657202,0.8002805027155261,False,0.0378042679900924,1.340999960899353,0.423310271011391,1.2234165004172457,0.4032808099658807,0.5417687228872579,0.071358415564256,0.0181563166635377,0.0238980717424835,1.5590713134776322,0.4999022099598728,0.6213263425602635,2.344499376484223,1.0765343073121956,1.2547711612845522,1.1553664731418638,0.9160207283989412,0.8002805027155261,0.2909156403613262,-1.3101433342786724,-0.884250985207091,K562,0.6816477775299876,1.2234165004172457,0.4032808099658807,0.5417687228872579,0.6816477775299876,0.6816477775299878,K562
GATA1,K562,norm_mean,"[[0 0 1 0]
 [0 0 0 1]
 [0 0 0 1]
 ...
 [0 1 0 0]
 [1 0 0 0]
 [0 1 0 0]]",0.1075645639202183,0.0,EH38E2905082,chr10,68331081,68331581,shared,cross_context,185966,-1,MA0035.5,GATA1,239,246,9.637958355368095,+,GATA1,ig,0.1288179776498249,0.0709379024605732,0.0605654687807635,1.17125966620946,True,0.0670200123318604,0.0547551423113327,0.0424696964947566,1.2892752700820491,True,0.0701416295820048,0.0627878683229209,0.039017029678246,1.609242239818834,True,0.0886598731878967,0.9807400107383728,-0.0280558879575176,1.9935555282552249,1.417851857154416,1.4521320830936035,0.1288179776498249,0.0670200123318604,0.0701416295820048,2.387023078394966,1.8153829467390965,1.9375014332593423,3.6248545720223775,3.120581034479017,3.4933001207406376,1.17125966620946,1.2892752700820491,1.609242239818834,0.9953437912722362,0.5037068029082807,0.5381726850142041,K562,0.5414234451616211,1.9935555282552249,1.417851857154416,1.4521320830936035,0.5414234451616211,0.5414234451616213,K562
GATA1,K562,norm_mean,"[[0 1 0 0]
 [0 1 0 0]
 [0 1 0 0]
 ...
 [0 1 0 0]
 [0 0 1 0]
 [0 0 1 0]]",0.0710297604168588,0.0,EH38E3251088,chr17,81910361,81910861,shared,cross_context,29048,-1,MA0035.5,GATA1,301,308,9.637958355368095,+,GATA1,ig,0.0666844770312309,0.0626392783480696,0.0629559305251588,0.9949700985411754,False,0.0387052611580916,0.0384688734344672,0.0498083243887363,0.7723380816999692,False,0.0234170344525149,0.0517468420171644,0.0571222286034517,0.905896604935184,False,0.0429355908806125,8.9404296875,3.1603443320522184,1.0632614281839017,0.854367542851844,0.4277921014569585,0.0666844770312309,0.0387052611580916,0.0234170344525149,1.3294180599191685,0.6728121175796835,0.3801488140090375,2.1361684589489145,1.7386571825043906,0.8270755170347265,0.9949700985411754,0.7723380816999692,0.905896604935184,0.0884963628294797,-0.2270712526528281,-1.2250182459780268,K562,0.2088938853320574,1.0632614281839017,0.854367542851844,0.4277921014569585,0.2088938853320574,0.20889388533205766,K562
GATA1,K562,norm_mean,"[[0 0 0 1]
 [1 0 0 0]
 [0 0 1 0]
 ...
 [0 0 0 1]
 [0 0 1 0]
 [0 0 1 0]]",0.147880076139551,0.0,EH38E1569762,chr11,111977960,111978460,shared,cross_context,202285,-1,MA0035.5,GATA1,310,317,9.637958355368095,+,GATA1,ig,0.0748948796785303,0.0530681572679895,0.0796487843438696,0.6662769688499888,False,0.0416449815966188,0.0530417075986042,0.0415569756166031,1.2763608046059207,True,0.039891507143953,0.0503386569453869,0.0498333609391184,1.0101395108688465,True,0.052143789473034,3.41294002532959,1.7710154852836475,1.097861745547364,0.901972460667318,0.8068840022471359,0.0748948796785303,0.0416449815966188,0.039891507143953,1.0790691380535795,1.0227363822178257,0.6007384018828983,2.244770013144535,1.9464977506796008,2.060590258853389,0.6662769688499888,1.2763608046059207,1.0101395108688465,0.1346963875591433,-0.1488447079948243,-0.309566806723114,K562,0.1958892848800461,1.097861745547364,0.901972460667318,0.8068840022471359,0.1958892848800461,0.1958892848800461,K562
GATA1,K562,norm_mean,"[[1 0 0 0]
 [0 0 0 1]
 [0 1 0 0]
 ...
 [0 0 0 1]
 [0 1 0 0]
 [0 0 0 1]]",0.0010031564515439,0.0,EH38E3491380,chr22,50508631,50509131,shared,cross_context,28260,-1,MA0140.3,GATA1::TAL1,196,213,9.558249376283044,+,GATA1,ig,0.056354859350797,0.0598878759052604,0.0692152856936445,0.8652404834089215,False,0.0333447111222673,0.0412751412304351,0.0496392293885276,0.8315022901010521,False,0.0335083729313576,0.0491512323764618,0.0413999085307966,1.1872301714772504,True,0.0410693144681406,1.262719988822937,0.3365358960458296,0.8703353384205278,0.7271403759838269,0.758442123868844,0.056354859350797,0.0333447111222673,0.0335083729313576,1.0214709693838206,0.634563516445701,0.8158026385998434,1.916728769469976,1.9030852253958,2.203757459262923,0.8652404834089215,0.8315022901010521,1.1872301714772504,-0.2003567177137814,-0.4596941865492958,-0.3988889992539953,K562,0.1118932145516837,0.8703353384205278,0.7271403759838269,0.758442123868844,0.1118932145516837,0.11189321455168377,K562
GATA1,K562,norm_mean,"[[0 0 1 0]
 [0 1 0 0]
 [0 0 1 0]
 ...
 [0 0 1 0]
 [0 1 0 0]
 [0 0 0 1]]",0.0934488723534643,0.0,EH38E3491379,chr22,50508421,50508921,shared,cross_context,132434,-1,MA0140.3,GATA1::TAL1,406,423,9.558249376283044,+,GATA1,ig,0.0634410210392054,0.0624260385194793,0.0501238156971521,1.2454364297062452,True,0.0258294283823274,0.0475093976163771,0.0395596918941009,1.200954388977879,True,0.0306269527303383,0.0556969377025961,0.0488158432673662,1.140960036026451,True,0.0399658007172904,1.262719988822937,0.3365358960458296,0.9822653028652484,0.5448344660949287,0.5834675992555589,0.0634410210392054,0.0258294283823274,0.0306269527303383,0.872662822328405,0.6388159933037475,0.5983898923625672,2.286424560845484,1.442585954963929,1.457458960539627,1.2454364297062452,1.200954388977879,1.140960036026451,-0.0258153545872093,-0.8761101214675601,-0.7772755490634224,K562,0.3987977036096896,0.9822653028652484,0.5448344660949287,0.5834675992555589,0.3987977036096896,0.39879770360968947,K562
GATA1,K562,norm_mean,"[[0 0 1 0]
 [1 0 0 0]
 [1 0 0 0]
 ...
 [0 1 0 0]
 [0 0 1 0]
 [0 0 0 1]]",0.9070864571354555,1.0,EH38E2837489,chr1,151399510,151400010,shared,cross_context,52346,-1,MA0140.3,GATA1::TAL1,207,224,9.513264025520336,+,GATA1,ig,0.0505306976573432,0.0639091672853101,0.0611768178544783,1.0446629798676583,True,0.0324374176561832,0.0605700614361558,0.0455592607475596,1.3294782915154593,True,0.0305451171965721,0.0336558651132509,0.0562112385142916,0.5987389713411883,False,0.0378377441700328,0.5587199926376343,-0.839800067677145,0.8118145122538151,0.6307976833150879,0.6444043353141291,0.0505306976573432,0.0324374176561832,0.0305451171965721,0.800671271594148,0.7179032066108185,0.8669568369593705,1.8561472170040627,1.564479137590315,1.899161463325548,1.0446629798676583,1.3294782915154593,0.5987389713411883,-0.3007779627697862,-0.6647507309435795,-0.6339618926525625,K562,0.1674101769396859,0.8118145122538151,0.6307976833150879,0.6444043353141291,0.1674101769396859,0.16741017693968596,K562
GATA1,K562,norm_mean,"[[0 1 0 0]
 [0 0 1 0]
 [0 1 0 0]
 ...
 [0 0 1 0]
 [1 0 0 0]
 [1 0 0 0]]",0.1459639106701089,0.0,EH38E3185858,chr16,66516703,66517203,shared,cross_context,26031,-1,MA0140.3,GATA1::TAL1,116,133,9.452136125610274,+,GATA1,ig,0.051972823244903,0.046671957236249,0.0597254983567836,0.7814409373871487,False,0.0343967538107843,0.039669539554743,0.0485667224254159,0.8168047874265306,False,0.0393918884151122,0.0355188161792466,0.0572014036692313,0.6209429785185928,False,0.0419204884902665,1.0885599851608276,0.1224222348338674,0.9573491148969676,0.7818747046493919,0.8184348434540046,0.051972823244903,0.0343967538107843,0.0393918884151122,1.2515505411824603,0.8781868955805632,1.2206256044168586,1.9606144988113765,1.6295140636191645,1.5970465450319238,0.7814409373871487,0.8168047874265306,0.6209429785185928,-0.0628829675365826,-0.3549906587369529,-0.2890605264770541,K562,0.1389142714429631,0.9573491148969676,0.7818747046493919,0.8184348434540046,0.1389142714429631,0.13891427144296298,K562
GATA1,K562,norm_mean,"[[0 1 0 0]
 [0 0 1 0]
 [0 1 0 0]
 ...
 [0 1 0 0]
 [1 0 0 0]
 [0 0 1 0]]",0.0316916943577274,0.0,EH38E2435267,chr5,177005386,177005886,shared,cross_context,33608,-1,MA0140.3,GATA1::TAL1,202,219,9.384237280104209,+,GATA1,ig,0.089221434229437,0.074339406164363,0.0789828958936155,0.9412088011106224,False,0.0488757315530058,0.0522355176392011,0.0625683467947847,0.8348551938246696,False,0.03122782389469,0.0375015939667355,0.04538558637498,0.8262884474821885,False,0.0564416632257109,0.8691800236701965,-0.2022714175561017,1.1597708559422868,0.8358049616467792,0.7395725838669469,0.089221434229437,0.0488757315530058,0.03122782389469,1.2474992841271986,1.1055739713207569,1.0644752164859264,2.228898020880405,1.3698537506110808,1.7436223430057378,0.9412088011106224,0.8348551938246696,0.8262884474821885,0.2138397913799347,-0.2587617701051897,-0.435236348254448,K562,0.3239658942955076,1.1597708559422868,0.8358049616467792,0.7395725838669469,0.3239658942955076,0.3239658942955076,K562
GATA1,K562,norm_mean,"[[0 1 0 0]
 [0 0 0 1]
 [0 0 1 0]
 ...
 [0 1 0 0]
 [1 0 0 0]
 [0 0 0 1]]",0.1096323849133804,0.0,EH38E3302369,chr19,35145034,35145534,shared,cross_context,31466,-1,MA0140.3,GATA1::TAL1,165,182,9.249676960218954,+,GATA1,ig,0.0821785905179293,0.0607501363544724,0.0628031393467881,0.9673103496612996,False,0.0311576882377266,0.0545231655600946,0.0467533922784931,1.1661860507032165,True,0.0288778684266349,0.0445175587583798,0.0484415925751378,0.9189943435361908,False,0.0474047157274303,0.7450199723243713,-0.4246470569065226,1.330748592691898,0.6332975885912142,0.6383757821599751,0.0821785905179293,0.0311576882377266,0.0288778684266349,1.4911076825680534,0.4519433211358607,0.8715805723391541,2.668631050608574,2.5757480841897467,1.235386948028338,0.9673103496612996,1.1661860507032165,0.9189943435361908,0.4122380416533696,-0.6590445065460664,-0.647522171049034,K562,0.6923728105319229,1.330748592691898,0.6332975885912142,0.6383757821599751,0.6923728105319229,0.6923728105319229,K562
GATA1,K562,norm_mean,"[[0 0 1 0]
 [0 0 1 0]
 [0 0 0 1]
 ...
 [0 0 1 0]
 [0 1 0 0]
 [0 0 0 1]]",0.0841808146712013,0.0,EH38E3183341,chr16,57535306,57535806,shared,cross_context,25960,-1,MA0140.3,GATA1::TAL1,428,445,9.058411630695376,+,GATA1,ig,0.045347014989923,0.0671638837992213,0.0606706992303952,1.1070232184721702,True,0.035106919486733,0.0503394015936646,0.0632108379801502,0.7963728252699991,False,0.0301605774199261,0.033913054701552,0.0541457671637181,0.6263287088670031,False,0.0368715039655274,3.3231799602508545,1.7325648555783109,0.6921599514520399,0.6064744984437491,0.6517311097647223,0.045347014989923,0.035106919486733,0.0301605774199261,0.7201536407142229,0.7284126816211519,0.5739381359719203,2.043103554764245,1.6705092888237536,1.816963756902715,1.1070232184721702,0.7963728252699991,0.6263287088670031,-0.5308226235808327,-0.7214811095572085,-0.6176512303999848,K562,0.0404288416873176,0.6921599514520399,0.6064744984437491,0.6517311097647223,0.0404288416873176,0.04042884168731764,K562
GATA1,K562,norm_mean,"[[0 1 0 0]
 [0 0 1 0]
 [0 1 0 0]
 ...
 [0 0 1 0]
 [0 1 0 0]
 [0 0 1 0]]",0.1844204008438958,0.0,EH38E3567262,chr4,1870924,1871424,shared,cross_context,139770,-1,MA0140.3,GATA1::TAL1,379,396,8.90517530190141,+,GATA1,ig,0.0471892585457466,0.0487828554527368,0.0548873932494057,0.8887805318657518,False,0.0255443498711375,0.0436437019123695,0.0435794126790844,1.001474990473335,True,0.0320890649934025,0.0420158270886167,0.0372700394969433,1.1273348883548613,True,0.0349408911367622,0.4021100103855133,-1.3143342551154054,0.8737869748184923,0.6226260279381224,0.7894704891661182,0.0471892585457466,0.0255443498711375,0.0320890649934025,0.7094324101050627,0.5338336871072654,0.9540193856865266,2.483252521889169,1.7140514687119377,1.501061731218148,0.8887805318657518,1.001474990473335,1.1273348883548613,-0.194646492952918,-0.6835622048213409,-0.3410427546874431,K562,0.0843164856523741,0.8737869748184923,0.6226260279381224,0.7894704891661182,0.0843164856523741,0.08431648565237415,K562
GATA1,K562,norm_mean,"[[0 0 1 0]
 [1 0 0 0]
 [0 0 0 1]
 ...
 [0 1 0 0]
 [0 0 1 0]
 [0 1 0 0]]",0.8604243960249215,1.0,EH38E3750681,chr6,170583741,170584241,shared,cross_context,156746,-1,MA0140.3,GATA1::TAL1,37,54,8.731690902006978,+,GATA1,ig,0.1029628949678119,0.0835093122837133,0.0598877851653378,1.394429567045529,True,0.0548686508965842,0.0481765502816415,0.0509694093855796,0.945205004537912,False,0.0403752904933165,0.0524654434857075,0.0430927652597893,1.217499758820686,True,0.0660689454525709,0.2979899942874908,-1.7466593638412025,1.535082611885491,1.1968901891284942,0.9075604827931284,0.1029628949678119,0.0548686508965842,0.0403752904933165,1.7128046446600238,1.528939091704308,0.9992581213808908,2.820375977308625,2.2225036922900765,2.3576347651203475,1.394429567045529,0.945205004537912,1.217499758820686,0.6183162985876922,0.2592907968727781,-0.1399343010785298,K562,0.3381924227569968,1.535082611885491,1.1968901891284942,0.9075604827931284,0.3381924227569968,0.3381924227569968,K562
GATA1,K562,norm_mean,"[[0 0 1 0]
 [0 1 0 0]
 [0 0 0 1]
 ...
 [0 0 1 0]
 [0 0 1 0]
 [0 1 0 0]]",0.1202715738224942,0.0,EH38E3295507,chr19,17947366,17947866,shared,cross_context,192330,-1,MA0140.3,GATA1::TAL1,1,18,8.698047442671488,+,GATA1,ig,0.0965963640414616,0.0749832629668526,0.0660953095369041,1.1344716008973372,True,0.0468944195822319,0.0531103387544862,0.0489854677621042,1.0842057928354656,True,0.058681008296416,0.0581206981395371,0.0539081100898329,1.078143664492183,True,0.0673905973067032,0.573930025100708,-0.8010507303286362,1.497443981738616,0.960504043207824,1.1689875959042124,0.0965963640414616,0.0468944195822319,0.058681008296416,1.255252967604981,0.912915622101055,0.7996978741476481,5.503940643856271,3.114971299840142,3.4972109484466705,1.1344716008973372,1.0842057928354656,1.078143664492183,0.582502034842584,-0.0581364065079721,0.2252596227868387,K562,0.3284563858344036,1.497443981738616,0.960504043207824,1.1689875959042124,0.3284563858344036,0.3284563858344036,K562
GATA1,K562,norm_mean,"[[1 0 0 0]
 [0 0 1 0]
 [0 1 0 0]
 ...
 [1 0 0 0]
 [1 0 0 0]
 [0 1 0 0]]",0.0655296627417858,0.0,EH38E3350532,chr2,69913930,69914430,shared,cross_context,116791,-1,MA0035.5,GATA1,51,58,8.69226886002684,+,GATA1,ig,0.0777908575588039,0.0598666389158461,0.0653171697084326,0.9165527229296028,False,0.048027154191264,0.0641289340762887,0.0482745335192885,1.3284213459349528,True,0.0288004370938454,0.0519104471622267,0.0520958295010495,0.9964413215988374,False,0.0515394829479711,1.1174999475479126,0.1602760546945839,1.274689911267227,0.9538638083334656,0.5892098210300213,0.0777908575588039,0.048027154191264,0.0288004370938454,1.2730732565661529,1.5112747302663372,0.4290887747626329,2.8451486656889258,1.8049262629959464,1.5425646442571652,0.9165527229296028,1.3284213459349528,0.9964413215988374,0.3501463322263183,-0.0681447989135689,-0.763146614826066,K562,0.3208261029337614,1.274689911267227,0.9538638083334656,0.5892098210300213,0.3208261029337614,0.32082610293376135,K562
GATA1,K562,norm_mean,"[[0 1 0 0]
 [0 1 0 0]
 [0 0 0 1]
 ...
 [0 0 1 0]
 [0 1 0 0]
 [0 0 0 1]]",0.0208829883505857,0.0,EH38E3305922,chr19,40284365,40284865,shared,cross_context,110456,-1,MA0035.5,GATA1,39,46,8.69226886002684,+,GATA1,ig,0.0981286113549556,0.0640857795660849,0.0560982158617116,1.142385139310172,True,0.0383880155360592,0.0551486695220228,0.0581019785310491,0.94917008722605,False,0.0425750591925212,0.0423991492821369,0.0449130928487284,0.9440262772523484,False,0.059697228694512,0.5587199926376343,-0.839800067677145,1.761019379698782,0.7695467654854461,1.0600658435828805,0.0981286113549556,0.0383880155360592,0.0425750591925212,1.6557092270097409,0.4714064801486149,1.0682812286986476,4.787466749336084,3.1681517259429577,2.1234513119589904,1.142385139310172,0.94917008722605,0.9440262772523484,0.8164107866729053,-0.3779190909765374,0.084153878659161,K562,0.7009535361159016,1.761019379698782,0.7695467654854461,1.0600658435828805,0.7009535361159016,0.7009535361159016,K562
GATA1,K562,norm_mean,"[[1 0 0 0]
 [0 0 0 1]
 [1 0 0 0]
 ...
 [1 0 0 0]
 [0 0 1 0]
 [0 0 1 0]]",0.0258398716782005,0.0,EH38E1860250,chr17,38703442,38703942,shared,cross_context,5076,-1,MA0035.5,GATA1,209,216,8.69226886002684,+,GATA1,ig,0.0772584874981216,0.0661875408969353,0.070468630982736,0.9392481531345346,False,0.0429226248525083,0.0430114594486076,0.0544770117640161,0.7895339733314524,False,0.0443374227200235,0.0418460166943259,0.0609270627020846,0.6868213888912832,False,0.0548395116902178,0.6530900001525879,-0.6146440674006014,1.1230030338753625,0.8584820221216656,0.8291471212365868,0.0772584874981216,0.0429226248525083,0.0443374227200235,1.1070340768635645,0.9689198758425632,0.9267230650429006,3.111085051499312,2.069786296918503,2.1141936624671254,0.9392481531345346,0.7895339733314524,0.6868213888912832,0.1673618265753073,-0.2201401708227565,-0.270299981478545,K562,0.2645210117536967,1.1230030338753625,0.8584820221216656,0.8291471212365868,0.2645210117536967,0.2645210117536969,K562
GATA1,K562,norm_mean,"[[0 0 0 1]
 [0 0 1 0]
 [0 1 0 0]
 ...
 [1 0 0 0]
 [0 1 0 0]
 [0 1 0 0]]",0.0366960474191737,0.0,EH38E2798138,chr1,27858218,27858718,shared,cross_context,47126,-1,MA0035.5,GATA1,78,85,8.69226886002684,+,GATA1,ig,0.0486251302063465,0.0574576914322096,0.0622213141503743,0.9234405120236252,False,0.0196458647094134,0.0320591251432779,0.0446266004280187,0.7183858427918978,False,0.0211488088326794,0.0465322998794727,0.0447657155329943,1.0394626541945868,True,0.0298066012494798,1.614199995994568,0.690820230332136,0.8326122018285709,0.4982996133599383,0.4730680472552157,0.0486251302063465,0.0196458647094134,0.0211488088326794,1.028895198780003,0.4775767561890666,0.3343531521271392,1.551318371812714,1.0669571279466654,1.287599864960052,0.9234405120236252,0.7183858427918978,1.0394626541945868,-0.2642833920046509,-1.00491463738452,-1.0798803725929118,K562,0.3343125884686326,0.8326122018285709,0.4982996133599383,0.4730680472552157,0.3343125884686326,0.3343125884686326,K562
GATA1,K562,norm_mean,"[[0 0 0 1]
 [0 0 1 0]
 [0 0 1 0]
 ...
 [0 1 0 0]
 [0 1 0 0]
 [0 1 0 0]]",0.6781433983613796,1.0,EH38E1953380,chr19,39436158,39436658,shared,cross_context,20462,-1,MA0035.5,GATA1,99,106,8.69226886002684,+,GATA1,ig,0.0412748586386442,0.0658000133850146,0.083289577436661,0.7900148795316498,False,0.0243367890694311,0.0495699510676786,0.0841513540524307,0.5890570120383783,False,0.0189207138360611,0.0414502070646267,0.054070011295936,0.766602380971175,False,0.0281774538480454,2.4828100204467773,1.31197445473263,0.5718125934951889,0.3835578667524819,0.4172222797539843,0.0412748586386442,0.0243367890694311,0.0189207138360611,0.7302682036717462,0.4627136567318766,0.6218460428063239,0.892783754572724,0.609457487237777,0.717870439695243,0.7900148795316498,0.5890570120383783,0.766602380971175,-0.8063856983957078,-1.3824838399194008,-1.2611118913082795,K562,0.1545903137412045,0.5718125934951889,0.3835578667524819,0.4172222797539843,0.1545903137412045,0.15459031374120458,K562
GATA1,K562,norm_mean,"[[0 1 0 0]
 [0 0 1 0]
 [0 0 1 0]
 ...
 [1 0 0 0]
 [0 0 1 0]
 [0 1 0 0]]",0.915204171118046,1.0,EH38E3876832,chr9,19049712,19050212,shared,cross_context,169018,-1,MA0035.5,GATA1,28,35,8.69226886002684,+,GATA1,ig,0.0702551611300025,0.0696171088627306,0.0577154431119561,1.2062126364612922,True,0.0197020468435117,0.0500027208373649,0.0413574936729855,1.2090362424370964,True,0.034360441379249,0.0515145185834262,0.043411946214037,1.1866435672569235,True,0.0414392164509211,3.156610012054444,1.6583764888560697,1.1455699964046566,0.4347858196774227,0.7645253997682584,0.0702551611300025,0.0197020468435117,0.034360441379249,1.433111899211928,0.5339483331602679,1.0797708524931136,1.7805201604410423,0.7716782338855739,1.3697458009586618,1.2062126364612922,1.2090362424370964,1.1866435672569235,0.196065613878979,-1.2016232032156235,-0.3873636600721992,K562,0.3810445966363982,1.1455699964046566,0.4347858196774227,0.7645253997682584,0.3810445966363982,0.3810445966363982,K562
GATA1,K562,norm_mean,"[[1 0 0 0]
 [0 0 0 1]
 [0 0 0 1]
 ...
 [0 0 0 1]
 [0 0 1 0]
 [0 1 0 0]]",0.7035447207688292,1.0,EH38E1873603,chr17,57849497,57849997,shared,cross_context,17460,-1,MA0035.5,GATA1,259,266,8.69226886002684,+,GATA1,ig,0.0727375689893961,0.0663781163317617,0.055045577808834,1.2058753294139406,True,0.0478984878531524,0.0549672328529413,0.0460305387991516,1.1941468065650012,True,0.0296821969095617,0.045548060471483,0.0484690148180398,0.9397354422226866,False,0.0501060845840367,3.3526499271392822,1.7453022797611393,1.2230484951535523,0.967227382171334,0.6271591073210327,0.0727375689893961,0.0478984878531524,0.0296821969095617,1.0455199216381206,0.7703428381800058,0.6180938795966584,2.8094716977059027,2.383041580424647,1.4769772649415704,1.2058753294139406,1.1941468065650012,0.9397354422226866,0.29048161054812,-0.0480730055874835,-0.673096598166499,K562,0.2558211129822183,1.2230484951535523,0.967227382171334,0.6271591073210327,0.2558211129822183,0.2558211129822183,K562
GATA1,K562,norm_mean,"[[0 1 0 0]
 [0 0 0 1]
 [0 0 0 1]
 ...
 [0 0 0 1]
 [0 0 1 0]
 [1 0 0 0]]",0.1560946089386789,0.0,EH38E3725700,chr6,109008757,109009257,shared,cross_context,154759,-1,MA0035.5,GATA1,181,188,8.69226886002684,+,GATA1,ig,0.0663212444633245,0.0469506522605661,0.0527782564947724,0.8895830685385715,False,0.0366013732605746,0.0345936470726155,0.0349105953322526,0.990920860391261,False,0.0413515381515026,0.0370555737649556,0.0430008844656109,0.8617396039189389,False,0.0480913852918006,0.3724800050258636,-1.4247612388527513,1.2963804355446196,1.067184547981277,1.0334312366095524,0.0663212444633245,0.0366013732605746,0.0413515381515026,1.6909403508046812,0.9332680877948788,1.3184624887102627,1.949804952765429,2.155313640401947,2.0388211026171508,0.8895830685385715,0.990920860391261,0.8617396039189389,0.3744891544686215,0.093809684013831,0.0474423979941178,K562,0.2291958875633426,1.2963804355446196,1.067184547981277,1.0334312366095524,0.2291958875633426,0.22919588756334264,K562
GATA1,K562,norm_mean,"[[0 0 1 0]
 [1 0 0 0]
 [0 0 0 1]
 ...
 [0 1 0 0]
 [0 1 0 0]
 [0 1 0 0]]",0.0855623321706947,0.0,EH38E1866949,chr17,47099074,47099574,shared,cross_context,29409,-1,MA0035.5,GATA1,285,292,8.69226886002684,+,GATA1,ig,0.085630432835647,0.0545141393295489,0.0571418728829415,0.9540137037700406,False,0.0536077756966863,0.0398621624661609,0.052816746707928,0.7547256770534992,False,0.036942678370646,0.0394892441786942,0.053949656543689,0.7319645645393444,False,0.0587269623009931,0.3725000023841858,-1.4246837870769975,1.5259698899866418,1.1225263647381163,0.7648420123318296,0.085630432835647,0.0536077756966863,0.036942678370646,1.4501512898273476,1.2422070054186525,0.510558219265457,3.5342903388616804,2.195478769085853,2.232950100051214,0.9540137037700406,0.7547256770534992,0.7319645645393444,0.609726496541516,0.1667493311783724,-0.3867663210970628,K562,0.4034435252485255,1.5259698899866418,1.1225263647381163,0.7648420123318296,0.4034435252485255,0.40344352524852556,K562
GATA1,K562,norm_mean,"[[0 1 0 0]
 [1 0 0 0]
 [0 1 0 0]
 ...
 [0 1 0 0]
 [0 0 1 0]
 [0 1 0 0]]",0.8048880606651355,1.0,EH38E1930181,chr19,632194,632694,shared,cross_context,203579,-1,MA0035.5,GATA1,369,376,8.69226886002684,+,GATA1,ig,0.0639335018183503,0.0694295482157031,0.06429290438197,1.0798942446941475,True,0.0388638067192265,0.0502429131191456,0.050685886334395,0.991260227256773,False,0.0389834535973412,0.0592990137514425,0.0507436489055786,1.1685994867217446,True,0.0472602540449727,0.0,-19.93156856932417,0.9860936439332512,0.8002784911289814,0.7404644292065728,0.0639335018183503,0.0388638067192265,0.0389834535973412,1.6041792149981609,1.2878927539943132,1.2484368348874837,2.048324905765593,1.3611134895228725,1.3604536370560554,1.0798942446941475,0.991260227256773,1.1685994867217446,-0.0202034354387109,-0.3214259582662176,-0.4334976606522518,K562,0.1858151528042698,0.9860936439332512,0.8002784911289814,0.7404644292065728,0.1858151528042698,0.18581515280426975,K562
GATA1,K562,norm_mean,"[[0 1 0 0]
 [1 0 0 0]
 [1 0 0 0]
 ...
 [0 1 0 0]
 [0 0 0 1]
 [0 0 1 0]]",0.6949407732548935,1.0,EH38E3720312,chr6,89145824,89146324,shared,cross_context,44348,-1,MA0035.5,GATA1,17,24,8.69226886002684,+,GATA1,ig,0.1410974141742502,0.0701214648724999,0.0462790677440352,1.5151871707628748,True,0.0793250429310968,0.0564918289589695,0.0362868059863103,1.5568141602801908,True,0.0996491078819547,0.0524798794899834,0.0361410087882541,1.452086334296682,True,0.1066905216624339,0.7450100183486938,-0.4246663324005215,2.4347390229476944,1.8222100862780672,2.33663822151823,0.1410974141742502,0.0793250429310968,0.0996491078819547,3.851080000820577,2.215042466608068,3.091171816896534,4.429717552197918,3.603226623951223,4.42133625675252,1.5151871707628748,1.5568141602801908,1.452086334296682,1.2837671402606183,0.865689300743383,1.2244343815397096,K562,0.0981008014294642,2.4347390229476944,1.8222100862780672,2.33663822151823,0.0981008014294642,0.0981008014294642,K562
GATA1,K562,norm_mean,"[[0 0 0 1]
 [0 1 0 0]
 [0 0 0 1]
 ...
 [1 0 0 0]
 [0 0 1 0]
 [0 0 0 1]]",0.0978751885258648,0.0,EH38E3305921,chr19,40283985,40284485,shared,cross_context,31775,-1,MA0035.5,GATA1,419,426,8.69226886002684,+,GATA1,ig,0.0744828271812626,0.0611845272145001,0.0577553862147033,1.059373343869881,True,0.0281700181907841,0.0523725863499566,0.0438893553410889,1.1932864816554043,True,0.048569535304393,0.044053409040207,0.042666523058433,1.0325050076104048,True,0.0504074602254799,0.5587199926376343,-0.839800067677145,1.149569999220852,0.5733905373385332,1.0935017578449802,0.0744828271812626,0.0281700181907841,0.048569535304393,1.1165501186021924,0.6215595344507632,1.3411794476465473,2.709433382101689,1.2289986792826932,1.5415043942229074,1.059373343869881,1.1932864816554043,1.0325050076104048,0.2010943180758277,-0.8024099963861835,0.1289555408934502,K562,0.0560682413758717,1.149569999220852,0.5733905373385332,1.0935017578449802,0.0560682413758717,0.05606824137587174,K562
GATA1,K562,norm_mean,"[[0 0 1 0]
 [0 0 1 0]
 [0 1 0 0]
 ...
 [0 0 1 0]
 [0 1 0 0]
 [0 0 0 1]]",0.0755034118011937,0.0,EH38E2788783,chr1,15684650,15685150,shared,cross_context,45679,-1,MA0035.5,GATA1,465,472,8.69226886002684,+,GATA1,ig,0.0563339167274534,0.0586427042027935,0.072147352512693,0.8128184061125784,False,0.04439268387588,0.0485199705907143,0.073712482136907,0.6582326710728715,False,0.0283174398355186,0.0542374544485937,0.0742672704294091,0.730300801847004,False,0.043014680146284,2.731559991836548,1.449725636705225,0.8999115021469463,0.7198579080864825,0.4625549150467453,0.0563339167274534,0.04439268387588,0.0283174398355186,1.232474066505845,0.5672394554172384,0.465647336748378,1.7862095404981102,1.6924251547917488,1.1874797042740417,0.8128184061125784,0.6582326710728715,0.730300801847004,-0.1521449603878575,-0.4742159301193052,-1.112303437571782,K562,0.1800535940604637,0.8999115021469463,0.7198579080864825,0.4625549150467453,0.1800535940604637,0.18005359406046373,K562
GATA1,K562,norm_mean,"[[0 1 0 0]
 [0 1 0 0]
 [0 1 0 0]
 ...
 [0 1 0 0]
 [1 0 0 0]
 [0 0 0 1]]",0.0459854044692414,0.0,EH38E1863127,chr17,42016510,42017010,shared,cross_context,2593,-1,MA0035.5,GATA1,29,36,8.69226886002684,+,GATA1,ig,0.0823524096714598,0.0598107412864919,0.0683716178662143,0.8747889022552772,False,0.0490718918985554,0.0503418321290519,0.0525530416460242,0.9579240510738336,False,0.0460686579878841,0.0507605625287396,0.0433283813763409,1.1715312042823025,True,0.0591643198526331,0.5321499705314636,-0.9100925004038964,1.382518000990138,1.0131045009523183,0.9885975346614376,0.0823524096714598,0.0490718918985554,0.0460686579878841,2.111933600817057,0.8012789077262726,1.2635664975753944,2.5216180666216497,1.91571630948186,2.1720434917130915,0.8747889022552772,0.9579240510738336,1.1715312042823025,0.4672982661473668,0.018782996125638,-0.01654478470085,K562,0.3694135000378198,1.382518000990138,1.0131045009523183,0.9885975346614376,0.3694135000378198,0.3694135000378198,K562
GATA1,K562,norm_mean,"[[1 0 0 0]
 [1 0 0 0]
 [1 0 0 0]
 ...
 [0 0 0 1]
 [0 1 0 0]
 [0 0 0 1]]",0.0235651525609105,0.0,EH38E1404351,chr1,183915527,183916027,shared,cross_context,57889,-1,MA0035.5,GATA1,463,470,8.69226886002684,+,GATA1,ig,0.0675542689859867,0.0702027631335659,0.0830275073996745,0.8455360985397972,False,0.0170633989120168,0.04222202363424,0.0507715084985829,0.8316084466809562,False,0.0235231383371033,0.0525117117539048,0.0465501436626073,1.128067420238965,True,0.0360469354117023,0.744949996471405,-0.4247825679339042,0.9165243178517332,0.3686180852135403,0.4623834930398575,0.0675542689859867,0.0170633989120168,0.0235231383371033,0.9181618688839096,0.3314612072248799,0.4791632291193089,1.604626368075114,0.740537531011937,1.0317842629818923,0.8455360985397972,0.8316084466809562,1.128067420238965,-0.1257549334660892,-1.4398012364785573,-1.112838196814929,K562,0.4541408248118756,0.9165243178517332,0.3686180852135403,0.4623834930398575,0.4541408248118756,0.4541408248118757,K562
GATA1,K562,norm_mean,"[[1 0 0 0]
 [0 0 1 0]
 [0 1 0 0]
 ...
 [1 0 0 0]
 [0 0 1 0]
 [0 0 0 1]]",0.1889753751015258,0.0,EH38E2922287,chr10,103542661,103543161,shared,cross_context,208609,-1,MA0140.3,GATA1::TAL1,201,218,8.676716118710111,+,GATA1,ig,0.1210639767677468,0.0691120347427204,0.0626365924841787,1.103380962595749,True,0.0387169766404172,0.0425047279743012,0.0509634374597179,0.8340237973087951,False,0.0700763993184356,0.0405513010223512,0.0458506496425742,0.8844213221459895,False,0.0766191175755332,0.744949996471405,-0.4247825679339042,1.857358366575848,0.8150201547932149,1.6040808602260606,0.1210639767677468,0.0387169766404172,0.0700763993184356,2.006542026957204,0.958198070526786,1.6241805592508711,4.527231059195488,1.5604048427982502,3.813154344015543,1.103380962595749,0.8340237973087951,0.8844213221459895,0.8932522025881438,-0.2950923566438319,0.6817468694421095,K562,0.2532775063497874,1.857358366575848,0.8150201547932149,1.6040808602260606,0.2532775063497874,0.2532775063497874,K562
GATA1,K562,norm_mean,"[[0 1 0 0]
 [0 0 0 1]
 [0 0 1 0]
 ...
 [0 0 0 1]
 [0 0 1 0]
 [0 0 1 0]]",0.8399226226512344,1.0,EH38E2966375,chr11,67240164,67240664,shared,cross_context,66366,-1,MA0140.3,GATA1::TAL1,106,123,8.637318281957384,+,GATA1,ig,0.0851451647741829,0.0826897248451132,0.0558425804445624,1.4807644879440751,True,0.0536595088128438,0.0483698831015499,0.0389312773586085,1.2424424257024809,True,0.0384862880934687,0.0440791978721972,0.0488099874487956,0.9030772418793662,False,0.0590969872268318,1.0522600412368774,0.0734926477679364,1.2684485333274995,1.2477961099871808,0.8350071629376229,0.0851451647741829,0.0536595088128438,0.0384862880934687,1.7035647039957666,1.0897469514810807,0.8301261958469041,2.5772540162888453,2.8415431509901845,2.9462594941696647,1.4807644879440751,1.2424424257024809,0.9030772418793662,0.343064985088288,0.3193822180957525,-0.2601395196564264,K562,0.0206524233403189,1.2684485333274995,1.2477961099871808,0.8350071629376229,0.0206524233403189,0.020652423340318693,K562
GATA1,K562,norm_mean,"[[0 1 0 0]
 [0 1 0 0]
 [0 1 0 0]
 ...
 [0 1 0 0]
 [0 1 0 0]
 [1 0 0 0]]",0.1236161351850709,0.0,EH38E3225640,chr17,44323769,44324269,shared,cross_context,54973,-1,MA0140.3,GATA1::TAL1,366,383,8.583882883245451,+,GATA1,ig,0.0410687608973068,0.0531755555572453,0.0552796893359353,0.9619364105817024,False,0.0234853685593835,0.0386595084323198,0.0598952684672784,0.6454516853684895,False,0.0371256369878264,0.0511513212093268,0.0550933578178803,0.9284478919207751,False,0.0338932554815055,1.4899799823760986,0.57529391672315,0.7457495910308817,0.4764562842516487,0.7198618169312528,0.0410687608973068,0.0234853685593835,0.0371256369878264,0.9482902571639494,0.3486076051538151,0.8538323105711791,1.6154135614379594,1.7119158872516222,2.273209043783776,0.9619364105817024,0.6454516853684895,0.9284478919207751,-0.4232368115661435,-1.0695842415995007,-0.4742080962737866,K562,0.0258877740996288,0.7457495910308817,0.4764562842516487,0.7198618169312528,0.0258877740996288,0.025887774099628835,K562
GATA1,K562,norm_mean,"[[1 0 0 0]
 [0 0 1 0]
 [1 0 0 0]
 ...
 [0 0 1 0]
 [0 0 1 0]
 [0 0 1 0]]",0.0379516497306145,0.0,EH38E3151421,chr15,84633054,84633554,shared,cross_context,30574,-1,MA0140.3,GATA1::TAL1,272,289,8.539122808660794,+,GATA1,ig,0.0624203271889949,0.0555495635658735,0.0553186203088933,1.00417460186,True,0.0355692052364568,0.0450398801662959,0.0490379379065976,0.9184699215408282,False,0.0415826963041635,0.0442062122223433,0.047425504726095,0.9321187651342367,False,0.0465240762432051,1.862630009651184,0.897341902260403,1.1265411009694808,0.7492008160382858,0.9006828234485881,0.0624203271889949,0.0355692052364568,0.0415826963041635,0.9663769601751232,0.4922529210992737,0.9850695952562952,4.435544698767683,3.069129644584596,2.8582591674317284,1.00417460186,0.9184699215408282,0.9321187651342367,0.171899951412478,-0.4165756219796016,-0.150908944625926,K562,0.2258582775208927,1.1265411009694808,0.7492008160382858,0.9006828234485881,0.2258582775208927,0.22585827752089271,K562
GATA1,K562,norm_mean,"[[1 0 0 0]
 [0 0 1 0]
 [1 0 0 0]
 ...
 [0 1 0 0]
 [0 0 0 1]
 [0 1 0 0]]",0.0379516497306145,0.0,EH38E3151422,chr15,84633321,84633821,shared,cross_context,85505,-1,MA0140.3,GATA1::TAL1,5,22,8.539122808660794,+,GATA1,ig,0.0825314425918109,0.0645357165572932,0.0548594673548359,1.1763822710134566,True,0.0659587004988947,0.0530000553629361,0.0567989344499073,0.9331169069467192,False,0.0598453012678553,0.0513364414765965,0.0411914029734907,1.2462898883715086,True,0.0694451481195203,1.862630009651184,0.897341902260403,1.4644928139793871,1.3104088228776882,1.368144244831552,0.0825314425918109,0.0659587004988947,0.0598453012678553,1.2614118884218872,1.187352869037385,1.584925152025169,5.507200690063348,3.3981514525076006,4.184285782520264,1.1763822710134566,0.9331169069467192,1.2462898883715086,0.5504011151571673,0.3900169767754128,0.4522203440945315,K562,0.0963485691478351,1.4644928139793871,1.3104088228776882,1.368144244831552,0.0963485691478351,0.09634856914783518,K562
GATA1,K562,norm_mean,"[[0 1 0 0]
 [0 0 1 0]
 [0 0 1 0]
 ...
 [0 0 0 1]
 [1 0 0 0]
 [0 0 1 0]]",0.1545382696207141,0.0,EH38E3789766,chr7,101245255,101245755,shared,cross_context,160586,-1,MA0140.3,GATA1::TAL1,438,455,8.46425019384837,+,GATA1,ig,0.0478079706868704,0.0549674723448697,0.0725224531663116,0.7579371955254195,False,0.0225162017570041,0.0351542898919433,0.0596479337161872,0.5893629805448459,False,0.0272558329709093,0.0450750649359542,0.0585524230560986,0.7698239438277179,False,0.0325266684715946,0.6012600064277649,-0.7339366964023258,0.7577291377674934,0.4638195969450905,0.4682805073279307,0.0478079706868704,0.0225162017570041,0.0272558329709093,0.9614985837759388,0.3935560127638327,0.5301297874642416,1.795818885726077,1.739048854573085,1.0996841628400729,0.7579371955254195,0.5893629805448459,0.7698239438277179,-0.4002458665329558,-1.108364314875735,-1.0945551062287069,K562,0.2894486304395627,0.7577291377674934,0.4638195969450905,0.4682805073279307,0.2894486304395627,0.2894486304395627,K562
GATA1,K562,norm_mean,"[[1 0 0 0]
 [1 0 0 0]
 [1 0 0 0]
 ...
 [0 1 0 0]
 [1 0 0 0]
 [0 1 0 0]]",0.6766077406690325,1.0,EH38E3469079,chr22,21002514,21003014,shared,cross_context,129140,-1,MA0140.3,GATA1::TAL1,54,71,8.390832652851834,+,GATA1,ig,0.0454562066451591,0.0564240197394974,0.066822915073717,0.8443811712410404,False,0.0183924518196898,0.0390054593293461,0.0408833578512712,0.9540666872465916,False,0.0225893885499852,0.0560520853410707,0.0526755466678878,1.0641004839203028,True,0.028812682338278,2.192179918289185,1.132366867252767,0.7758924981876264,0.4592538967024956,0.4306999507305875,0.0454562066451591,0.0183924518196898,0.0225893885499852,0.98802695469432,0.338644381533101,0.5127479158225677,1.4037949074221707,1.3858732969745724,1.3509190789084675,0.8443811712410404,0.9540666872465916,1.0641004839203028,-0.3660713157126123,-1.1226361292998956,-1.2152449329933257,K562,0.3166386014851308,0.7758924981876264,0.4592538967024956,0.4306999507305875,0.3166386014851308,0.3166386014851308,K562
GATA1,K562,norm_mean,"[[0 1 0 0]
 [0 0 0 1]
 [0 1 0 0]
 ...
 [0 1 0 0]
 [0 0 1 0]
 [0 1 0 0]]",0.1695957170713862,0.0,EH38E1543889,chr11,64230923,64231423,shared,cross_context,7139,-1,MA0140.3,GATA1::TAL1,486,503,8.388065550351866,+,GATA1,ig,0.1255634016193011,0.059384409970371,0.073971151469741,0.8028048876137103,False,0.0716371207552797,0.0429393216830794,0.0486106873792596,0.8833307069854975,False,0.0542171226595254,0.0411814495496219,0.0508775589021388,0.809422510514072,False,0.0838058816780354,0.0,-19.93156856932417,1.6449029655564995,1.4288005532325478,1.0724206523771926,0.1255634016193011,0.0716371207552797,0.0542171226595254,1.402815028924944,1.7968589170008429,1.2347868623690763,3.179775748946968,3.096925359992824,2.1759435498400377,0.8028048876137103,0.8833307069854975,0.809422510514072,0.7180024813485542,0.5148045451941092,0.1008709090637824,K562,0.2161024123239519,1.6449029655564995,1.4288005532325478,1.0724206523771926,0.2161024123239519,0.21610241232395166,K562
GATA1,K562,norm_mean,"[[0 1 0 0]
 [0 0 0 1]
 [0 1 0 0]
 ...
 [0 0 0 1]
 [0 0 1 0]
 [0 1 0 0]]",0.0840360722163791,0.0,EH38E2906074,chr10,70144949,70145449,shared,cross_context,58662,-1,MA0035.5,GATA1,83,90,8.365489423700877,+,GATA1,ig,0.0735217135931764,0.0708112034935038,0.0769114626117516,0.9206845362454328,False,0.0407059357634612,0.0608736835804302,0.0439657187432749,1.3845712403832626,True,0.0334640551092369,0.0494722321664448,0.0599458559515915,0.8252818001894496,False,0.0492305681552915,0.248319998383522,-2.0097218318306256,1.0919168098296803,0.8218517772370385,0.6680021329998937,0.0735217135931764,0.0407059357634612,0.0334640551092369,1.0037084951660984,1.1592161463408546,0.8480106916886426,2.4490033546803414,1.488324104247896,1.518056960396174,0.9206845362454328,1.3845712403832626,0.8252818001894496,0.1268629467566903,-0.2830498689660911,-0.5820753833464984,K562,0.2700650325926418,1.0919168098296803,0.8218517772370385,0.6680021329998937,0.2700650325926418,0.2700650325926418,K562
GATA1,K562,norm_mean,"[[1 0 0 0]
 [0 0 1 0]
 [1 0 0 0]
 ...
 [1 0 0 0]
 [0 1 0 0]
 [0 0 0 1]]",0.0013927254773121,0.0,EH38E2649463,chr8,96234877,96235377,shared,cross_context,39627,-1,MA0035.5,GATA1,186,193,8.365489423700877,+,GATA1,ig,0.0877083092927932,0.0643865271081449,0.0643074027863637,1.0012302519780116,True,0.0212538779181029,0.0443425896693952,0.0438624092786182,1.0109471934898724,True,0.0513199998864105,0.0379987551149679,0.0506330326970531,0.75047346734269,False,0.0534273956991022,2.1853599548339844,1.127871588531732,1.3583731289577643,0.4884025812445737,1.1233200652052682,0.0877083092927932,0.0212538779181029,0.0513199998864105,1.523375074625024,0.5707024002301528,1.5382310940440755,2.5469192980533304,0.7651684460417814,2.402930179734058,1.0012302519780116,1.0109471934898724,0.75047346734269,0.4418798262679529,-1.0338572668356076,0.1677690516359216,K562,0.2350530637524961,1.3583731289577643,0.4884025812445737,1.1233200652052682,0.2350530637524961,0.23505306375249613,K562
GATA1,K562,norm_mean,"[[0 0 1 0]
 [0 0 0 1]
 [0 1 0 0]
 ...
 [1 0 0 0]
 [1 0 0 0]
 [1 0 0 0]]",0.13967246977915,0.0,EH38E3438597,chr20,49915811,49916311,shared,cross_context,36247,-1,MA0035.5,GATA1,84,91,8.365489423700877,+,GATA1,ig,0.0783419401517936,0.0550036858743988,0.0731164885050384,0.7522746165232258,False,0.0331602901486413,0.0554470324201975,0.0447212783177383,1.239835311233753,True,0.0479420554558081,0.0423974975949386,0.043122995464364,0.9831758509961696,False,0.053148095252081,2.607640027999878,1.382745279550072,1.2932174236829823,0.7096181724331242,1.1765822162887554,0.0783419401517936,0.0331602901486413,0.0479420554558081,1.0821167929583155,0.5305790033079035,1.384006110465372,3.3551796813947656,1.6512897596365643,2.523539337846844,0.7522746165232258,1.239835311233753,0.9831758509961696,0.3709648514371143,-0.4948851371281649,0.2346021368226365,K562,0.1166352073942271,1.2932174236829823,0.7096181724331242,1.1765822162887554,0.1166352073942271,0.11663520739422695,K562
GATA1,K562,norm_mean,"[[0 1 0 0]
 [0 1 0 0]
 [0 1 0 0]
 ...
 [0 0 0 1]
 [0 0 1 0]
 [1 0 0 0]]",1.0,1.0,EH38E3438596,chr20,49915508,49916008,shared,cross_context,194393,-1,MA0035.5,GATA1,387,394,8.365489423700877,+,GATA1,ig,0.1655587655092988,0.0689270797936478,0.0498064699344681,1.3838978358707,True,0.0382288516099963,0.0546885880618356,0.0526020975714247,1.0396653401686955,True,0.0489987443600382,0.039641670093988,0.0460411379017305,0.8610052507508854,False,0.0842621204931111,2.607640027999878,1.382745279550072,2.8110747885010468,0.7208152000497267,1.0596555427670244,0.1655587655092988,0.0382288516099963,0.0489987443600382,3.4975547403001186,0.7426213368565835,1.0865533421240203,4.861507984368616,1.6855619766690055,2.0285712380493908,1.3838978358707,1.0396653401686955,0.8610052507508854,1.4911218375698827,-0.4722986588638065,0.0835953722790733,K562,1.7514192457340223,2.8110747885010468,0.7208152000497267,1.0596555427670244,1.7514192457340223,1.7514192457340223,K562
GATA1,K562,norm_mean,"[[1 0 0 0]
 [0 0 1 0]
 [0 0 1 0]
 ...
 [0 0 0 1]
 [0 0 0 1]
 [0 0 0 1]]",0.0013927254773121,0.0,EH38E2649462,chr8,96234607,96235107,shared,cross_context,183619,-1,MA0035.5,GATA1,456,463,8.365489423700877,+,GATA1,ig,0.0475001417632613,0.0571356177679263,0.0679453650943469,0.8409051784406149,False,0.0298438704173479,0.0478652096656151,0.0487857053952757,0.9811316545795749,False,0.0354550838736551,0.0347338572150329,0.0504399384104181,0.6886180162678124,False,0.0375996986847548,2.1853599548339844,1.127871588531732,0.7160632733318036,0.5967339999134853,0.7111348900873448,0.0475001417632613,0.0298438704173479,0.0354550838736551,0.8391567765504219,0.7635190103495125,0.6414380171599617,1.553415491562826,0.8520199184915949,1.5974773546334844,0.8409051784406149,0.9811316545795749,0.6886180162678124,-0.4818410192254793,-0.7448401132823547,-0.4918048525606855,K562,0.0049283832444588,0.7160632733318036,0.5967339999134853,0.7111348900873448,0.0049283832444588,0.004928383244458878,K562
GATA1,K562,norm_mean,"[[1 0 0 0]
 [0 0 0 1]
 [0 0 0 1]
 ...
 [1 0 0 0]
 [0 0 0 1]
 [0 0 0 1]]",0.7231975621057658,1.0,EH38E3056706,chr13,26253322,26253822,shared,cross_context,54125,-1,MA0035.5,GATA1,219,226,8.365489423700877,+,GATA1,ig,0.0755335486360958,0.0776546049758326,0.0811347211009631,0.9571068261654812,False,0.0421164719653981,0.0456351709022419,0.0441306072090624,1.034093193984846,True,0.0211520584167114,0.0435055712854955,0.0468695807876662,0.9282259681461535,False,0.0462673596727351,2.1044600009918213,1.0734507744938775,0.9468287544620504,0.9418167988945616,0.4643138951153525,0.0755335486360958,0.0421164719653981,0.0211520584167114,0.9477400366411226,0.7557728603236793,0.4489472325300401,1.7937508465460192,2.309957643761249,1.2383012927547097,0.9571068261654812,1.034093193984846,0.9282259681461535,-0.0788245730855031,-0.0864816375839603,-1.1068276359584397,K562,0.0050119555674887,0.9468287544620504,0.9418167988945616,0.4643138951153525,0.0050119555674887,0.0050119555674887906,K562
GATA1,K562,norm_mean,"[[0 0 1 0]
 [0 0 0 1]
 [1 0 0 0]
 ...
 [0 0 1 0]
 [0 0 1 0]
 [0 1 0 0]]",0.0107531567762012,0.0,EH38E2783370,chr1,8004645,8005145,shared,cross_context,44774,-1,MA0035.5,GATA1,266,273,8.365489423700877,+,GATA1,ig,0.0834652526038033,0.0711994812625926,0.0620694012341585,1.1470945163953732,True,0.0503747814467975,0.0618199815187836,0.0546139521551921,1.1319446361191428,True,0.0341539744819913,0.050496566009242,0.0477412218886176,1.0577139301108256,True,0.0559980028441974,2.9799699783325195,1.5752982804795064,1.2716414416175013,0.8771692073902281,0.6996252319872762,0.0834652526038033,0.0503747814467975,0.0341539744819913,1.7634491651561164,0.7664704268216629,0.9688570658413106,2.114756624366039,2.4255660618520025,0.9339946597651804,1.1470945163953732,1.1319446361191428,1.0577139301108256,0.3466919395851306,-0.1890729254686591,-0.5153457718240089,K562,0.3944722342272732,1.2716414416175013,0.8771692073902281,0.6996252319872762,0.3944722342272732,0.3944722342272732,K562
GATA1,K562,norm_mean,"[[0 0 0 1]
 [0 0 0 1]
 [0 0 0 1]
 ...
 [0 0 1 0]
 [0 0 0 1]
 [1 0 0 0]]",0.0237569581107296,0.0,EH38E2818884,chr1,71081696,71082196,shared,cross_context,14613,-1,MA0035.5,GATA1,203,210,8.365489423700877,+,GATA1,ig,0.1123057944434029,0.0769806738632178,0.0642075648461316,1.1989344566851483,True,0.074865664754595,0.0647275147540494,0.0586412689394433,1.103787569518925,True,0.0667111572942563,0.0492930486926343,0.0406319367116487,1.213159906968044,True,0.0846275388307514,1.4256600141525269,0.5116309864531434,1.6272854808039945,1.2352820285732282,1.5187985288910857,0.1123057944434029,0.074865664754595,0.0667111572942563,1.7089864499131924,1.902478992038018,1.800854042982975,2.829644733379532,2.319199697423104,2.635166736004444,1.1989344566851483,1.103787569518925,1.213159906968044,0.7024673715103148,0.304840463846447,0.6029305076251659,K562,0.108486951912909,1.6272854808039945,1.2352820285732282,1.5187985288910857,0.108486951912909,0.1084869519129088,K562
GATA1,K562,norm_mean,"[[0 0 1 0]
 [0 1 0 0]
 [0 0 1 0]
 ...
 [0 0 1 0]
 [0 0 1 0]
 [0 0 1 0]]",0.1176911538228781,0.0,EH38E3383958,chr2,170714924,170715424,shared,cross_context,193706,-1,MA0035.5,GATA1,383,390,8.365489423700877,+,GATA1,ig,0.0948288153324808,0.051275767579209,0.0644943732654972,0.7950423739711953,False,0.0425486310518213,0.0335758627559698,0.0470129218023575,0.7141835547955798,False,0.032188046457512,0.0339116711571114,0.0463555459678997,0.7315556991829534,False,0.0565218309472714,7.829020023345947,2.968831917597472,1.6434957022519867,1.0625400473729916,0.8062122005403419,0.0948288153324808,0.0425486310518213,0.032188046457512,2.104649027812352,1.235806160593811,0.8496022161483507,2.8364356965668795,2.339302765457564,2.504308156489141,0.7950423739711953,0.7141835547955798,0.7315556991829534,0.7167676846475179,0.0875172191329226,-0.3107684772050238,K562,0.5809556548789951,1.6434957022519867,1.0625400473729916,0.8062122005403419,0.5809556548789951,0.5809556548789951,K562
GATA1,K562,norm_mean,"[[1 0 0 0]
 [0 0 0 1]
 [0 0 0 1]
 ...
 [0 0 0 1]
 [1 0 0 0]
 [1 0 0 0]]",0.0863499385283916,0.0,EH38E3709373,chr6,43807733,43808233,shared,cross_context,44085,-1,MA0035.5,GATA1,129,136,8.365489423700877,+,GATA1,ig,0.0570558764572654,0.0565114541751972,0.0640318308021584,0.8825523906114593,False,0.0401486778365714,0.0514042011171113,0.055998263941327,0.9179604566199808,False,0.0403343473694154,0.0513467288232641,0.0558184643345282,0.919887715230905,False,0.0458463005544174,17.135860443115234,4.098946814813969,0.9872388849460896,0.8061697161352032,0.7829556698494702,0.0570558764572654,0.0401486778365714,0.0403343473694154,1.052209497364552,1.1651107405145011,0.8615270335431517,2.356691930757209,1.789119924831571,1.887742834769944,0.8825523906114593,0.9179604566199808,0.919887715230905,-0.0185288735597677,-0.310844503908019,-0.3529974671361174,K562,0.1810691688108865,0.9872388849460896,0.8061697161352032,0.7829556698494702,0.1810691688108865,0.18106916881088642,K562
GATA1,K562,norm_mean,"[[0 0 1 0]
 [0 0 1 0]
 [0 0 1 0]
 ...
 [0 0 1 0]
 [0 0 0 1]
 [0 0 0 1]]",0.0894461747548399,0.0,EH38E1934054,chr19,4342668,4343168,shared,cross_context,19388,-1,MA0035.5,GATA1,335,342,8.365489423700877,+,GATA1,ig,0.0448157424439809,0.046390810975572,0.0703586809248765,0.6593472727499229,False,0.0301440712064504,0.0370435634138993,0.05790451565474,0.6397352019559636,False,0.0309457745003913,0.0398276663076831,0.0424147417212676,0.9390050558214786,False,0.0353018627169408,1.1174999475479126,0.1602760546945839,0.7255334884935352,0.5990791270359791,0.7077422173064672,0.0448157424439809,0.0301440712064504,0.0309457745003913,0.6499981181614889,0.8628918276393921,0.8368793681178363,1.8693290168543917,1.214893848797949,1.5854416939551697,0.6593472727499229,0.6397352019559636,0.9390050558214786,-0.4628858865069175,-0.7391815241176384,-0.4987041132394033,K562,0.0177912711870679,0.7255334884935352,0.5990791270359791,0.7077422173064672,0.0177912711870679,0.017791271187067914,K562
GATA1,K562,norm_mean,"[[0 1 0 0]
 [0 1 0 0]
 [0 0 0 1]
 ...
 [1 0 0 0]
 [0 1 0 0]
 [0 1 0 0]]",0.0126755110898121,0.0,EH38E3317674,chr19,55503941,55504441,shared,cross_context,113596,-1,MA0035.5,GATA1,424,431,8.365489423700877,+,GATA1,ig,0.0452437408800636,0.0533677718089893,0.0589220684894826,0.9057347123033904,False,0.0187838833912142,0.0413992482813773,0.0467847820790484,0.8848868711744711,False,0.0291404080843286,0.0359308965440141,0.0387583762954454,0.9270483107867769,False,0.0310560107852021,1.2627400159835815,0.3365587774713197,0.7875051332282501,0.405500974964218,0.711171680696005,0.0452437408800636,0.0187838833912142,0.0291404080843286,1.1235298698916,0.4346268503223146,0.5981488694208154,1.205393350164036,0.8355322372888103,2.0031060717576463,0.9057347123033904,0.8848868711744711,0.9270483107867769,-0.3446387655442848,-1.302222708146311,-0.4917302165719431,K562,0.0763334525322451,0.7875051332282501,0.405500974964218,0.711171680696005,0.0763334525322451,0.0763334525322451,K562
GATA1,K562,norm_mean,"[[0 0 0 1]
 [0 0 1 0]
 [0 1 0 0]
 ...
 [0 1 0 0]
 [0 1 0 0]
 [0 0 1 0]]",0.1044901508316911,0.0,EH38E3284685,chr19,4342949,4343449,shared,cross_context,105212,-1,MA0035.5,GATA1,54,61,8.365489423700877,+,GATA1,ig,0.0521804440234388,0.0582806689449353,0.0516090413299389,1.1292722389401124,True,0.0356687073861914,0.0394436216028407,0.0501327993569429,0.7867825902594883,False,0.0209459345122533,0.0404233680461766,0.041165716702817,0.9819665844356492,False,0.0362650286406278,1.1174999475479126,0.1602760546945839,0.958191215478238,0.7453606728345753,0.4808610467509777,0.0521804440234388,0.0356687073861914,0.0209459345122533,0.7889258145110005,1.190163093571916,0.6801405344357963,2.056662632433499,1.3883558551763944,1.0561021582604213,1.1292722389401124,0.7867825902594883,0.9819665844356492,-0.0616145062149816,-0.4239893922151951,-1.0563080297519891,K562,0.2128305426436626,0.958191215478238,0.7453606728345753,0.4808610467509777,0.2128305426436626,0.21283054264366275,K562
GATA1,K562,norm_mean,"[[0 0 1 0]
 [0 1 0 0]
 [1 0 0 0]
 ...
 [0 1 0 0]
 [0 0 1 0]
 [0 1 0 0]]",0.0584677226734793,0.0,EH38E1337320,chr1,36225079,36225579,shared,cross_context,1146,-1,MA0035.5,GATA1,372,379,8.365489423700877,+,GATA1,ig,0.0661462120977895,0.0688804599735885,0.0693757940409901,0.99285998808592,False,0.0296098724938929,0.0470224592037266,0.0474908181327642,0.9901376971627386,False,0.0344839629584125,0.0420510515384376,0.0556358984290358,0.7558257378339406,False,0.043413349183365,1.7383400201797483,0.7977111315544796,0.9606863484015138,0.5600408088539439,0.6815535078374803,0.0661462120977895,0.0296098724938929,0.0344839629584125,0.6408359170915869,0.4569299021780622,0.9441199707066744,2.671044563421777,1.441892537483655,1.3800443497665091,0.99285998808592,0.9901376971627386,0.7558257378339406,-0.057862606679981,-0.8363961355229856,-0.5531011672713639,K562,0.2791328405640335,0.9606863484015138,0.5600408088539439,0.6815535078374803,0.2791328405640335,0.27913284056403354,K562
GATA1,K562,norm_mean,"[[1 0 0 0]
 [0 1 0 0]
 [0 1 0 0]
 ...
 [0 0 1 0]
 [0 0 1 0]
 [0 0 1 0]]",0.0066280680894199,0.0,EH38E3297218,chr19,19386327,19386827,shared,cross_context,108905,-1,MA0035.5,GATA1,410,417,8.365489423700877,+,GATA1,ig,0.132514366613967,0.070077442745096,0.0544636004755739,1.286683753302119,True,0.0672157166658767,0.0505300215211173,0.0403917698189616,1.2509976472340631,True,0.0564572099330169,0.049529235936061,0.0415080748172476,1.1932431032202266,True,0.0853957644042869,1.7538800239562988,0.8105508846298618,2.043169000445599,1.4534963086776305,1.1329479165981864,0.132514366613967,0.0672157166658767,0.0564572099330169,2.732087206865814,1.8820483188499932,0.846452597107046,3.9557929119270057,3.0293339428782216,2.706687160816008,1.286683753302119,1.2509976472340631,1.1932431032202266,1.0308085420366142,0.5395274085800736,0.1800815409908346,K562,0.5896726917679684,2.043169000445599,1.4534963086776305,1.1329479165981864,0.5896726917679684,0.5896726917679684,K562
GATA1,K562,norm_mean,"[[0 1 0 0]
 [0 0 1 0]
 [0 0 0 1]
 ...
 [0 1 0 0]
 [0 0 1 0]
 [0 0 1 0]]",0.7348034307239617,1.0,EH38E3550662,chr3,160564816,160565316,shared,cross_context,20134,-1,MA0035.5,GATA1,321,328,8.34793797617883,+,GATA1,ig,0.0930547996291092,0.0744302989239804,0.0586775882098259,1.268461920643449,True,0.0349302418929125,0.0451737460365984,0.0501100078541235,0.9014913179257846,False,0.0235360494947859,0.0393356041971128,0.049985816327939,0.7869351591598398,False,0.0505070303389359,0.0,-19.93156856932417,1.4238094989542007,0.7090536477091541,0.4921895931611727,0.0930547996291092,0.0349302418929125,0.0235360494947859,1.8131214750743505,0.704869004708945,0.8501040265033541,2.278150139606663,1.2352169893350284,0.7995742183676388,1.268461920643449,0.9014913179257846,0.7869351591598398,0.5097561323602404,-0.4960333055065121,-1.022713938129013,K562,0.7147558512450466,1.4238094989542007,0.7090536477091541,0.4921895931611727,0.7147558512450466,0.7147558512450466,K562
GATA1,K562,norm_mean,"[[0 0 0 1]
 [0 0 0 1]
 [0 1 0 0]
 ...
 [0 0 1 0]
 [1 0 0 0]
 [1 0 0 0]]",0.1638881809951247,0.0,EH38E3207773,chr17,8186628,8187128,shared,cross_context,94428,-1,MA0035.5,GATA1,277,284,8.34793797617883,+,GATA1,ig,0.0653057244074131,0.0687189291045069,0.0612588347367142,1.12177971033988,True,0.0243459979870489,0.0437271604465786,0.0545242221388691,0.8019766392162817,False,0.0309608600634549,0.0426860760711133,0.051184508312592,0.8339645947319975,False,0.040204194152639,1.5783699750900269,0.6584363314739744,1.0176521507732528,0.4839521722594547,0.6468397391727304,0.0653057244074131,0.0243459979870489,0.0309608600634549,1.149691976935162,0.4671455356124704,0.6730150249497681,2.59689822070769,0.9447987992094306,1.318043731128306,1.12177971033988,0.8019766392162817,0.8339645947319975,0.0252445116396992,-1.0470636151782755,-0.6285197778740383,K562,0.3708124116005223,1.0176521507732528,0.4839521722594547,0.6468397391727304,0.3708124116005223,0.37081241160052236,K562
GATA1,K562,norm_mean,"[[0 0 1 0]
 [0 1 0 0]
 [0 0 0 1]
 ...
 [0 0 0 1]
 [0 1 0 0]
 [1 0 0 0]]",0.1094534693969629,0.0,EH38E1491823,chr10,97425868,97426368,shared,cross_context,5395,-1,MA0035.5,GATA1,408,415,8.34793797617883,+,GATA1,ig,0.0537904411155198,0.0492046797415241,0.0448871297288028,1.0961865701135534,True,0.0376331844100994,0.0332341089256806,0.042426881265267,0.783326516144912,False,0.0443974823823997,0.0371530822262866,0.0605415780875085,0.6136786860064604,False,0.0452737026360063,1.6468199491500854,0.7196837063602969,1.0972415712763968,0.9401395595619164,0.9233891619162262,0.0537904411155198,0.0376331844100994,0.0443974823823997,0.748810786097141,0.7935712015019276,0.9381433960727396,3.372255970767837,1.8987517514289391,2.206308956307576,1.0961865701135534,0.783326516144912,0.6136786860064604,0.1338811891478933,-0.0890531589636084,-0.1149892941643274,K562,0.1571020117144803,1.0972415712763968,0.9401395595619164,0.9233891619162262,0.1571020117144803,0.15710201171448035,K562
GATA1,K562,norm_mean,"[[1 0 0 0]
 [0 1 0 0]
 [0 0 0 1]
 ...
 [0 1 0 0]
 [0 0 0 1]
 [0 1 0 0]]",0.7054712121170881,1.0,EH38E3459005,chr21,39445296,39445796,shared,cross_context,127742,-1,MA0035.5,GATA1,1,8,8.34793797617883,+,GATA1,ig,0.0839813740125724,0.0751916777319274,0.0514997545920778,1.4600392511987172,True,0.0175811378617904,0.0538230654830113,0.0586967676214408,0.916967977869892,False,0.0219051812309771,0.0470199267414864,0.0566866840829607,0.8294702575647289,False,0.04115589770178,1.7218899726867676,0.7839937965420801,1.3159056514390537,0.3298760179871757,0.4377756923892413,0.0839813740125724,0.0175811378617904,0.0219051812309771,1.6749419446372524,0.4221507847793244,0.4537759424525634,2.5893608276562405,0.9161584628742916,1.2071658713819535,1.4600392511987172,0.916967977869892,0.8294702575647289,0.3960560546979674,-1.6000041928432849,-1.1917362408716947,K562,0.8781299590498122,1.3159056514390537,0.3298760179871757,0.4377756923892413,0.8781299590498122,0.8781299590498124,K562
GATA1,K562,norm_mean,"[[0 1 0 0]
 [0 1 0 0]
 [0 0 0 1]
 ...
 [1 0 0 0]
 [0 0 1 0]
 [0 1 0 0]]",0.7040505918387758,1.0,EH38E2078013,chr2,222860328,222860828,shared,cross_context,204190,-1,MA0035.5,GATA1,239,246,8.34793797617883,+,GATA1,ig,0.0781774850828307,0.0573266030685044,0.0599821958010299,0.9557268243629696,False,0.0272638129203447,0.0447095839734538,0.0453285552245618,0.9863445655506298,False,0.0121386096413646,0.0499243019369896,0.0430737061915584,1.1590432948707066,True,0.03919330254818,0.993340015411377,-0.0096390127991132,1.3262817463690646,0.6046965257116552,0.265326423863152,0.0781774850828307,0.0272638129203447,0.0121386096413646,1.1886139934515645,0.5117110504723512,0.2688627535129058,3.440051434083922,1.437619239683389,0.6351780952364288,0.9557268243629696,0.9863445655506298,1.1590432948707066,0.4073872855217368,-0.7257168025032579,-1.914159728704264,K562,0.7215852206574094,1.3262817463690646,0.6046965257116552,0.265326423863152,0.7215852206574094,0.7215852206574094,K562
GATA1,K562,norm_mean,"[[0 0 1 0]
 [0 1 0 0]
 [1 0 0 0]
 ...
 [1 0 0 0]
 [1 0 0 0]
 [0 0 1 0]]",0.0021953561357228,0.0,EH38E2067193,chr2,203396643,203397143,shared,cross_context,23903,-1,MA0035.5,GATA1,87,94,8.34793797617883,+,GATA1,ig,0.0854070857167244,0.0821161078423028,0.0684743147320114,1.1992247921199874,True,0.0532196720263787,0.0434931188548216,0.0546938172203954,0.795210740684883,False,0.0535394289929951,0.0539023974747397,0.0411730716456077,1.309165972532686,True,0.0640553955786994,0.7340999841690063,-0.4459495586053357,1.1950683032753509,1.0955124775472451,1.1582250526609603,0.0854070857167244,0.0532196720263787,0.0535394289929951,1.4004215267351887,0.8589883763515831,1.4293803399389438,2.2765810118184877,2.283098783477155,2.049530848951461,1.1992247921199874,0.795210740684883,1.309165972532686,0.2570930779743667,0.1316059175875573,0.2119156093323745,K562,0.0368432506143905,1.1950683032753509,1.0955124775472451,1.1582250526609603,0.0368432506143905,0.03684325061439053,K562
GATA1,K562,norm_mean,"[[0 0 0 1]
 [0 1 0 0]
 [1 0 0 0]
 ...
 [0 1 0 0]
 [0 1 0 0]
 [0 0 0 1]]",0.2035167421180502,0.0,EH38E3291159,chr19,12722744,12723244,shared,cross_context,107022,-1,MA0035.5,GATA1,493,500,8.34793797617883,+,GATA1,ig,0.0548237297417862,0.0540258948644623,0.055585606212262,0.971940198668596,False,0.0299341026028352,0.0365880987909622,0.0383689914239221,0.953584858430808,False,0.0339359622448682,0.0469422868231777,0.0430611677709384,1.090130118430215,True,0.0395645981964965,0.6442400217056274,-0.6343275683997107,0.9190514380211718,0.7555027756214504,0.7161556617235786,0.0548237297417862,0.0299341026028352,0.0339359622448682,0.8912705946964213,0.7268770587337868,0.7034912387443714,2.0361952954701743,1.8705209575425688,1.18078833280699,0.971940198668596,0.953584858430808,1.090130118430215,-0.1217824839237208,-0.404491037299196,-0.4816548908740299,K562,0.1635486623997214,0.9190514380211718,0.7555027756214504,0.7161556617235786,0.1635486623997214,0.16354866239972143,K562
GATA1,K562,norm_mean,"[[0 1 0 0]
 [0 1 0 0]
 [0 0 0 1]
 ...
 [0 0 1 0]
 [0 0 1 0]
 [1 0 0 0]]",0.0067480489161968,0.0,EH38E3557801,chr3,184175484,184175984,shared,cross_context,20197,-1,MA0035.5,GATA1,501,508,8.34793797617883,+,GATA1,ig,0.0513388931618205,0.0623707116604782,0.0515541086712619,1.2098104529376017,True,0.0354083478450775,0.0499701173219364,0.0445998015010263,1.120410953324017,True,0.0382422464234488,0.0449748358177021,0.0379628450382733,1.1847063602660917,True,0.0416631624767822,0.993340015411377,-0.0096390127991132,0.92430267338144,0.726363237748093,0.8377222541668512,0.0513388931618205,0.0354083478450775,0.0382422464234488,0.9887341852741766,0.7948564334742773,0.9611117959474238,2.22923627382054,1.3009455147359128,2.328015738761931,1.2098104529376017,1.120410953324017,1.1847063602660917,-0.1135627374827003,-0.4612369052236479,-0.2554560938169438,K562,0.0865804192145888,0.92430267338144,0.726363237748093,0.8377222541668512,0.0865804192145888,0.08658041921458881,K562
GATA1,K562,norm_mean,"[[0 0 1 0]
 [0 1 0 0]
 [0 0 0 1]
 ...
 [0 1 0 0]
 [0 1 0 0]
 [0 0 0 1]]",0.8204263277751651,1.0,EH38E2006488,chr2,68467585,68468085,shared,cross_context,22569,-1,MA0035.5,GATA1,136,143,8.34793797617883,+,GATA1,ig,0.0693908067686217,0.0617042662412859,0.0622920968331626,0.9905631608599929,False,0.0466133144551089,0.0554991198098287,0.046240560480522,1.2002256726743157,True,0.0421323814828481,0.0438959972758311,0.0423382299681385,1.0367931522157028,True,0.0527121675688596,0.9312599897384644,-0.1027425491928442,1.1377058305239305,0.9578896083855212,1.01315752157229,0.0693908067686217,0.0466133144551089,0.0421323814828481,1.2931403256553893,1.040194440013825,1.4333885508389064,1.7460109629343494,1.939213295189084,1.854813928964865,0.9905631608599929,1.2002256726743157,1.0367931522157028,0.1861275785027301,-0.0620686906676204,0.0188584973042515,K562,0.1245483089516401,1.1377058305239305,0.9578896083855212,1.01315752157229,0.1245483089516401,0.12454830895164037,K562
GATA1,K562,norm_mean,"[[0 1 0 0]
 [0 1 0 0]
 [0 0 1 0]
 ...
 [0 1 0 0]
 [0 0 1 0]
 [0 0 0 1]]",0.6541244456425633,1.0,EH38E3285842,chr19,5340358,5340858,shared,cross_context,105461,-1,MA0035.5,GATA1,276,283,8.34793797617883,+,GATA1,ig,0.1581637476171766,0.0686025703305494,0.0579918315354286,1.1829693369650702,True,0.064173123134034,0.0685388987563783,0.0504549065804801,1.3584186319494276,True,0.0727036588692239,0.0556211942387744,0.0511344248960272,1.0877443810979877,True,0.0983468432068115,0.7340999841690063,-0.4459495586053357,2.5454179475630214,1.1156863130509882,1.3746963106385448,0.1581637476171766,0.064173123134034,0.0727036588692239,3.745058391306772,1.0369792143717502,1.7106744070259416,3.7799458196574216,2.617280057322908,3.842738103278376,1.1829693369650702,1.3584186319494276,1.0877443810979877,1.3479025611393023,0.1579314565784682,0.459112943667284,K562,1.1707216369244766,2.5454179475630214,1.1156863130509882,1.3746963106385448,1.1707216369244766,1.1707216369244766,K562
GATA1,K562,norm_mean,"[[0 1 0 0]
 [0 0 1 0]
 [1 0 0 0]
 ...
 [0 1 0 0]
 [0 0 1 0]
 [1 0 0 0]]",0.2035167421180502,0.0,EH38E3291160,chr19,12723202,12723702,shared,cross_context,107026,-1,MA0035.5,GATA1,461,468,8.34793797617883,+,GATA1,ig,0.0648898687878889,0.0566625739529263,0.0638400299916975,0.8875710911254969,False,0.050460195501468,0.0521450697002001,0.0510770626558223,1.0209095194545372,True,0.0300084411033562,0.0473511149891419,0.0512026345735648,0.924778698121944,False,0.0484528351309044,0.4257200062274933,-1.2320198165306258,0.986163795744734,0.9713105155110612,0.5989761035546532,0.0648898687878889,0.050460195501468,0.0300084411033562,0.917759433512504,1.1086839381843163,0.6072574949911453,2.218617825256754,2.2464170746379724,1.0617511237494732,0.8875710911254969,1.0209095194545372,0.924778698121944,-0.020100804140748,-0.0419955129237088,-0.7394296453426488,K562,0.0148532802336727,0.986163795744734,0.9713105155110612,0.5989761035546532,0.0148532802336727,0.014853280233672828,K562
GATA1,K562,norm_mean,"[[0 0 1 0]
 [0 0 1 0]
 [0 0 0 1]
 ...
 [0 0 1 0]
 [0 0 0 1]
 [0 0 1 0]]",0.0698068215106638,0.0,EH38E3186834,chr16,67529187,67529687,shared,cross_context,90580,-1,MA0035.5,GATA1,168,175,8.34793797617883,+,GATA1,ig,0.1179998006139482,0.0605854937717958,0.0540324141433792,1.12128031885128,True,0.0384944317463253,0.0576367998088244,0.0476124945106981,1.210539130447841,True,0.0390959464213145,0.0635947525978554,0.0428692840501095,1.4834569592753273,True,0.0651967262605293,0.993340015411377,-0.0096390127991132,2.0983992353329284,0.7665649736351414,0.7480237717862094,0.1179998006139482,0.0384944317463253,0.0390959464213145,2.764944932816228,1.2188464317010024,0.3649074976840337,2.670723806221226,1.9414439611383068,2.085365819402741,1.12128031885128,1.210539130447841,1.4834569592753273,1.069289187677936,-0.3835200138824841,-0.4188439740581728,K562,1.331834261697787,2.0983992353329284,0.7665649736351414,0.7480237717862094,1.331834261697787,1.331834261697787,K562
GATA1,K562,norm_mean,"[[0 0 1 0]
 [0 0 1 0]
 [0 1 0 0]
 ...
 [0 0 1 0]
 [0 1 0 0]
 [1 0 0 0]]",0.6732763302240884,1.0,EH38E3346770,chr2,61538795,61539295,shared,cross_context,193294,-1,MA0035.5,GATA1,263,270,8.34793797617883,+,GATA1,ig,0.1214436548096793,0.0621426442218944,0.0669626032922212,0.9280199975276844,False,0.0297045298585934,0.0478518074343446,0.0443885742040434,1.0780205832738798,True,0.0329340712300368,0.0501641502301208,0.0478376258035542,1.0486335578146138,True,0.0613607519661032,1.0238300561904907,0.0339776738295725,1.8660727623165176,0.6494014189201739,0.6756202455917334,0.1214436548096793,0.0297045298585934,0.0329340712300368,1.6788808303594207,0.6829646147575805,0.6517106280345619,3.743791400874624,1.1703908605457185,1.2494245566904116,0.9280199975276844,1.0780205832738798,1.0486335578146138,0.9000052419395295,-0.6228175557983879,-0.5657155322604743,K562,1.1904525167247844,1.8660727623165176,0.6494014189201739,0.6756202455917334,1.1904525167247844,1.1904525167247844,K562
GATA1,K562,norm_mean,"[[0 1 0 0]
 [0 0 0 1]
 [0 0 0 1]
 ...
 [0 0 0 1]
 [0 1 0 0]
 [0 0 0 1]]",0.09238572186434,0.0,EH38E2812554,chr1,54273454,54273954,shared,cross_context,49597,-1,MA0035.5,GATA1,501,508,8.34793797617883,+,GATA1,ig,0.0655887935842786,0.0543959426495712,0.0780464053200557,0.6969691359494504,False,0.0251602580039096,0.04221162182861,0.0530782083817757,0.7952720177040323,False,0.0317790639653269,0.0418006240087561,0.0614322932530194,0.6804339377703796,False,0.040842705184505,1.986610054969788,0.9903094448107848,1.0040634627566285,0.5103817308032639,0.614097821282655,0.0655887935842786,0.0251602580039096,0.0317790639653269,1.3347761775178573,0.4605430970044748,0.5125965760786688,1.6266626781865965,1.0434451874243025,1.5183585505079715,0.6969691359494504,0.7952720177040323,0.6804339377703796,0.0058504604772573,-0.970351403536352,-0.7034596078895347,K562,0.3899656414739733,1.0040634627566285,0.5103817308032639,0.614097821282655,0.3899656414739733,0.3899656414739735,K562
GATA1,K562,norm_mean,"[[0 0 0 1]
 [1 0 0 0]
 [0 1 0 0]
 ...
 [0 1 0 0]
 [0 1 0 0]
 [0 1 0 0]]",0.7722369432854679,1.0,EH38E2937159,chr11,236669,237169,shared,cross_context,208769,-1,MA0035.5,GATA1,27,34,8.34793797617883,+,GATA1,ig,0.1156681190643991,0.0731487466569524,0.0512933403049828,1.4260863488545892,True,0.0677795365585812,0.0599374567175982,0.0513306374914827,1.1676738877596191,True,0.0566009573106254,0.050857624822529,0.0474800334998872,1.0711368624304196,True,0.0800162043112019,4.370719909667969,2.1278712584500576,1.9556766073937013,1.3535787356279647,1.253410370548881,0.1156681190643991,0.0677795365585812,0.0566009573106254,2.3702934727694003,1.982177006727628,1.2550846516833454,4.029525853457298,2.755510378041936,3.3428702071566616,1.4260863488545892,1.1676738877596191,1.0711368624304196,0.9676678252801968,0.4367788104482075,0.3258588361040058,K562,0.6020978717657368,1.9556766073937013,1.3535787356279647,1.253410370548881,0.6020978717657368,0.6020978717657366,K562
GATA1,K562,norm_mean,"[[0 0 1 0]
 [0 0 0 1]
 [0 0 1 0]
 ...
 [0 0 1 0]
 [0 0 0 1]
 [1 0 0 0]]",0.0814895708959485,0.0,EH38E2876168,chr1,236795601,236796101,shared,cross_context,56606,-1,MA0035.5,GATA1,202,209,8.34793797617883,+,GATA1,ig,0.0878325012246412,0.0626725754427025,0.0694609051814577,0.9022710869699662,False,0.027212802021365,0.0510094920161645,0.0479960334786885,1.0627853531054925,True,0.0505568190876926,0.0457231441693147,0.0384534088511126,1.189052769178981,True,0.0552007074445663,1.5032299757003784,0.5880667004688588,1.3222052703885427,0.5581960542553794,1.228485957687336,0.0878325012246412,0.027212802021365,0.0505568190876926,1.284413020858882,0.4824870468430839,1.3094804373303526,3.4029208388881367,1.4321827982174211,2.8842360896839105,0.9022710869699662,1.0627853531054925,1.189052769178981,0.402946171569529,-0.841156165903681,0.2968813681209847,K562,0.0937193127012068,1.3222052703885427,0.5581960542553794,1.228485957687336,0.0937193127012068,0.09371931270120681,K562
GATA1,K562,norm_mean,"[[0 1 0 0]
 [0 0 1 0]
 [0 0 0 1]
 ...
 [0 1 0 0]
 [0 1 0 0]
 [0 0 1 0]]",0.0012237225116502,0.0,EH38E3770366,chr7,42931373,42931873,shared,cross_context,45715,-1,MA0035.5,GATA1,53,60,8.34793797617883,+,GATA1,ig,0.123789084809167,0.0952552275802008,0.0809620269184233,1.176541885626954,True,0.0761206849877323,0.0635266796397627,0.0658258942342945,0.965071127829127,False,0.0902748401941997,0.0827541844034567,0.0537100153299979,1.5407586180607715,True,0.0967282033303664,1.3529000282287598,0.4360563025027704,1.5485927071426653,1.3292030519754423,1.474459178398105,0.123789084809167,0.0761206849877323,0.0902748401941997,1.393840982964785,2.152313694240588,1.0855652456915696,5.256080897190076,2.568761595833133,4.715275224998893,1.176541885626954,0.965071127829127,1.5407586180607715,0.6309577540646027,0.4105615117955105,0.5601858817451062,K562,0.0741335287445603,1.5485927071426653,1.3292030519754423,1.474459178398105,0.0741335287445603,0.07413352874456036,K562
GATA1,K562,norm_mean,"[[0 0 0 1]
 [0 0 0 1]
 [0 1 0 0]
 ...
 [0 1 0 0]
 [0 0 1 0]
 [0 0 1 0]]",0.7827093725126263,1.0,EH38E3159935,chr16,72071,72571,shared,cross_context,189474,-1,MA0035.5,GATA1,170,177,8.34793797617883,+,GATA1,ig,0.059655156851347,0.0614268669905141,0.0737022410041137,0.8334462808617,False,0.0215603322389402,0.0480926470004487,0.0627267695101994,0.7667004009448444,False,0.0398429379399333,0.0632032116531627,0.0503548625922734,1.2551558250364978,True,0.0403528090100735,3.3586699962615967,1.7478904811012288,0.8882538403050118,0.3882461359596766,0.7341233986156519,0.059655156851347,0.0215603322389402,0.0398429379399333,0.8746782499005508,0.2309046622447024,0.8976906103039359,2.0429371149474886,1.4073492857662009,1.8888800923729312,0.8334462808617,0.7667004009448444,1.2551558250364978,-0.1709560722993895,-1.3649565249865534,-0.4459055072272569,K562,0.1541304416893598,0.8882538403050118,0.3882461359596766,0.7341233986156519,0.1541304416893598,0.15413044168935985,K562
GATA1,K562,norm_mean,"[[0 0 1 0]
 [0 0 1 0]
 [0 1 0 0]
 ...
 [0 0 1 0]
 [0 0 1 0]
 [0 0 1 0]]",0.8221907506262669,1.0,EH38E3780208,chr7,74453259,74453759,shared,cross_context,198766,-1,MA0035.5,GATA1,358,365,8.34793797617883,+,GATA1,ig,0.0878016392567328,0.0577231806213967,0.0582054022280313,0.9917150040146544,False,0.0414438816452665,0.0390285935078281,0.0378866175818535,1.0301416620813624,True,0.0516255817243031,0.0448810354428133,0.0280740424797942,1.5986660805423631,True,0.0602903675421008,1.2299000024795532,0.2985421944427772,1.484076305053972,1.018114767259344,1.2926294589253404,0.0878016392567328,0.0414438816452665,0.0516255817243031,2.393516005497794,0.6142693826154727,1.4195846993101189,2.6355894419129737,2.184644439559426,2.85358917807085,0.9917150040146544,1.0301416620813624,1.5986660805423631,0.5695652722386875,0.0259002001816813,0.3703087771275832,K562,0.1914468461286316,1.484076305053972,1.018114767259344,1.2926294589253404,0.1914468461286316,0.1914468461286316,K562
GATA1,K562,norm_mean,"[[0 1 0 0]
 [0 0 0 1]
 [0 0 1 0]
 ...
 [0 1 0 0]
 [1 0 0 0]
 [0 0 1 0]]",0.0429142574813604,0.0,EH38E3142820,chr15,69058732,69059232,shared,cross_context,54422,-1,MA0140.3,GATA1::TAL1,198,215,8.285881578946102,+,GATA1,ig,0.0733326032538624,0.0605373573227552,0.0543216431461688,1.1144240614301846,True,0.0354523300056291,0.041253119574394,0.0410562987588467,1.004793680228374,True,0.0315247081384501,0.0440032909024739,0.0363430171703548,1.210776710927581,True,0.0467698804659805,0.6012600064277649,-0.7339366964023258,1.2971740155068994,0.8694817988273281,0.8057435813659094,0.0733326032538624,0.0354523300056291,0.0315247081384501,1.4448938124952218,1.0311215723191034,0.8648052588638001,3.4871083071296813,1.9939413294501944,2.474823871955113,1.1144240614301846,1.004793680228374,1.210776710927581,0.3753720307934374,-0.2017722658301023,-0.3116073024194811,K562,0.4276922166795712,1.2971740155068994,0.8694817988273281,0.8057435813659094,0.4276922166795712,0.42769221667957125,K562
GATA1,K562,norm_mean,"[[0 0 1 0]
 [0 1 0 0]
 [0 0 0 1]
 ...
 [0 0 0 1]
 [0 0 0 1]
 [0 0 0 1]]",0.0506373242099865,0.0,EH38E3896715,chr9,97985485,97985985,shared,cross_context,49305,-1,MA0140.3,GATA1::TAL1,404,421,8.277806988329095,+,GATA1,ig,0.0408290155396303,0.0501385716791264,0.0650519087631255,0.770747006889939,False,0.0289818998700117,0.0363533001451287,0.0506470068183261,0.7177777177978745,False,0.0216484153232372,0.0412122603092575,0.0594917963357875,0.692738426475818,False,0.0304864435776264,0.4984200000762939,-1.0045632398728197,0.6230024077267418,0.5224044799350995,0.3823975225828965,0.0408290155396303,0.0289818998700117,0.0216484153232372,0.6427546181771989,0.6537060247222821,0.2828426437735267,1.3714205529844103,1.5043218311846676,1.1897567333715005,0.770747006889939,0.7177777177978745,0.692738426475818,-0.6826903537064523,-0.9367608232037818,-1.3868549144720554,K562,0.1005979277916422,0.6230024077267418,0.5224044799350995,0.3823975225828965,0.1005979277916422,0.10059792779164223,K562
GATA1,K562,norm_mean,"[[0 1 0 0]
 [0 0 0 1]
 [0 0 0 1]
 ...
 [0 1 0 0]
 [0 0 0 1]
 [0 0 0 1]]",0.0193263795721868,0.0,EH38E2172866,chr22,50190831,50191331,shared,cross_context,27151,-1,MA0140.3,GATA1::TAL1,257,274,8.192999515388735,+,GATA1,ig,0.0970017047708525,0.0930326457344926,0.0766788924886033,1.2132756562122158,True,0.0622353704427095,0.0637592306907754,0.0471086314896521,1.3534508462694836,True,0.0624811965424348,0.0558301093446789,0.0693030585363232,0.8055936125745593,False,0.0739060905853322,1.862630009651184,0.897341902260403,1.1677515071562454,1.1608310548066432,0.9756560486395608,0.0970017047708525,0.0622353704427095,0.0624811965424348,0.9639205998489146,1.496814098288719,1.185728345270566,3.4764988223961555,2.0964809550875816,1.857822885651793,1.2132756562122158,1.3534508462694836,0.8055936125745593,0.2237333083863452,0.215158021570109,-0.0355554542047911,K562,0.0069204523496022,1.1677515071562454,1.1608310548066432,0.9756560486395608,0.0069204523496022,0.006920452349602257,K562
GATA1,K562,norm_mean,"[[0 0 1 0]
 [0 1 0 0]
 [1 0 0 0]
 ...
 [0 0 0 1]
 [1 0 0 0]
 [0 1 0 0]]",0.1932553750477353,0.0,EH38E3087208,chr14,23632125,23632625,shared,cross_context,188492,-1,MA0035.5,GATA1,95,102,8.165593839150135,+,GATA1,ig,0.055017423549933,0.0429010251676663,0.0421881306241266,1.016897747399942,True,0.0368823832167046,0.0457844333347748,0.0349179368710611,1.3112006127920282,True,0.0437850043111081,0.0397334988511283,0.0383211804111488,1.0368545033394547,True,0.0452282703592486,3.6707100868225098,1.8760595677168936,1.1347703543409688,0.8708937053406584,1.0956021956812183,0.055017423549933,0.0368823832167046,0.0437850043111081,1.3466546497075187,1.0637275282820935,1.4879269319928523,2.8134723015768066,1.5463551966284688,2.158482881665301,1.016897747399942,1.3112006127920282,1.0368545033394547,0.1824003673558534,-0.1994314480414865,0.1317240637608239,K562,0.0391681586597505,1.1347703543409688,0.8708937053406584,1.0956021956812183,0.0391681586597505,0.03916815865975054,K562
GATA1,K562,norm_mean,"[[1 0 0 0]
 [1 0 0 0]
 [0 1 0 0]
 ...
 [0 0 0 1]
 [0 0 0 1]
 [1 0 0 0]]",0.0993265032497345,0.0,EH38E3870989,chr9,470425,470925,shared,cross_context,168623,-1,MA0035.5,GATA1,322,329,8.165593839150135,+,GATA1,ig,0.0591977959764855,0.0598099944615387,0.0617071502924757,0.9692553372745574,False,0.0324600454020713,0.0487569316645385,0.0458531320027727,1.0633280411098147,True,0.0364170289997543,0.0404050645360257,0.0565002656096384,0.7151303971539029,False,0.042691623459437,1.052150011062622,0.0733417837898314,0.9769319264815058,0.6945856742000178,0.7456025708837445,0.0591977959764855,0.0324600454020713,0.0364170289997543,1.334644196756126,0.5722419845743458,1.056120903921643,2.188693697247861,2.3526004554763382,0.9764755794420468,0.9692553372745574,1.0633280411098147,0.7151303971539029,-0.0336700560369266,-0.5257754373072951,-0.4235212584499915,K562,0.2313293555977613,0.9769319264815058,0.6945856742000178,0.7456025708837445,0.2313293555977613,0.23132935559776135,K562
GATA1,K562,norm_mean,"[[0 0 1 0]
 [0 0 0 1]
 [0 0 1 0]
 ...
 [1 0 0 0]
 [1 0 0 0]
 [0 0 1 0]]",0.0551662847491469,0.0,EH38E3014695,chr12,48119872,48120372,shared,cross_context,70755,-1,MA0035.5,GATA1,268,275,8.165593839150135,+,GATA1,ig,0.0677243103938443,0.0565851561177987,0.0472332424982689,1.197994064030897,True,0.0295064118025558,0.0463576681539416,0.0395091531823616,1.1733396614848437,True,0.0482649145913975,0.0545706859847996,0.0426062733848737,1.2808131019513789,True,0.0484985455959325,2.235140085220337,1.1603658992044008,1.3308938843721472,0.6994633973189543,1.020834289346131,0.0677243103938443,0.0295064118025558,0.0482649145913975,1.7280035822510105,0.882055967886503,0.938590641954068,2.662396838972525,1.5481248825288751,2.0147689856326574,1.197994064030897,1.1733396614848437,1.2808131019513789,0.4123955470947914,-0.5156795291989869,0.0297486958939413,K562,0.3100595950260161,1.3308938843721472,0.6994633973189543,1.020834289346131,0.3100595950260161,0.3100595950260161,K562
GATA1,K562,norm_mean,"[[0 0 1 0]
 [0 1 0 0]
 [0 0 1 0]
 ...
 [0 0 1 0]
 [0 1 0 0]
 [0 0 1 0]]",0.2024203050458224,0.0,EH38E3281502,chr19,1848541,1849041,shared,cross_context,61529,-1,MA0035.5,GATA1,431,438,8.165593839150135,+,GATA1,ig,0.0660425197067005,0.0495113645913079,0.0763837559404782,0.6481922432299221,False,0.0268674767576158,0.0422169192833825,0.0709414942548028,0.5950947858640093,False,0.0227870663095797,0.0413757494109449,0.0432990505418274,0.9555807653372866,False,0.0385656875912987,0.4469799995422363,-1.1617145888675828,1.0275984694182858,0.4653454933981872,0.53143000092563,0.0660425197067005,0.0268674767576158,0.0227870663095797,0.8943821309864506,0.5699621495319849,0.5041049257169858,2.7103165895087318,0.9230935856604432,1.1473484007590038,0.6481922432299221,0.5950947858640093,0.9555807653372866,0.0392766478994446,-1.1036258561391286,-0.9120484172894472,K562,0.4961684684926558,1.0275984694182858,0.4653454933981872,0.53143000092563,0.4961684684926558,0.49616846849265583,K562
GATA1,K562,norm_mean,"[[0 0 1 0]
 [0 0 0 1]
 [0 0 1 0]
 ...
 [0 1 0 0]
 [1 0 0 0]
 [1 0 0 0]]",0.0073512371329765,0.0,EH38E1728583,chr14,75295293,75295793,shared,cross_context,1935,-1,MA0035.5,GATA1,183,190,8.165593839150135,+,GATA1,ig,0.0743528343737125,0.0652958091296022,0.0712748598543458,0.916112639181775,False,0.0365125571510621,0.0490129748937033,0.0519461084166997,0.9435348855237382,False,0.0533469662602458,0.0626852580148261,0.047354246615074,1.3237512843749697,True,0.0547374525950068,0.8940100073814392,-0.1616355003950408,1.0967530199214357,0.7261701826603922,0.9596817640344616,0.0743528343737125,0.0365125571510621,0.0533469662602458,0.8630413336134952,0.6183974006367291,1.5033063033710032,2.381874611260281,1.3411195384877126,1.6897616456687825,0.916112639181775,0.9435348855237382,1.3237512843749697,0.1332386801546107,-0.4616204001780324,-0.0593720141793137,K562,0.1370712558869741,1.0967530199214357,0.7261701826603922,0.9596817640344616,0.1370712558869741,0.1370712558869741,K562
GATA1,K562,norm_mean,"[[0 0 0 1]
 [1 0 0 0]
 [0 0 1 0]
 ...
 [0 1 0 0]
 [0 0 1 0]
 [0 0 1 0]]",0.0914383593353116,0.0,EH38E2802895,chr1,36161134,36161634,shared,cross_context,48001,-1,MA0035.5,GATA1,367,374,8.165593839150135,+,GATA1,ig,0.0640617507909025,0.0606379795470275,0.0644174292082282,0.9413286261041252,False,0.0345654244800763,0.0410948350874241,0.0500528073079753,0.8210294104838765,False,0.0417824169354779,0.042730290411273,0.0431851025912256,0.9894680793296105,False,0.0468031974021522,0.8975899815559387,-0.1558699141833995,1.0381222362629332,0.7222238231904867,0.9443043580361266,0.0640617507909025,0.0345654244800763,0.0417824169354779,1.0841624221559003,0.6721017085689526,1.1532034585403608,1.8202736430064488,1.8378338966161776,1.3780255546196416,0.9413286261041252,0.8210294104838765,0.9894680793296105,0.0539763287729672,-0.4694820832486096,-0.0826761648535556,K562,0.0938178782268066,1.0381222362629332,0.7222238231904867,0.9443043580361266,0.0938178782268066,0.09381787822680665,K562
GATA1,K562,norm_mean,"[[0 0 0 1]
 [0 1 0 0]
 [0 0 0 1]
 ...
 [1 0 0 0]
 [0 0 0 1]
 [0 0 1 0]]",0.0745784185147917,0.0,EH38E3704687,chr6,36594012,36594512,shared,cross_context,152704,-1,MA0035.5,GATA1,4,11,8.165593839150135,+,GATA1,ig,0.1031157118933541,0.0474354609433794,0.0674631358630722,0.7031314703239258,False,0.0343055215531161,0.0353913243726128,0.0477625344332773,0.7409849033912623,False,0.0354042933322489,0.0463461157435085,0.0464344725280534,0.9980969576975148,False,0.0576085089262397,1.037850022315979,0.0535993677890945,1.8382789959831112,0.8584492000824804,0.826990815513758,0.1031157118933541,0.0343055215531161,0.0354042933322489,2.368871521508704,0.6333230529877169,1.2149542563246247,3.6829076263988263,1.883798550339912,1.7611452364030469,0.7031314703239258,0.7409849033912623,0.9980969576975148,0.8783557421535931,-0.220195329925815,-0.2740567860997872,K562,0.9798297959006308,1.8382789959831112,0.8584492000824804,0.826990815513758,0.9798297959006308,0.9798297959006308,K562
GATA1,K562,norm_mean,"[[0 1 0 0]
 [1 0 0 0]
 [1 0 0 0]
 ...
 [0 0 1 0]
 [1 0 0 0]
 [0 1 0 0]]",0.0640032874913877,0.0,EH38E2908410,chr10,73494886,73495386,shared,cross_context,58886,-1,MA0035.5,GATA1,105,112,8.165593839150135,+,GATA1,ig,0.0717351507129413,0.0674360498803434,0.0630108301221088,1.0702293406921577,True,0.0572205051513654,0.064985759180272,0.0557574968104465,1.1655069047688562,True,0.0390532728550689,0.0493785938438668,0.0727451347926174,0.6787888591690315,False,0.0560029762397919,1.4899799823760986,0.57529391672315,1.138954377333784,1.037597223176855,0.677908970135035,0.0717351507129413,0.0572205051513654,0.0390532728550689,1.7383233977364754,1.4357101194655806,0.6979368601650605,1.7162065384659482,2.323005645767227,1.522977758246877,1.0702293406921577,1.1655069047688562,0.6787888591690315,0.1877099599786089,0.053246525149781,-0.5608365320108211,K562,0.1013571541569287,1.138954377333784,1.037597223176855,0.677908970135035,0.1013571541569287,0.10135715415692892,K562
GATA1,K562,norm_mean,"[[0 0 1 0]
 [0 0 1 0]
 [0 0 1 0]
 ...
 [1 0 0 0]
 [0 0 1 0]
 [1 0 0 0]]",0.1045655082760541,0.0,EH38E3087207,chr14,23631890,23632390,shared,cross_context,22670,-1,MA0035.5,GATA1,330,337,8.165593839150135,+,GATA1,ig,0.069585703845535,0.0509722179640084,0.0622670973961343,0.8186058433665557,False,0.0371583997538047,0.0423761901300167,0.0452055044154683,0.9374119657294856,False,0.0261013754976115,0.0445560310990549,0.0401125620296608,1.1107747233487897,True,0.0442818263656504,3.6707100868225098,1.8760595677168936,1.119419702459432,0.7368382721820714,0.5545448365605563,0.069585703845535,0.0371583997538047,0.0261013754976115,1.1538393954185615,1.1700141670244997,0.7804613918718919,1.81726623563076,1.5559498838763055,1.1262769348454815,0.8186058433665557,0.9374119657294856,1.1107747233487897,0.1627510466581011,-0.4405800944028643,-0.8506239810989914,K562,0.3825814302773604,1.119419702459432,0.7368382721820714,0.5545448365605563,0.3825814302773604,0.38258143027736047,K562
GATA1,K562,norm_mean,"[[0 1 0 0]
 [0 0 1 0]
 [1 0 0 0]
 ...
 [0 1 0 0]
 [0 0 0 1]
 [0 0 1 0]]",0.1004193769645716,0.0,EH38E3808355,chr7,151013878,151014378,shared,cross_context,162319,-1,MA0035.5,GATA1,504,511,8.165593839150135,+,GATA1,ig,0.0703912904219968,0.0705798628251068,0.0582505294342991,1.2116602440173794,True,0.0179300016856619,0.0432913904474116,0.0549506848724558,0.7878224387861481,False,0.0161972858809999,0.0376187489810399,0.0437704556196695,0.859455078863381,False,0.0348395259962195,1.034999966621399,0.0496321151055158,1.0248432656032724,0.3300229681409677,0.355454912563723,0.0703912904219968,0.0179300016856619,0.0161972858809999,1.3646950432391318,0.1836182710364534,0.2440774481053742,1.6818952961430906,0.8429152728565042,1.433851098034136,1.2116602440173794,0.7878224387861481,0.859455078863381,0.0354032894537225,-1.5993616573478469,-1.4922615170486313,K562,0.6693883530395495,1.0248432656032724,0.3300229681409677,0.355454912563723,0.6693883530395495,0.6693883530395495,K562
GATA1,K562,norm_mean,"[[0 0 1 0]
 [1 0 0 0]
 [0 0 0 1]
 ...
 [1 0 0 0]
 [0 0 0 1]
 [0 0 1 0]]",0.156873475523678,0.0,EH38E3001383,chr12,6890521,6891021,shared,cross_context,20478,-1,MA0035.5,GATA1,309,316,8.165593839150135,+,GATA1,ig,0.0924686055098261,0.0644728705775924,0.0679938283380276,0.9482163700932588,False,0.0535391205921769,0.0518350207511684,0.0471599046560004,1.0991330482523085,True,0.0384001698611038,0.0459320969186956,0.052125670457802,0.8811798045663797,False,0.0614692986543689,0.2744899988174438,-1.865169254124477,1.3813378905155482,1.0972020277138876,0.775341370303582,0.0924686055098261,0.0535391205921769,0.0384001698611038,1.79455778375259,1.2201867196830305,0.8545147817120862,2.552458489054249,2.2828964505234883,1.844438904625184,0.9482163700932588,1.0991330482523085,0.8811798045663797,0.4660662629616314,0.1338291948277737,-0.3670964474013749,K562,0.2841358628016606,1.3813378905155482,1.0972020277138876,0.775341370303582,0.2841358628016606,0.2841358628016606,K562
GATA1,K562,norm_mean,"[[0 0 0 1]
 [0 1 0 0]
 [0 0 1 0]
 ...
 [1 0 0 0]
 [1 0 0 0]
 [1 0 0 0]]",0.0838538801278049,0.0,EH38E2962921,chr11,64271637,64272137,shared,cross_context,60087,-1,MA0035.5,GATA1,203,210,8.165593839150135,+,GATA1,ig,0.081861922850034,0.0603873087780084,0.0622844209459312,0.9695409889901756,False,0.0412893297949007,0.0559395218786085,0.0436432734082355,1.2817441198306505,True,0.0608427753405911,0.0512863265082705,0.0449985353397114,1.1397329873908204,True,0.0613313426618419,0.4735099971294403,-1.0785301627103427,1.3273785385522203,0.8514502872313537,1.2847343814615222,0.081861922850034,0.0412893297949007,0.0608427753405911,1.3280481469523595,1.1257412842097103,1.1225853352240849,2.644103011602586,1.4221141466466876,2.341307214610757,0.9695409889901756,1.2817441198306505,1.1397329873908204,0.4085798546998078,-0.2320057940096246,0.361470114503636,K562,0.0426441570906981,1.3273785385522203,0.8514502872313537,1.2847343814615222,0.0426441570906981,0.04264415709069813,K562
GATA1,K562,norm_mean,"[[0 0 1 0]
 [0 0 0 1]
 [0 1 0 0]
 ...
 [1 0 0 0]
 [0 1 0 0]
 [1 0 0 0]]",0.0600852807163296,0.0,EH38E3220881,chr17,38606674,38607174,shared,cross_context,96289,-1,MA0035.5,GATA1,453,460,8.165593839150135,+,GATA1,ig,0.0816601065120526,0.0706586292257998,0.0571327781239233,1.2367439354182814,True,0.0211564363645655,0.0567936051764991,0.0494971609837375,1.1474111357830696,True,0.0281815908050962,0.0538633791683241,0.0385445476573659,1.397431503745142,True,0.0436660445605715,0.744949996471405,-0.4247825679339042,1.3822296261235074,0.3828792542643552,0.6247134546584514,0.0816601065120526,0.0211564363645655,0.0281815908050962,1.3155031758806404,0.5104390545443944,0.6092144993555845,2.3939476555074832,0.5612862029122081,2.043202622597806,1.2367439354182814,1.1474111357830696,1.397431503745142,0.4669973077617746,-1.385038599071177,-0.6787334905439535,K562,0.757516171465056,1.3822296261235074,0.3828792542643552,0.6247134546584514,0.757516171465056,0.757516171465056,K562
GATA1,K562,norm_mean,"[[0 1 0 0]
 [1 0 0 0]
 [0 0 1 0]
 ...
 [0 1 0 0]
 [0 1 0 0]
 [1 0 0 0]]",0.1173196324732281,0.0,EH38E3355643,chr2,85538158,85538658,shared,cross_context,17150,-1,MA0035.5,GATA1,355,362,8.165593839150135,+,GATA1,ig,0.0539696779368179,0.0570342200004961,0.0629765698832907,0.9056417497773448,False,0.0280671131664088,0.0463725592149421,0.0451631403581319,1.026778664624143,True,0.0263697031353201,0.0440416732017183,0.03410508235097,1.291351823607236,True,0.0361354980795156,0.422789990901947,-1.241983459698368,0.8578140791167214,0.5928449683729177,0.6689005426863375,0.0539696779368179,0.0280671131664088,0.0263697031353201,1.0617940275906734,0.7260296457189386,0.6925654807151463,1.2652495786118705,1.0934528730234467,1.3958472072819978,0.9056417497773448,1.026778664624143,1.291351823607236,-0.2212630983964563,-0.7542732096075488,-0.5801363769908958,K562,0.1889135364303839,0.8578140791167214,0.5928449683729177,0.6689005426863375,0.1889135364303839,0.1889135364303839,K562
GATA1,K562,norm_mean,"[[0 0 1 0]
 [0 0 0 1]
 [0 0 1 0]
 ...
 [0 1 0 0]
 [0 0 0 1]
 [0 0 1 0]]",0.1502055658293885,0.0,EH38E1419155,chr1,210584647,210585147,shared,cross_context,3577,-1,MA0035.5,GATA1,300,307,8.165593839150135,+,GATA1,ig,0.0920264891215733,0.0745316917449235,0.0718529811980425,1.037280292750763,True,0.0282332541620624,0.0375342619977891,0.0589077178950942,0.6371704246449965,False,0.060478379417743,0.0507703421544283,0.062288022468629,0.8150898357561459,False,0.0602460409004595,0.4966300129890442,-1.0097537389536333,1.2653178509501983,0.5593385902999043,1.0499390229650754,0.0920264891215733,0.0282332541620624,0.060478379417743,1.3421512999121243,0.7553154286308265,1.418856530879707,2.118900413299478,1.233957238893955,1.7093733360359509,1.037280292750763,0.6371704246449965,0.8150898357561459,0.3394998401220784,-0.8382062230721867,0.0703055446746287,K562,0.2153788279851229,1.2653178509501983,0.5593385902999043,1.0499390229650754,0.2153788279851229,0.21537882798512298,K562
GATA1,K562,norm_mean,"[[0 0 1 0]
 [0 0 0 1]
 [0 0 1 0]
 ...
 [0 0 1 0]
 [0 0 0 1]
 [0 1 0 0]]",0.1470724968851953,0.0,EH38E3928718,chrX,24464443,24464943,shared,cross_context,50469,-1,MA0035.5,GATA1,280,287,8.165593839150135,+,GATA1,ig,0.106290320998856,0.0806042058416642,0.0745963635854423,1.0805378595159263,True,0.0441233326148773,0.0568429405800998,0.0749486748427443,0.7584247902330294,False,0.0546931302441017,0.0535527718393132,0.0617590456874891,0.8671242013527359,False,0.0683689279526117,2.2022900581359863,1.139005150273911,1.381413208928817,0.6500567660184776,0.9340715465075736,0.106290320998856,0.0441233326148773,0.0546931302441017,1.6089081353935983,0.2345542470052078,0.7130284912464638,3.55279561360261,1.8642248548553304,1.872023609330857,1.0805378595159263,0.7584247902330294,0.8671242013527359,0.4661449247717962,-0.6213623861000562,-0.0983950339449078,K562,0.4473416624212434,1.381413208928817,0.6500567660184776,0.9340715465075736,0.4473416624212434,0.4473416624212433,K562
GATA1,K562,norm_mean,"[[0 1 0 0]
 [0 1 0 0]
 [0 0 1 0]
 ...
 [0 1 0 0]
 [0 0 0 1]
 [0 0 0 1]]",0.7717263896914671,1.0,EH38E2951674,chr11,32435503,32436003,shared,cross_context,63671,-1,MA0035.5,GATA1,402,409,8.165593839150135,+,GATA1,ig,0.0663751608559063,0.0550223622180055,0.0679291567555966,0.8099961304688365,False,0.0274578139984181,0.0420679788629058,0.0496571240236629,0.8471688849956456,False,0.0411827516342912,0.0422006692801369,0.0477744544809009,0.8833310794516124,False,0.0450052421628719,2.762239933013916,1.4658391623565523,1.1158487514302038,0.6087494462958157,0.8746595503593174,0.0663751608559063,0.0274578139984181,0.0411827516342912,1.243818157951294,0.8151335349339329,0.9918854770238846,2.018841011056143,0.900671078793646,1.8700821619288448,0.8099961304688365,0.8471688849956456,0.8833310794516124,0.1581414905125778,-0.716079537563344,-0.193206516962241,K562,0.2411892010708863,1.1158487514302038,0.6087494462958157,0.8746595503593174,0.2411892010708863,0.24118920107088637,K562
GATA1,K562,norm_mean,"[[0 0 1 0]
 [0 1 0 0]
 [0 0 1 0]
 ...
 [1 0 0 0]
 [0 1 0 0]
 [0 0 0 1]]",0.0004516047512232,0.0,EH38E3621821,chr5,746445,746945,shared,cross_context,218955,-1,MA0035.5,GATA1,436,443,8.165593839150135,+,GATA1,ig,0.0663896133857114,0.0861332509969361,0.0730332311242818,1.179370512262515,True,0.0214553577659119,0.0678917991969501,0.0489402473869267,1.3872382946454591,True,0.0245560077019035,0.0686955805402249,0.0584922341117635,1.1744391343400236,True,0.0374669929511756,0.0,-19.93156856932417,0.8265627549534247,0.3604537436805385,0.3743877671524661,0.0663896133857114,0.0214553577659119,0.0245560077019035,0.9445744855121924,0.3318262648804874,0.4027993103148499,1.7370920867153083,0.8459087125199499,0.7445183713587342,1.179370512262515,1.3872382946454591,1.1744391343400236,-0.2748037360283182,-1.4721139577556328,-1.417394794351862,K562,0.4521749878009585,0.8265627549534247,0.3604537436805385,0.3743877671524661,0.4521749878009585,0.4521749878009586,K562
GATA1,K562,norm_mean,"[[0 0 1 0]
 [0 1 0 0]
 [0 0 1 0]
 ...
 [0 1 0 0]
 [0 1 0 0]
 [0 1 0 0]]",0.0077746585233684,0.0,EH38E3346766,chr2,61537328,61537828,shared,cross_context,116355,-1,MA0035.5,GATA1,484,491,8.165593839150135,+,GATA1,ig,0.0877491737316761,0.0655987472139531,0.0450433596002403,1.4563463567699677,True,0.0513804947425212,0.0441436667468224,0.0399454999656882,1.1050970881268076,True,0.0437874237873724,0.0361366709350841,0.0448748105578124,0.8052772241958953,False,0.0609723640871899,1.0885599851608276,0.1224222348338674,1.4179773994592586,1.146216893259341,1.009170513093262,0.0877491737316761,0.0513804947425212,0.0437874237873724,1.0470005125570545,1.630196344029933,0.7699999592094418,3.366490908283967,1.9025213173564883,2.735393928015221,1.4563463567699677,1.1050970881268076,0.8052772241958953,0.5038345392733574,0.1968800656174026,0.0131699594323258,K562,0.2717605061999175,1.4179773994592586,1.146216893259341,1.009170513093262,0.2717605061999175,0.27176050619991754,K562
GATA1,K562,norm_mean,"[[0 0 0 1]
 [1 0 0 0]
 [1 0 0 0]
 ...
 [0 0 1 0]
 [0 1 0 0]
 [0 1 0 0]]",0.8847872243178143,1.0,EH38E2837458,chr1,151346713,151347213,shared,cross_context,7508,-1,MA0035.5,GATA1,136,143,8.165593839150135,+,GATA1,ig,0.0721125325986317,0.0585570958151947,0.0624512499081415,0.9376447473009416,False,0.0284566309835229,0.0469811169186141,0.0406740632621283,1.155062995924687,True,0.0421391484726752,0.0481311965349596,0.0518881961102714,0.9275941517938096,False,0.0475694373516099,1.24167001247406,0.31228297424731,1.217495505923087,0.6617347289432829,0.8814588308705278,0.0721125325986317,0.0284566309835229,0.0421391484726752,1.062455217781673,0.7392937356512523,1.0085266537117128,2.8673046149654184,1.2838660965591395,1.661698086426471,0.9376447473009416,1.155062995924687,0.9275941517938096,0.2839164481583431,-0.5956750961213969,-0.1820349041770425,K562,0.3360366750525592,1.217495505923087,0.6617347289432829,0.8814588308705278,0.3360366750525592,0.3360366750525592,K562
GATA1,K562,norm_mean,"[[0 0 1 0]
 [0 0 1 0]
 [0 0 1 0]
 ...
 [0 0 0 1]
 [0 0 0 1]
 [0 0 0 1]]",0.0316916943577274,0.0,EH38E3057162,chr13,27251853,27252353,shared,cross_context,76121,-1,MA0035.5,GATA1,18,25,8.165593839150135,+,GATA1,ig,0.1118654949324471,0.0565795566549059,0.0639644341764505,0.8845469914321005,False,0.0459270541157041,0.0509342379163717,0.0479077863605925,1.0631722138292432,True,0.0854122134457741,0.0494224108167691,0.048826009936165,1.0122146118275412,True,0.0810682541646418,0.5739799737930298,-0.800925179361617,1.881014099985214,0.9450996929250356,1.80155022136624,0.1118654949324471,0.0459270541157041,0.0854122134457741,2.3248131925408244,0.6556115669573647,1.5088758121122778,2.4333942698152136,3.566905805520196,3.929696757734648,0.8845469914321005,1.0631722138292432,1.0122146118275412,0.9115106640366466,-0.0814615747122365,0.849238870775957,K562,0.0794638786189743,1.881014099985214,0.9450996929250356,1.80155022136624,0.0794638786189743,0.07946387861897408,K562
GATA1,K562,norm_mean,"[[1 0 0 0]
 [0 1 0 0]
 [0 1 0 0]
 ...
 [0 0 0 1]
 [0 0 1 0]
 [1 0 0 0]]",0.6926742343195349,1.0,EH38E3222164,chr17,40123179,40123679,shared,cross_context,96683,-1,MA0035.5,GATA1,219,226,8.165593839150135,+,GATA1,ig,0.0843985006213188,0.0702941598760662,0.0686496209856182,1.0239553930128558,True,0.0091397218140108,0.0484062316094059,0.0483901944550243,1.0003312065853422,True,0.0421380821083273,0.0475094649207312,0.0419780318576764,1.1317694398849918,True,0.0452254348478856,0.3156700134277344,-1.6635063039989335,1.2180118555048158,0.1888510442461956,0.9546732545691748,0.0843985006213188,0.0091397218140108,0.0421380821083273,1.1689280139068907,0.1725391750242323,1.1427450203934884,3.2834608941619168,0.3829072320413879,1.6363279388350316,1.0239553930128558,1.0003312065853422,1.1317694398849918,0.2845281769531499,-2.4046793261088544,-0.0669210509847303,K562,0.263338600935641,1.2180118555048158,0.1888510442461956,0.9546732545691748,0.263338600935641,0.263338600935641,K562
GATA1,K562,norm_mean,"[[0 0 1 0]
 [0 0 1 0]
 [0 0 1 0]
 ...
 [1 0 0 0]
 [0 0 1 0]
 [0 0 1 0]]",0.1435698896082701,0.0,EH38E2802896,chr1,36161448,36161948,shared,cross_context,48003,-1,MA0035.5,GATA1,53,60,8.165593839150135,+,GATA1,ig,0.0718763167304652,0.0731350687623489,0.0656663806026335,1.1137366937816109,True,0.0386213592386671,0.0474441884632688,0.0481365238386206,0.9856170496680766,False,0.033020439424685,0.0373704434323008,0.0330170696639106,1.1318518722038462,True,0.0478393717979391,0.8975899815559387,-0.1558699141833995,1.1487658642819631,0.9095170799993476,0.9460122254552794,0.0718763167304652,0.0386213592386671,0.033020439424685,0.8507812196454341,0.9151601795717452,1.060073463299949,2.286133724888815,2.047045965065033,1.9042722810646997,1.1137366937816109,0.9856170496680766,1.1318518722038462,0.2000847863069581,-0.1368273625173052,-0.080069265516758,K562,0.2027536388266837,1.1487658642819631,0.9095170799993476,0.9460122254552794,0.2027536388266837,0.20275363882668374,K562
GATA1,K562,norm_mean,"[[0 0 0 1]
 [0 0 1 0]
 [1 0 0 0]
 ...
 [0 1 0 0]
 [1 0 0 0]
 [1 0 0 0]]",0.7407785522223057,1.0,EH38E3788630,chr7,100090462,100090962,shared,cross_context,23258,-1,MA0035.5,GATA1,315,322,8.165593839150135,+,GATA1,ig,0.1061002053320407,0.0567577978642657,0.0576840528824721,0.9839424448986264,False,0.0717001908591815,0.049859121813206,0.0408703040255971,1.219934884326534,True,0.0291397207017455,0.0449928440456278,0.0368447499864474,1.2211463465137906,True,0.0689800389643226,0.0931200012564659,-3.4247496192865587,1.7611149775001085,1.6135250008101834,0.7331306397979437,0.1061002053320407,0.0717001908591815,0.0291397207017455,2.1640797952418205,1.2964885896436156,0.7931340239898946,3.5913354465290053,3.6079957366936775,1.5451091084436273,0.9839424448986264,1.219934884326534,1.2211463465137906,0.8164891019555505,0.6902159327725517,-0.4478577914291998,K562,0.1475899766899251,1.7611149775001085,1.6135250008101834,0.7331306397979437,0.1475899766899251,0.14758997668992513,K562
GATA1,K562,norm_mean,"[[0 0 0 1]
 [0 0 1 0]
 [0 1 0 0]
 ...
 [1 0 0 0]
 [0 1 0 0]
 [1 0 0 0]]",0.1641605209641001,0.0,EH38E2839548,chr1,154974702,154975202,shared,cross_context,185279,-1,MA0035.5,GATA1,443,450,8.148689808342462,+,GATA1,ig,0.1209518276154995,0.0579284646501764,0.0545234239590354,1.0624507747200829,True,0.0787411869636603,0.0432123321888502,0.0360800213896436,1.1976800053797585,True,0.0296662025419729,0.0387567213363945,0.042039192902157,0.9219185584131494,False,0.0764530723737109,0.5321499705314636,-0.9100925004038964,2.112302815389942,1.901255429880887,0.6867060587649184,0.1209518276154995,0.0787411869636603,0.0296662025419729,2.322340867860812,2.364411649739753,0.6325590942634697,3.3105222474659604,3.0806014842470275,1.543681809913675,1.0624507747200829,1.1976800053797585,0.9219185584131494,1.078816672001269,0.9269523689721167,-0.5422354003067941,K562,0.2110473855090548,2.112302815389942,1.901255429880887,0.6867060587649184,0.2110473855090548,0.21104738550905489,K562
GATA1,K562,norm_mean,"[[1 0 0 0]
 [1 0 0 0]
 [1 0 0 0]
 ...
 [0 0 1 0]
 [0 1 0 0]
 [1 0 0 0]]",0.1152784258437162,0.0,EH38E2905044,chr10,68231014,68231514,shared,cross_context,58480,-1,MA0035.5,GATA1,73,80,8.148689808342462,+,GATA1,ig,0.1075169607730848,0.0781534019648097,0.0506086785224033,1.5442684694390558,True,0.0270843591008867,0.0609983712935354,0.0379240916462731,1.6084328605191849,True,0.0417076234506177,0.0502800052147358,0.0363316656538518,1.3839164946251323,True,0.0587696477748631,1.9277499914169312,0.946918709945072,1.77639614118017,0.6028582580853739,1.007197222319159,0.1075169607730848,0.0270843591008867,0.0417076234506177,2.122245397119742,0.5457511552228711,1.1298466667746676,3.666731272690559,1.9214459128722363,2.138971524912709,1.5442684694390558,1.6084328605191849,1.3839164946251323,0.8289533433037359,-0.7301092518862581,0.0103462108967303,K562,0.7691989188610111,1.77639614118017,0.6028582580853739,1.007197222319159,0.7691989188610111,0.7691989188610111,K562
GATA1,K562,norm_mean,"[[0 0 1 0]
 [0 0 1 0]
 [0 1 0 0]
 ...
 [0 1 0 0]
 [0 0 0 1]
 [0 0 0 1]]",0.0046913043318851,0.0,EH38E3771455,chr7,44606969,44607469,shared,cross_context,45778,-1,MA0035.5,GATA1,383,390,8.148689808342462,+,GATA1,ig,0.0926502012381596,0.0588971314718946,0.0648788417168208,0.9078016936699984,False,0.0338291065501315,0.0353275867941556,0.0495246600780009,0.713333107288044,False,0.0611246201608862,0.0478920848190318,0.0468781178650256,1.021629638387558,True,0.0625346426497257,1.5305900573730469,0.6140888757128653,1.412597929137066,0.8400326907718203,1.2992309914914968,0.0926502012381596,0.0338291065501315,0.0611246201608862,2.097718654657773,0.9042252524650146,1.4391907432613498,3.306948532930214,1.6424709959603494,3.03768727944078,0.9078016936699984,0.713333107288044,1.021629638387558,0.4983508876521887,-0.2514826201634415,0.3776579527992764,K562,0.1133669376455692,1.412597929137066,0.8400326907718203,1.2992309914914968,0.1133669376455692,0.11336693764556927,K562
GATA1,K562,norm_mean,"[[0 1 0 0]
 [0 0 1 0]
 [0 0 1 0]
 ...
 [0 0 0 1]
 [0 0 1 0]
 [0 1 0 0]]",0.6609151394143743,1.0,EH38E2839556,chr1,154982961,154983461,shared,cross_context,52678,-1,MA0035.5,GATA1,463,470,8.148689808342462,+,GATA1,ig,0.0878897146987063,0.0683558339392766,0.0700524983229115,0.9757799624274124,False,0.0479756968894175,0.0440141705994028,0.0517621732252882,0.850315188751541,False,0.0295891141785042,0.0453381003794493,0.0352103719313163,1.2876344388393393,True,0.055151508588876,2.869869947433472,1.5209858631435282,1.2901632080323195,0.9402968469291706,0.680989058317075,0.0878897146987063,0.0479756968894175,0.0295891141785042,1.6134070942154934,1.3546790481441129,0.64135294420525,2.7171771645921416,1.7586060519972837,1.3492245906551494,0.9757799624274124,0.850315188751541,1.2876344388393393,0.3675535819025753,-0.0888118131736241,-0.5542964746174044,K562,0.3498663611031489,1.2901632080323195,0.9402968469291706,0.680989058317075,0.3498663611031489,0.34986636110314895,K562
GATA1,K562,norm_mean,"[[0 0 1 0]
 [0 0 1 0]
 [0 0 1 0]
 ...
 [0 1 0 0]
 [0 0 1 0]
 [0 0 1 0]]",1.0,1.0,EH38E3804611,chr7,140924762,140925262,shared,cross_context,46684,-1,MA0035.5,GATA1,288,295,8.148689808342462,+,GATA1,ig,0.0449207478335925,0.0607183544262079,0.0537926730948339,1.1287474603035583,True,0.024012295130108,0.0422726335452171,0.0471835504535985,0.8959186873315551,False,0.0353497532196342,0.0405548640340566,0.0471684359143135,0.8597880054757118,False,0.0347609320611116,2.599639892578125,1.3783123469928449,0.7950853840315207,0.5304799856090799,0.7928618541628846,0.0449207478335925,0.024012295130108,0.0353497532196342,1.0429104341183302,0.7351077813648668,1.3502247509502052,1.4551352107462474,1.000439401775269,1.8888471988875548,1.1287474603035583,0.8959186873315551,0.8597880054757118,-0.3308182936767261,-0.914629771201562,-0.3348585760364007,K562,0.0022235298686361,0.7950853840315207,0.5304799856090799,0.7928618541628846,0.0022235298686361,0.002223529868636165,K562
GATA1,K562,norm_mean,"[[0 1 0 0]
 [0 1 0 0]
 [1 0 0 0]
 ...
 [0 0 0 1]
 [0 0 1 0]
 [0 1 0 0]]",0.0980295179581642,0.0,EH38E3880997,chr9,34665279,34665779,shared,cross_context,63728,-1,MA0035.5,GATA1,494,501,8.148689808342462,+,GATA1,ig,0.0576440263539552,0.0700043962738709,0.052757192570134,1.326916380390126,True,0.0450405704655817,0.0501375905514578,0.0436738876483286,1.147998993705031,True,0.0275389782286116,0.0418087000731611,0.037600870647002,1.111907470084604,True,0.0434078583493828,0.993340015411377,-0.0096390127991132,0.9673164279137194,0.912655474900812,0.6966005510331418,0.0576440263539552,0.0450405704655817,0.0275389782286116,1.1917516218827744,1.001228782887622,0.690192126102227,2.048779216290272,1.5703978678606896,1.817442408530124,1.326916380390126,1.147998993705031,1.111907470084604,-0.047940193034736,-0.1318577440026822,-0.5215964786736649,K562,0.0546609530129075,0.9673164279137194,0.912655474900812,0.6966005510331418,0.0546609530129075,0.05466095301290741,K562
GATA1,K562,norm_mean,"[[1 0 0 0]
 [1 0 0 0]
 [0 1 0 0]
 ...
 [0 0 0 1]
 [1 0 0 0]
 [0 0 1 0]]",0.057044928477827,0.0,EH38E3046742,chr12,121716964,121717464,shared,cross_context,74899,-1,MA0035.5,GATA1,8,15,8.148689808342462,+,GATA1,ig,0.0844430093254361,0.0793256702390499,0.0629738177912077,1.2596609261558225,True,0.0533714637692485,0.0651817854115506,0.0608659988222643,1.0709061867665557,True,0.0426433404375399,0.056868913838407,0.0521981404779944,1.0894813957514005,True,0.0601526045107415,0.7450100183486938,-0.4246663324005215,1.221447472278712,0.9494576546490028,0.7949716942267758,0.0844430093254361,0.0533714637692485,0.0426433404375399,1.4752260749364212,1.2376257162965276,0.5105833637443339,1.9314521409632488,2.001092766740683,1.963760246861214,1.2596609261558225,1.0709061867665557,1.0894813957514005,0.288591823760959,-0.0748244350575425,-0.3310246003808326,K562,0.2719898176297091,1.221447472278712,0.9494576546490028,0.7949716942267758,0.2719898176297091,0.2719898176297093,K562
GATA1,K562,norm_mean,"[[0 1 0 0]
 [0 1 0 0]
 [1 0 0 0]
 ...
 [0 1 0 0]
 [0 0 1 0]
 [0 0 1 0]]",0.0287671804809414,0.0,EH38E3756156,chr7,5558356,5558856,shared,cross_context,157520,-1,MA0035.5,GATA1,79,86,8.148689808342462,+,GATA1,ig,0.0793611854314804,0.0686368266260251,0.0495300399186089,1.3857613052846445,True,0.0602200265441622,0.0547517816926119,0.0463553619867889,1.1811313197576323,True,0.0567990316610251,0.0567248436484078,0.0568676439102273,0.997488725980415,False,0.0654600812122225,1.12732994556427,0.172911103296786,1.376673564702042,1.292147515774806,1.106946847247501,0.0793611854314804,0.0602200265441622,0.0567990316610251,1.3632109807905168,0.7647927266354814,0.7000207819403204,2.949698611894802,4.086519611166307,3.0540636458797805,1.3857613052846445,1.1811313197576323,0.997488725980415,0.4611865108358042,0.3697707833218572,0.1465859505650734,K562,0.0845260489272361,1.376673564702042,1.292147515774806,1.106946847247501,0.0845260489272361,0.08452604892723614,K562
GATA1,K562,norm_mean,"[[0 1 0 0]
 [0 0 1 0]
 [0 0 1 0]
 ...
 [1 0 0 0]
 [0 0 0 1]
 [0 0 1 0]]",0.00013433163651,0.0,EH38E3534134,chr3,120742974,120743474,shared,cross_context,136415,-1,MA0035.5,GATA1,269,276,8.148689808342462,+,GATA1,ig,0.1047870418322937,0.084446741065476,0.0616091247830832,1.3706853920737685,True,0.062638317101768,0.0820018141617765,0.0388105669270048,2.1128728469047497,True,0.0392777797366891,0.0569980556808877,0.0479156660260811,1.1895492333211146,True,0.0689010462235836,0.1489900052547454,-2.746702858603098,1.485707356419962,1.1249263810532344,0.7632166333453649,0.1047870418322937,0.062638317101768,0.0392777797366891,1.3197667505212858,1.223108868534748,0.981537495385748,3.522721925589374,2.066545280685698,1.354125724768798,1.3706853920737685,2.1128728469047497,1.1895492333211146,0.5711499734966854,0.1698305910228389,-0.3898354795894796,K562,0.3607809753667275,1.485707356419962,1.1249263810532344,0.7632166333453649,0.3607809753667275,0.3607809753667277,K562
GATA1,K562,norm_mean,"[[0 1 0 0]
 [1 0 0 0]
 [0 1 0 0]
 ...
 [0 1 0 0]
 [0 0 0 1]
 [0 1 0 0]]",0.1606247764558638,0.0,EH38E3926349,chrX,15674221,15674721,shared,cross_context,174928,-1,MA0035.5,GATA1,49,56,8.148689808342462,+,GATA1,ig,0.0626070427575281,0.0554898890398908,0.0614331045537255,0.9032569721231184,False,0.0386975785451276,0.0407253397260501,0.0442040165700018,0.92130384686918,False,0.018895925687892,0.0410352345067076,0.044867224736954,0.9145924581108564,False,0.0400668489968492,1.7218899726867676,0.7839937965420801,1.0392969666861878,0.9491689060100972,0.4288666567491767,0.0626070427575281,0.0386975785451276,0.018895925687892,0.9099068324100644,1.045018443916035,0.2734910015654174,1.8768700262879627,1.8575448579284133,1.291126167696324,0.9032569721231184,0.92130384686918,0.9145924581108564,0.0556079474011339,-0.0752632535601561,-1.2213989369221452,K562,0.0901280606760905,1.0392969666861878,0.9491689060100972,0.4288666567491767,0.0901280606760905,0.09012806067609058,K562
GATA1,K562,norm_mean,"[[1 0 0 0]
 [0 0 0 1]
 [0 0 1 0]
 ...
 [0 0 1 0]
 [1 0 0 0]
 [1 0 0 0]]",0.00013433163651,0.0,EH38E2231503,chr3,120743194,120743694,shared,cross_context,28486,-1,MA0035.5,GATA1,49,56,8.148689808342462,+,GATA1,ig,0.0891993530094623,0.0898783998016733,0.0708652529586106,1.2682998136077963,True,0.0431394449302128,0.0794157099036965,0.0465572870173491,1.7057628984368016,True,0.0421791290864348,0.0547340128174983,0.0512320099165663,1.0683555500375574,True,0.0581726423420366,0.1489900052547454,-2.746702858603098,1.211039508495119,0.7641091681129334,0.8314368044307484,0.0891993530094623,0.0431394449302128,0.0421791290864348,1.7574420325444944,0.7152433494104852,0.8681446467089211,1.8857759125389857,1.744628339311709,1.4439389319458975,1.2682998136077963,1.7057628984368016,1.0683555500375574,0.2762459329289117,-0.3881493224818694,-0.2663214813523957,K562,0.3796027040643709,1.211039508495119,0.7641091681129334,0.8314368044307484,0.3796027040643709,0.3796027040643707,K562
GATA1,K562,norm_mean,"[[0 0 0 1]
 [0 0 0 1]
 [0 0 0 1]
 ...
 [0 0 1 0]
 [0 0 1 0]
 [1 0 0 0]]",0.0856119939956773,0.0,EH38E3296089,chr19,18410543,18411043,shared,cross_context,31192,-1,MA0035.5,GATA1,345,352,8.148689808342462,+,GATA1,ig,0.0575340408166604,0.0628847016976214,0.0562718381195075,1.1175161968035936,True,0.0449056815622108,0.0407859128399286,0.0519226786769154,0.7855123430474793,False,0.0349827575098191,0.0414888888900168,0.0435871768308006,0.9518597529836214,False,0.0458074932962301,1.3037400245666504,0.3826573207352572,0.9738302721855614,0.9065167310459806,0.7536052829212511,0.0575340408166604,0.0449056815622108,0.0349827575098191,1.4640209820495158,1.109970195638574,1.2529899145369865,2.16915351664659,1.7475420883107868,1.5855861071283064,1.1175161968035936,0.7855123430474793,0.9518597529836214,-0.0382577449315658,-0.1415944461071363,-0.4081190144108428,K562,0.0673135411395807,0.9738302721855614,0.9065167310459806,0.7536052829212511,0.0673135411395807,0.06731354113958077,K562
GATA1,K562,norm_mean,"[[0 1 0 0]
 [0 0 0 1]
 [0 1 0 0]
 ...
 [1 0 0 0]
 [0 0 1 0]
 [0 1 0 0]]",0.1686602333528322,0.0,EH38E2905166,chr10,68561623,68562123,shared,cross_context,58530,-1,MA0035.5,GATA1,187,194,8.148689808342462,+,GATA1,ig,0.0569792687892913,0.0572616961994208,0.058036189735867,0.986654819923235,False,0.043405053139265,0.0452281628362834,0.044454715125351,1.017398323997089,True,0.0199593495178435,0.0299867130469647,0.042283723473043,0.7091784614071978,False,0.0401145571488,0.1434800028800964,-2.8010683605297104,1.003524490796169,0.9790090266427524,0.537204511440023,0.0569792687892913,0.043405053139265,0.0199593495178435,1.362808751159884,1.2227547638646044,0.6469222694764097,2.014443380035993,2.1209634188748376,1.1065856455810297,0.986654819923235,1.017398323997089,0.7091784614071978,0.0050758272253854,-0.0306059316106081,-0.8964566716419222,K562,0.0245154641534163,1.003524490796169,0.9790090266427524,0.537204511440023,0.0245154641534163,0.024515464153416544,K562
GATA1,K562,norm_mean,"[[1 0 0 0]
 [0 0 1 0]
 [0 1 0 0]
 ...
 [0 0 1 0]
 [0 1 0 0]
 [0 0 0 1]]",0.8129499836237674,1.0,EH38E3350533,chr2,69914208,69914708,shared,cross_context,116793,-1,MA0140.3,GATA1::TAL1,383,400,8.139006290545256,+,GATA1,ig,0.1166474325034548,0.0660021543328184,0.0483495727190916,1.3651028741300058,True,0.0674567056052825,0.0614876687142532,0.0315817499410032,1.9469361058128545,True,0.0780823072966407,0.054668463069247,0.0582624906400109,0.9383130224195068,False,0.0873954818017926,1.48989999294281,0.5752164637503729,1.9413365823432984,1.3213681958788392,1.285080275014469,0.1166474325034548,0.0674567056052825,0.0780823072966407,2.485322770531648,1.79073462503085,1.193198620704282,3.860740500167949,2.742902804198306,3.2203401852358198,1.3651028741300058,1.9469361058128545,0.9383130224195068,0.9570502700469096,0.402032526990431,0.3618584840810913,K562,0.619968386464459,1.9413365823432984,1.3213681958788392,1.285080275014469,0.619968386464459,0.6199683864644592,K562
GATA1,K562,norm_mean,"[[0 1 0 0]
 [0 0 0 1]
 [0 0 1 0]
 ...
 [0 1 0 0]
 [1 0 0 0]
 [1 0 0 0]]",0.7345595204542698,1.0,EH38E3948695,chrX,153494005,153494505,shared,cross_context,177594,-1,MA0140.3,GATA1::TAL1,310,327,8.052857204992652,+,GATA1,ig,0.1191403607235235,0.0598172617730597,0.0720159008459118,0.83061175052062,False,0.03639238158597,0.0505133478561765,0.0385059880666501,1.3118306339896155,True,0.0439505849636214,0.0366488596820272,0.0559434909678419,0.6551048655874107,False,0.0664944424243716,0.0,-19.93156856932417,1.798993589237652,0.8447060960390275,0.9080930050198716,0.1191403607235235,0.03639238158597,0.0439505849636214,2.400291830901468,0.90613899165303,1.1772700197125547,3.4770710985901165,2.200909061433206,2.252500427624395,0.83061175052062,1.3118306339896155,0.6551048655874107,0.8471900463176739,-0.2434786305341357,-0.1390880303533882,K562,0.8909005842177805,1.798993589237652,0.8447060960390275,0.9080930050198716,0.8909005842177805,0.8909005842177805,K562
GATA1,K562,norm_mean,"[[1 0 0 0]
 [0 0 0 1]
 [0 0 1 0]
 ...
 [0 0 0 1]
 [0 0 0 1]
 [1 0 0 0]]",0.6710789145827993,1.0,EH38E2988501,chr11,119018736,119019236,shared,cross_context,187277,-1,MA0140.3,GATA1::TAL1,488,505,8.042102569094416,+,GATA1,ig,0.0585724984240882,0.0583211013814434,0.0536275587190175,1.0875208922302209,True,0.0380023746367763,0.0450074411457171,0.040527105446672,1.1105513098986917,True,0.0308477244860328,0.0459756685653701,0.0429108589561656,1.071422455050614,True,0.0424741991822991,1.0316400527954102,0.0449410895289403,0.9609718556573345,0.8310658863152308,0.64995639255428,0.0585724984240882,0.0380023746367763,0.0308477244860328,0.96906538927826,0.7717475635366864,0.8575746491689787,2.261972398615646,3.0339903804778943,1.3773644919768488,1.0875208922302209,1.1105513098986917,1.071422455050614,-0.0574339145183446,-0.266965235780039,-0.6215851658436995,K562,0.1299059693421035,0.9609718556573345,0.8310658863152308,0.64995639255428,0.1299059693421035,0.12990596934210363,K562
