id	num	neg|score	neg|p-value	neg|fdr	neg|rank	neg|goodsgrna	neg|lfc	pos|score	pos|p-value	pos|fdr	pos|rank	pos|goodsgrna	pos|lfc	Base_K562_pred	RRA
A549|chr22_45672027-45672527	8	1.5514e-14	3.0502e-06	0.000495	1	8	-4.2086	0.99993	0.99998	1.0	1618	0	-4.2086	0.40047285189082726	5.19114785246488
K562|chr19_41860591-41861091	7	1.0274e-09	3.0502e-06	0.000495	2	6	-2.3001	0.56955	0.87172	1.0	1269	1	-2.3001	0.8449776962094488	5.190965796506689
K562|chr12_130871626-130872126	6	2.0022e-09	3.0502e-06	0.000495	3	5	-2.6694	0.93986	0.97211	1.0	1554	1	-2.6694	0.8992897796914272	14.577968569346378
*CHAF1B	5	1.6473e-08	3.0502e-06	0.000495	4	5	-3.2582	1.0	1.0	1.0	1622	0	-3.2582	-1.0	-1.0
K562|chr10_100347125-100347625	5	1.9562e-08	3.0502e-06	0.000495	5	5	-3.7668	1.0	1.0	1.0	1621	0	-3.7668	0.6611897633043623	9.228419867649306
K562|chr2_26786473-26786973	8	2.4367e-06	3.0502e-06	0.000495	6	5	-0.85922	0.21658	0.62989	1.0	747	2	-0.85922	0.8098923932992736	9.810004660035682
K562|chr1_246565749-246566249	7	2.975e-06	3.0502e-06	0.000495	7	5	-1.3155	0.7236	0.93112	1.0	1389	1	-1.3155	0.7684802876491147	3.3514253346910063
A549|chr16_81444564-81445064	8	5.474e-06	3.0502e-06	0.000495	8	3	0.14463	0.14944	0.51228	1.0	597	5	0.14463	0.4116430175748468	10.967703655260529
K562|chr10_100346798-100347298	5	6.0984e-06	3.0502e-06	0.000495	9	4	-3.9626	0.68043	0.86823	1.0	1352	1	-3.9626	0.2399931082854431	9.228419867649306
A549|chr22_45671816-45672316	2	9.8157e-06	3.0502e-06	0.000495	10	2	-5.6212	0.99999	1.0	1.0	1620	0	-5.6212	0.7132115046823309	7.422899011198985
K562|chr14_35292053-35292553	7	2.5693e-05	2.1351e-05	0.00315	11	6	-1.1349	0.7331	0.93112	1.0	1395	1	-1.1349	0.7707826938629941	5.054437869442936
K562|chr6_42050547-42051047	8	3.3925e-05	5.1854e-05	0.006474	12	5	-1.0017	0.93284	0.98356	1.0	1548	1	-1.0017	0.24239243582537506	3.646276062411051
K562|chr6_52284317-52284817	8	6.061e-05	7.0155e-05	0.007591	13	5	-1.1214	0.69123	0.92485	1.0	1360	3	-1.1214	0.7895551047744215	8.311873960084457
K562|chr10_100357298-100357798	8	6.306e-05	7.0155e-05	0.007591	14	8	-2.6057	0.99994	0.99998	1.0	1619	0	-2.6057	0.3002104284718356	-1.0
A549|chr22_45672233-45672733	5	0.00014004	3.9653e-05	0.005363	15	4	-1.3649	0.93607	0.95674	1.0	1552	1	-1.3649	0.7726718486195528	3.1660755529404674
K562|chr6_52284674-52285174	4	0.00015025	8.8456e-05	0.008973	16	4	-1.7121	0.99985	0.99994	1.0	1617	0	-1.7121	0.7597611654450983	8.311873960084457
*ACAD9	5	0.00016376	0.00011896	0.010726	17	5	-4.3256	0.98979	0.99503	1.0	1598	0	-4.3256	-1.0	-1.0
K562|chr2_26785657-26786157	8	0.00018943	0.00028977	0.02401	18	6	-1.644	0.9952	0.99819	1.0	1610	0	-1.644	0.6371609005160012	9.810004660035682
K562|chr19_16542011-16542511	4	0.00019044	0.00011896	0.010726	19	3	-0.92956	0.55194	0.76449	1.0	1240	1	-0.92956	0.7420454888745622	4.162506258384823
K562|chr22_39501999-39502499	8	0.00021863	0.00029587	0.02401	20	7	-0.54845	0.82021	0.96245	1.0	1465	1	-0.54845	0.7537921893698848	5.913533388728418
K562|chr10_100373496-100373996	8	0.00025671	0.00032637	0.025224	21	6	-0.84637	0.71122	0.93156	1.0	1381	1	-0.84637	0.8588905276500258	10.284121951691906
K562|chr22_39502703-39503203	7	0.00027868	0.00037518	0.027678	22	6	-1.4853	0.46606	0.83056	1.0	1122	1	-1.4853	0.7367784610762518	4.114322222306394
K562|chr6_50822042-50822542	8	0.00036618	0.00061919	0.040198	23	7	-1.1628	0.89835	0.97606	1.0	1524	1	-1.1628	0.748099872837094	-1.0
K562|chr6_52284056-52284556	7	0.00046084	0.00055819	0.037748	24	4	-0.27407	0.52413	0.84887	1.0	1208	3	-0.27407	0.8511511215786001	8.290594343199944
K562|chr14_35292375-35292875	5	0.00047633	0.00049718	0.035084	25	5	-2.6614	0.98894	0.9939	1.0	1595	0	-2.6614	0.7566310103451747	5.054437869442936
K562|chr4_1855698-1856198	8	0.00048386	0.0006924	0.041621	26	4	-0.09037	0.77047	0.95173	1.0	1427	3	-0.09037	0.7930983644298258	3.27461114174569
K562|chr19_41859905-41860405	6	0.00050862	0.00091811	0.046566	27	6	-2.3466	0.99934	0.99982	1.0	1615	0	-2.3466	0.7009921070475389	6.877063626983696
K562|chr11_78417245-78417745	6	0.00053385	0.00091811	0.046566	28	4	-0.6906	0.65191	0.89042	1.0	1326	1	-0.6906	0.5717626964264252	3.201321737341793
K562|chr12_56725159-56725659	8	0.00054633	0.00085101	0.04604	29	4	-0.11067	0.77539	0.95302	1.0	1433	3	-0.11067	0.7722290258681376	5.793957098907479
K562|chr6_42050280-42050780	3	0.00061111	0.0007595	0.044024	30	2	-1.4896	0.14381	0.35707	1.0	581	1	-1.4896	0.23852928515207136	3.646276062411051
A549|chr3_30631997-30632497	8	0.00061826	0.00094862	0.046655	31	8	-0.68603	0.99938	0.99983	1.0	1616	0	-0.68603	0.682901417961149	-1.0
A549|chr22_45671574-45672074	3	0.00066175	0.0011438	0.054601	32	1	0.13727	0.42821	0.65661	1.0	1069	2	0.13727	0.8722207167574918	7.422899011198985
K562|chr12_130871897-130872397	4	0.0010674	0.00080831	0.045237	33	3	-2.8137	0.90355	0.92841	1.0	1528	1	-2.8137	0.8719445528120635	14.577968569346378
K562|chr6_50822584-50823084	8	0.0012229	0.0017478	0.078795	34	7	-1.0496	0.82006	0.96245	1.0	1463	1	-1.0496	0.6663842087555595	-1.0
A549|chr9_21559376-21559876	2	0.0013234	0.000668	0.041621	35	2	-1.1834	0.93475	0.95361	1.0	1551	0	-1.1834	0.2706975122795689	-1.0
K562|chr1_47224076-47224576	5	0.0013357	0.0017478	0.078795	36	2	0.10378	0.42928	0.74907	1.0	1073	3	0.10378	0.1708521527573192	-1.0
K562|chr12_130872540-130873040	5	0.0015435	0.0022358	0.095492	37	3	-0.63961	0.82615	0.92117	1.0	1473	1	-0.63961	0.8200943117524762	14.577968569346378
A549|chr2_160373212-160373712	7	0.0015709	0.0026628	0.108045	38	7	-0.72639	0.99743	0.99902	1.0	1613	0	-0.72639	0.5154796089417509	-1.0
K562|chr19_4402214-4402714	4	0.0015876	0.0019552	0.085764	39	3	-1.3268	0.89685	0.91939	1.0	1522	1	-1.3268	0.7841493925797061	14.659298161268325
K562|chr2_26786143-26786643	5	0.0017798	0.0024188	0.10066	40	4	-0.94432	0.96122	0.97811	1.0	1571	0	-0.94432	0.764209422476487	9.810004660035682
A549|chr20_50416429-50416929	8	0.0020118	0.0040903	0.150878	41	3	0.39783	0.1407	0.49978	1.0	569	5	0.39783	0.7514537995303059	-1.0
K562|chr19_5977967-5978467	8	0.0020705	0.0040903	0.150878	42	5	-0.55846	0.44334	0.80852	1.0	1094	3	-0.55846	0.8835812352890032	4.975760693930908
K562|chr2_10289279-10289779	8	0.0021187	0.0046882	0.162102	43	7	-0.88729	0.95979	0.98971	1.0	1570	1	-0.88729	0.22744219574306085	-1.0
K562|chr1_8878532-8879032	5	0.0021213	0.0034864	0.134724	44	3	-0.563	0.39648	0.71819	1.0	1038	2	-0.563	0.8656210488973787	5.946729433318621
A549|chr11_128462780-128463280	8	0.0021923	0.0046882	0.162102	45	7	-1.0258	0.80807	0.95997	1.0	1459	1	-1.0258	0.361163622456411	-1.0
K562|chr10_100372804-100373304	8	0.0023955	0.0046943	0.162102	46	6	-0.67158	0.6339	0.90888	1.0	1319	2	-0.67158	0.6691932159656773	10.284121951691906
K562|chr1_26695721-26696221	4	0.0026526	0.0034681	0.134724	47	4	-1.0675	0.99735	0.99903	1.0	1612	0	-1.0675	0.818172111069656	4.216046422595962
K562|chr6_16216360-16216860	8	0.0028836	0.0049017	0.162356	48	6	-0.84669	0.8522	0.96969	1.0	1489	2	-0.84669	0.22003898391657284	-1.0
A549|chr4_57118978-57119478	8	0.0029147	0.0049017	0.162356	49	6	-0.94538	0.63449	0.90888	1.0	1320	2	-0.94538	0.5147188488118869	-1.0
A549|chr6_112214595-112215095	8	0.0035549	0.0060852	0.18308	50	7	-1.2211	0.064138	0.31397	1.0	330	1	-1.2211	0.21613504688580887	-1.0
A549|chr3_127799412-127799912	8	0.0035709	0.0060852	0.18308	51	6	-1.0239	0.79698	0.95546	1.0	1449	2	-1.0239	0.7637411290139072	-1.0
K562|chr11_117986057-117986557	8	0.0037223	0.0062255	0.18308	52	4	0.090561	0.0093758	0.075429	1.0	62	4	0.090561	0.8639912640169265	3.151773923348828
A549|chr17_27348940-27349440	8	0.003762	0.0062255	0.18308	53	6	-0.40619	0.37029	0.77244	1.0	1003	1	-0.40619	0.755129695491637	-1.0
A549|chr4_168631318-168631818	8	0.003766	0.0062255	0.18308	54	5	-0.5544	0.0010278	0.014705	1.0	7	3	-0.5544	0.5760593007727336	-1.0
A549|chr9_71767994-71768494	5	0.0039352	0.005469	0.177525	55	4	-0.93403	0.88512	0.94331	1.0	1513	1	-0.93403	0.8796320324789124	3.154263396361909
A549|chr12_62792454-62792954	7	0.0043335	0.010715	0.285262	56	6	-0.99403	0.45844	0.82463	1.0	1115	1	-0.99403	0.42915220452157987	-1.0
K562|chr12_47820038-47820538	7	0.0044787	0.010721	0.285262	57	5	-0.69444	0.23993	0.61939	1.0	801	2	-0.69444	0.802107238554283	4.392963387775915
A549|chrX_107715948-107716448	7	0.0046256	0.010953	0.286729	58	3	0.000662	0.15507	0.52673	1.0	614	3	0.000662	-1.0	-1.0
A549|chr11_128521552-128522052	4	0.0048259	0.006317	0.18308	59	4	-0.97931	0.99517	0.99811	1.0	1609	0	-0.97931	0.24348012058492952	-1.0
A549|chr5_14184697-14185197	8	0.0051361	0.007653	0.217909	60	7	-0.63866	0.99231	0.99598	1.0	1602	1	-0.63866	0.8148339667789991	-1.0
A549|chr1_67683751-67684251	8	0.0057273	0.012851	0.308429	61	7	-1.0506	0.47646	0.84773	1.0	1130	1	-1.0506	0.2736543961643439	-1.0
K562|chr12_130871308-130871808	8	0.0057296	0.012851	0.308429	62	4	-0.1504	0.41721	0.80067	1.0	1057	4	-0.1504	0.8281139964409362	14.577968569346378
K562|chr3_195118670-195119170	8	0.0065928	0.014217	0.308429	63	7	-0.53649	0.99652	0.99902	1.0	1611	0	-0.53649	0.4876456741868124	-1.0
K562|chr22_41836446-41836946	7	0.0066017	0.012808	0.308429	64	3	-0.023579	0.55138	0.86152	1.0	1239	3	-0.023579	0.22901377734100115	-1.0
A549|chr2_20540229-20540729	8	0.0066876	0.014223	0.308429	65	3	-0.070507	0.16709	0.53462	1.0	641	3	-0.070507	0.7672447448213866	3.268169579711837
A549|chr2_43130377-43130877	8	0.0069855	0.014437	0.308429	66	4	-0.76644	0.97236	0.99154	1.0	1580	1	-0.76644	0.4086765745778949	-1.0
A549|chr10_33341326-33341826	8	0.0072049	0.014443	0.308429	67	7	-1.1071	0.97079	0.99154	1.0	1579	1	-1.1071	0.3140762711128515	-1.0
K562|chr17_78255007-78255507	5	0.0073301	0.012521	0.308429	68	2	0.38487	0.30427	0.64317	1.0	916	3	0.38487	0.24523576711349782	-1.0
K562|chr17_78237374-78237874	7	0.0074095	0.013857	0.308429	69	6	-0.51646	0.99477	0.99843	1.0	1608	0	-0.51646	0.7993410345080989	-1.0
K562|chr11_340293-340793	7	0.0074204	0.013857	0.308429	70	6	-0.53076	0.99222	0.99722	1.0	1600	0	-0.53076	0.7617144469741663	-1.0
K562|chr10_3067249-3067749	4	0.007446	0.0095258	0.262041	71	4	-0.48789	0.99255	0.99667	1.0	1604	0	-0.48789	0.78389494639644	6.48011952667834
A549|chr10_3755699-3756199	8	0.0074994	0.014961	0.31131	72	5	-1.057	0.55621	0.88067	1.0	1250	3	-1.057	0.7838756828586917	-1.0
A549|chr14_68655427-68655927	8	0.0077248	0.01745	0.340099	73	4	-0.26343	0.30946	0.73086	1.0	922	2	-0.26343	0.4534696242000313	-1.0
A549|chr2_43336266-43336766	8	0.0077283	0.01745	0.340099	74	7	-1.0912	0.99232	0.99598	1.0	1603	1	-1.0912	0.2328295178964337	-1.0
K562|chr1_26051193-26051693	7	0.0079903	0.013863	0.308429	75	5	-0.91511	0.89119	0.96948	1.0	1517	2	-0.91511	0.7847017598898738	-1.0
A549|chr18_77063686-77064186	7	0.0083167	0.013863	0.308429	76	6	-0.70706	0.96571	0.98642	1.0	1573	1	-0.70706	0.4161564302389299	-1.0
K562|chr6_16266700-16267200	6	0.0084075	0.01656	0.340099	77	4	-0.6171	0.75967	0.92358	1.0	1421	2	-0.6171	0.2967916404112197	-1.0
A549|chr4_7970529-7971029	8	0.0085143	0.018018	0.340099	78	5	-0.35112	0.45701	0.82903	1.0	1112	3	-0.35112	0.5476881718978263	-1.0
K562|chr11_94738665-94739165	7	0.0085478	0.014211	0.308429	79	6	-0.59343	0.92918	0.98076	1.0	1545	1	-0.59343	0.8026891537549896	-1.0
A549|chr4_57149813-57150313	5	0.0087821	0.013851	0.308429	80	4	-0.9804	0.029433	0.15514	1.0	170	1	-0.9804	0.7791482409504684	-1.0
A549|chr12_52965216-52965716	8	0.0088962	0.018024	0.340099	81	4	-0.17759	0.21829	0.62989	1.0	751	4	-0.17759	0.8222532740791748	-1.0
K562|chr10_131902133-131902633	7	0.0090688	0.014803	0.31131	82	5	-0.88901	0.66442	0.90135	1.0	1339	2	-0.88901	0.5125504357055047	-1.0
K562|chr10_3068369-3068869	8	0.0093007	0.018853	0.340099	83	4	0.094394	0.043113	0.25699	1.0	240	4	0.094394	0.38763498559841897	6.48011952667834
K562|chr22_39513851-39514351	8	0.0094598	0.018853	0.340099	84	7	-0.23268	0.34587	0.75728	1.0	964	1	-0.23268	0.7779731972502676	-1.0
A549|chr11_48091118-48091618	8	0.010112	0.018859	0.340099	85	5	-0.95841	0.80724	0.95997	1.0	1458	2	-0.95841	0.8846238916357068	-1.0
K562|chr5_139708270-139708770	8	0.010453	0.018859	0.340099	86	5	-0.74093	0.4771	0.84773	1.0	1131	3	-0.74093	0.6865297216868897	-1.0
K562|chr2_10303217-10303717	2	0.010471	0.0082081	0.229686	87	2	-0.77392	0.98953	0.99179	1.0	1597	0	-0.77392	0.7512941568585033	3.1245335841336144
A549|chr5_17235671-17236171	8	0.010478	0.018859	0.340099	88	4	-0.90835	0.44791	0.8136	1.0	1103	4	-0.90835	0.7054683624587925	-1.0
A549|chr6_112253845-112254345	8	0.010569	0.018859	0.340099	89	7	-0.3125	0.38705	0.78663	1.0	1025	1	-0.3125	0.7071028079456182	-1.0
K562|chr16_87868963-87869463	8	0.010891	0.019732	0.347308	90	4	-0.1508	0.17733	0.55555	1.0	662	4	-0.1508	0.831626425888445	3.531401619503753
K562|chr1_234973332-234973832	8	0.010947	0.020165	0.347308	91	4	-0.044502	0.63828	0.91131	1.0	1321	3	-0.044502	0.35194075223014054	-1.0
A549|chr9_21579845-21580345	6	0.011013	0.019634	0.347308	92	5	-0.92582	0.9931	0.9967	1.0	1605	0	-0.92582	0.19097422562472938	-1.0
K562|chr2_26763507-26764007	8	0.011644	0.020366	0.347308	93	6	-0.33364	0.51933	0.87067	1.0	1200	2	-0.33364	0.391818952097193	-1.0
A549|chr16_89300368-89300868	8	0.011732	0.020366	0.347308	94	3	0.074226	0.25983	0.67968	1.0	840	4	0.074226	0.37827276601041687	-1.0
A549|chr12_52901912-52902412	7	0.01222	0.018683	0.340099	95	5	-0.34548	0.87138	0.96072	1.0	1503	2	-0.34548	0.4901125726910837	-1.0
A549|chr5_17218254-17218754	5	0.012257	0.021769	0.364244	96	3	-0.5366	0.15198	0.46849	1.0	605	2	-0.5366	0.19741135835238327	-1.0
A549|chr15_63498541-63499041	8	0.01236	0.022312	0.369519	97	4	-0.23267	0.49331	0.8535	1.0	1154	3	-0.23267	0.8382867095186638	-1.0
A549|chr1_8026945-8027445	8	0.012704	0.023868	0.386918	98	5	-0.60446	0.90943	0.97797	1.0	1531	2	-0.60446	0.7442876942147874	-1.0
A549|chr3_58011162-58011662	8	0.012974	0.023874	0.386918	99	6	-0.3244	0.54084	0.87489	1.0	1229	1	-0.3244	0.5278266311738461	-1.0
A549|chr18_3618172-3618672	8	0.013685	0.025399	0.386918	100	4	0.17862	0.01121	0.091973	1.0	75	4	0.17862	0.8001769037888121	-1.0
A549|chr2_54632716-54633216	8	0.013854	0.025399	0.386918	101	7	-0.279	0.9919	0.99559	1.0	1599	1	-0.279	0.21732485870273993	-1.0
A549|chr18_58315683-58316183	8	0.013967	0.025405	0.386918	102	6	-0.61022	0.77258	0.95173	1.0	1430	2	-0.61022	0.7182480069053975	-1.0
K562|chr18_48935418-48935918	8	0.014531	0.028205	0.391343	103	5	-0.51688	0.56492	0.8883	1.0	1265	2	-0.51688	0.39703625737216286	-1.0
A549|chr10_34728214-34728714	8	0.014538	0.028205	0.391343	104	7	-0.87896	0.95762	0.98971	1.0	1568	1	-0.87896	0.7398009403004411	-1.0
*GLO1	5	0.014583	0.024515	0.386918	105	5	-0.63177	0.98542	0.99192	1.0	1592	0	-0.63177	-1.0	-1.0
A549|chr4_168832360-168832860	6	0.015635	0.025088	0.386918	106	4	-0.75574	0.33826	0.69776	1.0	951	2	-0.75574	0.5793393879123755	-1.0
A549|chr9_71769750-71770250	8	0.015697	0.028205	0.391343	107	6	-0.62394	0.92932	0.98115	1.0	1546	2	-0.62394	0.21626906994067752	-1.0
K562|chrX_107729164-107729664	8	0.015854	0.028205	0.391343	108	4	-0.16359	0.28989	0.71486	1.0	889	3	-0.16359	-1.0	-1.0
K562|chr1_26056788-26057288	7	0.01603	0.029993	0.409061	109	4	-1.48	0.91403	0.97514	1.0	1537	1	-1.48	0.22966195295780278	-1.0
K562|chr18_3610114-3610614	8	0.016119	0.028211	0.391343	110	5	-0.39376	0.94351	0.98529	1.0	1556	2	-0.39376	0.25151217785268815	-1.0
A549|chr12_62702172-62702672	6	0.016168	0.027925	0.391343	111	5	-2.1793	0.92035	0.9678	1.0	1540	1	-2.1793	0.23056121127565238	-1.0
A549|chr4_168863687-168864187	7	0.016216	0.029993	0.409061	112	5	-0.70438	0.56533	0.86598	1.0	1267	2	-0.70438	0.618078185475602	-1.0
K562|chr17_78313838-78314338	4	0.016216	0.020543	0.347308	113	4	-0.36483	0.98378	0.99224	1.0	1587	0	-0.36483	0.7891594520017462	3.447562982535936
A549|chr13_112741125-112741625	8	0.016603	0.028211	0.391343	114	4	-0.30438	0.27234	0.68335	1.0	863	3	-0.30438	0.2256661264029357	-1.0
K562|chr1_26695402-26695902	5	0.016835	0.025747	0.386918	115	4	-0.74759	0.10898	0.35108	1.0	485	1	-0.74759	0.8602101750377835	4.216046422595962
A549|chr1_8379431-8379931	5	0.016874	0.025747	0.386918	116	3	-0.81108	0.82086	0.92117	1.0	1469	1	-0.81108	0.49180563111763775	-1.0
K562|chr11_65502125-65502625	8	0.017005	0.028211	0.391343	117	6	-0.61404	0.99366	0.99636	1.0	1607	1	-0.61404	0.6536283407222317	-1.0
A549|chr13_112755383-112755883	8	0.017261	0.028211	0.391343	118	5	-0.29505	0.51399	0.86831	1.0	1188	3	-0.29505	0.2733084064198013	-1.0
A549|chr17_77394198-77394698	8	0.017705	0.033622	0.433168	119	2	0.39261	0.020363	0.18796	1.0	130	6	0.39261	0.2593712341882231	-1.0
A549|chr16_81433712-81434212	8	0.017971	0.033622	0.433168	120	6	-0.64511	0.91897	0.97968	1.0	1539	2	-0.64511	0.3149280268113394	-1.0
K562|chr16_87861020-87861520	8	0.018052	0.033622	0.433168	121	4	0.00049024	0.33746	0.75727	1.0	949	4	0.00049024	0.5435523289521678	-1.0
K562|chr19_41866699-41867199	7	0.018214	0.031707	0.422293	122	4	-0.33579	0.81909	0.95123	1.0	1462	2	-0.33579	0.4426316927495093	-1.0
A549|chr7_55078123-55078623	4	0.01824	0.024563	0.386918	123	3	-0.65162	0.53149	0.76007	1.0	1215	1	-0.65162	0.7025611758502152	-1.0
A549|chr15_78058499-78058999	8	0.018628	0.033629	0.433168	124	6	-0.26802	0.79274	0.95546	1.0	1447	1	-0.26802	0.7983325070188518	-1.0
K562|chr14_35300131-35300631	8	0.018828	0.035989	0.454433	125	5	-0.61906	0.79292	0.95546	1.0	1448	2	-0.61906	0.3903466445615931	-1.0
K562|chr6_7162177-7162677	8	0.018861	0.035989	0.454433	126	5	-0.44211	0.24577	0.66405	1.0	815	3	-0.44211	0.7910320312729087	-1.0
K562|chr1_246575871-246576371	8	0.0193	0.039418	0.463717	127	5	-0.72011	0.62948	0.90765	1.0	1315	2	-0.72011	0.5682321199186401	-1.0
K562|chr14_102516501-102517001	6	0.01955	0.031042	0.419843	128	3	-0.14005	0.54115	0.832	1.0	1230	2	-0.14005	0.7646738133669563	3.7126462272852536
K562|chr6_37056719-37057219	6	0.019954	0.031744	0.422293	129	4	-0.46085	0.7499	0.92134	1.0	1410	2	-0.46085	0.704368839956396	-1.0
K562|chr16_81443905-81444405	8	0.020233	0.040071	0.463717	130	4	-0.021269	0.58923	0.89969	1.0	1284	3	-0.021269	0.7694022653092984	10.967703655260529
K562|chr19_45884638-45885138	8	0.020359	0.043194	0.463717	131	4	-0.096226	0.92326	0.98035	1.0	1541	1	-0.096226	0.49531121368055553	-1.0
A549|chr13_112774773-112775273	8	0.021332	0.0432	0.463717	132	5	-0.30122	0.60958	0.90135	1.0	1298	3	-0.30122	0.7604486519303937	-1.0
K562|chr12_56684109-56684609	8	0.021872	0.044018	0.463717	133	5	-0.46424	0.29503	0.71487	1.0	899	3	-0.46424	0.7796812187391536	-1.0
A549|chr10_119358057-119358557	8	0.022181	0.044018	0.463717	134	3	0.1206	0.27206	0.68335	1.0	862	5	0.1206	0.7981752660262339	-1.0
A549|chr16_81461730-81462230	8	0.022245	0.044018	0.463717	135	3	0.12496	0.12308	0.48926	1.0	516	4	0.12496	0.37812984668645816	-1.0
A549|chr13_110399763-110400263	8	0.022535	0.044018	0.463717	136	6	-0.54457	0.54786	0.87489	1.0	1234	2	-0.54457	0.5719858814606884	-1.0
K562|chr17_82117076-82117576	7	0.022651	0.042371	0.463717	137	2	0.27982	0.15276	0.51576	1.0	606	5	0.27982	0.2452071181586068	-1.0
A549|chr12_3184772-3185272	8	0.02283	0.044024	0.463717	138	3	0.91623	0.0049502	0.050124	1.0	31	5	0.91623	0.24359127117574636	-1.0
K562|chr12_47820910-47821410	8	0.022961	0.044024	0.463717	139	3	0.39002	0.017282	0.1741	1.0	114	5	0.39002	0.769416966328344	4.392963387775915
A549|chr13_33217537-33218037	8	0.023284	0.044024	0.463717	140	4	-0.16821	0.8401	0.96806	1.0	1480	2	-0.16821	0.7514384019858849	-1.0
A549|chr14_68539916-68540416	8	0.023608	0.044024	0.463717	141	6	-0.57572	0.94702	0.98684	1.0	1559	1	-0.57572	0.7610506723280381	-1.0
K562|chr11_67280043-67280543	7	0.023964	0.043505	0.463717	142	3	0.27282	0.12632	0.43542	1.0	523	4	0.27282	0.2539708246754721	-1.0
A549|chr1_8343447-8343947	8	0.0241	0.044536	0.463717	143	5	-0.34879	0.24991	0.66924	1.0	822	3	-0.34879	0.3364827549341251	-1.0
K562|chr1_26035875-26036375	5	0.024684	0.038838	0.463717	144	2	0.34184	0.03545	0.17564	1.0	206	3	0.34184	0.2218806420618904	3.393178113983302
K562|chr17_79839284-79839784	7	0.02483	0.04389	0.463717	145	6	-0.68968	0.9119	0.97514	1.0	1535	1	-0.68968	0.5306514930366397	3.629006066485256
A549|chr6_71417795-71418295	8	0.024979	0.045994	0.463717	146	6	-0.62058	0.0031727	0.03979	1.0	23	2	-0.62058	0.542916937657265	-1.0
A549|chr15_60423455-60423955	7	0.025052	0.04389	0.463717	147	5	-0.79635	0.86999	0.96072	1.0	1501	2	-0.79635	0.24310889978431938	-1.0
A549|chr10_33178302-33178802	8	0.025422	0.045994	0.463717	148	6	-0.8212	0.92912	0.98115	1.0	1544	2	-0.8212	0.26015275157561935	-1.0
A549|chr13_112733080-112733580	6	0.025506	0.036953	0.454433	149	4	-0.45179	0.85271	0.95247	1.0	1490	2	-0.45179	0.17041025388911	-1.0
K562|chr11_32447186-32447686	8	0.025816	0.046	0.463717	150	4	-0.067834	0.13496	0.49727	1.0	547	4	-0.067834	0.6234068904458242	-1.0
A549|chr10_34688215-34688715	8	0.02587	0.046	0.463717	151	6	-0.65608	0.85044	0.96969	1.0	1488	1	-0.65608	0.2552023238226534	-1.0
K562|chr19_41865513-41866013	8	0.025903	0.046	0.463717	152	6	-0.46996	0.19756	0.58854	1.0	711	2	-0.46996	0.34584285586222335	-1.0
A549|chr18_77132578-77133078	4	0.026557	0.037283	0.454962	153	3	-0.59119	0.95881	0.97693	1.0	1569	0	-0.59119	0.8131276933653396	-1.0
A549|chr9_21580946-21581446	8	0.027052	0.046	0.463717	154	4	-0.34045	0.067464	0.32913	1.0	344	3	-0.34045	0.6845789930555682	-1.0
A549|chr4_87114233-87114733	6	0.027116	0.036959	0.454433	155	4	-0.64642	0.50838	0.81077	1.0	1179	2	-0.64642	0.7504236768438547	-1.0
A549|chr5_14144588-14145088	8	0.027321	0.046934	0.467321	156	4	-0.14814	0.56217	0.8883	1.0	1261	3	-0.14814	0.6097322815432438	-1.0
K562|chr1_246566732-246567232	4	0.027425	0.038448	0.463717	157	2	-0.3731	0.43668	0.70819	1.0	1088	2	-0.3731	0.8207854446414656	3.3514253346910063
A549|chr10_3821512-3822012	7	0.027729	0.046458	0.465438	158	6	-0.37052	0.98589	0.99203	1.0	1593	1	-0.37052	0.7577992462429319	-1.0
A549|chr7_27110496-27110996	6	0.027871	0.036959	0.454433	159	5	-0.54761	0.56146	0.84652	1.0	1259	1	-0.54761	0.7946087324261524	-1.0
A549|chr14_68522702-68523202	6	0.027993	0.036959	0.454433	160	4	-0.71173	0.83514	0.94467	1.0	1478	1	-0.71173	0.21394149686444752	-1.0
K562|chr4_1855354-1855854	5	0.02814	0.042883	0.463717	161	2	0.22251	0.076299	0.28944	1.0	387	3	0.22251	0.4760045037998081	3.27461114174569
K562|chr14_35291696-35292196	5	0.028157	0.042883	0.463717	162	3	-0.46077	0.55409	0.81685	1.0	1246	2	-0.46077	0.8015879857864432	5.054437869442936
K562|chr22_39521383-39521883	8	0.028544	0.05218	0.49243	163	2	0.45963	0.08588	0.38695	1.0	415	6	0.45963	0.7274462249616584	-1.0
A549|chr1_67689619-67690119	8	0.029162	0.05218	0.49243	164	6	-0.70876	0.85931	0.9697	1.0	1495	2	-0.70876	0.6063184079263605	-1.0
A549|chr2_20502008-20502508	8	0.029345	0.05218	0.49243	165	6	-0.57455	0.9466	0.9865	1.0	1558	2	-0.57455	0.7568254650428129	-1.0
K562|chr10_100346338-100346838	8	0.029404	0.05218	0.49243	166	5	-0.36527	0.51444	0.86831	1.0	1190	3	-0.36527	0.4839981962797785	9.228419867649306
K562|chr2_38746099-38746599	8	0.030288	0.052186	0.49243	167	6	-0.88603	0.99311	0.99635	1.0	1606	1	-0.88603	0.8107159804150545	-1.0
A549|chr7_47558541-47559041	8	0.030303	0.052186	0.49243	168	5	-0.20909	0.56004	0.88538	1.0	1257	3	-0.20909	0.2264463937741963	-1.0
A549|chr15_59371341-59371841	6	0.030504	0.045073	0.463717	169	5	-0.82192	0.26407	0.63533	1.0	848	1	-0.82192	0.8083534488139835	-1.0
A549|chr10_119375817-119376317	7	0.031623	0.054748	0.493399	170	5	-0.44966	0.60204	0.88128	1.0	1294	1	-0.44966	0.21435297565007255	-1.0
A549|chr17_27354983-27355483	7	0.031748	0.054748	0.493399	171	4	-0.36259	0.53864	0.85885	1.0	1223	3	-0.36259	0.23770884963817798	-1.0
K562|chr5_10353461-10353961	7	0.032375	0.054748	0.493399	172	3	0.19918	0.21868	0.61376	1.0	752	4	0.19918	0.8011394065997519	3.238666153484297
A549|chr12_106131711-106132211	8	0.032589	0.055883	0.493399	173	3	0.31808	0.064853	0.31398	1.0	334	5	0.31808	0.6901442353913771	-1.0
K562|chr12_56724407-56724907	5	0.033081	0.048947	0.484394	174	3	-0.29431	0.86809	0.93776	1.0	1499	1	-0.29431	0.7931777668546491	-1.0
A549|chr7_55019652-55020152	3	0.033329	0.058677	0.493399	175	3	-0.50437	0.96667	0.97705	1.0	1575	0	-0.50437	0.859334798838312	-1.0
A549|chr4_7956158-7956658	8	0.033559	0.055889	0.493399	176	4	-0.06205	0.18407	0.56632	1.0	681	4	-0.06205	0.22326608382281649	-1.0
A549|chr7_130908206-130908706	8	0.034379	0.057249	0.493399	177	5	-0.53107	0.46062	0.82903	1.0	1117	3	-0.53107	0.7592305850662454	-1.0
A549|chr15_78056735-78057235	8	0.034398	0.057249	0.493399	178	5	-0.30479	0.23508	0.65408	1.0	792	2	-0.30479	0.31151226505520313	-1.0
A549|chr21_38841383-38841883	5	0.035036	0.050325	0.492097	179	4	-1.5878	0.97292	0.98584	1.0	1581	0	-1.5878	0.686638774278207	-1.0
K562|chr19_16539212-16539712	5	0.03545	0.050332	0.492097	180	2	0.073785	0.50852	0.79893	1.0	1180	2	0.073785	0.22971687234604332	-1.0
A549|chr13_112783274-112783774	7	0.035688	0.059989	0.493399	181	5	-0.41106	0.95271	0.98397	1.0	1562	1	-0.41106	0.7197752141883887	-1.0
A549|chr14_68616456-68616956	8	0.036038	0.059183	0.493399	182	6	-0.39617	0.66166	0.91967	1.0	1335	2	-0.39617	0.16723281808051454	-1.0
A549|chr10_95221565-95222065	8	0.036383	0.059189	0.493399	183	6	-0.51553	0.71654	0.93409	1.0	1385	2	-0.51553	0.2566503444938768	-1.0
A549|chr10_3805156-3805656	8	0.036483	0.059189	0.493399	184	5	-0.32732	0.60071	0.8997	1.0	1293	2	-0.32732	0.4455874621242112	-1.0
A549|chr7_47559279-47559779	8	0.036774	0.060104	0.493399	185	6	-0.38508	0.89603	0.97606	1.0	1521	1	-0.38508	0.791375515341069	-1.0
A549|chr10_34743069-34743569	8	0.037057	0.060104	0.493399	186	5	-0.42344	0.55284	0.87749	1.0	1243	3	-0.42344	0.33271029252437895	-1.0
A549|chr15_63484735-63485235	8	0.037256	0.060111	0.493399	187	6	-0.68747	0.93278	0.98356	1.0	1547	1	-0.68747	0.3438528061787019	-1.0
A549|chr18_3650685-3651185	8	0.037837	0.061099	0.493399	188	3	-0.0046325	0.58169	0.89542	1.0	1275	3	-0.0046325	0.258911859915393	-1.0
A549|chr18_3601874-3602374	8	0.038	0.061099	0.493399	189	5	-0.28958	0.75836	0.94204	1.0	1419	3	-0.28958	0.5050795641316836	-1.0
A549|chr15_63047286-63047786	8	0.038214	0.061099	0.493399	190	5	-0.47416	0.92605	0.98035	1.0	1542	1	-0.47416	0.5959791837577555	-1.0
A549|chr7_130905557-130906057	8	0.038302	0.061099	0.493399	191	4	-0.076087	0.50142	0.85899	1.0	1171	3	-0.076087	0.7553629654270254	-1.0
K562|chr11_32435886-32436386	5	0.038447	0.052808	0.493399	192	3	-0.71193	0.76852	0.90694	1.0	1425	2	-0.71193	0.7703593455776412	4.66038957837444
A549|chr22_46068019-46068519	7	0.038696	0.063118	0.507132	193	5	-0.52826	0.21367	0.61375	1.0	739	2	-0.52826	0.7367149112700017	-1.0
A549|chr10_102795379-102795879	8	0.039121	0.061105	0.493399	194	4	-0.044544	0.041976	0.25698	1.0	236	4	-0.044544	0.23205679263858903	-1.0
A549|chr10_33273226-33273726	8	0.039188	0.061105	0.493399	195	5	-0.54445	0.49926	0.85899	1.0	1164	1	-0.54445	0.31675966609590633	-1.0
A549|chr17_27534045-27534545	8	0.039715	0.061105	0.493399	196	5	-0.63544	0.0073893	0.065394	1.0	52	3	-0.63544	0.5918580126345	-1.0
A549|chr3_30629635-30630135	8	0.040016	0.061105	0.493399	197	6	-0.39843	0.1237	0.4928	1.0	517	1	-0.39843	0.3550835830548335	-1.0
K562|chr11_65490349-65490849	7	0.040195	0.067187	0.516056	198	4	-0.2601	0.22903	0.61938	1.0	782	3	-0.2601	0.5255999114678837	-1.0
A549|chr6_16767297-16767797	6	0.041338	0.068913	0.516056	199	3	0.2286	0.014806	0.12422	1.0	95	3	0.2286	0.5891261453299323	-1.0
K562|chr1_47226032-47226532	8	0.041518	0.063508	0.507755	200	5	-0.74073	0.49189	0.84938	1.0	1151	2	-0.74073	0.7802236641070188	-1.0
A549|chr12_62717606-62718106	8	0.041571	0.064783	0.510454	201	6	-1.4694	0.8862	0.97544	1.0	1514	2	-1.4694	0.21835241905873565	-1.0
A549|chr15_89071418-89071918	8	0.041955	0.064783	0.510454	202	6	-0.76373	0.87163	0.97234	1.0	1505	1	-0.76373	0.7531570228959698	-1.0
A549|chr14_68547030-68547530	8	0.042298	0.06479	0.510454	203	4	0.040586	0.25047	0.66924	1.0	824	4	0.040586	0.3402616780368194	-1.0
*UBXN7	5	0.042501	0.05681	0.493399	204	3	-0.58136	0.65939	0.85719	1.0	1331	2	-0.58136	-1.0	-1.0
K562|chr6_37183852-37184352	8	0.042646	0.065985	0.512459	205	6	-0.71462	0.41677	0.80067	1.0	1056	2	-0.71462	0.7304911586295888	-1.0
A549|chr9_38067843-38068343	3	0.042924	0.078717	0.553062	206	1	0.050207	0.53912	0.7094	1.0	1224	1	0.050207	0.6094735354533388	3.7060852589688977
K562|chr11_117985176-117985676	8	0.043208	0.065985	0.512459	207	5	-0.63356	0.34417	0.75728	1.0	959	2	-0.63356	0.4192323029235168	-1.0
K562|chr1_61058252-61058752	8	0.043943	0.065991	0.512459	208	5	-0.86583	0.77178	0.95173	1.0	1429	2	-0.86583	0.25182014153662746	-1.0
K562|chr10_131899720-131900220	5	0.044725	0.057981	0.493399	209	4	-0.57282	0.96941	0.98487	1.0	1577	0	-0.57282	0.7182130284575527	-1.0
A549|chr7_130952964-130953464	8	0.044911	0.071854	0.516056	210	4	-0.015021	0.262	0.67968	1.0	843	4	-0.015021	0.5865567503097758	-1.0
A549|chr11_19972675-19973175	8	0.045222	0.071854	0.516056	211	6	-0.32502	0.90266	0.97672	1.0	1527	1	-0.32502	0.7232745862029443	-1.0
A549|chr12_106139164-106139664	6	0.04549	0.071775	0.516056	212	5	-0.29327	0.57487	0.84976	1.0	1270	1	-0.29327	0.8353349912767251	-1.0
A549|chr10_33264470-33264970	8	0.046094	0.071854	0.516056	213	6	-0.26406	0.88321	0.97544	1.0	1512	2	-0.26406	0.5643445139417004	-1.0
A549|chr9_21561445-21561945	8	0.046161	0.071854	0.516056	214	4	-0.23452	0.74027	0.9385	1.0	1401	3	-0.23452	0.5564297099228002	-1.0
K562|chr12_47812931-47813431	5	0.046211	0.059311	0.493399	215	4	-0.39899	0.95288	0.96773	1.0	1563	1	-0.39899	0.7719452811464027	3.1119497461776464
A549|chr8_30383582-30384082	5	0.046522	0.059317	0.493399	216	4	-0.35456	0.90804	0.94714	1.0	1530	1	-0.35456	0.7753618941328955	-1.0
A549|chr2_54581205-54581705	5	0.046545	0.059317	0.493399	217	3	-0.52878	0.3172	0.66301	1.0	932	2	-0.52878	0.7491375667854685	-1.0
A549|chr12_75976861-75977361	8	0.04656	0.071854	0.516056	218	6	-0.74154	0.44818	0.8136	1.0	1104	2	-0.74154	0.8088331876141958	-1.0
A549|chr17_72445534-72446034	8	0.04708	0.07186	0.516056	219	4	-0.022777	0.046912	0.26529	1.0	264	3	-0.022777	0.3887660160947781	-1.0
K562|chr6_37103987-37104487	8	0.047148	0.07186	0.516056	220	5	-0.48636	0.26753	0.68335	1.0	855	2	-0.48636	0.8085451333149478	-1.0
A549|chr4_57147306-57147806	8	0.047247	0.07186	0.516056	221	5	-0.4589	0.58886	0.89969	1.0	1283	2	-0.4589	0.5515477924792468	-1.0
K562|chr12_47814494-47814994	4	0.047293	0.092071	0.580516	222	2	-0.41663	0.48978	0.73962	1.0	1148	1	-0.41663	0.770058938092954	-1.0
A549|chr15_60391827-60392327	8	0.047388	0.07186	0.516056	223	5	-0.36392	0.1331	0.49482	1.0	539	3	-0.36392	0.6455823468615093	-1.0
K562|chr5_10376501-10377001	8	0.04784	0.07186	0.516056	224	5	-0.25142	0.56153	0.88538	1.0	1260	3	-0.25142	0.7790071111846577	-1.0
A549|chr20_38165852-38166352	8	0.047939	0.07186	0.516056	225	4	-0.097983	0.22791	0.64497	1.0	779	2	-0.097983	0.22783799748535066	-1.0
K562|chr17_75109666-75110166	8	0.048737	0.07186	0.516056	226	4	-0.21194	0.37883	0.78396	1.0	1014	4	-0.21194	0.2542098137151238	3.52620657727172
K562|chr10_11892388-11892888	8	0.049006	0.07186	0.516056	227	5	-0.70367	0.0051168	0.05013	1.0	33	3	-0.70367	0.8133887676462844	-1.0
A549|chr9_750562-751062	8	0.049239	0.07186	0.516056	228	4	-0.13005	0.35768	0.76473	1.0	986	4	-0.13005	0.7716308009636265	-1.0
A549|chr1_67679657-67680157	7	0.04937	0.080144	0.557414	229	5	-0.75537	0.97985	0.98896	1.0	1585	1	-0.75537	0.8086045211488748	-1.0
A549|chr9_683185-683685	8	0.050417	0.07951	0.556227	230	6	-0.43012	0.75882	0.94349	1.0	1420	2	-0.43012	0.735473277266844	-1.0
A549|chr10_33326848-33327348	8	0.050811	0.083554	0.557414	231	5	-0.44179	0.63332	0.90888	1.0	1317	3	-0.44179	0.2239178684461771	-1.0
A549|chr9_727699-728199	6	0.050849	0.076033	0.541276	232	5	-0.57983	0.50776	0.81077	1.0	1177	1	-0.57983	0.7646253917802425	-1.0
K562|chr17_75132284-75132784	8	0.050859	0.083561	0.557414	233	6	-0.26844	0.57704	0.89542	1.0	1272	2	-0.26844	0.6825081264753774	-1.0
A549|chr11_128468726-128469226	8	0.050968	0.084262	0.557414	234	4	-0.088085	0.11295	0.46091	1.0	497	4	-0.088085	0.5857436599417166	-1.0
A549|chr1_8410963-8411463	7	0.051025	0.08253	0.557414	235	5	-1.2029	0.29937	0.69701	1.0	908	2	-1.2029	0.3502032623848742	-1.0
K562|chr2_26787016-26787516	6	0.05128	0.076039	0.541276	236	5	-0.4095	0.94255	0.97211	1.0	1555	1	-0.4095	0.5413134005181576	-1.0
K562|chr4_40230100-40230600	8	0.051363	0.084262	0.557414	237	2	0.34496	0.04532	0.26347	1.0	256	5	0.34496	0.29254783579509636	-1.0
K562|chr11_32428333-32428833	8	0.051404	0.084262	0.557414	238	5	-0.26267	0.41838	0.80067	1.0	1059	3	-0.26267	0.2196817249147715	-1.0
K562|chr1_26695054-26695554	3	0.051639	0.083829	0.557414	239	3	-0.22935	0.94836	0.97061	1.0	1560	0	-0.22935	0.7892763829629017	4.216046422595962
A549|chr5_17269126-17269626	8	0.05183	0.084268	0.557414	240	5	-0.43515	0.31505	0.73484	1.0	928	1	-0.43515	0.24967824425508905	-1.0
A549|chr10_33277275-33277775	8	0.051882	0.084268	0.557414	241	5	-0.29933	0.31964	0.73485	1.0	935	3	-0.29933	0.3051706072242004	-1.0
A549|chr13_33229234-33229734	7	0.052028	0.082536	0.557414	242	5	-0.21534	0.98497	0.99147	1.0	1591	1	-0.21534	0.7744507949267072	-1.0
A549|chr2_9251208-9251708	4	0.052077	0.093736	0.580516	243	2	-0.073214	0.13887	0.38786	1.0	560	2	-0.073214	0.4152572584869557	-1.0
A549|chr1_8380878-8381378	8	0.052078	0.085928	0.560122	244	4	-0.12465	0.55432	0.88067	1.0	1248	4	-0.12465	0.7594133971907784	-1.0
A549|chr10_33325882-33326382	5	0.052084	0.077674	0.548149	245	3	-0.80382	0.61094	0.83849	1.0	1300	2	-0.80382	0.7374197491125143	-1.0
*RTN2	5	0.052476	0.07768	0.548149	246	3	-0.22482	0.54075	0.81303	1.0	1228	2	-0.22482	-1.0	-1.0
K562|chr12_56682844-56683344	8	0.052598	0.085934	0.560122	247	5	-0.4896	0.85478	0.96969	1.0	1491	2	-0.4896	0.7423305247039463	-1.0
A549|chr6_16762221-16762721	8	0.052752	0.085934	0.560122	248	6	-0.15691	0.96857	0.99119	1.0	1576	1	-0.15691	0.22504907127314674	-1.0
A549|chr3_71100918-71101418	7	0.053101	0.090381	0.577512	249	5	-0.79694	0.73901	0.9324	1.0	1400	2	-0.79694	0.5253819252308537	-1.0
A549|chr9_73047752-73048252	8	0.05346	0.087575	0.561832	250	6	-0.25519	0.90256	0.97672	1.0	1526	1	-0.25519	0.155850629058024	-1.0
A549|chr17_72411916-72412416	8	0.053633	0.087581	0.561832	251	6	-0.32118	0.48521	0.84774	1.0	1145	2	-0.32118	0.793533168602659	-1.0
A549|chr2_43206621-43207121	8	0.053647	0.087581	0.561832	252	3	0.15406	0.051071	0.2672	1.0	281	4	0.15406	0.777667242613189	-1.0
K562|chr19_13118329-13118829	7	0.054079	0.093236	0.580516	253	4	-0.17403	0.86682	0.96072	1.0	1497	1	-0.17403	0.7903481189377076	3.1694562385312706
A549|chr7_116500148-116500648	8	0.054154	0.087581	0.561832	254	6	-0.31262	0.99229	0.99598	1.0	1601	1	-0.31262	0.22491608367108107	-1.0
A549|chr1_67675769-67676269	8	0.054628	0.093455	0.580516	255	4	0.27646	0.099081	0.41647	1.0	453	4	0.27646	0.21409977314888065	-1.0
K562|chr2_10301477-10301977	8	0.054714	0.093455	0.580516	256	3	0.17985	0.19406	0.58249	1.0	702	5	0.17985	0.6594563093799439	-1.0
A549|chrX_107673425-107673925	8	0.05477	0.093455	0.580516	257	4	-0.26181	0.7892	0.95545	1.0	1442	3	-0.26181	-1.0	-1.0
A549|chr10_3860459-3860959	8	0.055013	0.093455	0.580516	258	5	-0.44914	0.25791	0.67555	1.0	836	3	-0.44914	0.6509135078345232	-1.0
K562|chr19_15324159-15324659	7	0.05506	0.094779	0.580516	259	5	-0.30668	0.057532	0.28001	1.0	305	2	-0.30668	0.8145871442817478	-1.0
A549|chr3_127820747-127821247	8	0.05509	0.093455	0.580516	260	6	-0.46	0.19582	0.58249	1.0	706	2	-0.46	0.7051736985110068	-1.0
A549|chr5_59040158-59040658	6	0.056298	0.08267	0.557414	261	5	-0.3242	0.92734	0.97004	1.0	1543	1	-0.3242	0.3368006836543401	-1.0
A549|chr15_60399901-60400401	8	0.056877	0.10295	0.587949	262	6	-0.57479	0.67568	0.92484	1.0	1349	2	-0.57479	0.3048355140967981	-1.0
K562|chr12_47836228-47836728	8	0.057653	0.10295	0.587949	263	5	-0.35553	0.43413	0.80566	1.0	1084	3	-0.35553	0.22572060607671704	-1.0
A549|chr1_8011874-8012374	8	0.057693	0.10295	0.587949	264	5	-0.46842	0.5347	0.87488	1.0	1221	2	-0.46842	0.30798853752876126	-1.0
A549|chr8_17802935-17803435	8	0.057847	0.10295	0.587949	265	6	-0.50996	0.82565	0.96339	1.0	1472	1	-0.50996	0.23987058135712636	-1.0
A549|chr12_104302599-104303099	8	0.057964	0.10295	0.587949	266	2	0.61498	0.0060484	0.05836	1.0	40	6	0.61498	0.7699013266546432	-1.0
K562|chr11_65498012-65498512	5	0.058038	0.10888	0.599832	267	4	-0.28932	0.97476	0.98908	1.0	1583	0	-0.28932	0.7945017105395232	-1.0
K562|chr15_92846715-92847215	8	0.058519	0.10296	0.587949	268	4	-0.34389	0.68185	0.92484	1.0	1354	3	-0.34389	0.5398949419589644	-1.0
A549|chr22_45718330-45718830	7	0.0587	0.094785	0.580516	269	5	-0.51886	0.80071	0.94861	1.0	1453	2	-0.51886	0.4252231192573799	-1.0
A549|chr8_133031622-133032122	7	0.058751	0.094785	0.580516	270	3	-0.0065799	0.98923	0.99545	1.0	1596	0	-0.0065799	0.29082254463108953	-1.0
A549|chr2_43161114-43161614	6	0.059211	0.084488	0.557414	271	3	-0.17006	0.14107	0.4575	1.0	571	3	-0.17006	0.49410914193970884	-1.0
A549|chr2_54613276-54613776	7	0.059374	0.096359	0.587936	272	5	-0.43785	0.82079	0.95123	1.0	1468	2	-0.43785	0.3695752270215246	-1.0
A549|chr7_131197848-131198348	8	0.059948	0.10296	0.587949	273	6	-0.16727	0.99854	0.99953	1.0	1614	0	-0.16727	0.7820962575569691	-1.0
K562|chr19_4402632-4403132	5	0.06043	0.10888	0.599832	274	3	-0.45059	0.63126	0.84478	1.0	1316	2	-0.45059	0.7644836340625165	14.659298161268325
A549|chr15_63460638-63461138	8	0.060445	0.10951	0.599832	275	4	-0.24254	0.19042	0.58248	1.0	689	4	-0.24254	0.25237113402051453	-1.0
A549|chr13_110340615-110341115	7	0.061067	0.097909	0.587949	276	4	-0.69074	0.50034	0.8376	1.0	1168	3	-0.69074	0.7903133375819645	-1.0
A549|chr12_52885287-52885787	8	0.06138	0.1103	0.599832	277	4	-0.39187	0.62867	0.90765	1.0	1314	3	-0.39187	0.7977338310942123	-1.0
K562|chr9_131323613-131324113	8	0.061471	0.1103	0.599832	278	4	-0.3464	0.057781	0.29819	1.0	309	3	-0.3464	0.2424277141648202	-1.0
A549|chr20_54132132-54132632	8	0.061783	0.11031	0.599832	279	4	-0.31191	0.084677	0.37592	1.0	410	2	-0.31191	0.1673505706938393	-1.0
A549|chr8_30383366-30383866	7	0.061882	0.097909	0.587949	280	4	-0.14626	0.28234	0.67925	1.0	881	3	-0.14626	0.8294331174378343	-1.0
A549|chr9_113569065-113569565	8	0.062466	0.11124	0.599832	281	3	-0.006116	0.03007	0.21685	1.0	173	3	-0.006116	0.6143537849579371	-1.0
A549|chr7_47556446-47556946	8	0.062778	0.11124	0.599832	282	5	-0.4707	0.27182	0.68335	1.0	861	2	-0.4707	0.6488475455663609	-1.0
K562|chr10_3068844-3069344	5	0.062974	0.11004	0.599832	283	2	-0.050763	0.071759	0.26566	1.0	367	2	-0.050763	0.6907813886426548	6.48011952667834
A549|chr2_54568075-54568575	8	0.063138	0.11124	0.599832	284	6	-0.23552	0.67077	0.9238	1.0	1347	2	-0.23552	0.5587881465970608	-1.0
A549|chr1_93613914-93614414	7	0.063383	0.097915	0.587949	285	5	-0.35051	0.2249	0.61696	1.0	770	2	-0.35051	0.7547815519361993	-1.0
A549|chr20_50439274-50439774	8	0.063725	0.11124	0.599832	286	2	0.074763	0.50706	0.86317	1.0	1176	4	0.074763	0.5706526871502449	-1.0
A549|chr17_77457178-77457678	8	0.064165	0.11401	0.606671	287	5	-0.32876	0.86735	0.9706	1.0	1498	2	-0.32876	0.7820057743023595	-1.0
A549|chr18_77069344-77069844	8	0.064293	0.11401	0.606671	288	5	-0.25648	0.17158	0.5375	1.0	653	3	-0.25648	0.5278733241988939	-1.0
A549|chr2_42971902-42972402	8	0.064541	0.11401	0.606671	289	4	-0.3455	0.66628	0.9238	1.0	1341	3	-0.3455	0.7426850925427458	-1.0
A549|chr15_60379898-60380398	8	0.064657	0.11401	0.606671	290	3	0.29233	0.15786	0.52823	1.0	623	5	0.29233	0.2209707801132585	-1.0
A549|chr2_43193133-43193633	8	0.065511	0.11595	0.60816	291	6	-0.39074	0.42247	0.80067	1.0	1061	2	-0.39074	0.6563169743257163	-1.0
A549|chr13_110320090-110320590	6	0.065651	0.11616	0.60816	292	3	-0.15416	0.79228	0.92733	1.0	1445	2	-0.15416	0.22951348627360493	-1.0
K562|chr17_78304673-78305173	7	0.066299	0.099812	0.587949	293	2	0.35807	0.055177	0.27428	1.0	294	5	0.35807	0.24432148045072435	-1.0
A549|chr21_39087066-39087566	8	0.066888	0.11595	0.60816	294	4	-0.09379	0.48289	0.84774	1.0	1141	3	-0.09379	0.18722587201427354	-1.0
K562|chr18_48938773-48939273	8	0.06697	0.11595	0.60816	295	5	-0.33703	0.44221	0.80852	1.0	1093	3	-0.33703	0.8606360222271952	-1.0
*GOLGA4	5	0.067346	0.11662	0.608624	296	2	0.12484	0.27761	0.60951	1.0	876	3	0.12484	-1.0	-1.0
A549|chr9_21565177-21565677	8	0.0674	0.11595	0.60816	297	6	-0.35947	0.70938	0.93156	1.0	1378	2	-0.35947	0.3320731651418613	-1.0
A549|chr10_119342236-119342736	8	0.067605	0.11771	0.612322	298	5	-0.39773	0.79735	0.95546	1.0	1450	3	-0.39773	0.26808062634076063	-1.0
A549|chr3_127735056-127735556	8	0.068533	0.12526	0.636393	299	4	-0.65808	0.78723	0.95545	1.0	1440	3	-0.65808	0.752479676850232	-1.0
A549|chr2_20537949-20538449	7	0.068883	0.099818	0.587949	300	3	0.22756	0.10753	0.41337	1.0	479	4	0.22756	0.7488540816882325	-1.0
K562|chr11_117985709-117986209	3	0.068912	0.098647	0.587949	301	1	0.3059	0.05954	0.19532	1.0	317	2	0.3059	0.8451968409831446	3.151773923348828
A549|chr7_55018180-55018680	7	0.069402	0.099818	0.587949	302	4	-0.77479	0.30687	0.69701	1.0	918	3	-0.77479	0.22794074261389793	-1.0
A549|chr17_27540660-27541160	8	0.069746	0.12903	0.636393	303	6	-0.30019	0.38889	0.78663	1.0	1028	2	-0.30019	0.3629546541567289	-1.0
A549|chr17_77396573-77397073	7	0.069788	0.099818	0.587949	304	3	-0.064309	0.16914	0.54796	1.0	645	3	-0.064309	0.5037707699172955	-1.0
A549|chr10_33279270-33279770	8	0.070069	0.12903	0.636393	305	5	-0.75536	0.041925	0.25698	1.0	235	3	-0.75536	0.7148626407339214	-1.0
K562|chr6_12022358-12022858	8	0.070118	0.12903	0.636393	306	2	0.18034	0.019252	0.18427	1.0	123	5	0.18034	0.40168556796969035	-1.0
K562|chr5_10367519-10368019	7	0.071278	0.1036	0.587949	307	3	0.079741	0.095452	0.39686	1.0	444	3	0.079741	0.2645035620301421	-1.0
A549|chr1_8027227-8027727	8	0.071651	0.13111	0.636393	308	6	-0.16616	0.97601	0.99194	1.0	1584	1	-0.16616	0.23873781671161265	-1.0
A549|chr5_136007167-136007667	7	0.071802	0.10361	0.587949	309	5	-0.37057	0.049867	0.26203	1.0	275	2	-0.37057	0.5640433806974982	-1.0
A549|chr21_38780865-38781365	5	0.071828	0.14489	0.664275	310	4	-0.70701	0.91056	0.95113	1.0	1533	1	-0.70701	0.22273626739812136	-1.0
A549|chr10_95220453-95220953	8	0.072008	0.13411	0.636393	311	6	-0.41628	0.47766	0.84773	1.0	1133	2	-0.41628	0.7987347906724556	-1.0
K562|chr14_35301641-35302141	6	0.072214	0.13213	0.636393	312	3	-0.74837	0.0081796	0.065991	1.0	58	2	-0.74837	0.24947168942136394	-1.0
A549|chr12_53008557-53009057	8	0.072244	0.13411	0.636393	313	3	-0.056668	0.75617	0.9411	1.0	1416	3	-0.056668	0.7339166977704498	-1.0
K562|chr1_21754503-21755003	7	0.072293	0.10361	0.587949	314	5	-0.44145	0.089921	0.39014	1.0	431	2	-0.44145	0.7871004135921081	-1.0
A549|chr10_34719704-34720204	8	0.072437	0.13723	0.636393	315	6	-0.26994	0.52635	0.87068	1.0	1210	2	-0.26994	0.6120585303354366	-1.0
A549|chr12_3199527-3200027	5	0.072546	0.14941	0.679244	316	4	-0.24762	0.6625	0.85719	1.0	1336	1	-0.24762	0.75922616289735	-1.0
*STAU1	5	0.07259	0.14941	0.679244	317	1	0.46694	0.10718	0.35108	1.0	478	4	0.46694	-1.0	-1.0
K562|chr8_143935062-143935562	3	0.072694	0.10111	0.587949	318	2	-0.13878	0.73822	0.81504	1.0	1398	1	-0.13878	0.25386845790392676	-1.0
A549|chr7_130895364-130895864	8	0.073152	0.13723	0.636393	319	5	-0.38444	0.50302	0.86102	1.0	1173	3	-0.38444	0.2711085270843893	-1.0
A549|chr12_75995603-75996103	8	0.073562	0.13723	0.636393	320	5	-0.31092	0.50003	0.85899	1.0	1167	3	-0.31092	0.5685437422916952	-1.0
A549|chr1_67726163-67726663	8	0.073715	0.13723	0.636393	321	5	-0.73242	0.68111	0.92484	1.0	1353	3	-0.73242	0.21655184610528924	-1.0
A549|chr15_60371654-60372154	7	0.073756	0.10702	0.599832	322	4	-0.5222	0.97297	0.9876	1.0	1582	1	-0.5222	0.6283552677995173	-1.0
K562|chr19_5974808-5975308	8	0.073883	0.13723	0.636393	323	6	-0.36473	0.87905	0.9745	1.0	1511	1	-0.36473	0.7543546235120508	-1.0
A549|chr12_62790967-62791467	8	0.073957	0.13723	0.636393	324	5	-0.35056	0.16618	0.53462	1.0	637	3	-0.35056	0.1732756435121794	-1.0
A549|chr9_21559925-21560425	8	0.074085	0.13723	0.636393	325	5	-0.26582	0.67031	0.9238	1.0	1345	3	-0.26582	0.44487768759710594	-1.0
K562|chr6_12001087-12001587	8	0.074524	0.13723	0.636393	326	5	-0.48005	0.6101	0.90135	1.0	1299	2	-0.48005	0.5218244918612338	-1.0
A549|chr4_168817284-168817784	7	0.074596	0.10703	0.599832	327	4	-0.99018	0.26248	0.66101	1.0	844	3	-0.99018	0.5415449864596599	-1.0
A549|chr1_8450212-8450712	8	0.074809	0.13723	0.636393	328	4	-0.26392	0.29814	0.71487	1.0	907	3	-0.26392	0.7433232704362267	-1.0
A549|chr20_38110406-38110906	8	0.075678	0.13723	0.636393	329	4	-0.18882	0.43672	0.80567	1.0	1089	4	-0.18882	0.657660094151499	-1.0
K562|chr2_10303041-10303541	8	0.076064	0.13723	0.636393	330	4	0.0054006	0.045242	0.26347	1.0	254	4	0.0054006	0.27655360788655525	3.1245335841336144
A549|chr12_53006726-53007226	8	0.076065	0.13723	0.636393	331	5	-0.27315	0.79014	0.95545	1.0	1443	3	-0.27315	0.4576879377492223	3.042593866112812
A549|chr3_71065575-71066075	7	0.076157	0.1362	0.636393	332	3	-0.072043	0.89215	0.96949	1.0	1519	2	-0.072043	0.5727039139649825	-1.0
A549|chr11_126349191-126349691	6	0.076424	0.1516	0.680985	333	3	-0.6127	0.745	0.91958	1.0	1405	2	-0.6127	0.20730571681028218	-1.0
A549|chr9_38022470-38022970	8	0.076576	0.13723	0.636393	334	4	-0.013272	0.14054	0.49978	1.0	568	4	-0.013272	0.3158087383831487	-1.0
K562|chr3_195115869-195116369	7	0.076734	0.1362	0.636393	335	1	0.66378	0.016979	0.15623	1.0	110	6	0.66378	0.16094496903952588	-1.0
A549|chr11_128515022-128515522	6	0.0769	0.1516	0.680985	336	3	-0.26478	0.69748	0.89904	1.0	1368	2	-0.26478	0.6941379519663682	-1.0
A549|chr10_34703068-34703568	6	0.077137	0.1516	0.680985	337	3	0.14254	0.27725	0.6576	1.0	875	3	0.14254	0.7533401213498105	-1.0
K562|chr11_330850-331350	6	0.077593	0.1527	0.680985	338	3	0.090524	0.025307	0.16152	1.0	154	3	0.090524	0.37744832874127054	-1.0
A549|chr11_128506495-128506995	8	0.078038	0.13723	0.636393	339	2	-0.060766	0.54012	0.87488	1.0	1227	3	-0.060766	0.7589661967890798	-1.0
A549|chr15_59371716-59372216	8	0.078695	0.13723	0.636393	340	4	0.13546	0.096499	0.40787	1.0	448	4	0.13546	0.8443511615205671	-1.0
A549|chr18_58313935-58314435	8	0.079498	0.13724	0.636393	341	5	-0.78785	0.43373	0.80566	1.0	1083	3	-0.78785	0.17846047124977973	-1.0
A549|chr6_11212583-11213083	8	0.079907	0.13724	0.636393	342	4	-0.18471	0.44606	0.8136	1.0	1099	3	-0.18471	0.24638133409707158	-1.0
A549|chr14_68520209-68520709	8	0.080007	0.13724	0.636393	343	5	-0.48576	0.73858	0.93735	1.0	1399	3	-0.48576	0.5013613825186658	-1.0
A549|chr12_104295248-104295748	5	0.080442	0.15314	0.680985	344	4	-0.48628	0.44878	0.75857	1.0	1106	1	-0.48628	0.38514544555401153	-1.0
A549|chr15_57684707-57685207	8	0.08086	0.13724	0.636393	345	5	-0.68167	0.41544	0.80067	1.0	1053	1	-0.68167	0.8233602859800061	-1.0
K562|chr1_21784730-21785230	5	0.080958	0.15314	0.680985	346	4	-0.3109	0.98426	0.99131	1.0	1589	0	-0.3109	0.7563412864473527	-1.0
A549|chr13_33271093-33271593	8	0.081313	0.13724	0.636393	347	4	-0.21093	0.55004	0.87749	1.0	1237	4	-0.21093	0.2397068113805381	-1.0
A549|chr10_95288595-95289095	8	0.082022	0.13724	0.636393	348	5	-0.40165	0.16881	0.53749	1.0	643	3	-0.40165	0.2347029465989349	-1.0
K562|chr11_117980170-117980670	5	0.082126	0.15315	0.680985	349	4	-0.33867	0.95117	0.96606	1.0	1561	1	-0.33867	0.8344121821600198	-1.0
A549|chr16_81486584-81487084	8	0.082384	0.13724	0.636393	350	3	0.33682	0.12927	0.4928	1.0	529	5	0.33682	0.8110490923194099	-1.0
A549|chr3_71153646-71154146	7	0.082387	0.14439	0.663913	351	5	-0.2936	0.87492	0.96296	1.0	1506	2	-0.2936	0.3630062177560759	-1.0
A549|chr1_67750876-67751376	8	0.082799	0.13724	0.636393	352	3	0.12899	0.39489	0.78664	1.0	1037	4	0.12899	0.6330027596739983	-1.0
A549|chr2_42942260-42942760	5	0.082923	0.15315	0.680985	353	3	-0.70531	0.78841	0.91749	1.0	1441	1	-0.70531	0.7512428750954986	-1.0
A549|chr5_17277952-17278452	6	0.082961	0.15938	0.69942	354	4	-0.94721	0.55845	0.84652	1.0	1255	2	-0.94721	0.756463380827451	-1.0
A549|chr2_55135773-55136273	8	0.083193	0.13724	0.636393	355	5	-0.52896	0.15039	0.51228	1.0	600	3	-0.52896	0.7486796720127311	-1.0
K562|chr6_42011641-42012141	8	0.08394	0.13724	0.636393	356	5	-0.16891	0.8029	0.95697	1.0	1455	3	-0.16891	0.7476905364985423	-1.0
A549|chr9_21579143-21579643	8	0.084593	0.13724	0.636393	357	2	0.49915	0.043963	0.26148	1.0	246	6	0.49915	0.7019022272766415	-1.0
A549|chr1_93596301-93596801	8	0.084886	0.13724	0.636393	358	2	0.074816	0.43158	0.80566	1.0	1078	4	0.074816	0.24762203840782526	-1.0
K562|chr12_6607255-6607755	5	0.085014	0.15526	0.688511	359	2	0.34313	0.23732	0.56654	1.0	797	3	0.34313	0.5771287427084334	7.200425132620416
A549|chr2_160351917-160352417	6	0.085074	0.18168	0.702429	360	4	-0.41452	0.75686	0.92358	1.0	1417	2	-0.41452	0.6504983482027064	-1.0
A549|chr5_14212755-14213255	7	0.085156	0.1444	0.663913	361	5	-1.0141	0.27158	0.6703	1.0	860	2	-1.0141	0.676106977477867	-1.0
A549|chr12_104311131-104311631	8	0.08655	0.16744	0.69942	362	5	-0.30304	0.60592	0.90135	1.0	1295	2	-0.30304	0.47098014572675784	-1.0
A549|chr10_33292399-33292899	8	0.086908	0.16744	0.69942	363	5	-0.53211	0.13628	0.49728	1.0	551	2	-0.53211	0.2257209764596512	-1.0
A549|chr18_77110910-77111410	8	0.086924	0.16744	0.69942	364	4	-0.30315	0.038519	0.2393	1.0	217	3	-0.30315	0.7737522559580883	-1.0
A549|chr8_30385784-30386284	5	0.087658	0.1616	0.69942	365	4	-0.39132	0.98443	0.99131	1.0	1590	0	-0.39132	0.5206957026107933	-1.0
K562|chr12_6606903-6607403	3	0.087967	0.12864	0.636393	366	1	-0.057828	0.67524	0.78718	1.0	1348	1	-0.057828	0.8205087277220979	7.200425132620416
K562|chr11_117994553-117995053	8	0.087989	0.16744	0.69942	367	5	-0.43074	0.25997	0.67968	1.0	841	2	-0.43074	0.24666879370746136	-1.0
K562|chr19_13123777-13124277	8	0.088507	0.16913	0.69942	368	3	0.12731	0.25681	0.67555	1.0	833	5	0.12731	0.5034613088171452	-1.0
K562|chr6_16223195-16223695	8	0.088825	0.16913	0.69942	369	4	0.0044198	0.35283	0.7607	1.0	979	4	0.0044198	0.5408968041678103	-1.0
A549|chr3_71164869-71165369	6	0.089086	0.18169	0.702429	370	4	-0.79912	0.82017	0.93423	1.0	1464	2	-0.79912	0.7217115070892928	-1.0
A549|chr9_38067178-38067678	8	0.089158	0.16913	0.69942	371	2	0.71597	0.028655	0.21684	1.0	165	6	0.71597	0.32507040260915265	-1.0
#chr3_46371836_46371858_46371857	1	0.08918	0.083207	0.557414	372	1	-1.0088	0.91082	0.91679	1.0	1534	0	-1.0088	-1.0	-1.0
A549|chr4_57064949-57065449	7	0.089194	0.14836	0.678274	373	4	-0.22045	0.39894	0.77683	1.0	1039	3	-0.22045	0.2120549828631274	-1.0
K562|chr14_35297626-35298126	6	0.089642	0.18169	0.702429	374	4	-0.86894	0.78259	0.92528	1.0	1436	2	-0.86894	0.7272908440715656	-1.0
K562|chr17_82099227-82099727	5	0.09048	0.16629	0.69942	375	4	-0.42471	0.41223	0.73559	1.0	1050	1	-0.42471	0.6862618036404388	5.07827191745736
A549|chr18_77097184-77097684	8	0.091283	0.17119	0.69942	376	5	-0.2927	0.49993	0.85899	1.0	1166	3	-0.2927	0.2418981608362519	-1.0
K562|chr1_230137382-230137882	8	0.091757	0.17119	0.69942	377	3	0.32177	0.053114	0.27649	1.0	285	5	0.32177	0.16973148695672563	-1.0
K562|chr6_16277910-16278410	8	0.091992	0.17119	0.69942	378	4	-0.042069	0.079352	0.36452	1.0	393	4	-0.042069	0.24136353720894327	-1.0
K562|chr17_79803650-79804150	8	0.092406	0.17119	0.69942	379	1	0.44085	0.030113	0.21685	1.0	174	5	0.44085	0.5561513190137172	-1.0
A549|chr22_45738148-45738648	6	0.092687	0.18302	0.702429	380	4	-0.43243	0.90776	0.96577	1.0	1529	1	-0.43243	0.356422644855785	-1.0
A549|chr2_28653844-28654344	8	0.092688	0.17119	0.69942	381	4	-0.10074	0.19016	0.58248	1.0	688	3	-0.10074	0.20482040082765984	-1.0
A549|chr20_19885837-19886337	8	0.092827	0.17119	0.69942	382	3	0.20225	0.055914	0.29279	1.0	299	4	0.20225	0.50221444978103	-1.0
A549|chr12_76018640-76019140	8	0.093054	0.17119	0.69942	383	3	-0.0069267	0.1776	0.55555	1.0	663	3	-0.0069267	0.650813228908868	-1.0
A549|chr15_96319130-96319630	8	0.093702	0.17119	0.69942	384	5	-0.37743	0.7164	0.93409	1.0	1384	3	-0.37743	0.5086438837843872	-1.0
*SRRM5	5	0.0938	0.17366	0.69942	385	4	-0.89468	0.31557	0.65645	1.0	929	1	-0.89468	-1.0	-1.0
A549|chr1_39180351-39180851	8	0.094059	0.17119	0.69942	386	3	0.092997	0.44758	0.8136	1.0	1101	4	0.092997	0.23923900821013855	-1.0
K562|chr14_35291050-35291550	8	0.095071	0.17119	0.69942	387	3	0.22298	0.080936	0.36718	1.0	400	5	0.22298	0.29594996727025835	-1.0
*ALAD	5	0.095623	0.17367	0.69942	388	3	-0.157	0.43043	0.74907	1.0	1076	2	-0.157	-1.0	-1.0
A549|chr11_65482964-65483464	6	0.096252	0.18302	0.702429	389	3	-0.13251	0.66764	0.89243	1.0	1342	2	-0.13251	0.791135894719166	-1.0
K562|chr15_92807726-92808226	6	0.096474	0.18302	0.702429	390	4	-0.70536	0.059899	0.27543	1.0	318	2	-0.70536	0.6375691256381893	-1.0
A549|chr18_3659120-3659620	5	0.096663	0.17367	0.69942	391	4	-0.15203	0.49432	0.79579	1.0	1155	1	-0.15203	0.8305416673958957	-1.0
A549|chr12_3256096-3256596	5	0.097657	0.1761	0.702429	392	2	-0.025523	0.18322	0.50858	1.0	679	2	-0.025523	0.813122946365716	-1.0
A549|chr12_104263573-104264073	8	0.09777	0.17361	0.69942	393	5	-0.48976	0.51259	0.86831	1.0	1184	2	-0.48976	0.8275334307297915	-1.0
A549|chr1_93615088-93615588	8	0.097913	0.17361	0.69942	394	3	0.53235	0.062323	0.3101	1.0	322	5	0.53235	0.25620746339883754	-1.0
A549|chr5_17218602-17219102	5	0.097976	0.1761	0.702429	395	4	-0.37692	0.22224	0.54741	1.0	761	1	-0.37692	0.34188141908681674	-1.0
A549|chr10_33318632-33319132	8	0.099175	0.17362	0.69942	396	5	-0.45908	0.25508	0.67286	1.0	830	2	-0.45908	0.7432102609505773	-1.0
A549|chr15_60399163-60399663	8	0.099307	0.17362	0.69942	397	4	-0.16591	0.52007	0.87067	1.0	1202	4	-0.16591	0.4180974698297818	-1.0
A549|chr10_3815119-3815619	8	0.10016	0.17362	0.69942	398	4	-0.19467	0.85791	0.9697	1.0	1493	2	-0.19467	0.19232974553226703	-1.0
K562|chr18_48977894-48978394	8	0.1008	0.17362	0.69942	399	4	-0.13304	0.069455	0.33132	1.0	357	3	-0.13304	0.789345390162824	-1.0
A549|chr7_55128303-55128803	5	0.10081	0.18364	0.702429	400	3	-0.74038	0.68805	0.87383	1.0	1358	2	-0.74038	0.6592856163196118	-1.0
A549|chr11_122181980-122182480	8	0.10094	0.17362	0.69942	401	4	-0.32107	0.45649	0.82903	1.0	1111	4	-0.32107	0.24020572689266734	-1.0
K562|chr1_21784484-21784984	6	0.1011	0.18302	0.702429	402	4	-0.43702	0.80649	0.93073	1.0	1456	2	-0.43702	0.807989171723438	-1.0
A549|chr3_45583351-45583851	8	0.10134	0.18035	0.702429	403	5	-0.3287	0.10181	0.42288	1.0	457	3	-0.3287	0.29148186172245594	-1.0
A549|chr10_3779334-3779834	8	0.10175	0.18209	0.702429	404	5	-0.12196	0.25294	0.66924	1.0	829	2	-0.12196	0.617050529357688	-1.0
A549|chr15_63465074-63465574	8	0.10196	0.18209	0.702429	405	3	0.12077	0.49236	0.85182	1.0	1152	4	0.12077	0.4175293182222557	-1.0
K562|chr12_47819141-47819641	5	0.10212	0.18365	0.702429	406	3	-0.2166	0.93434	0.95673	1.0	1550	1	-0.2166	0.787423898092805	4.392963387775915
A549|chr3_66467699-66468199	6	0.10255	0.18962	0.712379	407	3	0.24135	0.011035	0.10719	1.0	73	3	0.24135	0.390637029268321	-1.0
K562|chr19_4395176-4395676	8	0.10337	0.18386	0.702429	408	3	0.19609	0.075565	0.34032	1.0	383	5	0.19609	0.22021833900692728	-1.0
K562|chr12_56689498-56689998	4	0.10348	0.16386	0.69942	409	2	-0.56248	0.50105	0.75187	1.0	1170	2	-0.56248	0.7233361039981832	-1.0
A549|chr22_45671038-45671538	5	0.10359	0.18583	0.702429	410	3	-0.31449	0.89809	0.94713	1.0	1523	1	-0.31449	0.6783794693510485	3.1660755529404674
A549|chr11_20000422-20000922	8	0.10402	0.18386	0.702429	411	2	0.50547	0.073554	0.34032	1.0	373	6	0.50547	0.12895956487448307	-1.0
K562|chr3_196081621-196082121	4	0.10421	0.16386	0.69942	412	3	-0.65822	0.84052	0.90156	1.0	1482	1	-0.65822	0.9065619740470939	5.840372659341327
A549|chr6_112204637-112205137	7	0.10464	0.22101	0.748473	413	5	-0.54166	0.98386	0.9909	1.0	1588	1	-0.54166	0.5718405226145253	-1.0
K562|chr12_6606593-6607093	5	0.10495	0.18583	0.702429	414	3	-0.17993	0.038447	0.18321	1.0	215	1	-0.17993	0.8030234722042892	4.5345725315474255
K562|chr19_45881252-45881752	6	0.10525	0.19111	0.713065	415	3	-0.12049	0.046975	0.22122	1.0	265	2	-0.12049	0.6944561929796387	-1.0
K562|chr6_37093376-37093876	8	0.10529	0.1861	0.702429	416	5	-0.49463	0.32459	0.73977	1.0	939	3	-0.49463	0.5731611127392205	-1.0
A549|chr7_27161614-27162114	5	0.10533	0.18583	0.702429	417	4	-0.14987	0.62383	0.83849	1.0	1311	1	-0.14987	0.49865971292851174	-1.0
K562|chr19_16548293-16548793	6	0.10586	0.19111	0.713065	418	4	-0.79611	0.59929	0.87287	1.0	1292	2	-0.79611	0.5550020975789928	-1.0
A549|chr5_17258984-17259484	6	0.1062	0.19112	0.713065	419	3	-0.59597	0.29112	0.66494	1.0	893	2	-0.59597	0.17804293051829528	-1.0
K562|chr2_38749639-38750139	8	0.10657	0.1861	0.702429	420	5	-0.3715	0.36272	0.77014	1.0	993	3	-0.3715	0.7583708388063997	-1.0
K562|chr1_21781789-21782289	8	0.10658	0.1861	0.702429	421	2	0.43645	0.17341	0.54357	1.0	657	5	0.43645	0.816077398250821	-1.0
A549|chr3_71122623-71123123	8	0.10692	0.1861	0.702429	422	5	-0.15093	0.74924	0.93851	1.0	1408	2	-0.15093	0.8165209515500775	-1.0
A549|chr5_95801483-95801983	8	0.10722	0.1861	0.702429	423	4	-0.087897	0.41279	0.80067	1.0	1051	3	-0.087897	0.3966878187101117	-1.0
K562|chr6_16224880-16225380	7	0.10852	0.22102	0.748473	424	3	0.22284	0.045897	0.26	1.0	261	4	0.22284	0.24383767094357056	-1.0
A549|chr5_17257700-17258200	6	0.10857	0.19316	0.714371	425	3	0.012214	0.13504	0.44702	1.0	548	3	0.012214	0.25722996921997865	-1.0
A549|chr18_3671654-3672154	7	0.10909	0.22102	0.748473	426	5	-0.17383	0.8366	0.95532	1.0	1479	2	-0.17383	0.41817963073847203	-1.0
K562|chr19_16541799-16542299	5	0.10938	0.18863	0.71031	427	3	-0.11619	0.72909	0.8825	1.0	1393	2	-0.11619	0.7579066010389854	4.162506258384823
A549|chr13_112773014-112773514	8	0.11051	0.21409	0.748473	428	4	-0.039191	0.12455	0.4928	1.0	519	4	-0.039191	0.78095461892	-1.0
A549|chr12_62711884-62712384	6	0.11074	0.19748	0.723499	429	2	0.5403	0.089479	0.36636	1.0	428	4	0.5403	0.24374807856293237	-1.0
K562|chr16_81444248-81444748	4	0.11092	0.16386	0.69942	430	3	-0.76854	0.59172	0.79682	1.0	1286	1	-0.76854	0.6977659983253538	10.967703655260529
K562|chr19_19110697-19111197	4	0.11099	0.16386	0.69942	431	3	-0.21713	0.84203	0.90156	1.0	1484	1	-0.21713	0.8511764076754046	-1.0
A549|chr13_110347775-110348275	4	0.11186	0.16386	0.69942	432	3	-0.51305	0.68697	0.84098	1.0	1356	1	-0.51305	0.23632421226839095	-1.0
A549|chr3_58051140-58051640	8	0.11216	0.2141	0.748473	433	3	0.16871	0.27412	0.68335	1.0	870	5	0.16871	0.14589058190946994	-1.0
A549|chr10_119375500-119376000	8	0.11423	0.2164	0.748473	434	3	0.45533	0.016195	0.15814	1.0	106	5	0.45533	0.2669044052658997	-1.0
A549|chr4_57102034-57102534	7	0.11446	0.22384	0.748473	435	5	-0.27203	0.34538	0.7189	1.0	962	2	-0.27203	0.25236241962904504	-1.0
K562|chr12_130815246-130815746	8	0.11486	0.21841	0.748473	436	5	-0.25583	0.49655	0.85706	1.0	1157	3	-0.25583	0.5247512985457629	-1.0
A549|chr15_98850310-98850810	8	0.11493	0.21841	0.748473	437	5	-0.49536	0.37686	0.78396	1.0	1010	2	-0.49536	0.22972225574915972	-1.0
K562|chr11_94746662-94747162	8	0.11525	0.21842	0.748473	438	5	-0.53137	0.44415	0.8136	1.0	1096	3	-0.53137	0.5478471193685231	-1.0
A549|chr6_11171568-11172068	8	0.11538	0.21842	0.748473	439	4	-0.17171	0.33199	0.75211	1.0	944	3	-0.17171	0.4150730745943436	-1.0
A549|chr1_39176964-39177464	8	0.11547	0.21842	0.748473	440	5	-0.41672	0.9337	0.98357	1.0	1549	2	-0.41672	0.5417680223092093	-1.0
A549|chr2_20536653-20537153	8	0.116	0.22532	0.748473	441	5	-0.32836	0.021039	0.19001	1.0	136	3	-0.32836	0.2183998159451507	-1.0
A549|chr13_33228944-33229444	3	0.11703	0.15928	0.69942	442	1	0.35161	0.30349	0.56106	1.0	914	2	0.35161	0.16878586702365536	-1.0
A549|chr5_132498137-132498637	8	0.11718	0.22532	0.748473	443	4	0.18849	0.011124	0.091973	1.0	74	4	0.18849	0.7952344470684646	-1.0
K562|chr6_16257866-16258366	6	0.11758	0.20178	0.735933	444	4	-0.36119	0.8938	0.96464	1.0	1520	1	-0.36119	0.4746130460377875	-1.0
K562|chr7_107118397-107118897	8	0.11798	0.22532	0.748473	445	5	-0.36348	0.71026	0.93156	1.0	1380	3	-0.36348	0.3268144005221225	-1.0
A549|chr13_33277376-33277876	8	0.11803	0.22532	0.748473	446	4	-0.05312	0.015748	0.15495	1.0	104	4	-0.05312	0.8055751958279086	-1.0
K562|chr11_32428875-32429375	5	0.1181	0.19437	0.716955	447	2	-0.038735	0.13674	0.43043	1.0	555	2	-0.038735	0.442909868216536	-1.0
A549|chr2_237689148-237689648	7	0.11827	0.22518	0.748473	448	4	-0.49622	0.5895	0.87965	1.0	1285	2	-0.49622	0.782353975520169	-1.0
A549|chr15_60421473-60421973	8	0.11841	0.22533	0.748473	449	3	0.19781	0.086991	0.38695	1.0	420	4	0.19781	0.708535735992645	-1.0
K562|chr18_3586729-3587229	8	0.11861	0.22533	0.748473	450	5	-0.2717	0.82912	0.96504	1.0	1474	2	-0.2717	0.7782729398582033	-1.0
K562|chr19_19105483-19105983	8	0.11866	0.22533	0.748473	451	3	0.31608	0.11747	0.47778	1.0	508	5	0.31608	0.5365247117587103	4.249591897869657
A549|chr4_168832999-168833499	8	0.11911	0.22533	0.748473	452	4	0.042666	0.2143	0.62988	1.0	741	4	0.042666	0.7508559935124947	-1.0
A549|chr2_237616595-237617095	8	0.11929	0.22533	0.748473	453	4	-0.043969	0.38329	0.78663	1.0	1019	4	-0.043969	0.16283438103451453	-1.0
K562|chr16_85326689-85327189	8	0.11992	0.22533	0.748473	454	2	0.54307	0.0093265	0.075429	1.0	61	6	0.54307	0.22931041276340544	-1.0
A549|chr20_54172591-54173091	8	0.12	0.22533	0.748473	455	4	-0.095072	0.054098	0.28434	1.0	292	3	-0.095072	0.41942919279994584	-1.0
K562|chr10_131900651-131901151	4	0.12003	0.16387	0.69942	456	1	0.43138	0.067991	0.24237	1.0	352	3	0.43138	0.7060947323336303	-1.0
A549|chr9_21559008-21559508	7	0.12004	0.22657	0.748473	457	3	0.10326	0.363	0.728	1.0	995	4	0.10326	0.7498891349007291	-1.0
K562|chr1_8876429-8876929	7	0.12039	0.22657	0.748473	458	5	-0.347	0.26273	0.66101	1.0	845	2	-0.347	0.17796112604582792	-1.0
K562|chr21_37372861-37373361	8	0.12047	0.22533	0.748473	459	4	-0.052424	0.42835	0.80067	1.0	1070	4	-0.052424	0.2606776853696618	-1.0
A549|chr1_93623802-93624302	8	0.12047	0.22533	0.748473	460	5	-0.43768	0.65847	0.91966	1.0	1330	3	-0.43768	0.2614605164516646	-1.0
A549|chr5_136079145-136079645	6	0.12064	0.20705	0.748473	461	3	-0.25134	0.83408	0.94467	1.0	1476	1	-0.25134	0.23849378073361976	-1.0
A549|chr10_34696359-34696859	8	0.12119	0.23305	0.748473	462	4	-0.007828	0.21772	0.62989	1.0	750	4	-0.007828	0.20894048418557867	-1.0
A549|chr4_168840356-168840856	7	0.12119	0.22658	0.748473	463	4	-0.66097	0.052229	0.26685	1.0	284	3	-0.66097	0.7008848195524543	-1.0
A549|chr15_60353405-60353905	8	0.12162	0.23305	0.748473	464	4	-0.37458	0.91477	0.97912	1.0	1538	2	-0.37458	0.6307135935037311	-1.0
A549|chr20_38118050-38118550	8	0.12191	0.23305	0.748473	465	5	-0.44641	0.7795	0.95399	1.0	1435	3	-0.44641	0.1982903827829091	-1.0
K562|chr17_82109036-82109536	8	0.12245	0.24175	0.748473	466	5	-0.42695	0.97076	0.99154	1.0	1578	1	-0.42695	0.6851848809864213	-1.0
A549|chr7_116495648-116496148	8	0.12251	0.24175	0.748473	467	4	-0.38864	0.77078	0.95173	1.0	1428	3	-0.38864	0.4221412580953863	-1.0
A549|chr15_60444200-60444700	8	0.12257	0.24175	0.748473	468	5	-0.45233	0.36204	0.77014	1.0	991	2	-0.45233	0.23655101006615137	-1.0
A549|chr3_66473133-66473633	8	0.12353	0.24175	0.748473	469	4	-0.27194	0.74357	0.9385	1.0	1403	3	-0.27194	0.7932857724445085	-1.0
K562|chr8_22690965-22691465	5	0.12386	0.19696	0.723231	470	3	-0.038121	0.36621	0.69674	1.0	997	2	-0.038121	0.7974736655569946	-1.0
A549|chr1_234932612-234933112	5	0.12431	0.19696	0.723231	471	3	-0.093939	0.56517	0.82615	1.0	1266	1	-0.093939	0.7735963090681696	-1.0
A549|chr15_96319668-96320168	8	0.12433	0.24175	0.748473	472	3	0.52904	0.069817	0.33132	1.0	359	5	0.52904	0.8450101878296293	-1.0
K562|chr14_102502656-102503156	6	0.12452	0.20706	0.748473	473	4	-0.29326	0.21419	0.55596	1.0	740	2	-0.29326	0.8247400542348394	-1.0
K562|chr11_78424235-78424735	7	0.12452	0.23341	0.748473	474	4	-0.2818	0.51457	0.84886	1.0	1191	3	-0.2818	0.2914507446257062	-1.0
#chr19_55115305_55115327_55115306	1	0.12457	0.10272	0.587949	475	1	-1.4755	0.87543	0.89728	1.0	1508	0	-1.4755	-1.0	-1.0
A549|chr4_168867076-168867576	8	0.12494	0.24176	0.748473	476	4	-0.32344	0.46081	0.82903	1.0	1118	4	-0.32344	0.5183567794182116	-1.0
K562|chr22_41835441-41835941	8	0.12496	0.24176	0.748473	477	2	0.64626	0.0067761	0.063277	1.0	49	6	0.64626	0.479297674861949	-1.0
A549|chr1_93581712-93582212	6	0.12531	0.20944	0.748473	478	4	-0.33237	0.44537	0.77891	1.0	1098	2	-0.33237	0.38771075054264276	-1.0
A549|chr2_43230911-43231411	8	0.12538	0.24176	0.748473	479	5	-0.29358	0.6633	0.92155	1.0	1337	2	-0.29358	0.726648469294271	-1.0
A549|chr20_19913312-19913812	5	0.12566	0.21702	0.748473	480	3	-0.74736	0.02814	0.15113	1.0	164	2	-0.74736	0.7512336734613628	-1.0
A549|chr12_62720585-62721085	8	0.12571	0.24176	0.748473	481	4	-0.26729	0.74358	0.9385	1.0	1404	3	-0.26729	0.24063733951512079	-1.0
A549|chr15_78037714-78038214	7	0.12577	0.23801	0.748473	482	2	0.1989	0.14231	0.4767	1.0	576	5	0.1989	0.23120366346986793	-1.0
K562|chr19_13142739-13143239	8	0.12622	0.24176	0.748473	483	2	0.42915	0.023357	0.19736	1.0	145	5	0.42915	0.6053995825667825	-1.0
A549|chr9_696312-696812	7	0.12652	0.23801	0.748473	484	5	-0.15853	0.84173	0.95634	1.0	1483	2	-0.15853	0.20678649036865462	-1.0
A549|chr3_71160670-71161170	8	0.12684	0.25136	0.748473	485	4	-0.13003	0.32061	0.73702	1.0	936	4	-0.13003	0.7708032816718685	-1.0
A549|chr15_89133210-89133710	8	0.1281	0.25136	0.748473	486	2	0.38382	0.057603	0.29819	1.0	306	6	0.38382	0.45450095287972575	-1.0
A549|chr11_122157501-122158001	8	0.12872	0.25136	0.748473	487	5	-0.15524	0.040564	0.24873	1.0	229	3	-0.15524	0.37338217429887843	-1.0
A549|chr21_38818945-38819445	8	0.12914	0.25136	0.748473	488	5	-0.21591	0.40331	0.79154	1.0	1042	3	-0.21591	0.3977530316403047	-1.0
A549|chr9_38018178-38018678	7	0.12918	0.24126	0.748473	489	3	0.41115	0.043938	0.25186	1.0	245	4	0.41115	0.7530937891705679	-1.0
A549|chr12_76031457-76031957	8	0.12935	0.25136	0.748473	490	3	0.30567	0.040714	0.25449	1.0	231	5	0.30567	0.8263213242739721	5.314768969511188
K562|chr12_6611776-6612276	8	0.12987	0.25136	0.748473	491	4	-0.098655	0.25858	0.67555	1.0	837	4	-0.098655	0.46362167679223343	-1.0
A549|chr10_125162574-125163074	8	0.13017	0.25136	0.748473	492	5	-0.444	0.64419	0.91441	1.0	1324	3	-0.444	0.6504171843628589	-1.0
#chr3_46372053_46372075_46372074	1	0.13039	0.10928	0.599832	493	1	-1.2672	0.86961	0.89072	1.0	1500	0	-1.2672	-1.0	-1.0
A549|chr11_48092848-48093348	8	0.13122	0.2534	0.748473	494	2	0.13929	0.23353	0.65408	1.0	790	4	0.13929	0.7795415664607631	-1.0
K562|chr3_4973171-4973671	8	0.13123	0.2534	0.748473	495	4	0.22663	0.039543	0.24872	1.0	225	4	0.22663	0.7487477113348469	-1.0
K562|chr5_139701167-139701667	8	0.13156	0.2534	0.748473	496	5	-0.23913	0.73659	0.93735	1.0	1396	3	-0.23913	0.7269515017574544	-1.0
K562|chr8_22685560-22686060	8	0.13185	0.2534	0.748473	497	4	-0.17684	0.27822	0.6985	1.0	878	3	-0.17684	0.2423116453348606	-1.0
A549|chr10_3741791-3742291	8	0.13221	0.2534	0.748473	498	5	-0.24273	0.30073	0.71872	1.0	909	2	-0.24273	0.7756745036957603	-1.0
K562|chr15_92806677-92807177	8	0.13251	0.2534	0.748473	499	5	-0.3149	0.38197	0.78396	1.0	1018	1	-0.3149	0.4433849302004089	-1.0
A549|chr18_3626343-3626843	8	0.13372	0.25341	0.748473	500	4	-0.12148	0.62267	0.90764	1.0	1309	2	-0.12148	0.6274798669806981	-1.0
A549|chr12_106138289-106138789	8	0.13402	0.25341	0.748473	501	5	-0.19828	0.53275	0.87488	1.0	1217	3	-0.19828	0.8163915395102065	-1.0
A549|chr20_54174062-54174562	7	0.13425	0.2563	0.748473	502	2	0.53138	0.039291	0.23473	1.0	223	5	0.53138	0.7562138263232792	-1.0
K562|chr2_10304371-10304871	6	0.13433	0.21552	0.748473	503	3	-0.30083	0.87051	0.9567	1.0	1502	1	-0.30083	0.772878821111439	-1.0
K562|chr11_117952441-117952941	8	0.13451	0.25341	0.748473	504	4	-0.4017	0.59548	0.8997	1.0	1290	3	-0.4017	0.4285092680517401	-1.0
A549|chr9_131674174-131674674	8	0.13461	0.25341	0.748473	505	5	-0.24464	0.55834	0.88067	1.0	1254	3	-0.24464	0.28863544331061003	-1.0
A549|chr11_128466169-128466669	8	0.1352	0.25556	0.748473	506	5	-0.32566	0.1964	0.58249	1.0	709	2	-0.32566	0.676818283830472	-1.0
A549|chr1_8341579-8342079	8	0.13621	0.25803	0.748473	507	5	-0.18942	0.09629	0.40787	1.0	447	3	-0.18942	0.3861235471593512	-1.0
A549|chr13_110347380-110347880	8	0.13639	0.25803	0.748473	508	4	-0.18337	0.13025	0.4928	1.0	531	3	-0.18337	0.7617662250674864	-1.0
K562|chr1_47231562-47232062	7	0.13647	0.25631	0.748473	509	4	-0.45598	0.16359	0.5331	1.0	635	3	-0.45598	0.46914860095368816	3.5936301645307323
A549|chr12_106147949-106148449	8	0.13683	0.25803	0.748473	510	3	0.52443	0.026682	0.21099	1.0	159	5	0.52443	0.2141100457777981	-1.0
A549|chr2_43170692-43171192	8	0.13733	0.25803	0.748473	511	4	-0.16656	0.65974	0.91967	1.0	1332	3	-0.16656	0.20562552940983372	-1.0
K562|chr3_196061715-196062215	8	0.13751	0.25803	0.748473	512	5	-0.32214	0.22092	0.63241	1.0	759	2	-0.32214	0.7813652980463555	-1.0
A549|chr2_55134295-55134795	7	0.13835	0.25772	0.748473	513	3	-0.048777	0.4499	0.82019	1.0	1108	3	-0.048777	0.17822139899834394	-1.0
K562|chr9_131372517-131373017	8	0.13909	0.25803	0.748473	514	4	-0.33489	0.74993	0.93851	1.0	1411	2	-0.33489	0.8183665417555513	-1.0
K562|chr20_32363253-32363753	8	0.13993	0.25803	0.748473	515	4	-0.10211	0.18385	0.56632	1.0	680	3	-0.10211	0.4123482416228302	-1.0
A549|chr2_237680986-237681486	8	0.14054	0.2602	0.748473	516	4	-0.21974	0.7628	0.94581	1.0	1424	3	-0.21974	0.605727413161148	-1.0
K562|chr2_10303918-10304418	4	0.1407	0.19322	0.714371	517	2	-0.084362	0.84025	0.90156	1.0	1481	1	-0.084362	0.8385347288203215	3.1245335841336144
K562|chr17_75108859-75109359	8	0.14117	0.2602	0.748473	518	4	0.0088375	0.34891	0.75728	1.0	972	4	0.0088375	0.23013684723157773	-1.0
A549|chr4_57111186-57111686	6	0.14146	0.22698	0.748473	519	3	0.050923	0.15717	0.50057	1.0	621	3	0.050923	0.7602361227162432	-1.0
K562|chr19_16542307-16542807	4	0.14164	0.19322	0.714371	520	1	0.3314	0.14905	0.40178	1.0	593	3	0.3314	0.8470860405169236	4.162506258384823
A549|chr6_112281753-112282253	7	0.14203	0.26055	0.748473	521	4	-0.4706	0.75234	0.9324	1.0	1412	2	-0.4706	0.5355274889612469	-1.0
A549|chr5_135993968-135994468	8	0.14204	0.2602	0.748473	522	4	-0.38467	0.036471	0.23375	1.0	209	3	-0.38467	0.22098491560710928	-1.0
A549|chr10_34736985-34737485	5	0.14262	0.22692	0.748473	523	3	-0.35565	0.29559	0.62824	1.0	901	2	-0.35565	0.8718304161102433	-1.0
A549|chr2_9288668-9289168	5	0.14262	0.22692	0.748473	524	2	0.2908	0.026845	0.14825	1.0	160	3	0.2908	0.7896972374776162	-1.0
K562|chr1_47230690-47231190	4	0.14263	0.19323	0.714371	525	2	-0.14437	0.69545	0.8437	1.0	1367	1	-0.14437	0.5008335212277187	3.5936301645307323
A549|chr7_27104184-27104684	7	0.1427	0.26055	0.748473	526	3	-0.13828	0.14174	0.47669	1.0	573	3	-0.13828	0.7824316990240484	-1.0
A549|chr7_27173418-27173918	8	0.14293	0.2602	0.748473	527	5	-0.18034	0.68679	0.92485	1.0	1355	2	-0.18034	0.6530583203042548	-1.0
A549|chr21_39051789-39052289	8	0.14301	0.2602	0.748473	528	2	0.30359	0.17383	0.54358	1.0	659	5	0.30359	0.2141715723084808	-1.0
K562|chr10_3068585-3069085	2	0.14302	0.18341	0.702429	529	2	-0.33155	0.82059	0.86365	1.0	1467	0	-0.33155	0.3862491478784541	6.48011952667834
A549|chr7_47557802-47558302	8	0.14325	0.26242	0.748473	530	5	-0.38443	0.56398	0.8883	1.0	1264	2	-0.38443	0.7461124722111998	-1.0
K562|chr17_79817569-79818069	8	0.14363	0.26243	0.748473	531	3	0.13864	0.0049918	0.05013	1.0	32	4	0.13864	0.6995536932168448	-1.0
A549|chr4_7811179-7811679	8	0.14425	0.2638	0.748473	532	4	0.21675	0.13468	0.49727	1.0	544	4	0.21675	0.4381930160310398	-1.0
A549|chr2_160367815-160368315	8	0.14442	0.2638	0.748473	533	3	0.11366	0.51965	0.87067	1.0	1201	4	0.11366	0.7055176707964735	-1.0
A549|chr20_19941125-19941625	8	0.14472	0.2638	0.748473	534	5	-0.18983	0.68781	0.92485	1.0	1357	3	-0.18983	0.20955018601485764	-1.0
K562|chr19_15333569-15334069	8	0.14548	0.2638	0.748473	535	4	-0.10347	0.031676	0.2203	1.0	182	2	-0.10347	0.20868683042661892	-1.0
A549|chr22_46071957-46072457	8	0.14609	0.2638	0.748473	536	4	-0.061906	0.69292	0.92485	1.0	1365	2	-0.061906	0.47810037987049764	-1.0
K562|chr11_117987023-117987523	8	0.14645	0.2638	0.748473	537	5	-0.35966	0.70715	0.93053	1.0	1376	3	-0.35966	0.6920934798437608	-1.0
K562|chr11_118005708-118006208	7	0.14648	0.26367	0.748473	538	2	0.20586	0.20389	0.60143	1.0	718	4	0.20586	0.667461497621505	-1.0
A549|chr6_112205405-112205905	8	0.1467	0.2638	0.748473	539	5	-0.28829	0.91304	0.97848	1.0	1536	2	-0.28829	0.24365742976106694	-1.0
A549|chr2_54629348-54629848	7	0.14696	0.26367	0.748473	540	4	-0.37948	0.54686	0.85886	1.0	1232	2	-0.37948	0.2271660098790104	-1.0
A549|chr20_54174331-54174831	5	0.14726	0.22693	0.748473	541	3	-0.27797	0.21049	0.52909	1.0	735	2	-0.27797	0.7708312333360334	-1.0
A549|chr11_48047569-48048069	6	0.14755	0.23575	0.748473	542	4	-0.17071	0.53943	0.82876	1.0	1226	2	-0.17071	0.474135565184177	-1.0
A549|chr1_8005554-8006054	8	0.14757	0.2638	0.748473	543	5	-0.18504	0.42595	0.80067	1.0	1064	2	-0.18504	0.48033629202088735	-1.0
A549|chr20_19996856-19997356	8	0.14794	0.2638	0.748473	544	2	0.57405	0.040323	0.24873	1.0	227	5	0.57405	0.6474239456139315	-1.0
A549|chr15_85613992-85614492	8	0.14894	0.2638	0.748473	545	5	-0.17791	0.89215	0.97606	1.0	1518	2	-0.17791	0.6227167392096477	-1.0
A549|chr11_128523304-128523804	7	0.14917	0.26367	0.748473	546	3	0.19632	0.35187	0.7189	1.0	976	4	0.19632	0.7533965942082095	-1.0
A549|chr4_87117653-87118153	8	0.14932	0.2638	0.748473	547	5	-0.40222	0.088552	0.39582	1.0	426	3	-0.40222	0.4422561008151198	-1.0
K562|chr10_11891445-11891945	8	0.14978	0.26654	0.748473	548	2	0.20428	0.21519	0.62988	1.0	744	5	0.20428	0.8297686173035602	-1.0
A549|chr14_68659458-68659958	6	0.15309	0.2577	0.748473	549	4	-0.21206	0.95678	0.97652	1.0	1567	1	-0.21206	0.23845218381599337	-1.0
A549|chr7_116573950-116574450	8	0.15332	0.26654	0.748473	550	4	-0.25629	0.4002	0.78664	1.0	1040	4	-0.25629	0.8048493177109706	-1.0
A549|chr7_131000337-131000837	7	0.15454	0.26368	0.748473	551	3	0.2129	0.19392	0.58375	1.0	701	4	0.2129	0.7317195868966507	-1.0
A549|chr5_59039697-59040197	8	0.1548	0.26897	0.748473	552	4	-0.081061	0.44648	0.8136	1.0	1100	3	-0.081061	0.7836943630386874	-1.0
K562|chr6_16216654-16217154	3	0.15687	0.23249	0.748473	553	1	-0.077131	0.77009	0.83389	1.0	1426	1	-0.077131	0.6759211224219888	-1.0
A549|chr18_77132984-77133484	8	0.15771	0.27178	0.748473	554	2	0.19295	0.08702	0.38959	1.0	421	6	0.19295	0.33144884984206946	-1.0
A549|chr15_57618301-57618801	8	0.15862	0.27178	0.748473	555	3	0.24911	0.21274	0.62338	1.0	737	5	0.24911	0.26598566547951236	-1.0
K562|chr17_79838919-79839419	8	0.15866	0.27178	0.748473	556	4	-0.095773	0.56253	0.8883	1.0	1262	3	-0.095773	0.791119708871273	3.629006066485256
K562|chr22_41834533-41835033	6	0.15878	0.26082	0.748473	557	4	-0.35473	0.47984	0.79768	1.0	1136	2	-0.35473	0.16617585839359855	-1.0
A549|chr16_89358098-89358598	8	0.15921	0.27439	0.748473	558	4	-0.33353	0.06601	0.32306	1.0	338	3	-0.33353	0.5281049307606064	-1.0
A549|chr8_30389651-30390151	8	0.15954	0.27439	0.748473	559	5	-0.33147	0.37067	0.77244	1.0	1004	2	-0.33147	0.7602605258098011	-1.0
A549|chr15_85617368-85617868	8	0.16014	0.27439	0.748473	560	4	-0.072876	0.53059	0.87246	1.0	1214	3	-0.072876	0.7783414474285294	-1.0
A549|chr8_109561592-109562092	8	0.16026	0.27439	0.748473	561	5	-0.5491	0.031772	0.2203	1.0	183	3	-0.5491	0.5457541281237843	-1.0
A549|chr8_30385400-30385900	7	0.1604	0.26762	0.748473	562	1	0.63732	0.015217	0.14552	1.0	100	6	0.63732	0.7914343532594124	-1.0
A549|chr4_7805486-7805986	5	0.16055	0.24679	0.748473	563	2	0.15269	0.30232	0.63961	1.0	912	3	0.15269	0.2242292729705558	-1.0
A549|chr20_54068939-54069439	7	0.16086	0.26762	0.748473	564	4	-0.48845	0.47392	0.83056	1.0	1128	3	-0.48845	0.775338602333822	-1.0
A549|chr17_27353242-27353742	3	0.16142	0.23249	0.748473	565	2	-0.39733	0.080477	0.24077	1.0	396	1	-0.39733	0.7527389568603171	3.6757175447023074
K562|chr7_50305176-50305676	8	0.16163	0.27439	0.748473	566	5	-0.23981	0.55598	0.88067	1.0	1249	3	-0.23981	0.18525922152255703	-1.0
A549|chr3_127792788-127793288	8	0.16187	0.27439	0.748473	567	5	-0.24483	0.51756	0.87067	1.0	1194	2	-0.24483	0.4884539860680742	-1.0
A549|chr8_109588507-109589007	8	0.16191	0.27439	0.748473	568	3	0.23197	0.26674	0.67969	1.0	854	4	0.23197	0.3078026762603123	-1.0
A549|chr2_43173842-43174342	6	0.16223	0.2639	0.748473	569	4	-0.25982	0.86422	0.95556	1.0	1496	1	-0.25982	0.5088158829359993	-1.0
A549|chr10_102764821-102765321	8	0.16293	0.27439	0.748473	570	3	0.23391	0.22509	0.63703	1.0	773	4	0.23391	0.2440337567200632	-1.0
K562|chr2_26788760-26789260	8	0.16393	0.27589	0.748684	571	4	-0.43587	0.91049	0.97798	1.0	1532	2	-0.43587	0.7375682792346372	-1.0
A549|chr1_64910509-64911009	8	0.16446	0.27589	0.748684	572	4	-0.1745	0.30651	0.72805	1.0	917	3	-0.1745	0.759603330454078	-1.0
A549|chr3_57992775-57993275	8	0.16453	0.27589	0.748684	573	4	-0.29951	0.20861	0.6151	1.0	729	3	-0.29951	0.7968744240340919	-1.0
A549|chr15_98903893-98904393	8	0.16497	0.27769	0.748684	574	3	0.076246	0.10466	0.43246	1.0	469	3	0.076246	0.7840574881464616	-1.0
A549|chr12_53006451-53006951	1	0.16561	0.10929	0.599832	575	1	-0.96162	0.83439	0.89071	1.0	1477	0	-0.96162	0.7797706617355544	3.042593866112812
A549|chr8_17803325-17803825	7	0.16571	0.28009	0.752615	576	4	-0.086018	0.3415	0.71578	1.0	956	3	-0.086018	0.5059247030828962	-1.0
K562|chr19_4403093-4403593	8	0.16618	0.27769	0.748684	577	3	-0.020337	0.78281	0.95399	1.0	1437	3	-0.020337	0.6369038318944493	-1.0
K562|chr10_131900405-131900905	4	0.16717	0.21798	0.748473	578	1	0.40876	0.068405	0.24237	1.0	353	3	0.40876	0.7143255429765468	-1.0
A549|chr1_93617589-93618089	8	0.16727	0.2777	0.748684	579	3	0.22561	0.23352	0.65408	1.0	789	5	0.22561	0.7144862874929375	-1.0
K562|chr17_78265308-78265808	7	0.16733	0.28009	0.752615	580	2	0.30061	0.073423	0.33565	1.0	372	5	0.30061	0.8473220876231483	-1.0
A549|chr16_81445302-81445802	8	0.16738	0.2777	0.748684	581	2	0.37252	0.039599	0.24872	1.0	226	6	0.37252	0.353072844283265	10.967703655260529
K562|chr19_4398089-4398589	8	0.16825	0.28683	0.7533	582	4	-0.090003	0.49692	0.85706	1.0	1158	4	-0.090003	0.40384090466777284	-1.0
A549|chr3_71039269-71039769	8	0.16872	0.28683	0.7533	583	4	-0.19952	0.60717	0.90135	1.0	1297	3	-0.19952	0.77610957912936	-1.0
A549|chr10_125161987-125162487	8	0.16881	0.28683	0.7533	584	4	-0.15751	0.13745	0.49728	1.0	557	3	-0.15751	0.5095012979379703	-1.0
A549|chr13_33195256-33195756	5	0.16886	0.26023	0.748473	585	1	0.049252	0.73787	0.89359	1.0	1397	2	0.049252	0.7651637873182676	-1.0
K562|chr14_35286112-35286612	5	0.16924	0.26023	0.748473	586	3	-0.36728	0.96423	0.97955	1.0	1572	0	-0.36728	0.16923688639858342	-1.0
A549|chr11_126373326-126373826	8	0.16945	0.28683	0.7533	587	4	-0.2252	0.77463	0.95302	1.0	1432	3	-0.2252	0.15091359567249685	-1.0
A549|chr13_110361317-110361817	6	0.16983	0.27027	0.748473	588	4	-0.166	0.85573	0.95248	1.0	1492	2	-0.166	0.22974150269321508	-1.0
A549|chr13_110395534-110396034	8	0.1699	0.28683	0.7533	589	4	-0.092688	0.070863	0.33132	1.0	364	3	-0.092688	0.2324755509933984	-1.0
A549|chr8_17790723-17791223	8	0.17035	0.28683	0.7533	590	5	-0.29327	0.52711	0.87068	1.0	1211	3	-0.29327	0.5108127518776338	-1.0
K562|chr19_13116215-13116715	5	0.17078	0.26023	0.748473	591	3	-0.26293	0.75829	0.90173	1.0	1418	2	-0.26293	0.22384101162902725	3.3707739443874694
A549|chr9_113488436-113488936	8	0.17098	0.28684	0.7533	592	3	0.34674	0.12636	0.4928	1.0	524	5	0.34674	0.5746935462232964	-1.0
A549|chr6_11214014-11214514	8	0.17126	0.28684	0.7533	593	4	-0.24583	0.16166	0.532	1.0	631	3	-0.24583	0.394731305070335	-1.0
K562|chr10_100341031-100341531	8	0.17218	0.28684	0.7533	594	3	0.02933	0.045998	0.26529	1.0	262	3	0.02933	0.6825760293266291	-1.0
A549|chr12_52888301-52888801	8	0.17218	0.28684	0.7533	595	3	0.084218	0.54779	0.87489	1.0	1233	4	0.084218	0.7638151137903829	-1.0
A549|chr21_38806902-38807402	8	0.17242	0.28684	0.7533	596	2	0.20393	0.23464	0.65408	1.0	791	4	0.20393	0.407860323448923	-1.0
K562|chr14_68784132-68784632	5	0.17279	0.26023	0.748473	597	3	-0.54973	0.65822	0.85719	1.0	1329	1	-0.54973	0.7657255666430687	-1.0
*WAS	5	0.17304	0.26023	0.748473	598	1	0.49452	0.14262	0.44292	1.0	578	3	0.49452	-1.0	-1.0
A549|chr2_43198107-43198607	8	0.17322	0.29282	0.759131	599	4	-0.0038899	0.11147	0.45204	1.0	493	4	-0.0038899	0.7679893890189305	-1.0
A549|chr15_57611082-57611582	6	0.17353	0.27028	0.748473	600	4	-0.25744	0.6138	0.87875	1.0	1303	2	-0.25744	0.6389633167258858	-1.0
A549|chr2_54631032-54631532	6	0.17363	0.27028	0.748473	601	3	-0.093117	0.42772	0.77554	1.0	1067	3	-0.093117	0.5583057279402499	-1.0
A549|chr11_122202281-122202781	8	0.17464	0.29467	0.759131	602	5	-0.2224	0.13931	0.49978	1.0	563	2	-0.2224	0.6056933184398107	-1.0
A549|chr3_71134069-71134569	8	0.17475	0.29467	0.759131	603	5	-0.53261	0.19465	0.58249	1.0	703	2	-0.53261	0.3416746509431654	-1.0
A549|chr18_58314258-58314758	8	0.17526	0.29467	0.759131	604	2	0.85728	0.0062753	0.063271	1.0	43	6	0.85728	0.7405948571947429	-1.0
A549|chr6_16751509-16752009	8	0.17551	0.29467	0.759131	605	5	-0.24716	0.75241	0.93957	1.0	1413	3	-0.24716	0.5405529040458736	-1.0
A549|chr3_66468553-66469053	8	0.17576	0.29467	0.759131	606	3	0.04121	0.23289	0.65408	1.0	786	4	0.04121	0.7516753446794036	-1.0
K562|chr6_7163476-7163976	8	0.17597	0.29467	0.759131	607	4	-0.16336	0.2488	0.66924	1.0	819	3	-0.16336	0.8076309616672136	-1.0
A549|chr12_75990356-75990856	8	0.17689	0.29467	0.759131	608	5	-0.41307	0.49441	0.85351	1.0	1156	3	-0.41307	0.6743948427197669	-1.0
A549|chr1_234843506-234844006	7	0.17705	0.30561	0.768018	609	4	-0.44028	0.39329	0.77683	1.0	1034	2	-0.44028	0.810142271428977	-1.0
A549|chr11_126390348-126390848	8	0.17752	0.29467	0.759131	610	4	-0.013615	0.34618	0.75728	1.0	965	4	-0.013615	0.47271246940362877	-1.0
K562|chr2_10311734-10312234	8	0.17827	0.29467	0.759131	611	4	-0.24519	0.2047	0.61057	1.0	719	3	-0.24519	0.45429559360245303	-1.0
A549|chr9_21610396-21610896	7	0.17914	0.30562	0.768018	612	4	-0.10225	0.55393	0.86336	1.0	1245	3	-0.10225	0.21378998980950636	-1.0
A549|chr12_106109123-106109623	2	0.17956	0.24953	0.748473	613	2	-1.0772	0.82044	0.86365	1.0	1466	0	-1.0772	0.2743121622284721	-1.0
A549|chr2_54553674-54554174	8	0.17997	0.29801	0.765329	614	4	-0.025022	0.2158	0.62989	1.0	745	4	-0.025022	0.2439766776378104	-1.0
K562|chr6_42025717-42026217	5	0.1802	0.26443	0.748473	615	3	-0.30264	0.345	0.68028	1.0	961	2	-0.30264	0.8101080185139224	-1.0
K562|chr19_13119987-13120487	6	0.18066	0.28264	0.7533	616	3	0.037921	0.5121	0.82149	1.0	1183	3	0.037921	0.2955479791635496	-1.0
A549|chr6_112298401-112298901	8	0.18072	0.29802	0.765329	617	3	0.19318	0.13027	0.4928	1.0	532	4	0.19318	0.5708283552706613	-1.0
K562|chr6_37023432-37023932	8	0.18235	0.302	0.76588	618	4	-0.22634	0.69811	0.92854	1.0	1370	3	-0.22634	0.2054838690708939	-1.0
A549|chr2_28590428-28590928	7	0.18249	0.31184	0.768018	619	3	-0.075747	0.59729	0.88128	1.0	1291	3	-0.075747	0.36046531849955743	-1.0
A549|chr2_28612345-28612845	3	0.18306	0.24048	0.748473	620	1	0.0092273	0.4773	0.68154	1.0	1132	1	0.0092273	0.29360771159065974	-1.0
A549|chr1_67747960-67748460	7	0.18404	0.31184	0.768018	621	4	-0.57915	0.40835	0.78515	1.0	1046	3	-0.57915	0.14892945372032224	-1.0
K562|chr11_336768-337268	8	0.18423	0.302	0.76588	622	3	0.2227	0.29198	0.71486	1.0	898	5	0.2227	0.2956366323910364	-1.0
K562|chr14_102500337-102500837	8	0.18479	0.302	0.76588	623	5	-0.21823	0.85859	0.9697	1.0	1494	2	-0.21823	0.7531145638688109	-1.0
A549|chr3_30620075-30620575	6	0.185	0.28667	0.7533	624	4	-0.27998	0.13636	0.44702	1.0	553	2	-0.27998	0.5998498354997348	-1.0
K562|chr7_50324043-50324543	8	0.18516	0.302	0.76588	625	3	0.057688	0.67045	0.9238	1.0	1346	3	0.057688	0.22501771269337342	-1.0
A549|chr12_76006442-76006942	5	0.18526	0.26859	0.748473	626	3	-0.34237	0.49314	0.79579	1.0	1153	2	-0.34237	0.7577789452810065	-1.0
A549|chr5_59038973-59039473	8	0.18584	0.30201	0.76588	627	3	0.16612	0.1312	0.4928	1.0	533	4	0.16612	0.7121730855669293	-1.0
K562|chr1_47230387-47230887	7	0.18619	0.31184	0.768018	628	3	0.042586	0.60635	0.88402	1.0	1296	3	0.042586	0.7818114935944377	3.5936301645307323
A549|chr13_110365809-110366309	8	0.18679	0.30201	0.76588	629	5	-0.28577	0.50502	0.86316	1.0	1174	3	-0.28577	0.4717021828886313	-1.0
K562|chr17_82517535-82518035	5	0.18711	0.26859	0.748473	630	2	0.031815	0.08704	0.31759	1.0	422	2	0.031815	0.7824256233335171	-1.0
K562|chr3_4982912-4983412	3	0.18724	0.24484	0.748473	631	2	-0.2385	0.65456	0.75467	1.0	1327	1	-0.2385	0.6792319849081023	-1.0
A549|chr1_93584189-93584689	6	0.18798	0.30864	0.768018	632	4	-0.21656	0.79206	0.92733	1.0	1444	1	-0.21656	0.2264177179012194	-1.0
K562|chr17_79828286-79828786	6	0.18932	0.30864	0.768018	633	3	0.022264	0.045448	0.21756	1.0	258	3	0.022264	0.7691003045660316	-1.0
A549|chr9_71743817-71744317	8	0.18938	0.30201	0.76588	634	3	0.17377	0.23705	0.65408	1.0	795	4	0.17377	0.19671196074883307	-1.0
A549|chr6_71393779-71394279	7	0.18997	0.31184	0.768018	635	3	-0.036775	0.74156	0.9324	1.0	1402	2	-0.036775	0.20516960255698727	-1.0
A549|chr8_109575295-109575795	6	0.19003	0.30864	0.768018	636	4	-0.18221	0.98046	0.9908	1.0	1586	0	-0.18221	0.34786047002227916	-1.0
A549|chr1_234538854-234539354	8	0.19008	0.30649	0.768018	637	4	-0.075856	0.24284	0.65663	1.0	806	4	-0.075856	0.270140709321116	-1.0
K562|chr6_17844917-17845417	7	0.19025	0.31184	0.768018	638	2	0.17195	0.3782	0.76031	1.0	1013	4	0.17195	0.4750336152263872	-1.0
A549|chr17_72397083-72397583	6	0.19189	0.30864	0.768018	639	4	-0.26993	0.95477	0.97652	1.0	1566	1	-0.26993	0.8191550217054872	-1.0
A549|chr5_14174924-14175424	6	0.19202	0.30864	0.768018	640	4	-0.33383	0.66595	0.89043	1.0	1340	1	-0.33383	0.21401438866709976	-1.0
A549|chr1_39174631-39175131	8	0.1921	0.30925	0.768018	641	5	-0.22542	0.87151	0.97234	1.0	1504	1	-0.22542	0.7701305508034607	-1.0
A549|chr12_76028955-76029455	7	0.19287	0.31184	0.768018	642	4	-0.67764	0.98862	0.99388	1.0	1594	0	-0.67764	0.18657433953298555	-1.0
K562|chr19_13117577-13118077	8	0.19306	0.33059	0.793359	643	4	-0.071924	0.46288	0.82903	1.0	1120	2	-0.071924	0.7987598818379711	3.1694562385312706
A549|chr6_71420953-71421453	4	0.1933	0.29345	0.759131	644	2	-0.38437	0.94591	0.96994	1.0	1557	0	-0.38437	0.568339406023806	-1.0
A549|chr1_234861719-234862219	8	0.19334	0.33059	0.793359	645	4	-0.41647	0.74507	0.93851	1.0	1406	2	-0.41647	0.27314317953762324	-1.0
K562|chr19_5982867-5983367	8	0.19406	0.33059	0.793359	646	4	-0.032851	0.14461	0.50918	1.0	584	3	-0.032851	0.8438360953349282	-1.0
K562|chr19_15317578-15318078	8	0.19427	0.33059	0.793359	647	3	0.0096895	0.17098	0.5375	1.0	651	2	0.0096895	0.747348870767623	-1.0
A549|chr1_8356287-8356787	8	0.19442	0.33059	0.793359	648	5	-0.24238	0.52793	0.87068	1.0	1213	3	-0.24238	0.22984153398860685	-1.0
K562|chr15_92807981-92808481	6	0.19445	0.30865	0.768018	649	3	-0.054612	0.4422	0.77891	1.0	1092	3	-0.054612	0.23684879302197998	-1.0
A549|chr4_168662216-168662716	7	0.19488	0.31435	0.773005	650	3	0.117	0.16016	0.53309	1.0	626	3	0.117	0.55640552743409	-1.0
A549|chr11_122208267-122208767	8	0.19587	0.3306	0.793359	651	5	-0.27009	0.57909	0.89542	1.0	1273	2	-0.27009	0.7200673946057858	-1.0
A549|chr9_71763921-71764421	8	0.19602	0.3306	0.793359	652	5	-0.41392	0.75257	0.93957	1.0	1414	3	-0.41392	0.25845189530860735	-1.0
A549|chr21_39005450-39005950	6	0.19687	0.30865	0.768018	653	2	0.0021677	0.55772	0.84652	1.0	1253	1	0.0021677	0.6876602464006589	-1.0
A549|chr15_96341609-96342109	8	0.19815	0.3306	0.793359	654	3	0.057912	0.29069	0.71486	1.0	892	4	0.057912	0.4173129765358542	-1.0
K562|chr19_13151922-13152422	3	0.19938	0.26049	0.748473	655	2	-0.13088	0.81824	0.84779	1.0	1461	1	-0.13088	0.832350610335713	4.772679017451155
A549|chr2_20532476-20532976	8	0.19946	0.3401	0.80061	656	3	0.15093	0.22246	0.63242	1.0	762	5	0.15093	0.5141433799491527	-1.0
K562|chr19_13162968-13163468	8	0.19989	0.34346	0.804388	657	2	0.28407	0.093899	0.40787	1.0	443	5	0.28407	0.8811001348799856	3.3144105150147203
#chr19_55115715_55115737_55115716	1	0.20056	0.14122	0.653	658	1	-0.67831	0.79944	0.85878	1.0	1452	0	-0.67831	-1.0	-1.0
K562|chr18_3623241-3623741	4	0.20094	0.30141	0.76588	659	2	-0.20884	0.35191	0.63978	1.0	977	2	-0.20884	0.246173207351789	-1.0
A549|chr1_8363935-8364435	6	0.20189	0.31607	0.776059	660	4	-0.24583	0.17318	0.51586	1.0	655	2	-0.24583	0.23115805439151435	-1.0
A549|chr7_130898551-130899051	6	0.20315	0.31923	0.780307	661	2	0.38411	0.066356	0.30013	1.0	339	3	0.38411	0.2550227557054312	-1.0
A549|chr3_66441048-66441548	6	0.2045	0.31923	0.780307	662	4	-0.16807	0.55422	0.84652	1.0	1247	2	-0.16807	0.787352964438884	-1.0
A549|chr12_76030118-76030618	8	0.205	0.34346	0.804388	663	4	-0.082445	0.17038	0.5375	1.0	650	4	-0.082445	0.49607486187952693	-1.0
A549|chr12_3225728-3226228	8	0.20609	0.35127	0.805246	664	5	-0.21237	0.67833	0.92484	1.0	1351	2	-0.21237	0.7631898965167333	-1.0
A549|chr6_11217814-11218314	8	0.20624	0.35127	0.805246	665	5	-0.2228	0.66134	0.91967	1.0	1334	3	-0.2228	0.5084188127481652	-1.0
A549|chr14_68521314-68521814	8	0.20665	0.35127	0.805246	666	4	-0.093235	0.10489	0.43246	1.0	472	4	-0.093235	0.22433006321733134	-1.0
A549|chr20_5662691-5663191	8	0.20683	0.35127	0.805246	667	2	0.27666	0.087608	0.3896	1.0	423	4	0.27666	0.28551021465719967	-1.0
A549|chr6_11205726-11206226	8	0.20861	0.35127	0.805246	668	5	-0.2654	0.18202	0.56632	1.0	674	2	-0.2654	0.781747327879753	-1.0
A549|chr18_77071525-77072025	8	0.20878	0.35127	0.805246	669	2	0.51444	0.04889	0.26719	1.0	271	6	0.51444	0.5141931873336291	-1.0
A549|chr3_58013296-58013796	8	0.2088	0.35127	0.805246	670	5	-0.17316	0.039201	0.24872	1.0	221	3	-0.17316	0.768018660893916	-1.0
A549|chr7_27111887-27112387	8	0.20896	0.35127	0.805246	671	4	-0.25663	0.0017637	0.026229	1.0	16	3	-0.25663	0.7780167963962843	-1.0
A549|chr13_33283465-33283965	8	0.20905	0.35127	0.805246	672	4	0.22002	0.067805	0.32914	1.0	349	4	0.22002	0.811152205739306	-1.0
A549|chr5_59007414-59007914	8	0.2097	0.35127	0.805246	673	5	-0.34215	0.5883	0.89969	1.0	1282	2	-0.34215	0.6898219476068937	-1.0
A549|chr22_45768424-45768924	8	0.21077	0.35127	0.805246	674	4	0.023264	0.18074	0.5606	1.0	671	4	0.023264	0.838599836565997	-1.0
K562|chr3_196051055-196051555	6	0.21216	0.31924	0.780307	675	4	-0.19661	0.95339	0.97652	1.0	1564	1	-0.19661	0.2864684820511289	-1.0
A549|chr21_38810907-38811407	8	0.21244	0.35477	0.805251	676	5	-0.2312	0.1262	0.4928	1.0	522	3	-0.2312	0.2913137982645248	-1.0
K562|chrX_107742824-107743324	8	0.21258	0.35477	0.805251	677	2	0.1696	0.2488	0.66924	1.0	818	5	0.1696	-1.0	-1.0
A549|chr15_96319993-96320493	8	0.21362	0.35477	0.805251	678	2	0.34273	0.13185	0.4928	1.0	536	5	0.34273	0.7480237436887313	-1.0
K562|chr1_28898437-28898937	6	0.21433	0.32302	0.787196	679	2	0.6817	0.090088	0.36636	1.0	432	4	0.6817	0.19704584983809176	-1.0
A549|chr21_39097413-39097913	8	0.21443	0.35651	0.805251	680	2	0.34101	0.070279	0.33132	1.0	361	4	0.34101	0.47364859829639533	-1.0
A549|chr12_3195798-3196298	8	0.21524	0.35652	0.805251	681	3	0.25947	0.18129	0.56632	1.0	673	5	0.25947	0.5789348187717406	-1.0
K562|chr21_37368101-37368601	8	0.21544	0.35652	0.805251	682	2	0.21249	0.24963	0.66924	1.0	821	4	0.21249	0.38884256214357715	-1.0
K562|chr19_41868502-41869002	6	0.21563	0.32303	0.787196	683	3	-0.16945	0.57634	0.84976	1.0	1271	3	-0.16945	0.5361686093498192	-1.0
A549|chr3_66410585-66411085	8	0.21601	0.36003	0.809324	684	4	0.15032	0.028715	0.21684	1.0	167	4	0.15032	0.2481005346670468	-1.0
A549|chr1_8017494-8017994	7	0.21685	0.34843	0.805246	685	4	-0.31122	0.61219	0.88621	1.0	1301	2	-0.31122	0.5271234485384542	-1.0
*SLC9A5	5	0.21727	0.28846	0.756322	686	2	0.058086	0.43354	0.74908	1.0	1082	2	0.058086	-1.0	-1.0
K562|chr5_139711815-139712315	6	0.21735	0.33093	0.793359	687	1	0.4199	0.10831	0.38481	1.0	482	4	0.4199	0.6619723302841122	-1.0
A549|chr2_237708515-237709015	8	0.21829	0.36212	0.809542	688	3	-0.04428	0.46758	0.83258	1.0	1123	3	-0.04428	0.8223803092697828	-1.0
K562|chr16_85319107-85319607	8	0.21875	0.36983	0.815865	689	4	-0.075981	0.23297	0.65408	1.0	787	3	-0.075981	0.6200602794854257	-1.0
A549|chr4_168811704-168812204	8	0.21886	0.36983	0.815865	690	2	0.026364	0.80177	0.95697	1.0	1454	3	0.026364	0.724210394521383	-1.0
K562|chr15_92817839-92818339	8	0.21989	0.36984	0.815865	691	4	-0.20659	0.19312	0.58249	1.0	699	3	-0.20659	0.555545050188626	-1.0
A549|chr10_33212292-33212792	7	0.22126	0.34844	0.805246	692	4	-0.2456	0.36195	0.7214	1.0	990	3	-0.2456	0.24686078268228018	-1.0
#chr3_9376762_9376784_9376783	1	0.22156	0.18022	0.702429	693	1	-0.69499	0.77844	0.81978	1.0	1434	0	-0.69499	-1.0	-1.0
K562|chr1_8876716-8877216	6	0.22166	0.33578	0.799331	694	3	0.19171	0.15771	0.50057	1.0	622	3	0.19171	0.5443528463377083	-1.0
A549|chr6_71419743-71420243	8	0.2217	0.37489	0.815865	695	2	0.58031	0.0062088	0.063271	1.0	42	6	0.58031	0.7938094710131852	-1.0
K562|chr12_56683191-56683691	8	0.22173	0.37489	0.815865	696	4	0.13491	0.040442	0.24873	1.0	228	4	0.13491	0.7756071786248504	-1.0
K562|chr11_32434373-32434873	5	0.22181	0.30468	0.768018	697	2	0.24813	0.22076	0.53821	1.0	758	3	0.24813	0.5864255301435942	4.66038957837444
A549|chr7_55019947-55020447	8	0.22227	0.3749	0.815865	698	2	0.32525	0.040576	0.24873	1.0	230	6	0.32525	0.6752534204369822	-1.0
K562|chr10_11894539-11895039	5	0.22265	0.30468	0.768018	699	3	-0.15571	0.33663	0.67634	1.0	947	2	-0.15571	0.7586040385172238	3.124927155576529
A549|chr15_59370301-59370801	6	0.22392	0.33578	0.799331	700	4	-0.22061	0.85015	0.95247	1.0	1487	2	-0.22061	0.5367735989777679	-1.0
A549|chr13_112760078-112760578	7	0.22418	0.34844	0.805246	701	2	1.1954	0.00062515	0.0093245	1.0	6	5	1.1954	0.3552591524818084	-1.0
A549|chr11_20042705-20043205	6	0.22556	0.34036	0.80061	702	2	0.23824	0.050023	0.23514	1.0	276	4	0.23824	0.7626174638053194	-1.0
A549|chr5_132408906-132409406	8	0.2257	0.38572	0.815865	703	4	-0.093355	0.20856	0.6151	1.0	728	3	-0.093355	0.75179661961959	-1.0
A549|chr2_160387285-160387785	8	0.2259	0.38572	0.815865	704	4	-0.10089	0.1269	0.4928	1.0	526	4	-0.10089	0.4169043503535803	-1.0
A549|chr14_68667305-68667805	8	0.22608	0.38572	0.815865	705	2	0.34458	0.17827	0.55555	1.0	666	4	0.34458	0.7125812406177358	-1.0
*TMOD2	5	0.22656	0.32789	0.793359	706	2	0.027776	0.6577	0.85719	1.0	1328	2	0.027776	-1.0	-1.0
K562|chr11_67282602-67283102	5	0.22692	0.32789	0.793359	707	2	0.60865	0.062018	0.26566	1.0	321	3	0.60865	0.17502588449032258	-1.0
A549|chr13_112755867-112756367	8	0.22716	0.38572	0.815865	708	3	0.061019	0.43992	0.80851	1.0	1091	4	0.061019	0.23251773429063893	-1.0
A549|chr7_47577265-47577765	8	0.22735	0.38572	0.815865	709	3	-0.0011694	0.42982	0.80067	1.0	1074	3	-0.0011694	0.33578048741913613	-1.0
K562|chr19_13117951-13118451	1	0.22739	0.18023	0.702429	710	1	-0.33108	0.77261	0.81977	1.0	1431	0	-0.33108	0.5598821235596313	3.1694562385312706
A549|chr8_132981547-132982047	7	0.22817	0.35432	0.805251	711	4	-0.18507	0.66125	0.90135	1.0	1333	3	-0.18507	0.1817130549477961	-1.0
A549|chr11_48101004-48101504	7	0.2285	0.35432	0.805251	712	3	0.096827	0.033187	0.21024	1.0	190	4	0.096827	0.23295918789887468	-1.0
A549|chr11_128513082-128513582	8	0.22859	0.38572	0.815865	713	5	-0.10839	0.18761	0.577	1.0	686	3	-0.10839	0.23173912868638324	-1.0
K562|chr3_196057666-196058166	8	0.22893	0.38572	0.815865	714	3	-0.058334	0.39453	0.78664	1.0	1036	3	-0.058334	0.7606861644248016	-1.0
A549|chr2_28588336-28588836	6	0.22909	0.34036	0.80061	715	3	-0.021741	0.2677	0.63533	1.0	857	3	-0.021741	0.5094355996548322	-1.0
A549|chr11_122158496-122158996	8	0.22923	0.38572	0.815865	716	5	-0.20859	0.091108	0.40471	1.0	435	2	-0.20859	0.27900333644378095	-1.0
K562|chr16_85319949-85320449	7	0.22957	0.35432	0.805251	717	3	0.21041	0.35328	0.7189	1.0	980	3	0.21041	0.3478251615480763	-1.0
A549|chr4_87105407-87105907	8	0.23071	0.38572	0.815865	718	4	-0.065733	0.27456	0.68335	1.0	872	3	-0.065733	0.5114460072876724	-1.0
K562|chr17_82517235-82517735	8	0.23129	0.38572	0.815865	719	3	-0.065552	0.22716	0.64496	1.0	777	3	-0.065552	0.7711029618903656	-1.0
A549|chr2_28614028-28614528	7	0.23155	0.35778	0.806498	720	3	0.14259	0.35078	0.7189	1.0	974	4	0.14259	0.792365877559644	-1.0
A549|chr21_38989063-38989563	5	0.23158	0.33588	0.799331	721	2	0.036519	0.017309	0.11716	1.0	115	2	0.036519	0.7697035437324641	-1.0
A549|chr4_57046406-57046906	8	0.23241	0.38573	0.815865	722	2	0.30799	0.034695	0.22369	1.0	198	5	0.30799	0.8202563703639333	-1.0
A549|chr9_71719553-71720053	8	0.2327	0.38573	0.815865	723	4	-0.22007	0.93795	0.98452	1.0	1553	2	-0.22007	0.24697872943341428	-1.0
K562|chr12_47814747-47815247	8	0.23289	0.38573	0.815865	724	2	0.80101	0.04705	0.26529	1.0	266	6	0.80101	0.7579534376520443	-1.0
A549|chr2_42905664-42906164	8	0.23304	0.38573	0.815865	725	4	-0.10284	0.42819	0.80067	1.0	1068	3	-0.10284	0.22388919764590237	-1.0
K562|chr1_21761404-21761904	6	0.23404	0.34036	0.80061	726	1	0.96885	0.0176	0.1353	1.0	118	5	0.96885	0.20211865262074316	-1.0
A549|chr6_112222376-112222876	8	0.23453	0.38573	0.815865	727	3	0.36782	0.090395	0.4047	1.0	433	5	0.36782	0.8490706478138941	-1.0
A549|chr1_39165491-39165991	8	0.23461	0.38573	0.815865	728	3	-0.017008	0.31171	0.73484	1.0	924	3	-0.017008	0.21276168171943588	-1.0
A549|chr16_89367421-89367921	8	0.23464	0.38573	0.815865	729	4	0.14559	0.15418	0.52823	1.0	610	4	0.14559	0.7887835792068284	-1.0
K562|chr22_46661394-46661894	5	0.23479	0.33589	0.799331	730	2	0.11437	0.34995	0.6834	1.0	973	3	0.11437	0.2210043990583754	-1.0
A549|chr2_43132683-43133183	8	0.2353	0.38573	0.815865	731	4	-0.00023637	0.29505	0.71487	1.0	900	4	-0.00023637	0.7552267300819157	-1.0
A549|chrX_107736602-107737102	6	0.23616	0.34036	0.80061	732	2	0.49507	0.016961	0.13363	1.0	109	4	0.49507	-1.0	-1.0
A549|chr4_7968455-7968955	8	0.23688	0.38573	0.815865	733	3	0.21143	0.13534	0.49727	1.0	549	4	0.21143	0.45525305168738883	-1.0
A549|chr3_45642385-45642885	8	0.23757	0.38573	0.815865	734	4	-0.10145	0.26538	0.67969	1.0	851	4	-0.10145	0.2964958743441044	-1.0
A549|chr1_93603543-93604043	8	0.23809	0.38573	0.815865	735	3	-0.044477	0.23799	0.65663	1.0	799	3	-0.044477	0.5219877118303868	-1.0
A549|chr8_132978373-132978873	8	0.23855	0.38573	0.815865	736	3	0.18771	0.0077782	0.071427	1.0	55	4	0.18771	0.33322504864964303	-1.0
#chr19_55115007_55115029_55115008	1	0.23877	0.19978	0.730276	737	1	-0.35018	0.76123	0.80022	1.0	1422	0	-0.35018	-1.0	-1.0
*GPR98	5	0.2409	0.33965	0.80061	738	3	-0.30124	0.24471	0.56654	1.0	814	2	-0.30124	-1.0	-1.0
A549|chr17_27353670-27354170	8	0.24165	0.39149	0.815865	739	3	0.053053	0.43244	0.80566	1.0	1081	4	0.053053	0.23050741410979514	3.6757175447023074
K562|chr1_234972661-234973161	8	0.24218	0.40942	0.815865	740	3	0.090836	0.017167	0.17282	1.0	113	4	0.090836	0.7170581543820942	-1.0
K562|chr1_26055824-26056324	7	0.24286	0.37098	0.815865	741	2	0.20466	0.14215	0.4767	1.0	574	5	0.20466	0.8132765862828278	-1.0
K562|chr5_10354103-10354603	4	0.24497	0.34599	0.805246	742	2	0.16352	0.35245	0.63978	1.0	978	2	0.16352	0.7141865649225999	3.238666153484297
K562|chr6_42041087-42041587	8	0.2452	0.40942	0.815865	743	3	0.14065	0.19597	0.58249	1.0	708	4	0.14065	0.8129407286482585	-1.0
A549|chr9_113580887-113581387	8	0.24522	0.40942	0.815865	744	3	0.50917	0.043558	0.25699	1.0	243	5	0.50917	0.6024906348991927	-1.0
A549|chr17_27363954-27364454	6	0.24565	0.34037	0.80061	745	2	0.31885	0.14271	0.46348	1.0	579	4	0.31885	0.3958376838537753	-1.0
A549|chr10_95291448-95291948	8	0.2463	0.40942	0.815865	746	2	1.1835	0.0010467	0.014705	1.0	8	6	1.1835	0.6833968314368697	-1.0
A549|chr9_38070312-38070812	8	0.24672	0.40942	0.815865	747	4	-0.22926	0.70804	0.93053	1.0	1377	3	-0.22926	0.7556853340021782	-1.0
K562|chr1_8876990-8877490	1	0.24715	0.20619	0.748473	748	1	-0.85464	0.75285	0.79381	1.0	1415	0	-0.85464	0.8283548390496842	-1.0
*CREBZF	5	0.24731	0.35837	0.806711	749	2	0.28818	0.205	0.52514	1.0	721	3	0.28818	-1.0	-1.0
K562|chr7_50303208-50303708	6	0.24792	0.34037	0.80061	750	3	-0.17959	0.21476	0.56573	1.0	743	2	-0.17959	0.6207327634275245	-1.0
K562|chr17_79843163-79843663	6	0.24839	0.35673	0.805251	751	2	0.26098	0.13158	0.43079	1.0	534	4	0.26098	0.7633497928988456	-1.0
K562|chr19_45885427-45885927	8	0.2485	0.40942	0.815865	752	3	0.17851	0.030385	0.2182	1.0	176	4	0.17851	0.4334729489184947	4.263149518836673
A549|chr15_98893364-98893864	7	0.24964	0.37098	0.815865	753	1	0.061778	0.61506	0.88621	1.0	1304	3	0.061778	0.21717692044521125	-1.0
A549|chr9_21557071-21557571	6	0.24987	0.35673	0.805251	754	3	-0.13053	0.20638	0.55595	1.0	725	3	-0.13053	0.28008867089552847	-1.0
A549|chr2_42948142-42948642	8	0.25018	0.40942	0.815865	755	3	0.20183	0.12948	0.4928	1.0	530	5	0.20183	0.45011611843388843	-1.0
K562|chr1_47230885-47231385	3	0.25065	0.33292	0.796949	756	2	-0.30389	0.71019	0.79651	1.0	1379	1	-0.30389	0.7481449428818587	3.5936301645307323
A549|chr17_27558291-27558791	8	0.2518	0.40942	0.815865	757	2	0.42375	0.045519	0.26529	1.0	259	5	0.42375	0.2629572719960614	-1.0
K562|chr8_38118909-38119409	8	0.25239	0.40942	0.815865	758	4	-0.23389	0.36223	0.77014	1.0	992	3	-0.23389	0.2100195870018661	-1.0
A549|chr20_19880997-19881497	8	0.25298	0.40942	0.815865	759	4	-0.42785	0.48006	0.84773	1.0	1137	2	-0.42785	0.21028825672262919	-1.0
#chr3_9376891_9376913_9376912	1	0.25307	0.21299	0.748473	760	1	-0.64967	0.74693	0.78701	1.0	1407	0	-0.64967	-1.0	-1.0
K562|chr11_12121451-12121951	8	0.25316	0.40942	0.815865	761	4	-0.15354	0.20986	0.6151	1.0	733	4	-0.15354	0.6748258433894487	-1.0
K562|chr1_21755048-21755548	7	0.2535	0.37098	0.815865	762	3	0.089475	0.46232	0.82464	1.0	1119	3	0.089475	0.541731890705383	-1.0
A549|chr20_54102544-54103044	8	0.25398	0.40942	0.815865	763	4	0.042485	0.33584	0.75211	1.0	946	4	0.042485	0.669113328445762	-1.0
K562|chr10_21533579-21534079	5	0.25419	0.36198	0.809542	764	3	-0.14794	0.67002	0.86262	1.0	1344	1	-0.14794	0.727851665444383	4.627603567576888
A549|chr12_3200938-3201438	8	0.2544	0.40942	0.815865	765	3	0.38294	0.041652	0.2545	1.0	234	5	0.38294	0.5451029576425916	-1.0
A549|chr3_71062925-71063425	8	0.25495	0.40942	0.815865	766	4	-0.13661	0.47365	0.84322	1.0	1127	2	-0.13661	0.22358566355004644	-1.0
A549|chr10_3781797-3782297	8	0.25508	0.40942	0.815865	767	4	-0.077542	0.42985	0.80067	1.0	1075	3	-0.077542	0.8782110169809965	-1.0
A549|chr9_113555464-113555964	6	0.2554	0.36367	0.811888	768	3	0.13277	0.20912	0.55596	1.0	731	3	0.13277	0.2517609978322824	-1.0
A549|chr20_50406733-50407233	8	0.25544	0.40942	0.815865	769	4	-0.0067953	0.19698	0.58576	1.0	710	4	-0.0067953	0.7998496229174602	-1.0
K562|chr12_56685176-56685676	8	0.25562	0.40942	0.815865	770	4	-0.3243	0.14548	0.51227	1.0	586	3	-0.3243	0.632330632377159	-1.0
K562|chr1_26056461-26056961	8	0.25565	0.40942	0.815865	771	3	0.46944	0.077594	0.36223	1.0	389	5	0.46944	0.7516218258980629	-1.0
A549|chr11_48052555-48053055	8	0.25693	0.40942	0.815865	772	4	-0.17408	0.5008	0.85899	1.0	1169	2	-0.17408	0.18197082521285501	-1.0
A549|chr3_127736756-127737256	8	0.25834	0.40943	0.815865	773	3	0.092774	0.44779	0.8136	1.0	1102	4	0.092774	0.8191463898628405	-1.0
A549|chr7_131194029-131194529	8	0.25943	0.40943	0.815865	774	3	0.26438	0.16135	0.532	1.0	629	5	0.26438	0.8029243150339951	-1.0
K562|chr22_46603583-46604083	8	0.25962	0.40943	0.815865	775	4	-0.13144	0.25625	0.67286	1.0	832	3	-0.13144	0.8383691875868066	4.656315751168226
A549|chr10_3823844-3824344	8	0.2604	0.40943	0.815865	776	3	0.19108	0.15283	0.52487	1.0	607	5	0.19108	0.6843202919663015	-1.0
K562|chr5_10352966-10353466	8	0.26051	0.40943	0.815865	777	2	0.068492	0.34107	0.75727	1.0	954	4	0.068492	0.7757063918550291	3.238666153484297
A549|chr6_16722677-16723177	8	0.2613	0.40943	0.815865	778	4	-0.038342	0.18554	0.56632	1.0	683	4	-0.038342	0.22764489651681924	-1.0
K562|chr22_46661104-46661604	8	0.26146	0.40943	0.815865	779	4	-0.088655	0.3637	0.77244	1.0	996	4	-0.088655	0.586620797872465	-1.0
A549|chr2_20541235-20541735	7	0.26232	0.37464	0.815865	780	4	-0.20322	0.34624	0.7189	1.0	966	2	-0.20322	0.7644186631118091	-1.0
A549|chr5_59585423-59585923	8	0.26346	0.40943	0.815865	781	4	-0.21635	0.76145	0.94468	1.0	1423	2	-0.21635	0.2507522224625838	-1.0
A549|chr13_33260731-33261231	5	0.26425	0.36198	0.809542	782	1	0.2075	0.3088	0.64986	1.0	920	3	0.2075	0.718369025108557	-1.0
A549|chr3_66500066-66500566	5	0.26563	0.36198	0.809542	783	3	-0.085928	0.36705	0.69674	1.0	998	2	-0.085928	0.7530710152856913	-1.0
K562|chr10_21534674-21535174	6	0.26612	0.40678	0.815865	784	2	0.15588	0.40184	0.75594	1.0	1041	3	0.15588	0.5965726109933673	4.627603567576888
K562|chr15_92820983-92821483	8	0.26636	0.40943	0.815865	785	3	0.25524	0.14301	0.49979	1.0	580	5	0.25524	0.8117300716667138	-1.0
K562|chr11_354525-355025	8	0.26753	0.40943	0.815865	786	2	0.34401	0.011469	0.095841	1.0	76	6	0.34401	0.7536041300211771	-1.0
A549|chr15_63486699-63487199	5	0.26759	0.36596	0.815859	787	3	-0.30289	0.053744	0.24087	1.0	290	2	-0.30289	0.2032519264412022	-1.0
A549|chr10_33229858-33230358	8	0.26986	0.40943	0.815865	788	4	-0.070878	0.48442	0.84774	1.0	1143	4	-0.070878	0.1728845330932543	-1.0
A549|chr2_28612067-28612567	6	0.2702	0.40679	0.815865	789	3	-0.016914	0.48496	0.80009	1.0	1144	3	-0.016914	0.24671634646633234	-1.0
K562|chr1_21794970-21795470	8	0.2717	0.40943	0.815865	790	4	-0.0025987	0.51553	0.87067	1.0	1192	4	-0.0025987	0.7702442794725168	-1.0
A549|chr3_30620390-30620890	8	0.27178	0.40943	0.815865	791	4	-0.20782	0.78569	0.95399	1.0	1438	2	-0.20782	0.46532368872247964	-1.0
A549|chr7_55077727-55078227	5	0.27284	0.37045	0.815865	792	2	0.17853	0.27602	0.6095	1.0	873	3	0.17853	0.7978272631662947	-1.0
A549|chr12_3200621-3201121	3	0.27344	0.34267	0.804388	793	1	0.33121	0.25791	0.4979	1.0	835	2	0.33121	0.5104447652062848	-1.0
A549|chr20_5669988-5670488	6	0.27391	0.41099	0.815865	794	3	0.06161	0.1925	0.5349	1.0	696	3	0.06161	0.7506984818455608	-1.0
A549|chr9_113570061-113570561	8	0.27398	0.41252	0.815865	795	4	-0.076646	0.55738	0.88067	1.0	1252	4	-0.076646	0.48907814881040557	-1.0
A549|chr1_234845790-234846290	7	0.2749	0.37894	0.815865	796	3	-0.05585	0.36844	0.73157	1.0	1000	3	-0.05585	0.22429521062372176	-1.0
A549|chr12_104304069-104304569	8	0.27609	0.41894	0.815865	797	3	0.10593	0.48137	0.84773	1.0	1139	4	0.10593	0.7568481712782029	-1.0
A549|chr7_55057042-55057542	8	0.27742	0.42233	0.815865	798	4	-0.14647	0.014116	0.14277	1.0	90	4	-0.14647	0.16617075763796058	-1.0
A549|chr11_20036071-20036571	8	0.27761	0.42233	0.815865	799	4	-0.004768	0.25921	0.67968	1.0	838	4	-0.004768	0.20986267099796296	-1.0
K562|chr2_38748838-38749338	8	0.27846	0.42233	0.815865	800	4	0.02555	0.20822	0.6151	1.0	727	4	0.02555	0.79951307976218	-1.0
A549|chr15_89119750-89120250	8	0.27957	0.42233	0.815865	801	4	0.11692	0.37094	0.77244	1.0	1005	4	0.11692	0.6255687379560186	-1.0
K562|chr19_45878997-45879497	5	0.27964	0.39097	0.815865	802	3	-0.21421	0.72548	0.8825	1.0	1390	2	-0.21421	0.6080450795402704	-1.0
A549|chr15_89162779-89163279	5	0.27993	0.39097	0.815865	803	3	-0.19366	0.69126	0.87383	1.0	1361	1	-0.19366	0.23876462663368647	-1.0
*PKIB	5	0.27999	0.39097	0.815865	804	1	0.76534	0.047545	0.20935	1.0	268	4	0.76534	-1.0	-1.0
K562|chr11_32436913-32437413	8	0.28096	0.42233	0.815865	805	4	-0.12202	0.16256	0.532	1.0	634	3	-0.12202	0.1952096356105233	-1.0
A549|chr1_234933373-234933873	8	0.28153	0.42234	0.815865	806	4	-0.1997	0.44979	0.8136	1.0	1107	3	-0.1997	0.23998843404086076	-1.0
K562|chr17_82520830-82521330	5	0.28316	0.39097	0.815865	807	3	-0.27355	0.36286	0.68994	1.0	994	2	-0.27355	0.7160583766901099	-1.0
A549|chr1_234851031-234851531	8	0.28348	0.42234	0.815865	808	3	0.26674	0.075291	0.34032	1.0	381	4	0.26674	0.6850059104312904	-1.0
A549|chr7_47571216-47571716	8	0.28403	0.42234	0.815865	809	3	0.092382	0.34557	0.75728	1.0	963	4	0.092382	0.2511653191999884	-1.0
A549|chr5_14197007-14197507	5	0.28473	0.39098	0.815865	810	3	-0.25207	0.87585	0.93777	1.0	1509	1	-0.25207	0.7607423908841632	-1.0
A549|chr11_122157766-122158266	4	0.28526	0.41098	0.815865	811	2	-0.36953	0.49783	0.7477	1.0	1161	2	-0.36953	0.6434956164222804	-1.0
K562|chr8_38145816-38146316	8	0.28595	0.42502	0.815865	812	4	-0.014578	0.6286	0.90765	1.0	1313	3	-0.014578	0.7902840160127292	-1.0
A549|chr1_64967401-64967901	8	0.28655	0.42502	0.815865	813	3	0.70023	0.0076253	0.067254	1.0	54	5	0.70023	0.3936519860072756	-1.0
K562|chr17_78313582-78314082	5	0.28881	0.39098	0.815865	814	2	0.037233	0.41136	0.73559	1.0	1049	2	0.037233	0.8299696440251236	3.447562982535936
A549|chr3_45564144-45564644	6	0.2889	0.43395	0.815865	815	3	-0.028212	0.33676	0.69451	1.0	948	2	-0.028212	0.1784786051999015	-1.0
A549|chr7_131165420-131165920	7	0.28955	0.41179	0.815865	816	2	0.0045197	0.12191	0.42589	1.0	512	3	0.0045197	0.7473214965185857	-1.0
A549|chr4_7818284-7818784	8	0.28961	0.43203	0.815865	817	3	0.27274	0.20579	0.61058	1.0	723	5	0.27274	0.24250368462596916	-1.0
K562|chr16_87869828-87870328	5	0.29039	0.39552	0.815865	818	3	-0.22828	0.88737	0.94331	1.0	1515	1	-0.22828	0.7602512705669761	-1.0
*GAS2L2	5	0.29053	0.39552	0.815865	819	3	-0.19182	0.84794	0.93426	1.0	1486	1	-0.19182	-1.0	-1.0
A549|chr12_3185610-3186110	7	0.29205	0.4118	0.815865	820	3	0.055572	0.079068	0.35388	1.0	391	3	0.055572	0.5178899498544268	-1.0
A549|chr8_133016471-133016971	8	0.29241	0.43203	0.815865	821	4	0.25417	0.045024	0.26347	1.0	252	4	0.25417	0.2809920192389615	-1.0
K562|chr1_21780648-21781148	7	0.29342	0.4118	0.815865	822	3	-0.047449	0.61757	0.88621	1.0	1306	3	-0.047449	0.8390900091016209	-1.0
A549|chr21_38812828-38813328	8	0.29381	0.43203	0.815865	823	3	0.104	0.1085	0.44167	1.0	483	4	0.104	0.4112290481953563	-1.0
A549|chr9_113485273-113485773	8	0.29562	0.43203	0.815865	824	4	-0.095798	0.47868	0.84773	1.0	1135	4	-0.095798	0.7407721350039971	-1.0
A549|chr8_133003540-133004040	6	0.29622	0.43396	0.815865	825	2	0.082611	0.55626	0.84652	1.0	1251	3	0.082611	0.20397179686850014	-1.0
K562|chr10_73996735-73997235	8	0.29632	0.43203	0.815865	826	4	-0.17296	0.05073	0.2672	1.0	278	2	-0.17296	0.7509830300072512	-1.0
A549|chr1_64906440-64906940	7	0.29702	0.43271	0.815865	827	4	-0.52386	0.7299	0.93112	1.0	1394	1	-0.52386	0.30560674243885866	-1.0
A549|chr10_33319701-33320201	7	0.29771	0.43271	0.815865	828	4	-0.24632	0.17304	0.55126	1.0	654	3	-0.24632	0.7900206257251355	-1.0
A549|chr17_72460076-72460576	7	0.298	0.43271	0.815865	829	4	-0.087917	0.10463	0.41088	1.0	468	2	-0.087917	0.708351377049736	-1.0
A549|chr9_21558589-21559089	8	0.30021	0.43204	0.815865	830	2	0.20841	0.17368	0.54358	1.0	658	5	0.20841	0.13341729022639567	-1.0
K562|chr16_87857084-87857584	8	0.30024	0.43204	0.815865	831	4	-0.030106	0.28456	0.70483	1.0	882	4	-0.030106	0.2349497305598494	-1.0
A549|chr12_3200351-3200851	3	0.30028	0.37608	0.815865	832	1	0.11535	0.42886	0.65661	1.0	1072	2	0.11535	0.7622389782145561	-1.0
#chr3_9376205_9376227_9376206	1	0.30037	0.25187	0.748473	833	1	-0.85252	0.69963	0.74813	1.0	1372	0	-0.85252	-1.0	-1.0
K562|chr17_78260142-78260642	8	0.30151	0.43204	0.815865	834	3	-0.048931	0.62292	0.90764	1.0	1310	3	-0.048931	0.33135139137286496	-1.0
A549|chr5_59588888-59589388	8	0.30208	0.43204	0.815865	835	4	0.023419	0.18525	0.56632	1.0	682	4	0.023419	0.24283598136469975	-1.0
A549|chr1_39173161-39173661	8	0.30228	0.43204	0.815865	836	4	-0.18133	0.13918	0.49978	1.0	562	3	-0.18133	0.19587312494643477	-1.0
A549|chr20_19974509-19975009	8	0.30228	0.43204	0.815865	837	2	0.72136	0.0039521	0.04442	1.0	25	6	0.72136	0.5383437195108521	-1.0
A549|chr2_43222473-43222973	7	0.30272	0.45663	0.826437	838	4	-0.2105	0.29571	0.69701	1.0	902	3	-0.2105	0.7322584564600875	-1.0
A549|chr15_59282554-59283054	6	0.30336	0.44035	0.815865	839	2	0.33423	0.14079	0.4575	1.0	570	4	0.33423	0.605664946046698	-1.0
K562|chr1_8880576-8881076	8	0.30361	0.43204	0.815865	840	4	-0.048262	0.45774	0.82903	1.0	1113	3	-0.048262	0.7614731403960421	-1.0
A549|chr15_57551652-57552152	8	0.30382	0.43204	0.815865	841	4	-0.063818	0.0668	0.32913	1.0	340	3	-0.063818	0.7781115496742189	-1.0
K562|chr12_56724878-56725378	2	0.30467	0.28442	0.7533	842	1	-0.42887	0.69336	0.73318	1.0	1366	1	-0.42887	0.7752455732158512	5.793957098907479
A549|chr15_78040789-78041289	5	0.30508	0.4214	0.815865	843	2	-0.13369	0.22339	0.55131	1.0	766	2	-0.13369	0.6783104950200398	-1.0
A549|chr9_702595-703095	8	0.30536	0.43204	0.815865	844	2	0.44888	0.083632	0.37003	1.0	408	5	0.44888	0.7917778908224136	-1.0
A549|chr11_128478759-128479259	8	0.30587	0.43612	0.815865	845	3	0.42524	0.020543	0.19	1.0	133	5	0.42524	0.6141573788784334	-1.0
A549|chr7_27184372-27184872	7	0.30617	0.46018	0.826437	846	3	0.085081	0.39425	0.77683	1.0	1035	4	0.085081	0.6860104410416498	-1.0
A549|chr10_102753719-102754219	8	0.30629	0.43612	0.815865	847	3	0.04715	0.18584	0.56632	1.0	684	4	0.04715	0.25119351726595973	-1.0
A549|chr2_20532216-20532716	4	0.3066	0.41911	0.815865	848	2	-0.17417	0.24777	0.55253	1.0	817	1	-0.17417	0.8020729293092627	-1.0
A549|chr13_110322057-110322557	7	0.30672	0.46018	0.826437	849	4	-0.13766	0.2163	0.61376	1.0	746	3	-0.13766	0.3889003281063302	-1.0
A549|chr7_55109735-55110235	8	0.30673	0.43612	0.815865	850	3	0.28134	0.31709	0.73485	1.0	931	4	0.28134	0.23827223180016122	-1.0
A549|chr2_160403529-160404029	8	0.3069	0.43612	0.815865	851	3	0.27617	0.22812	0.64497	1.0	780	5	0.27617	0.7847984143937093	-1.0
K562|chr17_75103493-75103993	7	0.30777	0.46018	0.826437	852	4	-0.17007	0.019298	0.15763	1.0	124	2	-0.17007	0.27245364378116993	-1.0
K562|chr11_65500423-65500923	8	0.30779	0.43613	0.815865	853	4	-0.071356	0.43199	0.80566	1.0	1079	2	-0.071356	0.2629903412768924	-1.0
A549|chr3_45635261-45635761	8	0.30783	0.43613	0.815865	854	4	-0.081919	0.42108	0.80067	1.0	1060	3	-0.081919	0.22496013202129997	-1.0
A549|chr12_76031898-76032398	8	0.30792	0.43613	0.815865	855	3	0.048161	0.58783	0.89969	1.0	1281	3	0.048161	0.43447356661887504	5.314768969511188
A549|chr8_30383786-30384286	1	0.30823	0.27106	0.748473	856	1	-0.25323	0.69177	0.72894	1.0	1362	0	-0.25323	0.5671985197938555	-1.0
K562|chr6_37161068-37161568	8	0.30826	0.43613	0.815865	857	3	0.12559	0.26051	0.67968	1.0	842	4	0.12559	0.2299304209959514	-1.0
K562|chr16_87885199-87885699	8	0.30946	0.43945	0.815865	858	4	0.023291	0.42873	0.80067	1.0	1071	3	0.023291	0.7661672082525642	-1.0
A549|chr6_16723366-16723866	6	0.30961	0.44036	0.815865	859	3	0.19316	0.044664	0.21342	1.0	249	3	0.19316	0.6822115812825249	-1.0
K562|chr6_17988398-17988898	8	0.31003	0.43945	0.815865	860	4	0.0024533	0.0051801	0.051966	1.0	34	4	0.0024533	0.7969391350142605	-1.0
K562|chr12_130847619-130848119	6	0.3105	0.44036	0.815865	861	3	-0.26214	0.24144	0.60062	1.0	804	2	-0.26214	0.400927662327754	-1.0
K562|chr21_34988097-34988597	5	0.311	0.42141	0.815865	862	2	0.63045	0.02252	0.1411	1.0	142	3	0.63045	0.24964022176091438	-1.0
A549|chr10_102789212-102789712	8	0.3115	0.43945	0.815865	863	3	0.8362	0.0073531	0.065394	1.0	51	5	0.8362	0.7527084883452435	-1.0
K562|chr19_4405487-4405987	8	0.31201	0.43945	0.815865	864	3	0.32684	0.14155	0.49979	1.0	572	5	0.32684	0.3590367732058406	-1.0
K562|chr6_42038750-42039250	8	0.31252	0.43945	0.815865	865	3	-0.048542	0.38843	0.78663	1.0	1026	3	-0.048542	0.24646899669953032	-1.0
K562|chr12_6604590-6605090	6	0.31263	0.44396	0.819738	866	3	-0.015832	0.3158	0.67781	1.0	930	3	-0.015832	0.4530702826819292	-1.0
K562|chr19_2497093-2497593	8	0.31311	0.43945	0.815865	867	2	0.12319	0.038187	0.2393	1.0	214	4	0.12319	0.3448715475216406	-1.0
A549|chr3_71076627-71077127	8	0.31353	0.43945	0.815865	868	3	0.16548	0.43476	0.80566	1.0	1086	4	0.16548	0.25229450644483664	-1.0
K562|chr1_26046223-26046723	5	0.31361	0.42141	0.815865	869	3	-0.093527	0.38631	0.70381	1.0	1021	2	-0.093527	0.2316769454701986	-1.0
A549|chr15_78050285-78050785	7	0.31549	0.46019	0.826437	870	4	-0.19168	0.36985	0.7405	1.0	1002	3	-0.19168	0.7902090043029808	-1.0
A549|chr11_126378705-126379205	8	0.31556	0.43945	0.815865	871	2	0.41111	0.12014	0.48417	1.0	510	5	0.41111	0.23335050197771606	-1.0
A549|chr5_14167498-14167998	8	0.31569	0.43945	0.815865	872	3	0.063624	0.3186	0.73485	1.0	933	3	0.063624	0.1935970057990269	-1.0
A549|chr5_95863294-95863794	8	0.31607	0.43945	0.815865	873	4	0.0023071	0.5316	0.87488	1.0	1216	4	0.0023071	0.7554482150597934	-1.0
A549|chr17_72422484-72422984	7	0.31637	0.46019	0.826437	874	4	-0.15039	0.33934	0.71577	1.0	952	1	-0.15039	0.7595512376219706	-1.0
K562|chr10_21532258-21532758	8	0.31789	0.45649	0.826437	875	3	0.38113	0.029512	0.21685	1.0	171	4	0.38113	0.2771927924384342	-1.0
K562|chr6_44002938-44003438	8	0.31809	0.45649	0.826437	876	1	0.11481	0.40757	0.79344	1.0	1045	4	0.11481	0.3509214234055673	-1.0
A549|chr7_130915839-130916339	8	0.31825	0.45649	0.826437	877	4	-0.1104	0.072103	0.33716	1.0	369	4	-0.1104	0.7683982274687332	-1.0
A549|chr1_234538069-234538569	8	0.31877	0.4565	0.826437	878	4	0.013656	0.015021	0.14611	1.0	97	4	0.013656	0.7505018676055039	-1.0
A549|chr7_27129210-27129710	8	0.31883	0.4565	0.826437	879	4	-0.12567	0.035103	0.2237	1.0	202	3	-0.12567	0.7846263238242258	-1.0
A549|chr9_71781309-71781809	5	0.31898	0.43131	0.815865	880	3	-0.12309	0.72869	0.8825	1.0	1392	2	-0.12309	0.24370264554767904	-1.0
K562|chr22_46617582-46618082	8	0.3196	0.4565	0.826437	881	3	-0.02581	0.46872	0.83699	1.0	1125	4	-0.02581	0.259046170431894	-1.0
A549|chr2_55097474-55097974	8	0.32019	0.4565	0.826437	882	4	-0.067771	0.70636	0.93053	1.0	1375	3	-0.067771	0.5772320774134873	-1.0
A549|chr9_131595654-131596154	7	0.32096	0.46517	0.830567	883	4	-0.1236	0.96653	0.98642	1.0	1574	1	-0.1236	0.2418175421865967	-1.0
A549|chr15_57598804-57599304	8	0.32207	0.46082	0.826437	884	2	0.19975	0.34343	0.75727	1.0	958	4	0.19975	0.7578101777710159	-1.0
A549|chr11_126365991-126366491	8	0.32233	0.46082	0.826437	885	4	-0.12727	0.61706	0.90764	1.0	1305	2	-0.12727	0.3478737881135154	-1.0
A549|chr11_48044515-48045015	8	0.32347	0.46082	0.826437	886	4	-0.12426	0.43201	0.80566	1.0	1080	2	-0.12426	0.7538120695660869	-1.0
A549|chr20_19944674-19945174	7	0.324	0.46518	0.830567	887	3	-0.037954	0.3039	0.69701	1.0	915	2	-0.037954	0.760810385013752	-1.0
A549|chr11_122196941-122197441	8	0.32463	0.46083	0.826437	888	4	-0.079777	0.72127	0.9341	1.0	1387	3	-0.079777	0.4798322278718561	-1.0
K562|chr10_3094108-3094608	7	0.32473	0.46518	0.830567	889	3	0.086172	0.14717	0.49762	1.0	589	3	0.086172	0.5312684636606387	-1.0
K562|chr6_37125380-37125880	5	0.32497	0.44834	0.822202	890	2	0.15439	0.2433	0.56654	1.0	810	3	0.15439	0.22033333976613262	-1.0
K562|chr10_21533380-21533880	6	0.32501	0.44396	0.819738	891	1	0.65737	0.031359	0.18381	1.0	181	4	0.65737	0.8311986155088614	4.627603567576888
A549|chr7_55073119-55073619	8	0.32526	0.46083	0.826437	892	4	-0.099012	0.27236	0.68335	1.0	864	3	-0.099012	0.46906992055182783	-1.0
K562|chr10_21529395-21529895	6	0.32529	0.44396	0.819738	893	3	-0.14385	0.17612	0.51586	1.0	661	2	-0.14385	0.8161654332609709	-1.0
A549|chr13_33194727-33195227	8	0.32801	0.46083	0.826437	894	3	0.25428	0.49733	0.85706	1.0	1160	4	0.25428	0.19538335484509872	-1.0
A549|chr5_59542737-59543237	8	0.32862	0.47676	0.83793	895	3	-0.0019916	0.69836	0.92854	1.0	1371	2	-0.0019916	0.12463919286173555	-1.0
K562|chr15_92822394-92822894	8	0.33047	0.47676	0.83793	896	3	0.29725	0.16961	0.53749	1.0	647	5	0.29725	0.6175576671740081	-1.0
A549|chr8_17800464-17800964	6	0.33191	0.44786	0.822202	897	2	-0.058773	0.95343	0.97652	1.0	1565	1	-0.058773	0.3252908036352524	-1.0
K562|chr16_87867812-87868312	7	0.33194	0.4804	0.83793	898	3	-0.0064439	0.35689	0.7189	1.0	985	2	-0.0064439	0.7573773044546196	-1.0
A549|chr12_106142597-106143097	7	0.33218	0.4804	0.83793	899	4	-0.23092	0.22346	0.61696	1.0	767	3	-0.23092	0.3389136364744735	-1.0
A549|chr1_67755597-67756097	8	0.33298	0.47677	0.83793	900	3	0.25658	0.26845	0.68335	1.0	858	5	0.25658	0.24370893890002765	-1.0
A549|chr3_30616549-30617049	6	0.33374	0.44786	0.822202	901	2	0.16126	0.43503	0.77891	1.0	1087	3	0.16126	0.24232513880191853	-1.0
A549|chr7_55020473-55020973	8	0.33407	0.49299	0.83793	902	4	-0.04601	0.19849	0.58854	1.0	715	3	-0.04601	0.2479971103562669	-1.0
K562|chr21_34994600-34995100	8	0.33427	0.49299	0.83793	903	4	-0.14861	0.11424	0.46372	1.0	500	3	-0.14861	0.562095088909057	-1.0
K562|chr16_85322831-85323331	7	0.33543	0.48041	0.83793	904	2	0.018922	0.17884	0.56147	1.0	667	2	0.018922	0.7286104347589953	-1.0
A549|chrX_107675096-107675596	6	0.33584	0.44786	0.822202	905	3	0.11713	0.16638	0.51326	1.0	639	3	0.11713	-1.0	-1.0
A549|chr6_11215692-11216192	8	0.33634	0.493	0.83793	906	3	0.058582	0.39072	0.78663	1.0	1031	3	0.058582	0.48871822739447185	-1.0
A549|chr9_21553413-21553913	8	0.33722	0.493	0.83793	907	4	-0.0094367	0.51284	0.86831	1.0	1186	4	-0.0094367	0.2500852979024009	-1.0
A549|chr20_19889136-19889636	8	0.33774	0.4958	0.83793	908	4	0.18107	0.10182	0.42288	1.0	458	4	0.18107	0.6226573383940371	-1.0
A549|chr1_8028557-8029057	6	0.33885	0.44787	0.822202	909	2	0.43385	0.03512	0.19176	1.0	203	3	0.43385	0.23412120114072893	-1.0
A549|chr11_126340226-126340726	8	0.33979	0.4958	0.83793	910	4	-0.10629	0.25943	0.67968	1.0	839	3	-0.10629	0.5567617024421277	-1.0
K562|chr1_61042905-61043405	8	0.34	0.4958	0.83793	911	3	0.24247	0.04938	0.26719	1.0	273	4	0.24247	0.3503874191854333	-1.0
A549|chr7_47606631-47607131	8	0.34049	0.4958	0.83793	912	2	0.072496	0.34026	0.75727	1.0	953	3	0.072496	0.8206143885888485	-1.0
A549|chr9_131660656-131661156	7	0.34212	0.48537	0.83793	913	3	0.18557	0.034986	0.221	1.0	200	4	0.18557	0.4853069422751555	-1.0
K562|chr8_38104215-38104715	8	0.34222	0.4958	0.83793	914	3	0.33105	0.24387	0.65964	1.0	812	5	0.33105	0.2278688213989544	-1.0
K562|chr12_53389598-53390098	8	0.34278	0.4958	0.83793	915	4	0.099914	0.10964	0.44574	1.0	487	4	0.099914	0.5305141004531296	-1.0
K562|chr6_50820315-50820815	8	0.34329	0.4958	0.83793	916	3	0.076647	0.29711	0.71487	1.0	904	4	0.076647	0.7692594666413773	-1.0
A549|chr9_684933-685433	8	0.34333	0.4958	0.83793	917	3	0.23704	0.23513	0.65408	1.0	793	5	0.23704	0.7247846881412143	-1.0
K562|chr20_32354963-32355463	8	0.34507	0.49918	0.83793	918	4	0.033117	0.14794	0.51227	1.0	590	4	0.033117	0.15958654909405234	-1.0
A549|chr1_64948193-64948693	8	0.34513	0.49918	0.83793	919	4	-0.14441	0.055969	0.29279	1.0	300	3	-0.14441	0.1962874334346117	-1.0
A549|chr20_5653277-5653777	7	0.34538	0.4943	0.83793	920	2	0.50171	0.018509	0.15763	1.0	120	5	0.50171	0.502672135360258	-1.0
K562|chr14_102517135-102517635	6	0.34573	0.45215	0.826437	921	1	0.19194	0.28805	0.6576	1.0	888	3	0.19194	0.7941254385879951	3.7126462272852536
A549|chr6_112227363-112227863	7	0.34577	0.49431	0.83793	922	3	0.49788	0.021606	0.16195	1.0	139	4	0.49788	0.22946371474053073	-1.0
A549|chr7_130999466-130999966	8	0.34669	0.50285	0.83793	923	3	0.1973	0.26658	0.67969	1.0	853	5	0.1973	0.7168057957971576	-1.0
A549|chr1_67767024-67767524	8	0.34684	0.50285	0.83793	924	1	0.39674	0.019175	0.17943	1.0	122	7	0.39674	0.22500543885491459	-1.0
A549|chr9_715316-715816	8	0.34692	0.50285	0.83793	925	4	-0.094293	0.067742	0.32914	1.0	347	3	-0.094293	0.1704687993145415	-1.0
A549|chr13_110305851-110306351	8	0.34697	0.50285	0.83793	926	3	0.29884	0.070465	0.33132	1.0	362	4	0.29884	0.21174913185250538	-1.0
A549|chr20_38204971-38205471	8	0.34892	0.50285	0.83793	927	4	-0.14489	0.22449	0.63703	1.0	768	3	-0.14489	0.19287753038304908	-1.0
A549|chr3_58048680-58049180	8	0.34907	0.50285	0.83793	928	3	0.4235	0.17904	0.56059	1.0	668	5	0.4235	0.2719458389338659	-1.0
A549|chr22_46060512-46061012	8	0.3492	0.50285	0.83793	929	3	0.34611	0.10228	0.42723	1.0	460	5	0.34611	0.774079535406691	-1.0
A549|chr14_68519753-68520253	5	0.34932	0.5036	0.838299	930	3	-0.16194	0.48431	0.77922	1.0	1142	2	-0.16194	0.20216310435685098	-1.0
K562|chr2_26755410-26755910	7	0.35037	0.50112	0.83793	931	3	-0.091185	0.7157	0.92899	1.0	1383	2	-0.091185	0.2199553127583715	-1.0
A549|chr22_46065877-46066377	8	0.35041	0.50285	0.83793	932	4	-0.11029	0.0066876	0.063277	1.0	48	4	-0.11029	0.7592026542472646	-1.0
A549|chr10_119379728-119380228	8	0.3507	0.50285	0.83793	933	4	-0.20202	0.16013	0.532	1.0	625	2	-0.20202	0.7441353479160332	-1.0
A549|chr9_71736220-71736720	8	0.3511	0.50285	0.83793	934	4	0.15812	0.38939	0.78663	1.0	1029	4	0.15812	0.5463916028484603	-1.0
A549|chr9_21578699-21579199	8	0.35169	0.50285	0.83793	935	4	0.051374	0.52213	0.87067	1.0	1205	4	0.051374	0.24720805430270643	-1.0
A549|chr15_89087202-89087702	7	0.35179	0.50648	0.842238	936	3	0.26181	0.049056	0.26203	1.0	272	4	0.26181	0.36716765448975985	-1.0
K562|chr6_16226960-16227460	6	0.35208	0.46981	0.836085	937	3	-0.013129	0.49955	0.80794	1.0	1165	3	-0.013129	0.7962163330966924	-1.0
K562|chr1_47227245-47227745	8	0.35349	0.50285	0.83793	938	4	-0.081795	0.056998	0.29819	1.0	304	3	-0.081795	0.23173102240557403	-1.0
A549|chr4_168839991-168840491	8	0.3541	0.50285	0.83793	939	2	0.24591	0.087758	0.3896	1.0	424	6	0.24591	0.5140982935273296	-1.0
A549|chr13_110319702-110320202	6	0.35468	0.46982	0.836085	940	2	0.11787	0.38024	0.75333	1.0	1015	3	0.11787	0.7502928721842511	-1.0
K562|chr14_35281298-35281798	8	0.35507	0.50285	0.83793	941	4	0.094932	0.35489	0.7625	1.0	983	4	0.094932	0.5628406844105159	-1.0
A549|chr5_14153963-14154463	6	0.35511	0.46982	0.836085	942	2	0.68895	0.033475	0.18945	1.0	191	4	0.68895	0.6018628122102829	-1.0
A549|chr12_3200038-3200538	4	0.3555	0.46206	0.827733	943	2	0.084263	0.14227	0.39183	1.0	575	2	0.084263	0.7565516579689479	-1.0
A549|chr15_85616531-85617031	8	0.35576	0.50286	0.83793	944	3	-0.053089	0.13458	0.49727	1.0	542	3	-0.053089	0.37959585772522353	-1.0
A549|chr13_33218374-33218874	8	0.35608	0.50286	0.83793	945	4	-0.23563	0.38172	0.78396	1.0	1017	3	-0.23563	0.425783770715914	-1.0
A549|chr15_85584897-85585397	8	0.35618	0.50286	0.83793	946	4	-0.026691	0.043924	0.26148	1.0	244	3	-0.026691	0.690811527684674	-1.0
A549|chr8_17800855-17801355	8	0.35698	0.50286	0.83793	947	1	0.59716	0.010526	0.082401	1.0	69	7	0.59716	0.4869523153405081	4.986152004128169
K562|chr10_21527708-21528208	8	0.3573	0.50286	0.83793	948	3	-0.071112	0.50995	0.8683	1.0	1181	3	-0.071112	0.7709460962723353	-1.0
A549|chr12_62730581-62731081	8	0.35746	0.50286	0.83793	949	3	0.22417	0.030303	0.2182	1.0	175	5	0.22417	0.7610116372557969	-1.0
A549|chr21_39029050-39029550	8	0.35842	0.50286	0.83793	950	3	0.13304	0.33801	0.75727	1.0	950	4	0.13304	0.3589949830652794	-1.0
*EBI3	5	0.35876	0.50751	0.843079	951	2	0.08198	0.42736	0.74472	1.0	1066	2	0.08198	-1.0	-1.0
K562|chr3_196070865-196071365	8	0.35925	0.50286	0.83793	952	3	-0.1092	0.25015	0.66924	1.0	823	3	-0.1092	0.28773271375227993	-1.0
A549|chr11_128525845-128526345	8	0.35955	0.50286	0.83793	953	4	-0.017541	0.34885	0.75728	1.0	971	4	-0.017541	0.7466816349240197	-1.0
A549|chr1_8019959-8020459	8	0.35986	0.50286	0.83793	954	1	1.1319	0.0084418	0.074392	1.0	59	6	1.1319	0.2504532748920253	-1.0
K562|chr11_32436164-32436664	8	0.36009	0.50286	0.83793	955	4	-0.11876	0.2725	0.68335	1.0	865	3	-0.11876	0.5840716889436206	-1.0
K562|chr14_68789631-68790131	7	0.36019	0.51811	0.849429	956	3	0.025071	0.45421	0.82237	1.0	1110	2	0.025071	0.2994285395889134	-1.0
A549|chr5_59049004-59049504	8	0.36033	0.50286	0.83793	957	3	0.16406	0.072443	0.33717	1.0	370	4	0.16406	0.41772942586195083	-1.0
A549|chr18_3704502-3705002	8	0.36081	0.50286	0.83793	958	3	0.142	0.22289	0.63242	1.0	764	4	0.142	0.7147061721353477	-1.0
A549|chr6_71395691-71396191	8	0.36111	0.50286	0.83793	959	3	0.15836	0.22635	0.64185	1.0	776	4	0.15836	0.7578959133450929	-1.0
A549|chr1_234894225-234894725	8	0.36178	0.50286	0.83793	960	4	0.13895	0.0024684	0.031506	1.0	17	4	0.13895	0.7237071957795269	-1.0
A549|chr17_27551760-27552260	8	0.36246	0.50286	0.83793	961	4	-0.10908	0.080169	0.36452	1.0	394	3	-0.10908	0.24981970500348447	-1.0
A549|chr13_110302176-110302676	6	0.36268	0.47784	0.83793	962	3	-0.095481	0.20498	0.55595	1.0	720	3	-0.095481	0.6894929066771424	-1.0
A549|chr2_9258407-9258907	6	0.36592	0.48684	0.83793	963	2	0.11978	0.28153	0.6576	1.0	879	3	0.11978	0.21000811068378883	-1.0
A549|chr13_110307982-110308482	4	0.36705	0.47617	0.83793	964	2	0.066262	0.07357	0.2531	1.0	374	2	0.066262	0.7282119285681155	-1.0
A549|chr12_76021237-76021737	8	0.36816	0.52105	0.849429	965	4	-0.053892	0.87529	0.97234	1.0	1507	2	-0.053892	0.5591266563065181	-1.0
A549|chr15_67103821-67104321	8	0.36872	0.52105	0.849429	966	2	0.61041	0.058119	0.2982	1.0	311	5	0.61041	0.7269360168579355	-1.0
K562|chr10_131924890-131925390	8	0.36982	0.52485	0.849429	967	3	0.35335	0.073811	0.34032	1.0	376	5	0.35335	0.2714191746111523	-1.0
A549|chr2_54638069-54638569	8	0.36993	0.52485	0.849429	968	4	-0.026138	0.56307	0.8883	1.0	1263	4	-0.026138	0.7652417018531973	-1.0
K562|chr20_32357876-32358376	3	0.37002	0.43353	0.815865	969	2	-0.10596	0.84729	0.87624	1.0	1485	1	-0.10596	0.5277466259537076	3.037147857148407
K562|chr6_11932918-11933418	8	0.37006	0.52485	0.849429	970	4	0.094422	0.1548	0.52823	1.0	612	4	0.094422	0.7591458964933667	-1.0
A549|chr9_131674570-131675070	5	0.37012	0.52103	0.849429	971	2	0.33007	0.21125	0.52909	1.0	736	3	0.33007	0.5913523321230155	-1.0
K562|chr17_82100048-82100548	8	0.37171	0.52837	0.849429	972	3	0.36238	0.041055	0.25449	1.0	232	5	0.36238	0.5741893722909749	-1.0
A549|chr15_59306537-59307037	8	0.37458	0.52837	0.849429	973	4	0.03618	0.45152	0.8136	1.0	1109	4	0.03618	0.5620962082923706	-1.0
K562|chr18_48980420-48980920	8	0.37546	0.52837	0.849429	974	3	0.069275	0.47084	0.83929	1.0	1126	4	0.069275	0.18853628082340662	-1.0
A549|chr15_85582048-85582548	6	0.3756	0.50285	0.83793	975	3	-0.0056107	0.519	0.82149	1.0	1199	3	-0.0056107	0.7511667393930924	-1.0
K562|chr10_100339381-100339881	8	0.37592	0.52837	0.849429	976	2	-0.069644	0.027998	0.21684	1.0	163	2	-0.069644	0.621621773881939	-1.0
A549|chr9_71768333-71768833	3	0.37632	0.43931	0.815865	977	2	-0.22946	0.238	0.49334	1.0	800	1	-0.22946	0.854210831389967	3.154263396361909
A549|chr10_33334043-33334543	8	0.37721	0.52837	0.849429	978	4	-0.098066	0.70118	0.93053	1.0	1373	3	-0.098066	0.7696135982344303	-1.0
K562|chr11_32438059-32438559	8	0.37791	0.52838	0.849429	979	3	0.22832	0.063384	0.3101	1.0	327	4	0.22832	0.687156493097491	-1.0
K562|chr16_75026823-75027323	8	0.37802	0.52838	0.849429	980	4	-0.1524	0.69269	0.92485	1.0	1364	3	-0.1524	0.2468083246539013	-1.0
A549|chr6_11196359-11196859	7	0.37975	0.52816	0.849429	981	3	-0.064705	0.64326	0.89201	1.0	1323	3	-0.064705	0.24397645658365286	-1.0
A549|chr6_112223702-112224202	8	0.38024	0.52838	0.849429	982	4	-0.18938	0.36129	0.77013	1.0	989	3	-0.18938	0.1944100617902732	-1.0
A549|chr4_87032171-87032671	7	0.38074	0.52816	0.849429	983	3	0.029985	0.46481	0.83056	1.0	1121	3	0.029985	0.6149179067366087	-1.0
A549|chr20_38110711-38111211	6	0.38169	0.51476	0.849429	984	2	0.18407	0.2429	0.60431	1.0	807	3	0.18407	0.2463994084343275	-1.0
A549|chr17_27353933-27354433	3	0.3824	0.43932	0.815865	985	1	0.20379	0.29043	0.53752	1.0	891	2	0.20379	0.7544773292542847	3.6757175447023074
A549|chr1_8418694-8419194	8	0.38288	0.52838	0.849429	986	2	0.28033	0.2174	0.62989	1.0	749	4	0.28033	0.5897469398966438	-1.0
A549|chr6_16764536-16765036	7	0.38308	0.53281	0.849429	987	1	0.84466	0.01732	0.15762	1.0	116	5	0.84466	0.5072654232187952	-1.0
A549|chr5_14156070-14156570	6	0.38391	0.53464	0.849429	988	3	-0.18668	0.61904	0.88355	1.0	1307	1	-0.18668	0.7939668801465581	-1.0
K562|chr11_32435102-32435602	8	0.38567	0.53248	0.849429	989	2	0.39612	0.009495	0.077716	1.0	65	6	0.39612	0.6813757867892584	4.66038957837444
A549|chr5_17227813-17228313	8	0.38577	0.53248	0.849429	990	3	0.28214	0.14251	0.49979	1.0	577	4	0.28214	0.17990082775222566	-1.0
K562|chr17_78260999-78261499	6	0.38607	0.53464	0.849429	991	3	0.050016	0.30153	0.67187	1.0	911	3	0.050016	0.19550346467474203	-1.0
A549|chr10_102773268-102773768	8	0.38613	0.53248	0.849429	992	3	0.25177	0.16189	0.532	1.0	633	5	0.25177	0.4780570977296481	-1.0
K562|chr19_13151647-13152147	8	0.3862	0.53248	0.849429	993	2	0.13553	0.23129	0.65408	1.0	785	5	0.13553	0.8913054972294235	4.772679017451155
A549|chr4_57068217-57068717	8	0.38633	0.53248	0.849429	994	4	-0.088261	0.54902	0.87489	1.0	1236	4	-0.088261	0.8436684864172981	-1.0
K562|chr11_67289237-67289737	7	0.38837	0.53621	0.849429	995	3	0.083844	0.12025	0.42589	1.0	511	4	0.083844	0.8172516432309257	3.230113341428709
A549|chr22_46074669-46075169	8	0.38935	0.53614	0.849429	996	3	0.40934	0.08192	0.37002	1.0	403	5	0.40934	0.5922181934112808	-1.0
A549|chr6_71420242-71420742	3	0.39065	0.44536	0.821383	997	2	-0.13532	0.71537	0.79651	1.0	1382	1	-0.13532	0.7500387132565102	-1.0
K562|chr6_12012670-12013170	2	0.39087	0.37126	0.815865	998	1	-0.23002	0.51876	0.59548	1.0	1195	1	-0.23002	0.24041060322960817	-1.0
A549|chr9_708734-709234	8	0.39118	0.53615	0.849429	999	3	0.072523	0.44841	0.8136	1.0	1105	4	0.072523	0.8043266590427663	-1.0
K562|chr1_26694849-26695349	8	0.39164	0.53615	0.849429	1000	1	0.3107	0.088878	0.39582	1.0	427	5	0.3107	0.24507060090068988	4.216046422595962
A549|chr10_33298377-33298877	5	0.39264	0.53649	0.849429	1001	1	0.37231	0.086506	0.31759	1.0	417	4	0.37231	0.7151376063657323	-1.0
K562|chr1_47235724-47236224	8	0.39301	0.54005	0.849429	1002	2	0.47252	0.091933	0.40787	1.0	436	5	0.47252	0.245300651495544	-1.0
K562|chr17_82521670-82522170	8	0.39505	0.54005	0.849429	1003	2	0.39895	0.16765	0.53462	1.0	642	5	0.39895	0.7568579839677146	-1.0
A549|chr3_66469418-66469918	8	0.39529	0.54005	0.849429	1004	4	0.15274	0.058754	0.2982	1.0	313	4	0.15274	0.43990491633646656	-1.0
A549|chr13_110298952-110299452	8	0.39652	0.54005	0.849429	1005	4	-0.036194	0.13684	0.49728	1.0	556	4	-0.036194	0.7816571044865488	-1.0
A549|chr11_19952870-19953370	8	0.39673	0.54005	0.849429	1006	4	-0.14157	0.2492	0.66924	1.0	820	3	-0.14157	0.7654796965529832	-1.0
K562|chr14_102514700-102515200	8	0.39795	0.54005	0.849429	1007	4	0.097909	0.15585	0.52823	1.0	616	4	0.097909	0.7103341743489868	-1.0
A549|chr4_168695954-168696454	8	0.39813	0.54005	0.849429	1008	3	0.23486	0.013685	0.14276	1.0	87	4	0.23486	0.3975145019742686	-1.0
K562|chr10_131900129-131900629	8	0.39891	0.54006	0.849429	1009	2	0.31252	0.055859	0.29279	1.0	298	6	0.31252	0.8119411702610498	-1.0
A549|chr8_133033674-133034174	8	0.39959	0.54006	0.849429	1010	4	-0.087111	0.39027	0.78663	1.0	1030	3	-0.087111	0.281617604862408	-1.0
A549|chr1_234881895-234882395	8	0.39982	0.54006	0.849429	1011	3	0.26744	0.088507	0.39582	1.0	425	5	0.26744	0.7572962639687044	-1.0
A549|chr10_34704498-34704998	8	0.39993	0.54006	0.849429	1012	3	0.33344	0.19195	0.58248	1.0	694	5	0.33344	0.7008156734777551	-1.0
A549|chr15_89130160-89130660	7	0.40017	0.54803	0.849429	1013	2	0.056669	0.55894	0.86597	1.0	1256	3	0.056669	0.7524892567248193	-1.0
A549|chr9_113588999-113589499	8	0.40117	0.54006	0.849429	1014	2	0.019006	0.63361	0.90888	1.0	1318	2	0.019006	0.49908424899039006	-1.0
A549|chr15_63469123-63469623	8	0.40128	0.54006	0.849429	1015	3	0.33286	0.19529	0.58249	1.0	705	5	0.33286	0.16355948561288308	-1.0
A549|chr2_54581514-54582014	8	0.40348	0.54006	0.849429	1016	4	0.027505	0.22615	0.64185	1.0	775	4	0.027505	0.24835414622379376	-1.0
A549|chr13_110304578-110305078	8	0.40409	0.54006	0.849429	1017	4	-0.11472	0.79238	0.95546	1.0	1446	2	-0.11472	0.6888278888550955	-1.0
A549|chr5_59032705-59033205	8	0.40414	0.54006	0.849429	1018	3	-0.062959	0.13434	0.49727	1.0	541	2	-0.062959	0.29454437545937273	-1.0
A549|chr8_133001305-133001805	8	0.40441	0.54006	0.849429	1019	3	-0.041705	0.8885	0.97544	1.0	1516	1	-0.041705	0.75302335669555	-1.0
K562|chr19_15323450-15323950	6	0.40611	0.55792	0.849429	1020	1	0.4581	0.15711	0.50057	1.0	620	4	0.4581	0.7767940767135733	-1.0
K562|chr6_16299812-16300312	7	0.4073	0.55141	0.849429	1021	3	0.72806	0.067801	0.3054	1.0	348	4	0.72806	0.23831907348447579	-1.0
A549|chr17_72423644-72424144	5	0.40731	0.54028	0.849429	1022	2	-0.082733	0.78611	0.91565	1.0	1439	1	-0.082733	0.762947967896116	-1.0
K562|chr6_16217317-16217817	8	0.40825	0.54896	0.849429	1023	2	0.38907	0.096703	0.40787	1.0	449	6	0.38907	0.7814884035602144	-1.0
A549|chr12_52902485-52902985	5	0.40847	0.54028	0.849429	1024	2	0.19766	0.30262	0.63961	1.0	913	3	0.19766	0.26692014032979483	-1.0
A549|chr13_110411297-110411797	8	0.41086	0.55227	0.849429	1025	4	-0.090665	0.56768	0.8883	1.0	1268	3	-0.090665	0.8475647672479041	-1.0
A549|chr5_95864395-95864895	6	0.41089	0.55793	0.849429	1026	2	0.62376	0.013024	0.11666	1.0	84	4	0.62376	0.34344544581747716	-1.0
A549|chr18_58299880-58300380	8	0.41127	0.55227	0.849429	1027	3	0.18606	0.20583	0.61058	1.0	724	4	0.18606	0.2269543404283619	-1.0
K562|chr17_82098598-82099098	6	0.41294	0.55793	0.849429	1028	2	0.1027	0.22951	0.59301	1.0	783	3	0.1027	0.8116920980253018	5.07827191745736
A549|chr15_63041290-63041790	8	0.41394	0.55227	0.849429	1029	4	0.089042	0.17933	0.56059	1.0	669	4	0.089042	0.5392442024069041	-1.0
A549|chr20_50481271-50481771	8	0.41412	0.55227	0.849429	1030	3	0.14518	0.34662	0.75728	1.0	967	4	0.14518	0.7327941449431089	-1.0
A549|chr1_64949104-64949604	5	0.41453	0.5443	0.849429	1031	2	0.79082	0.055331	0.24088	1.0	295	3	0.79082	0.23796669200436224	-1.0
A549|chr8_132995152-132995652	8	0.41476	0.55712	0.849429	1032	4	-0.069631	0.078695	0.36452	1.0	390	3	-0.069631	0.3569499395424466	-1.0
A549|chr3_71026584-71027084	8	0.41579	0.55712	0.849429	1033	4	0.045993	0.24054	0.65663	1.0	802	4	0.045993	0.7391825000388764	-1.0
K562|chr11_65495860-65496360	7	0.4158	0.55142	0.849429	1034	1	0.24824	0.23112	0.61938	1.0	784	4	0.24824	0.7027668942012202	-1.0
A549|chr7_130925826-130926326	5	0.41601	0.5443	0.849429	1035	2	0.30755	0.16182	0.47308	1.0	632	3	0.30755	0.2865497703956882	-1.0
K562|chr1_234969896-234970396	6	0.4164	0.55793	0.849429	1036	3	-0.12447	0.13963	0.45228	1.0	564	2	-0.12447	0.7476302742836655	-1.0
A549|chr17_72463604-72464104	8	0.41661	0.55713	0.849429	1037	4	-0.089185	0.62675	0.90765	1.0	1312	3	-0.089185	0.17206175311231658	-1.0
A549|chr8_133006988-133007488	7	0.41696	0.55142	0.849429	1038	2	0.20991	0.16887	0.54796	1.0	644	4	0.20991	0.7978176375090437	-1.0
K562|chr20_32350376-32350876	8	0.41784	0.55713	0.849429	1039	3	0.65438	0.043421	0.25699	1.0	242	5	0.65438	0.8013345160058792	-1.0
A549|chr15_78047822-78048322	7	0.41827	0.55142	0.849429	1040	3	0.6378	0.12284	0.42589	1.0	515	4	0.6378	0.2155135525378418	-1.0
A549|chr1_8027821-8028321	7	0.41947	0.55142	0.849429	1041	2	0.3929	0.036751	0.23278	1.0	210	5	0.3929	0.23272110430498155	-1.0
K562|chr14_102507255-102507755	8	0.41949	0.56212	0.849429	1042	4	-0.018174	0.12245	0.48925	1.0	514	4	-0.018174	0.4712356320937282	-1.0
K562|chr11_340484-340984	4	0.42021	0.49079	0.83793	1043	2	0.33316	0.27155	0.59342	1.0	859	2	0.33316	0.7242329988085829	-1.0
K562|chr10_100364084-100364584	8	0.42116	0.56212	0.849429	1044	1	0.65269	0.019492	0.18554	1.0	126	6	0.65269	0.5343837869862261	-1.0
A549|chr1_8364150-8364650	5	0.42168	0.5443	0.849429	1045	2	0.31433	0.22172	0.54741	1.0	760	3	0.31433	0.1945111406971208	-1.0
A549|chr1_234533963-234534463	6	0.42205	0.56153	0.849429	1046	2	-0.025457	0.61918	0.88355	1.0	1308	2	-0.025457	0.8246072171838996	-1.0
A549|chr5_132491887-132492387	7	0.42239	0.56314	0.849429	1047	3	-0.12809	0.58548	0.87338	1.0	1280	3	-0.12809	0.5665761089788178	-1.0
A549|chr7_55022854-55023354	8	0.42333	0.56212	0.849429	1048	3	-0.029136	0.053647	0.28223	1.0	288	2	-0.029136	0.23683638471452495	-1.0
K562|chr6_15243856-15244356	8	0.42334	0.56212	0.849429	1049	3	0.39453	0.13158	0.4928	1.0	535	5	0.39453	0.5990097705002867	-1.0
K562|chr6_50826712-50827212	7	0.42433	0.56315	0.849429	1050	2	0.10573	0.051928	0.26433	1.0	283	4	0.10573	0.8505673894839789	-1.0
A549|chr6_11210816-11211316	8	0.42465	0.56212	0.849429	1051	3	0.63616	0.011033	0.091967	1.0	72	5	0.63616	0.694693194771395	-1.0
A549|chr13_110300831-110301331	4	0.42474	0.49916	0.83793	1052	2	-0.11527	0.099327	0.33314	1.0	455	2	-0.11527	0.8373761117000402	-1.0
A549|chr7_116563852-116564352	8	0.42567	0.56212	0.849429	1053	4	-0.18053	0.17338	0.54357	1.0	656	2	-0.18053	0.6502865156533213	-1.0
A549|chr7_131174334-131174834	8	0.42581	0.56212	0.849429	1054	3	0.24312	0.0046232	0.047873	1.0	30	5	0.24312	0.24126001813187153	-1.0
K562|chr12_6608816-6609316	6	0.4268	0.56987	0.85878	1055	3	0.041761	0.0028977	0.025295	1.0	21	3	0.041761	0.7908832565615694	-1.0
K562|chr7_107006225-107006725	8	0.42693	0.56212	0.849429	1056	3	0.42846	0.10416	0.43246	1.0	467	5	0.42846	0.7445210687272321	-1.0
A549|chr20_19889910-19890410	7	0.42797	0.57521	0.860798	1057	2	0.08756	0.16993	0.54796	1.0	648	3	0.08756	0.6591056402420438	-1.0
A549|chr3_71164231-71164731	8	0.42846	0.56213	0.849429	1058	2	0.32061	0.053425	0.28223	1.0	287	4	0.32061	0.23725886519259437	-1.0
A549|chr14_68655045-68655545	5	0.42961	0.55285	0.849429	1059	1	-0.046044	0.69054	0.87383	1.0	1359	2	-0.046044	0.7585548660806636	-1.0
K562|chr11_94766859-94767359	7	0.43068	0.58717	0.872688	1060	3	0.71745	4.9834e-05	0.0018149	1.0	1	4	0.71745	0.34014917009863815	-1.0
A549|chr2_42918620-42919120	8	0.43075	0.56213	0.849429	1061	3	-0.020624	0.58035	0.89542	1.0	1274	3	-0.020624	0.7929207995490052	-1.0
A549|chr22_46073773-46074273	8	0.43118	0.56213	0.849429	1062	3	0.19471	0.21904	0.63241	1.0	754	5	0.19471	0.30659178973358503	-1.0
A549|chr11_128521238-128521738	7	0.43121	0.58717	0.872688	1063	2	0.41831	0.1108	0.4193	1.0	490	4	0.41831	0.4186484391078658	-1.0
A549|chr1_64909032-64909532	5	0.4313	0.56162	0.849429	1064	2	0.0036828	0.51881	0.79893	1.0	1197	2	0.0036828	0.5146516999203589	-1.0
K562|chr19_19100761-19101261	8	0.43345	0.56213	0.849429	1065	4	-0.052389	0.015431	0.15182	1.0	101	3	-0.052389	0.24545410975435955	-1.0
A549|chrX_107675393-107675893	8	0.43373	0.56213	0.849429	1066	1	0.47454	0.044918	0.26347	1.0	251	6	0.47454	-1.0	-1.0
K562|chr1_234973690-234974190	6	0.43393	0.57423	0.860798	1067	3	-0.054251	0.72678	0.90549	1.0	1391	2	-0.054251	0.456656606968151	-1.0
K562|chr1_8871184-8871684	8	0.43517	0.56213	0.849429	1068	4	0.047757	0.49712	0.85706	1.0	1159	4	0.047757	0.2387398546436214	-1.0
A549|chr1_8420984-8421484	8	0.43538	0.56213	0.849429	1069	4	-0.080665	0.55269	0.87749	1.0	1242	4	-0.080665	0.8173435254800886	-1.0
K562|chr22_46610327-46610827	8	0.43705	0.57598	0.860798	1070	3	0.42337	0.045236	0.26347	1.0	253	5	0.42337	0.8004818013368623	-1.0
A549|chr4_168876044-168876544	8	0.43795	0.57598	0.860798	1071	3	0.40983	0.14386	0.50634	1.0	582	5	0.40983	0.46033932033836156	-1.0
A549|chr4_87025580-87026080	8	0.43806	0.57598	0.860798	1072	4	0.14316	0.26512	0.67969	1.0	849	4	0.14316	0.763093718043356	-1.0
K562|chr10_21524349-21524849	6	0.43829	0.57851	0.862992	1073	3	-0.10991	0.52167	0.82149	1.0	1204	2	-0.10991	0.4714733808408502	-1.0
A549|chr12_104276407-104276907	8	0.43843	0.57598	0.860798	1074	2	0.44633	0.12436	0.4928	1.0	518	5	0.44633	0.5678369888763278	-1.0
A549|chr20_54114942-54115442	8	0.4391	0.57599	0.860798	1075	4	0.067627	0.10692	0.43843	1.0	477	4	0.067627	0.7415052261661212	-1.0
A549|chr18_77112291-77112791	8	0.44056	0.57599	0.860798	1076	3	0.33214	0.092212	0.40787	1.0	437	5	0.33214	0.7632636383294662	-1.0
A549|chr5_59003580-59004080	5	0.44221	0.56163	0.849429	1077	2	-0.019441	0.45834	0.76814	1.0	1114	2	-0.019441	0.20489442519609724	-1.0
A549|chr15_98868436-98868936	8	0.4431	0.59128	0.872903	1078	2	0.48013	0.085514	0.38695	1.0	414	5	0.48013	0.37261311830385246	-1.0
A549|chr12_62697806-62698306	8	0.44361	0.59129	0.872903	1079	2	0.88005	0.0010954	0.015736	1.0	9	5	0.88005	0.5217770137690964	-1.0
A549|chr1_93585546-93586046	8	0.44385	0.59484	0.872903	1080	4	0.081118	0.33073	0.75211	1.0	943	4	0.081118	0.2715069814094725	-1.0
A549|chr20_19936423-19936923	6	0.44399	0.57852	0.862992	1081	3	0.012114	0.32882	0.69451	1.0	941	3	0.012114	0.26284247892251755	-1.0
A549|chr12_62785834-62786334	8	0.44491	0.59484	0.872903	1082	3	0.2551	0.085247	0.3829	1.0	412	4	0.2551	0.7812376935231656	-1.0
K562|chr1_47235194-47235694	8	0.44549	0.59484	0.872903	1083	2	0.077011	0.51408	0.86831	1.0	1189	4	0.077011	0.37961229148634357	-1.0
K562|chr17_79840071-79840571	8	0.44613	0.59484	0.872903	1084	4	-0.037143	0.42266	0.80067	1.0	1062	3	-0.037143	0.8537140488210005	3.629006066485256
A549|chr5_59039469-59039969	1	0.44696	0.38607	0.815865	1085	0	-0.052775	0.55304	0.61393	1.0	1244	0	-0.052775	0.8073636901340523	-1.0
A549|chr7_27117484-27117984	5	0.44698	0.56163	0.849429	1086	2	-0.034955	0.64185	0.85101	1.0	1322	2	-0.034955	0.5818977333089721	-1.0
A549|chr7_131248963-131249463	8	0.44774	0.59484	0.872903	1087	3	0.22881	0.23513	0.65408	1.0	794	5	0.22881	0.2159233751922291	-1.0
A549|chr1_67742966-67743466	8	0.45109	0.59484	0.872903	1088	2	0.47949	0.059387	0.30073	1.0	316	6	0.47949	0.7857824454064944	-1.0
A549|chr2_20521727-20522227	8	0.45231	0.59484	0.872903	1089	3	0.17198	0.31201	0.73484	1.0	925	4	0.17198	0.6366104870338989	-1.0
A549|chr4_7857945-7858445	8	0.45297	0.59484	0.872903	1090	4	0.0022346	0.5114	0.8683	1.0	1182	4	0.0022346	0.7440110087948386	-1.0
K562|chr11_12111084-12111584	8	0.45301	0.59484	0.872903	1091	3	-0.023632	0.10623	0.43843	1.0	474	4	-0.023632	0.7229240851567471	-1.0
A549|chr9_703588-704088	3	0.45376	0.48073	0.83793	1092	1	0.77306	0.056996	0.18579	1.0	302	2	0.77306	0.3688872597995585	-1.0
K562|chr8_38107387-38107887	6	0.45414	0.59283	0.872903	1093	1	1.0551	0.024795	0.16152	1.0	151	5	1.0551	0.1560775098207295	-1.0
A549|chr12_106133600-106134100	8	0.45421	0.59484	0.872903	1094	4	0.08679	0.37256	0.77244	1.0	1007	4	0.08679	0.28108028900343784	-1.0
A549|chr22_45731686-45732186	6	0.45478	0.59712	0.875451	1095	2	0.036372	0.41622	0.76739	1.0	1054	3	0.036372	0.5444507225590094	-1.0
A549|chr10_3875371-3875871	8	0.45649	0.6096	0.875478	1096	4	-0.05818	0.53386	0.87488	1.0	1219	4	-0.05818	0.498800033032506	-1.0
K562|chr19_5971912-5972412	8	0.45809	0.6096	0.875478	1097	3	0.22556	0.22478	0.63703	1.0	769	4	0.22556	0.8071093824773742	-1.0
A549|chr10_95282092-95282592	8	0.45877	0.6096	0.875478	1098	4	-0.01956	0.16039	0.532	1.0	627	4	-0.01956	0.19323569929953233	-1.0
A549|chr1_234862228-234862728	8	0.45925	0.6096	0.875478	1099	3	0.057706	0.40533	0.79344	1.0	1044	4	0.057706	0.521752396835507	-1.0
K562|chr12_130831824-130832324	8	0.46084	0.60961	0.875478	1100	4	0.025545	0.47799	0.84773	1.0	1134	4	0.025545	0.6714152877604324	-1.0
A549|chr2_54628865-54629365	8	0.46145	0.60961	0.875478	1101	1	0.022479	0.28617	0.70484	1.0	883	3	0.022479	0.45288986661408803	-1.0
A549|chr10_3867272-3867772	8	0.46186	0.60961	0.875478	1102	2	-0.0054616	0.16999	0.53749	1.0	649	3	-0.0054616	0.7080280222125062	-1.0
K562|chr6_7175416-7175916	8	0.46474	0.621	0.881149	1103	2	0.057227	0.49111	0.84938	1.0	1150	4	0.057227	0.7003266197111656	-1.0
A549|chr5_59560539-59561039	8	0.46501	0.621	0.881149	1104	2	0.3915	0.10413	0.43246	1.0	466	5	0.3915	0.5803218277066103	-1.0
A549|chr1_64945694-64946194	8	0.46528	0.621	0.881149	1105	3	0.24442	0.24305	0.65663	1.0	808	5	0.24442	0.8551386908962739	-1.0
A549|chr17_72407849-72408349	8	0.46665	0.62559	0.883674	1106	4	-0.084917	0.090471	0.4047	1.0	434	3	-0.084917	0.6349964735996657	-1.0
A549|chr3_57967535-57968035	7	0.46849	0.62511	0.883674	1107	2	0.46348	0.18663	0.57777	1.0	685	4	0.46348	0.7871775896284617	-1.0
A549|chr3_57980344-57980844	8	0.46899	0.6256	0.883674	1108	3	0.042551	0.29025	0.71486	1.0	890	4	0.042551	0.5986745256819598	-1.0
K562|chr19_45885948-45886448	6	0.46962	0.61493	0.875478	1109	2	0.47889	0.11312	0.40254	1.0	498	4	0.47889	0.8096147197866669	4.263149518836673
A549|chr5_14216290-14216790	8	0.4708	0.63107	0.88755	1110	4	0.017927	0.14908	0.51228	1.0	594	4	0.017927	0.5170378217624605	-1.0
A549|chr20_38131488-38131988	6	0.47166	0.61493	0.875478	1111	3	-0.10843	0.49919	0.80794	1.0	1163	2	-0.10843	0.7427279167192498	-1.0
A549|chr20_19860626-19861126	8	0.47183	0.64555	0.897891	1112	4	0.026809	0.51264	0.86831	1.0	1185	4	0.026809	0.5374203591446417	-1.0
#chr3_9376267_9376289_9376288	1	0.47273	0.39885	0.815865	1113	0	-0.018803	0.52727	0.60115	1.0	1212	0	-0.018803	-1.0	-1.0
K562|chr10_131905853-131906353	8	0.47399	0.64556	0.897891	1114	3	0.51772	0.053894	0.28223	1.0	291	5	0.51772	0.768336763611872	-1.0
A549|chr13_33191388-33191888	8	0.47432	0.64556	0.897891	1115	4	0.24639	0.14654	0.51227	1.0	588	4	0.24639	0.2463796454163396	-1.0
K562|chr17_75149741-75150241	8	0.47515	0.65615	0.897891	1116	4	-0.05755	0.298	0.71487	1.0	905	3	-0.05755	0.28701220936200567	-1.0
A549|chr1_39136623-39137123	6	0.47552	0.61493	0.875478	1117	1	0.27723	0.18314	0.52885	1.0	678	4	0.27723	0.6148499066764717	-1.0
A549|chr20_19991251-19991751	7	0.47643	0.62511	0.883674	1118	3	0.6293	0.085398	0.36761	1.0	413	4	0.6293	0.3219389329134607	-1.0
A549|chr6_112223047-112223547	8	0.47764	0.66116	0.897891	1119	4	-0.10649	0.79806	0.95546	1.0	1451	3	-0.10649	0.4050618636129317	-1.0
A549|chr7_130946157-130946657	8	0.47766	0.66116	0.897891	1120	2	0.36188	0.10283	0.42952	1.0	464	5	0.36188	0.2319807162844483	-1.0
A549|chr13_110420963-110421463	8	0.47796	0.66116	0.897891	1121	3	0.072622	0.52428	0.87068	1.0	1209	4	0.072622	0.22160998133869658	-1.0
K562|chr1_21782321-21782821	6	0.47911	0.61494	0.875478	1122	3	0.045522	0.089768	0.36636	1.0	430	3	0.045522	0.5002565528651812	-1.0
A549|chr3_71168219-71168719	8	0.48111	0.66359	0.897891	1123	3	0.043459	0.74932	0.93851	1.0	1409	3	0.043459	0.6036284428666011	-1.0
A549|chrX_107728313-107728813	8	0.48137	0.67725	0.897891	1124	4	0.019062	0.37373	0.77244	1.0	1008	4	0.019062	-1.0	-1.0
A549|chr15_63055452-63055952	8	0.48164	0.67725	0.897891	1125	3	0.070669	0.55039	0.87749	1.0	1238	4	0.070669	0.2699232357488869	-1.0
*TCEA3	5	0.48193	0.59293	0.872903	1126	1	0.50011	0.04542	0.19566	1.0	257	4	0.50011	-1.0	-1.0
A549|chr1_8427204-8427704	8	0.48199	0.67725	0.897891	1127	4	-0.18546	0.35799	0.76473	1.0	987	3	-0.18546	0.7756274149283992	-1.0
A549|chr15_59347283-59347783	6	0.48372	0.61494	0.875478	1128	2	0.57416	0.075478	0.31521	1.0	382	4	0.57416	0.6994650630437801	-1.0
K562|chr11_118006026-118006526	4	0.48405	0.53317	0.849429	1129	2	-0.13639	0.81086	0.88605	1.0	1460	1	-0.13639	0.7677976909276345	-1.0
K562|chr16_87866989-87867489	8	0.48469	0.67725	0.897891	1130	4	-0.044938	0.29129	0.71486	1.0	895	3	-0.044938	0.7905538463906745	-1.0
A549|chr17_72440075-72440575	8	0.48614	0.67725	0.897891	1131	4	0.087526	0.0059855	0.057481	1.0	39	4	0.087526	0.726486543259344	-1.0
A549|chr16_14365423-14365923	7	0.48629	0.62891	0.88528	1132	1	0.44898	0.098907	0.39687	1.0	452	5	0.44898	0.2491066333603124	-1.0
A549|chr1_8003629-8004129	8	0.48679	0.67725	0.897891	1133	1	0.28797	0.062924	0.3101	1.0	325	6	0.28797	0.25712942683464046	-1.0
A549|chr4_87089323-87089823	8	0.48718	0.67725	0.897891	1134	2	0.032247	0.15405	0.52823	1.0	609	3	0.032247	0.761140451847969	-1.0
A549|chr20_19875328-19875828	8	0.48875	0.67725	0.897891	1135	1	0.63712	0.013893	0.14277	1.0	88	7	0.63712	0.7561873606167157	-1.0
A549|chr9_21564540-21565040	7	0.48907	0.62891	0.88528	1136	3	-0.012509	0.47572	0.83056	1.0	1129	2	-0.012509	0.2355756280578152	-1.0
K562|chr6_11943429-11943929	8	0.49032	0.67725	0.897891	1137	2	0.37974	0.062496	0.3101	1.0	323	5	0.37974	0.2508409495544962	-1.0
A549|chr2_9286482-9286982	8	0.49043	0.67725	0.897891	1138	3	0.58344	0.10966	0.44574	1.0	489	5	0.58344	0.7620315091859085	-1.0
A549|chr13_110298666-110299166	1	0.49215	0.42501	0.815865	1139	0	0.01305	0.50785	0.57499	1.0	1178	0	0.01305	0.7631916398647898	-1.0
A549|chr4_168878111-168878611	8	0.49228	0.67725	0.897891	1140	1	0.3068	0.054387	0.28434	1.0	293	6	0.3068	0.8463051800901601	-1.0
K562|chr12_130868119-130868619	8	0.49684	0.67726	0.897891	1141	3	0.21439	0.25155	0.66924	1.0	828	4	0.21439	0.6858781652675789	-1.0
#chr3_9376576_9376598_9376577	1	0.497	0.42501	0.815865	1142	0	0.045911	0.503	0.57499	1.0	1172	0	0.045911	-1.0	-1.0
A549|chr3_127791436-127791936	7	0.49713	0.62891	0.88528	1143	3	0.71127	0.080655	0.35388	1.0	398	4	0.71127	0.8295957382103197	-1.0
A549|chr4_57108206-57108706	8	0.49935	0.67726	0.897891	1144	3	-0.055574	0.55204	0.87749	1.0	1241	3	-0.055574	0.3322013269747428	-1.0
A549|chr3_58062503-58063003	5	0.49993	0.61089	0.875478	1145	1	0.044607	0.53464	0.81025	1.0	1220	2	0.044607	0.23867345177008467	-1.0
A549|chr11_128493509-128494009	7	0.50213	0.63871	0.897505	1146	2	0.32597	0.21869	0.61376	1.0	753	4	0.32597	0.3594320917162703	-1.0
A549|chr6_16752067-16752567	8	0.50258	0.67726	0.897891	1147	3	0.12513	0.41641	0.80067	1.0	1055	4	0.12513	0.2626794959061973	-1.0
A549|chr6_71419977-71420477	5	0.50263	0.61089	0.875478	1148	2	0.25871	0.0094513	0.085848	1.0	63	3	0.25871	0.7040791556982342	-1.0
A549|chr9_113575610-113576110	8	0.5031	0.67726	0.897891	1149	2	0.46557	0.063595	0.31187	1.0	328	6	0.46557	0.2122316604198289	-1.0
A549|chr7_130959395-130959895	8	0.50566	0.67726	0.897891	1150	3	-0.057588	0.19179	0.58248	1.0	693	3	-0.057588	0.6218669278707255	-1.0
K562|chr11_65467744-65468244	8	0.50579	0.67726	0.897891	1151	2	0.60033	0.0012664	0.018329	1.0	11	6	0.60033	0.740203614056695	-1.0
*ZCCHC12	5	0.50648	0.61089	0.875478	1152	1	0.034375	0.69765	0.87383	1.0	1369	2	0.034375	-1.0	-1.0
A549|chr6_11179756-11180256	7	0.50716	0.64249	0.897891	1153	3	0.11215	0.61347	0.88621	1.0	1302	3	0.11215	0.829592761259394	-1.0
A549|chr10_102758791-102759291	8	0.51146	0.6796	0.897891	1154	3	0.17061	0.24464	0.65964	1.0	813	4	0.17061	0.7962944025869998	-1.0
A549|chr4_168694022-168694522	8	0.51313	0.6796	0.897891	1155	3	0.18777	0.52398	0.87068	1.0	1207	4	0.18777	0.2179256981977812	-1.0
K562|chr8_143934715-143935215	8	0.51357	0.67961	0.897891	1156	3	0.14126	0.038831	0.24389	1.0	220	5	0.14126	0.7578607588151546	-1.0
K562|chr1_246565054-246565554	8	0.51475	0.67961	0.897891	1157	3	-0.074452	0.050559	0.2672	1.0	277	3	-0.074452	0.3292859368421768	-1.0
A549|chr15_59304023-59304523	8	0.51488	0.67961	0.897891	1158	3	-0.0021156	0.37813	0.78396	1.0	1012	3	-0.0021156	0.19599085217959272	-1.0
K562|chr21_37372208-37372708	8	0.51559	0.68215	0.897891	1159	3	-0.056204	0.35869	0.76474	1.0	988	3	-0.056204	0.20646054719192697	-1.0
A549|chr20_54088387-54088887	8	0.51603	0.68215	0.897891	1160	3	0.17814	0.0132	0.13434	1.0	85	5	0.17814	0.24539616806490655	-1.0
K562|chr6_37105850-37106350	8	0.51679	0.68215	0.897891	1161	3	0.15173	0.32155	0.73703	1.0	937	4	0.15173	0.7549213904272868	-1.0
A549|chr1_64964142-64964642	5	0.51791	0.61089	0.875478	1162	2	0.20566	0.34872	0.68029	1.0	970	3	0.20566	0.5981459506812609	-1.0
*SCRT1	5	0.51816	0.61089	0.875478	1163	2	-0.035036	0.15043	0.4647	1.0	601	2	-0.035036	-1.0	-1.0
K562|chr14_102507652-102508152	5	0.51969	0.61089	0.875478	1164	2	-0.0045932	0.34785	0.68029	1.0	968	2	-0.0045932	0.5910227770754813	-1.0
A549|chr7_55099021-55099521	8	0.52086	0.68806	0.897891	1165	3	-0.065943	0.3444	0.75728	1.0	960	3	-0.065943	0.3728515068859752	-1.0
K562|chr15_92811888-92812388	8	0.52136	0.68806	0.897891	1166	2	0.18533	0.29145	0.71486	1.0	896	5	0.18533	0.6574141075291818	-1.0
A549|chr4_57080841-57081341	7	0.52174	0.65718	0.897891	1167	3	-0.22398	0.71876	0.92899	1.0	1386	2	-0.22398	0.740978474381366	-1.0
A549|chr7_130951625-130952125	7	0.52281	0.66094	0.897891	1168	3	0.091992	0.29159	0.68995	1.0	897	3	0.091992	0.36489954112009376	-1.0
A549|chr2_9250732-9251232	7	0.52445	0.66094	0.897891	1169	2	0.66314	0.038606	0.23472	1.0	218	5	0.66314	0.8104134306826776	-1.0
A549|chr1_234918799-234919299	8	0.5245	0.68806	0.897891	1170	3	-0.0011229	0.70262	0.93053	1.0	1374	3	-0.0011229	0.8056866764230499	-1.0
A549|chr15_96340602-96341102	5	0.52452	0.61089	0.875478	1171	2	0.071276	0.31458	0.64986	1.0	927	2	0.071276	0.744488748727474	-1.0
A549|chr2_43295149-43295649	8	0.52524	0.68806	0.897891	1172	3	0.22868	0.18115	0.56632	1.0	672	5	0.22868	0.44946537836094047	-1.0
A549|chr5_95834864-95835364	4	0.52741	0.55978	0.849429	1173	2	0.36735	0.19219	0.47562	1.0	695	2	0.36735	0.26756241913804507	-1.0
A549|chr2_9244908-9245408	8	0.52928	0.68806	0.897891	1174	1	0.75818	0.0058443	0.057481	1.0	37	5	0.75818	0.4607589650598831	-1.0
K562|chr1_230133186-230133686	8	0.52969	0.68806	0.897891	1175	2	0.43308	0.0592	0.2982	1.0	315	6	0.43308	0.821498646953858	-1.0
K562|chr16_87862264-87862764	8	0.53095	0.68806	0.897891	1176	3	0.14709	0.32487	0.73977	1.0	940	4	0.14709	0.7899971055897393	-1.0
K562|chr16_89324651-89325151	8	0.53255	0.68806	0.897891	1177	2	0.99367	0.014564	0.1461	1.0	93	5	0.99367	0.2032690185611571	-1.0
A549|chr5_59496463-59496963	5	0.53274	0.6109	0.875478	1178	2	0.0080253	0.098064	0.33403	1.0	451	2	0.0080253	0.24854466368266853	-1.0
K562|chr16_87858965-87859465	6	0.53319	0.66829	0.897891	1179	2	0.082828	0.54824	0.84324	1.0	1235	3	0.082828	0.7847415192097067	-1.0
K562|chr21_37367236-37367736	8	0.53473	0.68806	0.897891	1180	2	0.22354	0.08653	0.38695	1.0	418	6	0.22354	0.7637318974702756	-1.0
A549|chr13_110308317-110308817	8	0.53535	0.68806	0.897891	1181	3	0.016282	0.51367	0.86831	1.0	1187	4	0.016282	0.245237602438838	-1.0
A549|chr11_126347245-126347745	8	0.53545	0.68806	0.897891	1182	2	0.63013	0.030712	0.2203	1.0	177	6	0.63013	0.452012587057685	-1.0
A549|chr3_45565293-45565793	7	0.53705	0.66094	0.897891	1183	2	0.50368	0.055481	0.27428	1.0	296	4	0.50368	0.4199161801684135	-1.0
K562|chr19_3363574-3364074	5	0.53919	0.6109	0.875478	1184	1	0.0037287	0.583	0.82912	1.0	1278	2	0.0037287	0.7302280980694462	-1.0
A549|chr5_136094485-136094985	8	0.53925	0.68806	0.897891	1185	3	0.31804	0.047352	0.26719	1.0	267	5	0.31804	0.7738134661861835	-1.0
K562|chr19_41866414-41866914	8	0.53969	0.68806	0.897891	1186	2	0.34952	0.067809	0.32914	1.0	350	6	0.34952	0.2560734103262384	-1.0
K562|chr1_61055194-61055694	8	0.54019	0.68806	0.897891	1187	2	1.0053	0.0005502	0.0092574	1.0	5	6	1.0053	0.761516107633798	-1.0
A549|chr13_33233486-33233986	8	0.54118	0.68806	0.897891	1188	2	0.91949	0.010352	0.079693	1.0	67	6	0.91949	0.7972252161858908	-1.0
#chr3_46371573_46371595_46371574	1	0.5413	0.50234	0.83793	1189	0	0.10425	0.4587	0.49766	1.0	1116	1	0.10425	-1.0	-1.0
A549|chr15_63042031-63042531	5	0.54179	0.6109	0.875478	1190	1	0.46724	0.038482	0.18321	1.0	216	4	0.46724	0.37649608554732145	-1.0
K562|chr6_17863707-17864207	7	0.54254	0.66519	0.897891	1191	3	0.15821	0.1694	0.54796	1.0	646	4	0.15821	0.7887957017449261	3.031937539923551
K562|chr17_82121173-82121673	8	0.54298	0.69477	0.897891	1192	2	0.14103	0.2765	0.69354	1.0	874	4	0.14103	0.32668866131181	-1.0
A549|chr4_57109535-57110035	7	0.54371	0.66519	0.897891	1193	2	0.068912	0.66346	0.90135	1.0	1338	3	0.068912	0.43743480664829776	-1.0
A549|chr17_77432099-77432599	7	0.5456	0.67738	0.897891	1194	1	0.53096	0.0073212	0.060403	1.0	50	5	0.53096	0.20882440111251688	-1.0
*CCDC33	5	0.54579	0.6109	0.875478	1195	2	0.27458	0.050785	0.23555	1.0	279	3	0.27458	-1.0	-1.0
A549|chr2_237671652-237672152	8	0.54592	0.70336	0.897891	1196	3	0.31003	0.004316	0.045567	1.0	29	5	0.31003	0.33430009020088136	-1.0
K562|chr16_74985837-74986337	5	0.54787	0.6109	0.875478	1197	2	0.19645	0.13306	0.42664	1.0	538	3	0.19645	0.8471731929055413	-1.0
A549|chr3_71132624-71133124	8	0.54872	0.70336	0.897891	1198	3	0.34877	0.19152	0.58248	1.0	692	5	0.34877	0.41646355441175387	-1.0
A549|chr14_68666135-68666635	8	0.55086	0.70336	0.897891	1199	3	0.22685	0.22497	0.63703	1.0	771	5	0.22685	0.2849994104188736	-1.0
K562|chr2_10303697-10304197	7	0.55185	0.67739	0.897891	1200	3	0.24532	0.18249	0.57496	1.0	676	4	0.24532	0.8535873292101406	3.1245335841336144
A549|chr1_39187199-39187699	8	0.55193	0.70336	0.897891	1201	3	0.42566	0.071324	0.33132	1.0	365	5	0.42566	0.4013623701900284	-1.0
A549|chr3_30599486-30599986	8	0.55204	0.70336	0.897891	1202	2	0.37422	0.13484	0.49727	1.0	546	5	0.37422	0.2724549627776693	-1.0
K562|chr10_21524563-21525063	4	0.55252	0.60156	0.875478	1203	1	0.53705	0.062683	0.23305	1.0	324	3	0.53705	0.27970712641272943	-1.0
A549|chr5_17258075-17258575	6	0.55422	0.66829	0.897891	1204	2	-0.12581	0.58234	0.85333	1.0	1277	2	-0.12581	0.14979258673223028	-1.0
A549|chr9_71762862-71763362	8	0.55474	0.70337	0.897891	1205	3	0.3868	0.096083	0.40787	1.0	446	5	0.3868	0.7485426145359226	-1.0
K562|chr10_131901374-131901874	8	0.55528	0.70337	0.897891	1206	1	0.61049	0.012432	0.13142	1.0	79	7	0.61049	0.24608001186079204	-1.0
*IGLL1	5	0.55546	0.6109	0.875478	1207	2	0.0031247	0.53499	0.81025	1.0	1222	2	0.0031247	-1.0	-1.0
A549|chr10_119335817-119336317	8	0.55596	0.70337	0.897891	1208	3	0.036183	0.026171	0.21099	1.0	156	4	0.036183	0.7904057048168626	-1.0
A549|chr4_168787780-168788280	8	0.55598	0.70337	0.897891	1209	1	0.11266	0.49878	0.85899	1.0	1162	4	0.11266	0.7613494385232356	-1.0
A549|chr9_753976-754476	8	0.55736	0.70337	0.897891	1210	3	0.34293	0.15005	0.51228	1.0	598	5	0.34293	0.7166975292850392	-1.0
A549|chr12_53006988-53007488	5	0.55741	0.6109	0.875478	1211	2	0.43741	0.1139	0.37508	1.0	499	3	0.43741	0.6071662001121719	3.042593866112812
A549|chr11_126352435-126352935	7	0.55807	0.6811	0.897891	1212	2	0.14828	0.067463	0.3054	1.0	343	4	0.14828	0.49409636003085977	-1.0
K562|chr6_17985619-17986119	5	0.55838	0.6109	0.875478	1213	2	0.30261	0.083753	0.31195	1.0	409	3	0.30261	0.19984549199844778	-1.0
K562|chr6_12012928-12013428	8	0.55913	0.70337	0.897891	1214	2	0.02621	0.87736	0.97234	1.0	1510	2	0.02621	0.18169413059946718	-1.0
K562|chr1_230136424-230136924	8	0.55962	0.70337	0.897891	1215	3	0.076515	0.48718	0.84774	1.0	1146	4	0.076515	0.6428929520098288	-1.0
A549|chr2_54560976-54561476	8	0.55978	0.70337	0.897891	1216	2	0.45537	0.0065314	0.063277	1.0	47	6	0.45537	0.5618097617900294	-1.0
K562|chr8_22703382-22703882	8	0.55983	0.70337	0.897891	1217	3	0.1325	0.20896	0.6151	1.0	730	4	0.1325	0.4242714534250063	-1.0
A549|chr2_237699638-237700138	7	0.56037	0.6851	0.897891	1218	3	0.03691	0.53385	0.85257	1.0	1218	3	0.03691	0.7518370906803332	-1.0
A549|chr20_19996157-19996657	8	0.56107	0.70337	0.897891	1219	3	0.15566	0.016986	0.17281	1.0	111	5	0.15566	0.7362046517449987	-1.0
A549|chr5_132413369-132413869	8	0.56116	0.70337	0.897891	1220	2	0.36573	0.10136	0.42288	1.0	456	6	0.36573	0.5770861778760253	-1.0
A549|chr5_136025845-136026345	8	0.56301	0.70619	0.898059	1221	3	0.11272	0.1118	0.45204	1.0	494	4	0.11272	0.20865196380934692	-1.0
A549|chr3_71079037-71079537	7	0.56446	0.69271	0.897891	1222	3	0.086494	0.52353	0.84887	1.0	1206	3	0.086494	0.7465267716680879	-1.0
K562|chr1_27527691-27528191	6	0.56777	0.6757	0.897891	1223	2	0.33631	0.15623	0.49788	1.0	617	3	0.33631	0.6762641183519201	3.381585785198744
A549|chr7_47605767-47606267	8	0.56833	0.70937	0.898059	1224	2	0.21631	0.072797	0.34032	1.0	371	6	0.21631	0.1836313701105485	-1.0
K562|chr11_67284652-67285152	8	0.56958	0.70937	0.898059	1225	3	0.086244	0.089753	0.40236	1.0	429	4	0.086244	0.24809913032755773	-1.0
K562|chr19_3370630-3371130	8	0.56967	0.70937	0.898059	1226	2	0.49909	0.026204	0.21099	1.0	157	5	0.49909	0.2160396743973723	-1.0
A549|chr4_87114499-87114999	4	0.56983	0.61471	0.875478	1227	1	0.10077	0.48885	0.73962	1.0	1147	2	0.10077	0.7550588847119826	-1.0
A549|chr4_7832066-7832566	6	0.5722	0.6757	0.897891	1228	2	0.63398	0.010466	0.10267	1.0	68	4	0.63398	0.6894287682996577	-1.0
K562|chr19_5977637-5978137	4	0.57253	0.62109	0.881149	1229	2	0.0075706	0.82233	0.89506	1.0	1471	1	0.0075706	0.8202433166969052	4.975760693930908
A549|chr9_71748309-71748809	8	0.57456	0.70937	0.898059	1230	3	0.021761	0.41538	0.80067	1.0	1052	4	0.021761	0.24434536741855342	-1.0
A549|chr17_27349311-27349811	5	0.57572	0.62184	0.881443	1231	2	0.12897	0.3865	0.70381	1.0	1022	3	0.12897	0.8337468649135339	-1.0
A549|chr10_119370344-119370844	7	0.57665	0.69271	0.897891	1232	3	0.042505	0.067022	0.30539	1.0	341	3	0.042505	0.7772673536966299	-1.0
K562|chr19_41868123-41868623	8	0.5779	0.70937	0.898059	1233	3	0.30996	0.069633	0.33132	1.0	358	5	0.30996	0.4107976029129221	-1.0
K562|chr14_68800320-68800820	8	0.57936	0.70937	0.898059	1234	3	0.41653	0.10243	0.42723	1.0	461	5	0.41653	0.3081270151557914	-1.0
K562|chr20_32358211-32358711	8	0.58146	0.70937	0.898059	1235	3	0.14641	0.25125	0.66924	1.0	826	5	0.14641	0.5711400034092343	3.037147857148407
A549|chr17_27351667-27352167	8	0.5826	0.71283	0.899639	1236	3	0.082491	0.51554	0.87067	1.0	1193	3	0.082491	0.2856151025443727	-1.0
K562|chr6_42025415-42025915	8	0.58264	0.71283	0.899639	1237	3	0.045554	0.40432	0.79344	1.0	1043	4	0.045554	0.7745838049739499	-1.0
A549|chr3_127734317-127734817	6	0.58386	0.68303	0.897891	1238	2	0.045016	0.37456	0.74484	1.0	1009	2	0.045016	0.7671799256204888	-1.0
A549|chr6_71388286-71388786	6	0.58405	0.68303	0.897891	1239	2	0.34281	0.11501	0.40255	1.0	502	4	0.34281	0.4777382172415785	-1.0
K562|chr22_46595569-46596069	8	0.58524	0.71284	0.899639	1240	3	0.20947	0.074085	0.34032	1.0	377	4	0.20947	0.7601620519215022	-1.0
A549|chr11_122192851-122193351	8	0.58724	0.7165	0.90094	1241	2	0.20596	0.38532	0.78663	1.0	1020	4	0.20596	0.6790819330170644	-1.0
A549|chr10_33341865-33342365	8	0.58756	0.71651	0.90094	1242	1	0.3105	0.0094917	0.077716	1.0	64	5	0.3105	0.3906585108230721	-1.0
A549|chr7_47581116-47581616	7	0.58809	0.70632	0.898059	1243	2	0.24287	0.15484	0.52673	1.0	613	5	0.24287	0.49605033981213587	-1.0
A549|chr10_33258999-33259499	8	0.589	0.71948	0.90094	1244	3	0.14091	0.24143	0.65663	1.0	803	4	0.14091	0.576612012384131	-1.0
K562|chr10_5476448-5476948	7	0.59267	0.71162	0.899639	1245	2	0.48562	0.13634	0.45702	1.0	552	5	0.48562	0.224585763501643	-1.0
K562|chr10_21535107-21535607	8	0.593	0.71949	0.90094	1246	3	0.39613	0.064804	0.31398	1.0	333	5	0.39613	0.6873095185013031	4.627603567576888
A549|chr12_76029839-76030339	3	0.59556	0.57475	0.860798	1247	1	0.40098	0.19267	0.41501	1.0	697	2	0.40098	0.722996752786013	-1.0
A549|chr1_8358506-8359006	6	0.59572	0.6952	0.897891	1248	2	0.2458	0.19392	0.53491	1.0	700	4	0.2458	0.3723910204539993	-1.0
K562|chr6_7173173-7173673	8	0.59818	0.72726	0.905559	1249	3	-0.012648	0.69214	0.92485	1.0	1363	3	-0.012648	0.5996257116434901	-1.0
A549|chr20_38168944-38169444	8	0.60071	0.73091	0.905559	1250	2	0.42335	0.036774	0.23375	1.0	211	6	0.42335	0.7613626395700931	-1.0
K562|chr22_41830898-41831398	8	0.60225	0.73091	0.905559	1251	2	0.081469	0.51883	0.87067	1.0	1198	4	0.081469	0.7945690379748341	-1.0
A549|chr15_78067755-78068255	8	0.60261	0.73091	0.905559	1252	3	0.23953	0.068518	0.32914	1.0	354	5	0.23953	0.7124790561309092	-1.0
K562|chr10_131908174-131908674	8	0.60472	0.73091	0.905559	1253	3	0.10555	0.43145	0.80566	1.0	1077	4	0.10555	0.5076188179782337	-1.0
A549|chr13_110319363-110319863	8	0.60477	0.73091	0.905559	1254	2	0.42993	0.065739	0.32056	1.0	337	5	0.42993	0.6398168137580922	-1.0
A549|chr9_113529963-113530463	5	0.60524	0.62734	0.88528	1255	2	0.62311	0.081115	0.30643	1.0	401	3	0.62311	0.6855806521538085	-1.0
A549|chr11_65439690-65440190	6	0.60653	0.69974	0.897891	1256	2	0.077915	0.070137	0.30315	1.0	360	3	0.077915	0.5545961879546673	-1.0
A549|chr9_113594523-113595023	7	0.60762	0.71822	0.90094	1257	2	0.068281	0.34162	0.71578	1.0	957	3	0.068281	0.4994448425698855	-1.0
A549|chr18_58287579-58288079	8	0.60779	0.73092	0.905559	1258	3	0.42379	0.082065	0.37002	1.0	405	5	0.42379	0.22209725259644947	-1.0
K562|chr15_92831013-92831513	7	0.60872	0.71823	0.90094	1259	2	0.51681	0.080765	0.35388	1.0	399	5	0.51681	0.814896326046016	-1.0
A549|chr12_76025160-76025660	7	0.609	0.71823	0.90094	1260	1	0.58965	0.030753	0.18875	1.0	178	6	0.58965	0.15253036306493	-1.0
A549|chr12_106108906-106109406	8	0.60912	0.73092	0.905559	1261	3	0.11138	0.21362	0.62988	1.0	738	4	0.11138	0.24237672965537266	-1.0
A549|chr20_38117186-38117686	8	0.61117	0.73092	0.905559	1262	2	0.2034	0.30744	0.72805	1.0	919	4	0.2034	0.1683916622700949	-1.0
A549|chr10_102777583-102778083	8	0.6114	0.73092	0.905559	1263	2	0.1978	0.067243	0.32913	1.0	342	6	0.1978	0.6352585298974517	-1.0
#chr3_46371743_46371765_46371744	1	0.61155	0.55442	0.849429	1264	0	0.24904	0.38845	0.44558	1.0	1027	1	0.24904	-1.0	-1.0
K562|chr1_246566186-246566686	8	0.61327	0.73857	0.908648	1265	3	0.19549	0.19066	0.58248	1.0	690	5	0.19549	0.8489070000475349	3.3514253346910063
A549|chr16_89359323-89359823	8	0.6159	0.73858	0.908648	1266	3	0.23148	0.074745	0.34032	1.0	379	4	0.23148	0.8392420340693483	-1.0
A549|chr3_71027091-71027591	7	0.61802	0.72313	0.903662	1267	1	0.35693	0.093557	0.39686	1.0	442	5	0.35693	0.4140107172499402	-1.0
A549|chr2_43271161-43271661	8	0.61813	0.74222	0.908707	1268	3	0.082421	0.28619	0.70484	1.0	884	4	0.082421	0.3179553648840937	-1.0
A549|chr20_38167950-38168450	5	0.61957	0.65153	0.897891	1269	2	-0.06487	0.25139	0.57091	1.0	827	2	-0.06487	0.26203493439670467	-1.0
K562|chr11_117986523-117987023	6	0.62063	0.70425	0.897891	1270	2	0.257	0.28684	0.6576	1.0	885	4	0.257	0.8905043017649588	3.151773923348828
K562|chr8_38148057-38148557	6	0.62164	0.70425	0.897891	1271	1	0.19148	0.2552	0.61268	1.0	831	4	0.19148	0.39997478139260695	-1.0
K562|chr10_21531127-21531627	8	0.62202	0.74523	0.908979	1272	3	0.21588	0.19815	0.58854	1.0	713	5	0.21588	0.26326619410377106	-1.0
K562|chr19_45887609-45888109	7	0.62257	0.73623	0.908648	1273	2	0.37689	0.13613	0.45702	1.0	550	5	0.37689	0.7595638436757058	-1.0
A549|chr15_60411996-60412496	8	0.62275	0.74524	0.908979	1274	3	0.49584	0.081978	0.37002	1.0	404	5	0.49584	0.8219421012853396	-1.0
A549|chr7_131010041-131010541	8	0.62455	0.74524	0.908979	1275	3	0.14007	0.012987	0.13338	1.0	82	4	0.14007	0.19412733119305797	-1.0
A549|chr7_55020799-55021299	5	0.62483	0.65153	0.897891	1276	1	0.99379	0.0040947	0.033513	1.0	26	4	0.99379	0.46164589302119596	-1.0
K562|chr17_82097646-82098146	2	0.62751	0.55187	0.849429	1277	1	0.51167	0.10318	0.24449	1.0	465	1	0.51167	0.7478838461786065	5.07827191745736
A549|chr6_71406843-71407343	8	0.62756	0.74824	0.908979	1278	2	0.4992	0.075794	0.34032	1.0	384	6	0.4992	0.22869551660981452	-1.0
A549|chr13_110326639-110327139	7	0.62848	0.73623	0.908648	1279	3	-0.066598	0.1714	0.54796	1.0	652	3	-0.066598	0.7455222570004005	-1.0
K562|chr19_4399021-4399521	7	0.63004	0.73623	0.908648	1280	2	0.21673	0.37745	0.76031	1.0	1011	4	0.21673	0.31925313362372815	-1.0
K562|chr19_19131874-19132374	8	0.63014	0.75167	0.908979	1281	3	-0.040666	0.82147	0.96245	1.0	1470	1	-0.040666	0.39502102594543304	-1.0
A549|chr1_8017039-8017539	8	0.63074	0.75167	0.908979	1282	3	0.49185	0.17781	0.55555	1.0	664	5	0.49185	0.20384710167228592	-1.0
K562|chr17_75150945-75151445	8	0.63094	0.75167	0.908979	1283	3	0.20272	0.23722	0.65408	1.0	796	5	0.20272	0.4409831196409542	-1.0
A549|chr15_77992780-77993280	8	0.63155	0.75167	0.908979	1284	2	0.27067	0.032802	0.2203	1.0	188	6	0.27067	0.5959360555281819	-1.0
K562|chr16_85305559-85306059	8	0.63302	0.75482	0.908979	1285	3	0.045984	0.2569	0.67555	1.0	834	4	0.045984	0.8083937088746558	-1.0
A549|chr11_65508214-65508714	8	0.63462	0.75482	0.908979	1286	3	0.69808	0.024998	0.20568	1.0	153	5	0.69808	0.5944992582508789	-1.0
A549|chr10_33194030-33194530	8	0.63478	0.75482	0.908979	1287	2	0.49227	0.00035296	0.0068233	1.0	3	4	0.49227	0.20485347212490393	-1.0
A549|chr3_71045556-71046056	8	0.63528	0.75482	0.908979	1288	3	0.26158	0.015776	0.15495	1.0	105	4	0.26158	0.20423926848834179	-1.0
A549|chr7_130908989-130909489	8	0.6355	0.75482	0.908979	1289	2	0.15317	0.22019	0.63241	1.0	756	4	0.15317	0.6392689335685475	-1.0
A549|chr2_20526622-20527122	5	0.63586	0.67034	0.897891	1290	2	-0.046774	0.44405	0.75857	1.0	1095	2	-0.046774	0.7552107076996317	-1.0
A549|chr6_11185067-11185567	7	0.63787	0.74126	0.908707	1291	2	0.21503	0.20995	0.60622	1.0	734	4	0.21503	0.2190705886766881	-1.0
K562|chr18_3622908-3623408	8	0.63856	0.75482	0.908979	1292	3	0.29158	0.058795	0.2982	1.0	314	5	0.29158	0.43555864210004486	-1.0
K562|chr17_82097400-82097900	6	0.64033	0.70425	0.897891	1293	2	0.13567	0.1343	0.44702	1.0	540	3	0.13567	0.46025758833790115	5.07827191745736
A549|chr5_14164518-14165018	8	0.64346	0.75483	0.908979	1294	2	0.46419	0.02053	0.19	1.0	132	6	0.46419	0.34343050889680227	-1.0
K562|chr11_94740589-94741089	5	0.6442	0.67693	0.897891	1295	2	0.3332	0.053321	0.24087	1.0	286	3	0.3332	0.813602979536966	-1.0
A549|chr10_3889573-3890073	6	0.64459	0.70426	0.897891	1296	1	0.49347	0.035429	0.19176	1.0	204	3	0.49347	0.563261530734876	-1.0
A549|chr11_126413725-126414225	5	0.64483	0.67694	0.897891	1297	2	0.084511	0.58468	0.83542	1.0	1279	2	0.084511	0.6870685161615385	-1.0
A549|chrX_107677896-107678396	6	0.64595	0.70426	0.897891	1298	2	0.18178	0.26759	0.63533	1.0	856	4	0.18178	-1.0	-1.0
#chr3_46372232_46372254_46372233	1	0.64632	0.58699	0.872688	1299	0	0.32219	0.35368	0.41301	1.0	981	1	0.32219	-1.0	-1.0
K562|chr1_21763996-21764496	5	0.64748	0.6831	0.897891	1300	2	0.89056	0.01215	0.096573	1.0	78	3	0.89056	0.34470003972369323	-1.0
K562|chr18_48973867-48974367	7	0.64759	0.75271	0.908979	1301	2	0.11529	0.24355	0.62216	1.0	811	4	0.11529	0.2668744262349698	-1.0
K562|chr3_4984958-4985458	6	0.6477	0.70426	0.897891	1302	2	0.44487	0.18216	0.52885	1.0	675	4	0.44487	0.7495430398733309	-1.0
A549|chr15_89117342-89117842	8	0.64774	0.75483	0.908979	1303	2	0.24355	0.076166	0.34268	1.0	386	6	0.24355	0.26473961437515475	-1.0
K562|chr10_11894072-11894572	8	0.64887	0.75483	0.908979	1304	2	0.076142	0.50685	0.86316	1.0	1175	4	0.076142	0.7391469229253219	3.124927155576529
A549|chr22_45717768-45718268	6	0.64949	0.70426	0.897891	1305	2	0.21279	0.2981	0.67187	1.0	906	3	0.21279	0.16268532900628208	-1.0
#chr3_9376728_9376750_9376729	1	0.65153	0.587	0.872688	1306	0	0.58823	0.34847	0.413	1.0	969	1	0.58823	-1.0	-1.0
K562|chr11_360228-360728	7	0.65243	0.75271	0.908979	1307	3	-0.088045	0.13998	0.47374	1.0	565	3	-0.088045	0.5458585477541114	-1.0
A549|chr1_234526853-234527353	8	0.65364	0.75832	0.908979	1308	2	0.38401	0.12733	0.4928	1.0	527	5	0.38401	0.6757908672492028	-1.0
K562|chr2_26754957-26755457	8	0.65385	0.75832	0.908979	1309	3	0.33904	0.16626	0.53462	1.0	638	5	0.33904	0.2536306174647872	-1.0
A549|chr13_110388541-110389041	7	0.65436	0.75271	0.908979	1310	2	0.15976	0.10965	0.41608	1.0	488	5	0.15976	0.24478320141442783	-1.0
A549|chr15_89115917-89116417	8	0.65489	0.75832	0.908979	1311	3	0.47926	0.14807	0.51227	1.0	591	5	0.47926	0.20362330057330658	-1.0
A549|chr7_130924531-130925031	8	0.6551	0.75832	0.908979	1312	2	0.21718	0.24682	0.66713	1.0	816	5	0.21718	0.5759669466552668	-1.0
A549|chr17_27596012-27596512	8	0.65574	0.75832	0.908979	1313	2	0.58575	0.027052	0.21499	1.0	161	5	0.58575	0.364692602338166	-1.0
A549|chr7_130985332-130985832	6	0.65672	0.70426	0.897891	1314	2	0.17503	0.057608	0.2496	1.0	307	4	0.17503	0.24670012690090326	-1.0
A549|chr3_71034911-71035411	8	0.65764	0.75832	0.908979	1315	2	0.071104	0.22848	0.64497	1.0	781	4	0.071104	0.281251990688066	-1.0
K562|chr11_86054210-86054710	5	0.65766	0.6831	0.897891	1316	1	0.92127	0.024406	0.14253	1.0	148	4	0.92127	0.2657436007859839	-1.0
A549|chr11_19952168-19952668	5	0.65939	0.6831	0.897891	1317	2	0.025888	0.53936	0.81303	1.0	1225	2	0.025888	0.4443283579229235	-1.0
A549|chr1_234919157-234919657	4	0.66218	0.68838	0.897891	1318	1	-0.070822	0.59262	0.79683	1.0	1287	1	-0.070822	0.7372979728830302	-1.0
A549|chr3_30598609-30599109	8	0.66275	0.75832	0.908979	1319	3	0.44201	0.11935	0.48417	1.0	509	5	0.44201	0.7911664098043221	-1.0
K562|chr4_1857797-1858297	7	0.66345	0.75272	0.908979	1320	1	0.36221	0.032428	0.20286	1.0	187	6	0.36221	0.7814059642008794	-1.0
A549|chr11_20000767-20001267	5	0.66366	0.70127	0.897891	1321	2	0.14542	0.27274	0.60226	1.0	867	3	0.14542	0.36167999757392605	-1.0
A549|chr8_17801119-17801619	3	0.66373	0.6393	0.897568	1322	1	0.35023	0.26333	0.50275	1.0	846	2	0.35023	0.7652054657907633	4.986152004128169
A549|chr10_3782021-3782521	5	0.66379	0.70127	0.897891	1323	1	0.071131	0.19082	0.52513	1.0	691	2	0.071131	0.8215892257564315	-1.0
A549|chr15_78076390-78076890	8	0.66534	0.76205	0.909362	1324	3	0.029312	0.65064	0.91556	1.0	1325	3	0.029312	0.5892389922912956	-1.0
A549|chr3_58014851-58015351	8	0.66648	0.76206	0.909362	1325	3	0.22955	0.2377	0.65408	1.0	798	5	0.22955	0.24423023368543936	-1.0
A549|chr3_71068233-71068733	8	0.66724	0.76206	0.909362	1326	3	0.42133	0.15082	0.51228	1.0	602	5	0.42133	0.2322773622248017	-1.0
A549|chr5_95834329-95834829	2	0.66844	0.60069	0.875478	1327	1	-0.16524	0.80672	0.8488	1.0	1457	0	-0.16524	0.7904258216537425	-1.0
A549|chr1_64949401-64949901	8	0.6687	0.76858	0.909362	1328	1	0.43636	0.055681	0.29279	1.0	297	6	0.43636	0.21936932838225898	-1.0
A549|chr17_77355097-77355597	8	0.66897	0.76858	0.909362	1329	3	0.17903	0.38654	0.78663	1.0	1023	4	0.17903	0.2079017605028603	-1.0
A549|chr2_54618621-54619121	8	0.66932	0.76858	0.909362	1330	2	0.55937	0.029241	0.21685	1.0	169	6	0.55937	0.19568999065312057	-1.0
#chr3_9376262_9376284_9376263	1	0.66945	0.61285	0.875478	1331	0	0.40567	0.33055	0.38715	1.0	942	1	0.40567	-1.0	-1.0
A549|chr5_17217932-17218432	4	0.67101	0.68838	0.897891	1332	1	0.45548	0.050884	0.20445	1.0	280	2	0.45548	0.5230537029987806	-1.0
K562|chr10_74004287-74004787	8	0.67252	0.76859	0.909362	1333	3	0.44793	0.064941	0.31398	1.0	335	5	0.44793	0.7905395550509179	-1.0
A549|chr5_14182230-14182730	8	0.67324	0.76859	0.909362	1334	1	0.47703	0.04559	0.26529	1.0	260	5	0.47703	0.22505724836034863	-1.0
A549|chr21_38813463-38813963	8	0.6743	0.76859	0.909362	1335	1	0.53708	0.0063129	0.063271	1.0	45	7	0.53708	0.7681882318821444	-1.0
#chr19_55115617_55115639_55115618	1	0.67598	0.61285	0.875478	1336	0	0.57344	0.32402	0.38715	1.0	938	1	0.57344	-1.0	-1.0
A549|chr7_131157794-131158294	8	0.67746	0.77191	0.909362	1337	2	0.15877	0.028927	0.21684	1.0	168	4	0.15877	0.25873032175016464	-1.0
A549|chr11_65508751-65509251	6	0.67808	0.71998	0.90094	1338	2	0.2202	0.38047	0.75333	1.0	1016	3	0.2202	0.7505472768352275	-1.0
A549|chr4_168842137-168842637	8	0.67813	0.77191	0.909362	1339	3	-0.035575	0.59507	0.89969	1.0	1289	3	-0.035575	0.4854732829407686	-1.0
A549|chr10_33264156-33264656	8	0.67853	0.77191	0.909362	1340	2	0.20339	0.22309	0.63242	1.0	765	5	0.20339	0.6458340906788517	-1.0
*SDS	5	0.67888	0.71396	0.899656	1341	2	0.614	0.058008	0.25138	1.0	310	3	0.614	-1.0	-1.0
A549|chr2_43233487-43233987	6	0.67952	0.71998	0.90094	1342	1	0.51852	0.15636	0.49788	1.0	618	4	0.51852	0.7482597619763798	-1.0
K562|chr11_65503230-65503730	5	0.68052	0.71396	0.899656	1343	2	0.1001	0.42422	0.74472	1.0	1063	3	0.1001	0.2887378932026996	-1.0
#chr3_46371947_46371969_46371948	1	0.68074	0.61285	0.875478	1344	0	0.65344	0.31926	0.38715	1.0	934	1	0.65344	-1.0	-1.0
A549|chr3_45616568-45617068	8	0.68222	0.77493	0.909362	1345	3	0.18854	0.014382	0.1461	1.0	92	4	0.18854	0.5457019271719596	-1.0
A549|chr7_27144991-27145491	8	0.68297	0.77493	0.909362	1346	3	0.082269	0.029615	0.21685	1.0	172	4	0.082269	0.7802184062725739	-1.0
A549|chr9_21568377-21568877	8	0.68333	0.77493	0.909362	1347	3	0.31648	0.19822	0.58854	1.0	714	5	0.31648	0.6450712121383165	-1.0
#chr3_46372123_46372145_46372144	1	0.69107	0.64467	0.897891	1348	0	0.31229	0.30893	0.35533	1.0	921	1	0.31229	-1.0	-1.0
A549|chr3_30602859-30603359	8	0.69123	0.78252	0.911207	1349	3	0.25338	0.037154	0.23929	1.0	212	4	0.25338	0.4941937477732149	-1.0
K562|chr17_82097122-82097622	7	0.69154	0.77424	0.909362	1350	1	0.1506	0.14889	0.50699	1.0	592	5	0.1506	0.5101096400008709	5.07827191745736
*PPM1F	5	0.6916	0.74012	0.908648	1351	1	0.1335	0.42716	0.74472	1.0	1065	3	0.1335	-1.0	-1.0
A549|chr11_128467538-128468038	5	0.69281	0.74012	0.908648	1352	2	0.082679	0.19479	0.52513	1.0	704	2	0.082679	0.7624305405380116	-1.0
A549|chr5_95773609-95774109	8	0.69332	0.78669	0.913389	1353	2	0.13986	0.1802	0.5606	1.0	670	4	0.13986	0.19066042263342453	-1.0
A549|chr2_237735227-237735727	7	0.69349	0.77424	0.909362	1354	2	0.43158	0.020737	0.16194	1.0	134	4	0.43158	0.644207907039477	-1.0
K562|chr11_32434747-32435247	4	0.69356	0.70008	0.897891	1355	1	0.20951	0.20782	0.47948	1.0	726	2	0.20951	0.3966830888938919	4.66038957837444
K562|chr10_131898753-131899253	5	0.69389	0.74012	0.908648	1356	2	-0.024434	0.21989	0.53821	1.0	755	2	-0.024434	0.30269331818569395	-1.0
A549|chr12_104255675-104256175	5	0.69418	0.74012	0.908648	1357	2	-0.086433	0.43448	0.74908	1.0	1085	2	-0.086433	0.5316019989836708	-1.0
A549|chr12_53006026-53006526	6	0.69459	0.72509	0.905244	1358	2	0.11014	0.25084	0.61267	1.0	825	4	0.11014	0.8832400003620943	3.042593866112812
K562|chr14_35291382-35291882	3	0.69473	0.65344	0.897891	1359	1	0.27827	0.31447	0.56107	1.0	926	2	0.27827	0.7451807054048383	-1.0
K562|chr12_130873077-130873577	8	0.69686	0.79444	0.913389	1360	3	-0.11637	0.83226	0.96658	1.0	1475	2	-0.11637	0.7865798379183383	-1.0
A549|chr3_66424215-66424715	7	0.69691	0.77425	0.909362	1361	1	0.71346	0.010904	0.12125	1.0	70	6	0.71346	0.1916902395395508	-1.0
A549|chr13_112745926-112746426	8	0.69776	0.79444	0.913389	1362	3	0.5956	0.026524	0.21099	1.0	158	5	0.5956	0.7627177846392807	-1.0
A549|chr2_160376077-160376577	8	0.69836	0.79444	0.913389	1363	1	0.41403	0.010997	0.091967	1.0	71	7	0.41403	0.7756344777906425	-1.0
K562|chr11_118006594-118007094	8	0.69903	0.79744	0.913389	1364	3	0.29981	0.1122	0.45873	1.0	496	5	0.29981	0.4923887257955088	-1.0
K562|chr10_3068104-3068604	3	0.69927	0.65345	0.897891	1365	1	0.14191	0.43727	0.66172	1.0	1090	2	0.14191	0.7713041613380989	6.48011952667834
K562|chr19_2513311-2513811	8	0.69957	0.79744	0.913389	1366	3	0.33752	0.11719	0.47778	1.0	507	5	0.33752	0.5852194828766291	-1.0
K562|chr16_81445027-81445527	3	0.69963	0.65345	0.897891	1367	1	0.068606	0.41798	0.65161	1.0	1058	2	0.068606	0.24152355056759564	10.967703655260529
K562|chr2_26767784-26768284	8	0.69996	0.79744	0.913389	1368	2	0.37988	0.18779	0.577	1.0	687	5	0.37988	0.8319208752213526	-1.0
A549|chr22_46072258-46072758	6	0.70052	0.73663	0.908648	1369	2	0.34489	0.1069	0.38481	1.0	476	4	0.34489	0.6641452644300688	-1.0
K562|chr11_361827-362327	5	0.70068	0.74013	0.908648	1370	2	-0.060466	0.40847	0.73559	1.0	1047	1	-0.060466	0.6325036703065734	-1.0
A549|chr11_128509891-128510391	8	0.70171	0.79744	0.913389	1371	2	0.51875	0.075276	0.34032	1.0	380	6	0.51875	0.8150240790674995	-1.0
A549|chr8_109570621-109571121	8	0.7044	0.79744	0.913389	1372	3	0.24066	0.30975	0.73086	1.0	923	4	0.24066	0.24487895184339337	-1.0
A549|chr5_95845289-95845789	8	0.70473	0.79744	0.913389	1373	2	0.35721	0.079337	0.36452	1.0	392	6	0.35721	0.42191414187744913	-1.0
K562|chr14_68790620-68791120	8	0.70862	0.79745	0.913389	1374	2	0.12264	0.21715	0.62989	1.0	748	4	0.12264	0.8275319165599591	-1.0
#chr3_9376607_9376629_9376628	1	0.70872	0.66405	0.897891	1375	0	0.50084	0.29128	0.33595	1.0	894	1	0.50084	-1.0	-1.0
A549|chr11_122186459-122186959	8	0.71079	0.79745	0.913389	1376	3	0.10518	0.12684	0.4928	1.0	525	4	0.10518	0.19293226260661261	-1.0
K562|chr19_3376434-3376934	8	0.71203	0.79745	0.913389	1377	3	0.03794	0.46846	0.83699	1.0	1124	3	0.03794	0.7677157996863367	-1.0
K562|chr8_22691252-22691752	3	0.71261	0.65345	0.897891	1378	1	0.50954	0.14933	0.36112	1.0	595	2	0.50954	0.7792058124148384	-1.0
#chr19_55115162_55115184_55115163	1	0.71313	0.66405	0.897891	1379	0	0.38963	0.28687	0.33595	1.0	886	1	0.38963	-1.0	-1.0
A549|chr2_237690916-237691416	5	0.71319	0.76214	0.909362	1380	1	0.27707	0.3339	0.67633	1.0	945	3	0.27707	0.7839314593774886	-1.0
K562|chr19_4397356-4397856	8	0.71359	0.79745	0.913389	1381	2	0.59089	0.017109	0.17282	1.0	112	5	0.59089	0.2605708893186688	-1.0
A549|chr2_54524650-54525150	8	0.71636	0.80195	0.913389	1382	2	0.33651	0.034419	0.22369	1.0	197	5	0.33651	0.776835922337657	-1.0
A549|chr4_168695273-168695773	6	0.71676	0.74242	0.908707	1383	2	0.16453	0.30084	0.67187	1.0	910	3	0.16453	0.2661769575193111	-1.0
A549|chr15_98872763-98873263	8	0.72107	0.80195	0.913389	1384	1	0.28703	0.10667	0.43843	1.0	475	5	0.28703	0.8267284779888131	-1.0
K562|chr3_196081948-196082448	8	0.72213	0.80195	0.913389	1385	3	0.10511	0.20567	0.61058	1.0	722	5	0.10511	0.5569595691955794	5.840372659341327
A549|chr4_57114931-57115431	8	0.72317	0.80195	0.913389	1386	3	-0.011735	0.36841	0.77244	1.0	999	3	-0.011735	0.25982986668687397	-1.0
A549|chr7_131231298-131231798	7	0.72462	0.77825	0.909362	1387	2	-0.0084945	0.59292	0.87966	1.0	1288	3	-0.0084945	0.7478340956609584	-1.0
A549|chr4_87009049-87009549	8	0.72882	0.80196	0.913389	1388	3	0.11804	0.047642	0.26719	1.0	269	4	0.11804	0.6798015095712021	-1.0
A549|chr2_160374681-160375181	7	0.72882	0.77825	0.909362	1389	2	0.695	0.083041	0.3623	1.0	407	5	0.695	0.7152860547938584	-1.0
A549|chr4_7867054-7867554	8	0.72889	0.80196	0.913389	1390	2	0.1263	0.064483	0.31397	1.0	332	4	0.1263	0.2802270267104487	-1.0
K562|chr12_56677675-56678175	7	0.7318	0.77825	0.909362	1391	2	0.61578	0.049385	0.26203	1.0	274	5	0.61578	0.34313067900693	-1.0
A549|chr10_33192613-33193113	7	0.73213	0.78319	0.911207	1392	2	0.43123	0.15389	0.51577	1.0	608	4	0.43123	0.21345536106779384	-1.0
K562|chr9_123317385-123317885	8	0.73269	0.80196	0.913389	1393	2	0.27013	0.10896	0.44168	1.0	484	5	0.27013	0.23954496956815308	-1.0
A549|chr5_59064665-59065165	8	0.73289	0.80196	0.913389	1394	3	-0.077669	0.29607	0.71487	1.0	903	3	-0.077669	0.22531344254928215	-1.0
A549|chr1_64924347-64924847	8	0.73441	0.80196	0.913389	1395	3	0.66388	0.0311	0.2203	1.0	180	5	0.66388	0.2175855350471514	-1.0
#chr3_9376415_9376437_9376436	1	0.73449	0.68317	0.897891	1396	0	0.55342	0.26551	0.31683	1.0	852	1	0.55342	-1.0	-1.0
#chr19_55115502_55115524_55115503	1	0.73467	0.68317	0.897891	1397	0	0.43518	0.26533	0.31683	1.0	850	1	0.43518	-1.0	-1.0
K562|chr11_353666-354166	6	0.73721	0.76201	0.909362	1398	1	0.41808	0.10933	0.3937	1.0	486	4	0.41808	0.5791930874378756	-1.0
K562|chr10_5450534-5451034	5	0.7375	0.7778	0.909362	1399	1	0.88787	0.015109	0.10556	1.0	99	4	0.88787	0.2477204301963766	-1.0
A549|chr1_67771746-67772246	8	0.74011	0.81494	0.920423	1400	2	0.201	0.0080905	0.071433	1.0	57	6	0.201	0.404988728936015	-1.0
K562|chr12_47831870-47832370	8	0.74043	0.81494	0.920423	1401	3	0.29573	0.20295	0.6073	1.0	717	5	0.29573	0.5786779746420772	-1.0
A549|chr9_700744-701244	7	0.74057	0.78319	0.911207	1402	1	0.38263	0.043062	0.25185	1.0	239	6	0.38263	0.22557793529676654	-1.0
A549|chr1_93623411-93623911	8	0.74143	0.81781	0.920466	1403	3	0.099525	0.28746	0.71211	1.0	887	3	0.099525	0.4609237025243503	-1.0
K562|chr10_131898420-131898920	6	0.74153	0.76705	0.909362	1404	2	0.20736	0.13887	0.44702	1.0	561	4	0.20736	0.24191357810254133	-1.0
A549|chr8_30384963-30385463	8	0.74264	0.81781	0.920466	1405	2	0.13253	0.030916	0.2203	1.0	179	4	0.13253	0.7053038132592129	-1.0
K562|chr1_61051568-61052068	6	0.74358	0.76705	0.909362	1406	1	0.5384	0.045304	0.21534	1.0	255	4	0.5384	0.19151594828814555	-1.0
A549|chr10_33298814-33299314	8	0.74408	0.81781	0.920466	1407	3	0.52312	0.070743	0.33132	1.0	363	5	0.52312	0.8215717251418034	-1.0
A549|chr16_89374966-89375466	8	0.74424	0.81781	0.920466	1408	3	0.26377	0.048704	0.26719	1.0	270	4	0.26377	0.448233062780656	-1.0
A549|chr22_46078251-46078751	8	0.74456	0.81781	0.920466	1409	2	0.60107	0.031805	0.2203	1.0	185	6	0.60107	0.7298945570413388	-1.0
A549|chr21_38990332-38990832	7	0.7446	0.7832	0.911207	1410	2	0.15708	0.35461	0.7189	1.0	982	4	0.15708	0.5075836904898808	-1.0
A549|chr13_110300371-110300871	8	0.74717	0.82264	0.923343	1411	2	0.18021	0.35668	0.76473	1.0	984	4	0.18021	0.8302747023176109	-1.0
A549|chr9_38068364-38068864	6	0.74832	0.77224	0.909362	1412	2	0.23199	0.034733	0.18945	1.0	199	4	0.23199	0.7501566318862503	5.380134812608355
A549|chr5_14176904-14177404	8	0.74884	0.82265	0.923343	1413	3	0.23703	0.15432	0.52823	1.0	611	5	0.23703	0.2639294394241552	-1.0
A549|chr13_110307691-110308191	5	0.74997	0.78208	0.911207	1414	1	0.16309	0.10576	0.35108	1.0	473	4	0.16309	0.7585003384969288	-1.0
A549|chr2_28602935-28603435	8	0.75028	0.82566	0.925445	1415	2	0.59	0.044859	0.26346	1.0	250	6	0.59	0.24082457194905377	-1.0
A549|chr3_30581991-30582491	6	0.75047	0.77687	0.909362	1416	2	0.38247	0.046253	0.22121	1.0	263	4	0.38247	0.23088219122659406	-1.0
K562|chr17_82112893-82113393	7	0.7507	0.7832	0.911207	1417	2	0.30846	0.00045269	0.0075005	1.0	4	4	0.30846	0.3026393418356982	-1.0
A549|chr9_38069317-38069817	6	0.75105	0.77688	0.909362	1418	2	0.27941	0.13478	0.44702	1.0	545	4	0.27941	0.751766975679975	3.6281750926711074
A549|chr2_237672076-237672576	8	0.75111	0.83162	0.926809	1419	3	0.69946	0.044571	0.26346	1.0	248	5	0.69946	0.20229653868463077	-1.0
K562|chr5_10377613-10378113	8	0.75421	0.83162	0.926809	1420	2	0.70508	0.024791	0.20185	1.0	150	5	0.70508	0.7820351693398089	-1.0
A549|chr1_234907548-234908048	8	0.7554	0.83162	0.926809	1421	2	0.22838	0.24191	0.65663	1.0	805	5	0.22838	0.29163429253740547	-1.0
K562|chr10_21533921-21534421	4	0.75541	0.72326	0.903662	1422	1	0.028576	0.39324	0.6811	1.0	1033	1	0.028576	0.8039058909528006	4.627603567576888
A549|chr7_55067114-55067614	3	0.75569	0.69731	0.897891	1423	1	0.42387	0.22509	0.46367	1.0	772	2	0.42387	0.6680534715368869	-1.0
A549|chr7_55056006-55056506	8	0.75675	0.83163	0.926809	1424	2	0.43869	0.013005	0.13338	1.0	83	6	0.43869	0.7478506591202498	-1.0
A549|chr15_85581410-85581910	8	0.75699	0.83163	0.926809	1425	1	0.10063	0.27361	0.68335	1.0	869	5	0.10063	0.44092682514504544	-1.0
A549|chr9_38068621-38069121	4	0.76149	0.73527	0.908648	1426	1	0.67216	0.085054	0.2703	1.0	411	3	0.67216	0.791076857290274	5.380134812608355
A549|chr11_126403259-126403759	8	0.76277	0.8347	0.927818	1427	2	0.56772	0.011858	0.1308	1.0	77	6	0.56772	0.7178088811619898	-1.0
A549|chr2_54561734-54562234	8	0.76346	0.8347	0.927818	1428	2	0.10603	0.48216	0.84774	1.0	1140	4	0.10603	0.5052081117349089	-1.0
A549|chr18_3609543-3610043	8	0.76605	0.8347	0.927818	1429	2	0.097656	0.5439	0.87489	1.0	1231	4	0.097656	0.19230222259065044	-1.0
K562|chr1_246573394-246573894	8	0.76983	0.83804	0.927972	1430	2	0.32823	0.19587	0.58249	1.0	707	5	0.32823	0.8314886023760661	-1.0
A549|chr9_71756255-71756755	8	0.77097	0.83804	0.927972	1431	2	0.48992	0.081806	0.37002	1.0	402	5	0.48992	0.7661136349117086	-1.0
K562|chr8_143935975-143936475	5	0.77255	0.79123	0.913389	1432	1	0.081464	0.14944	0.45441	1.0	596	4	0.081464	0.25009256002219815	-1.0
*CD302	5	0.7755	0.79123	0.913389	1433	1	0.63687	0.015599	0.10929	1.0	103	4	0.63687	-1.0	-1.0
A549|chr6_11161214-11161714	7	0.77618	0.80471	0.91588	1434	1	1.0709	0.006308	0.05653	1.0	44	6	1.0709	0.5487316734040657	-1.0
A549|chr11_122197386-122197886	7	0.77805	0.80849	0.918303	1435	2	-0.10573	0.89905	0.97085	1.0	1525	2	-0.10573	0.6410852501802492	-1.0
K562|chr1_8877242-8877742	8	0.77849	0.84164	0.927972	1436	2	0.13712	0.16158	0.532	1.0	630	4	0.13712	0.850295615784801	-1.0
K562|chr1_8872898-8873398	8	0.77897	0.84164	0.927972	1437	2	0.046455	0.16384	0.53461	1.0	636	4	0.046455	0.5752427701871575	-1.0
K562|chr22_39522689-39523189	6	0.78363	0.81874	0.920864	1438	2	0.53965	0.033682	0.18945	1.0	192	4	0.53965	0.8687713104767942	-1.0
A549|chr9_71769339-71769839	7	0.78489	0.81276	0.91925	1439	2	0.20154	0.13464	0.45125	1.0	543	5	0.20154	0.5299356786046837	3.154263396361909
K562|chr10_131901052-131901552	4	0.79	0.76463	0.909362	1440	1	0.41373	0.13644	0.38786	1.0	554	3	0.41373	0.7897928627068772	-1.0
A549|chr9_21559676-21560176	3	0.79089	0.74163	0.908707	1441	1	-0.053526	0.40926	0.64163	1.0	1048	1	-0.053526	0.6198082714491183	-1.0
A549|chr2_237690664-237691164	6	0.79228	0.82741	0.926768	1442	2	0.51401	0.025876	0.16495	1.0	155	4	0.51401	0.6889509584080606	-1.0
A549|chr11_48043287-48043787	7	0.79415	0.81277	0.91925	1443	2	0.13424	0.39238	0.77393	1.0	1032	4	0.13424	0.7900764079926411	-1.0
K562|chr20_32360260-32360760	7	0.7947	0.81277	0.91925	1444	2	0.45084	0.082772	0.35388	1.0	406	5	0.45084	0.7660507660944048	-1.0
A549|chr13_110298330-110298830	7	0.79608	0.81277	0.91925	1445	2	0.2849	0.1451	0.49467	1.0	585	4	0.2849	0.7523370737602489	-1.0
A549|chr11_128499674-128500174	6	0.7966	0.83155	0.926809	1446	2	0.028663	0.38664	0.75333	1.0	1024	3	0.028663	0.8052272502408035	-1.0
A549|chr15_59372967-59373467	7	0.79772	0.81277	0.91925	1447	2	0.56574	0.12208	0.42589	1.0	513	5	0.56574	0.2023508312695516	-1.0
K562|chr4_40227217-40227717	7	0.79949	0.82071	0.922448	1448	2	0.13345	0.19789	0.58694	1.0	712	3	0.13345	0.24042978177609145	-1.0
A549|chr20_54173126-54173626	5	0.8	0.80018	0.913389	1449	1	0.2813	0.11214	0.36295	1.0	495	4	0.2813	0.49926859390107975	-1.0
K562|chr18_3601317-3601817	8	0.80075	0.84901	0.933897	1450	2	0.42846	0.056997	0.29819	1.0	303	6	0.42846	0.403786090084172	-1.0
A549|chr22_46071650-46072150	6	0.80208	0.83545	0.927818	1451	2	0.18572	0.22777	0.58537	1.0	778	4	0.18572	0.4912853834721819	-1.0
A549|chr2_237701318-237701818	7	0.80356	0.82504	0.925387	1452	2	0.45878	0.13779	0.46012	1.0	558	5	0.45878	0.39221297251294407	-1.0
K562|chr8_22676778-22677278	7	0.80541	0.84034	0.927972	1453	2	0.30588	0.02112	0.16195	1.0	137	5	0.30588	0.21587450618829201	-1.0
A549|chr7_131163160-131163660	6	0.80662	0.83984	0.927972	1454	2	0.76501	0.080653	0.33472	1.0	397	4	0.76501	0.7361218494004496	-1.0
K562|chr4_1856041-1856541	4	0.80698	0.76464	0.909362	1455	1	0.73752	0.024359	0.11644	1.0	147	3	0.73752	0.824714575750051	3.27461114174569
A549|chr8_109574867-109575367	1	0.8073	0.76692	0.909362	1456	0	0.54058	0.1927	0.23308	1.0	698	1	0.54058	0.7971709745381166	-1.0
A549|chr8_17791251-17791751	8	0.80786	0.84902	0.933897	1457	2	0.42983	0.019632	0.18554	1.0	127	5	0.42983	0.2609047245061213	-1.0
K562|chr10_21534264-21534764	8	0.80814	0.85276	0.933897	1458	2	0.48052	0.028659	0.21684	1.0	166	5	0.48052	0.7237679189452776	4.627603567576888
K562|chr11_96316826-96317326	5	0.80943	0.8091	0.918303	1459	1	0.32761	0.12534	0.41155	1.0	521	4	0.32761	0.7224891666944417	-1.0
A549|chr11_19959566-19960066	7	0.81146	0.84034	0.927972	1460	2	0.0098234	0.21464	0.61375	1.0	742	3	0.0098234	0.7311476168364565	-1.0
A549|chr17_72452325-72452825	8	0.81415	0.85276	0.933897	1461	2	0.39037	0.042148	0.25698	1.0	237	6	0.39037	0.16546001260721116	-1.0
A549|chr14_68616190-68616690	4	0.81794	0.77028	0.909362	1462	1	0.074425	0.17789	0.44133	1.0	665	2	0.074425	0.16056464636774853	-1.0
K562|chr1_246566503-246567003	3	0.81985	0.77029	0.909362	1463	0	0.26162	0.34137	0.59335	1.0	955	2	0.26162	0.760766123314593	3.3514253346910063
K562|chr16_87875048-87875548	8	0.82037	0.85276	0.933897	1464	2	0.56793	0.038769	0.24389	1.0	219	5	0.56793	0.7595147683892705	-1.0
K562|chr10_3078377-3078877	8	0.82097	0.85276	0.933897	1465	2	0.14612	0.096772	0.40787	1.0	450	4	0.14612	0.734873211802297	-1.0
A549|chr6_16758653-16759153	7	0.82136	0.85165	0.933897	1466	2	0.19208	0.27414	0.67262	1.0	871	4	0.19208	0.7569521945147809	-1.0
K562|chr12_6620031-6620531	8	0.82272	0.85616	0.935717	1467	2	0.43476	0.016619	0.16679	1.0	107	6	0.43476	0.32145276630326913	-1.0
A549|chr2_42969233-42969733	7	0.82276	0.85165	0.933897	1468	2	0.19331	0.13236	0.43796	1.0	537	4	0.19331	0.41627805587989697	-1.0
K562|chr1_47229103-47229603	5	0.82637	0.8091	0.918303	1469	1	0.018016	0.56039	0.81958	1.0	1258	1	0.018016	0.6361279544077336	13.4910799281386
K562|chr2_38749134-38749634	5	0.82789	0.8091	0.918303	1470	1	0.29349	0.12793	0.41527	1.0	528	4	0.29349	0.8162913895258922	-1.0
A549|chr5_132488782-132489282	8	0.82912	0.86191	0.938227	1471	2	0.50787	0.02299	0.19575	1.0	144	6	0.50787	0.422227790391995	-1.0
A549|chr9_113576029-113576529	8	0.83057	0.86191	0.938227	1472	2	0.2395	0.11143	0.45204	1.0	492	5	0.2395	0.7596187969162439	-1.0
A549|chr10_33196675-33197175	8	0.83174	0.86191	0.938227	1473	2	0.3632	0.10817	0.43843	1.0	481	5	0.3632	0.7547395491291391	-1.0
A549|chr21_39073018-39073518	7	0.83197	0.85532	0.935433	1474	2	0.19094	0.15022	0.51035	1.0	599	4	0.19094	0.7624838697306278	-1.0
A549|chr12_62732937-62733437	7	0.8334	0.85532	0.935433	1475	2	0.32668	0.11575	0.42589	1.0	504	4	0.32668	0.7562527816821123	-1.0
A549|chr5_136031225-136031725	8	0.83839	0.86192	0.938227	1476	2	0.17687	0.27782	0.6985	1.0	877	5	0.17687	0.7525202403066958	-1.0
K562|chr1_26035556-26036056	3	0.83898	0.7703	0.909362	1477	0	0.7185	0.063123	0.21022	1.0	326	2	0.7185	0.6692970149927453	3.393178113983302
K562|chr12_6620318-6620818	2	0.83929	0.7962	0.913389	1478	0	0.22201	0.16071	0.34551	1.0	628	2	0.22201	0.2144067392889218	-1.0
A549|chr7_47592735-47593235	8	0.84038	0.86192	0.938227	1479	2	0.52606	0.074119	0.34032	1.0	378	6	0.52606	0.20795564817894574	-1.0
A549|chr7_130929827-130930327	8	0.84141	0.86787	0.943436	1480	2	0.10286	0.48013	0.84773	1.0	1138	4	0.10286	0.8085808721069572	-1.0
A549|chr8_133020983-133021483	5	0.84349	0.83674	0.927972	1481	1	0.50784	0.039464	0.18322	1.0	224	4	0.50784	0.3423134458556874	-1.0
A549|chr6_16734989-16735489	8	0.84403	0.87148	0.945462	1482	1	0.34976	0.10816	0.43843	1.0	480	6	0.34976	0.762123792605718	-1.0
K562|chr1_8881051-8881551	8	0.84417	0.87148	0.945462	1483	1	0.24462	0.063988	0.31188	1.0	329	6	0.24462	0.5515302446319101	-1.0
A549|chr20_54172876-54173376	6	0.84647	0.86004	0.938227	1484	1	0.25751	0.072018	0.31308	1.0	368	5	0.25751	0.5818725691428981	-1.0
A549|chr14_68659236-68659736	1	0.84887	0.79339	0.913389	1485	0	1.2829	0.15113	0.20661	1.0	604	1	1.2829	0.7171266489051508	-1.0
#chr3_9376946_9376968_9376947	1	0.84895	0.79339	0.913389	1486	0	0.99987	0.15105	0.20661	1.0	603	1	0.99987	-1.0	-1.0
K562|chr1_28915122-28915622	8	0.8491	0.87803	0.947503	1487	1	0.28314	0.11122	0.45203	1.0	491	5	0.28314	0.6887437617999924	-1.0
A549|chr7_47592375-47592875	7	0.8514	0.8804	0.948802	1488	1	0.494	0.02086	0.16195	1.0	135	6	0.494	0.5259929474108093	-1.0
A549|chr10_33290191-33290691	7	0.85367	0.8804	0.948802	1489	1	0.7822	0.1028	0.41088	1.0	463	4	0.7822	0.21529157241319818	-1.0
A549|chr17_72399161-72399661	8	0.85507	0.87803	0.947503	1490	2	0.22023	0.18312	0.56632	1.0	677	5	0.22023	0.6726952343764403	-1.0
A549|chr21_38844046-38844546	8	0.8556	0.87803	0.947503	1491	2	0.60687	0.10483	0.43246	1.0	470	5	0.60687	0.3320774959270255	-1.0
K562|chr19_19110344-19110844	8	0.85583	0.87803	0.947503	1492	2	0.21935	0.017593	0.1741	1.0	117	4	0.21935	0.7534879127597389	-1.0
A549|chr4_7948769-7949269	8	0.85662	0.87803	0.947503	1493	2	0.38826	0.031773	0.2203	1.0	184	6	0.38826	0.23944655544902213	-1.0
K562|chr22_41830121-41830621	8	0.85714	0.8848	0.952903	1494	1	0.70905	0.019324	0.18427	1.0	125	6	0.70905	0.26447457843086386	-1.0
A549|chr17_77433941-77434441	8	0.85893	0.88735	0.953231	1495	1	0.27087	0.041334	0.2545	1.0	233	6	0.27087	0.6144550376717836	-1.0
K562|chr12_130871110-130871610	1	0.85954	0.8001	0.913389	1496	0	0.88267	0.14046	0.1999	1.0	567	1	0.88267	0.824348676358852	14.577968569346378
A549|chr2_237618407-237618907	8	0.86053	0.88735	0.953231	1497	2	0.16429	0.27326	0.68335	1.0	868	5	0.16429	0.18681890987513455	-1.0
K562|chr6_16266254-16266754	8	0.86098	0.88735	0.953231	1498	2	0.61383	0.019749	0.18653	1.0	128	5	0.61383	0.18927162677227438	-1.0
K562|chr14_68789942-68790442	5	0.86169	0.84126	0.927972	1499	1	0.74009	0.0028649	0.022898	1.0	20	4	0.74009	0.23819865776894156	-1.0
A549|chr8_133050874-133051374	5	0.86223	0.84126	0.927972	1500	1	0.80039	0.027854	0.15113	1.0	162	4	0.80039	0.7898718381910667	-1.0
A549|chr7_55032693-55033193	6	0.87204	0.87055	0.945462	1501	1	0.79986	0.014908	0.12423	1.0	96	5	0.79986	0.8060693152798404	-1.0
A549|chr2_55104486-55104986	4	0.87574	0.83578	0.927818	1502	1	0.081138	0.44467	0.7082	1.0	1097	2	0.081138	0.6840723996643107	-1.0
A549|chr7_55053606-55054106	8	0.88062	0.90132	0.962399	1503	2	0.083898	0.35085	0.7607	1.0	975	4	0.083898	0.40357041444713077	-1.0
K562|chr10_100348445-100348945	5	0.88268	0.85012	0.933897	1504	1	-0.014596	0.66958	0.85992	1.0	1343	2	-0.014596	0.34136253030992775	-1.0
#chr3_9376524_9376546_9376545	1	0.8832	0.83201	0.926809	1505	0	1.1654	0.1168	0.16799	1.0	506	1	1.1654	-1.0	-1.0
A549|chr12_75978645-75979145	8	0.88321	0.90401	0.962836	1506	2	0.6168	0.005283	0.053815	1.0	35	6	0.6168	0.215437746844947	-1.0
K562|chr12_56689707-56690207	8	0.88429	0.90402	0.962836	1507	1	0.30654	0.16706	0.53462	1.0	640	5	0.30654	0.7554119103264116	-1.0
#chr3_46371882_46371904_46371883	1	0.88514	0.83202	0.926809	1508	0	0.84625	0.11486	0.16798	1.0	501	1	0.84625	-1.0	-1.0
K562|chr19_16541397-16541897	8	0.88704	0.90675	0.963764	1509	1	0.56003	0.0033671	0.040455	1.0	24	7	0.56003	0.3507051023373281	-1.0
K562|chr18_48974773-48975273	6	0.88726	0.88745	0.953231	1510	1	0.15013	0.37219	0.74484	1.0	1006	3	0.15013	0.2491468626832692	-1.0
A549|chr12_104249759-104250259	8	0.8899	0.90676	0.963764	1511	2	0.18972	0.26403	0.67969	1.0	847	5	0.18972	0.38939308009144546	-1.0
A549|chr13_110406578-110407078	8	0.89187	0.90676	0.963764	1512	2	0.25717	0.15669	0.52823	1.0	619	5	0.25717	0.35708873482361614	-1.0
K562|chr8_22691604-22692104	8	0.89387	0.91469	0.968395	1513	2	0.24115	0.12496	0.4928	1.0	520	5	0.24115	0.6520052165271916	-1.0
A549|chr5_95779561-95780061	8	0.89632	0.91469	0.968395	1514	1	0.34686	0.068635	0.32914	1.0	355	6	0.34686	0.3258786869657518	-1.0
#chr3_46371825_46371847_46371826	1	0.89749	0.84513	0.931187	1515	0	1.0092	0.10251	0.15487	1.0	462	1	1.0092	-1.0	-1.0
K562|chr17_79840336-79840836	3	0.89793	0.87318	0.946676	1516	0	0.30084	0.10207	0.29097	1.0	459	3	0.30084	0.8396067941614052	-1.0
A549|chr4_57071240-57071740	8	0.89861	0.91722	0.968756	1517	2	0.29253	0.13801	0.49728	1.0	559	5	0.29253	0.8021826051056173	-1.0
A549|chr3_58006577-58007077	8	0.90064	0.92234	0.968756	1518	2	0.067109	0.58233	0.89542	1.0	1276	3	0.067109	0.21963866454544267	-1.0
A549|chr9_38069064-38069564	6	0.90202	0.89365	0.956105	1519	1	0.31716	0.095794	0.36886	1.0	445	4	0.31716	0.7952717634251333	3.6281750926711074
A549|chr1_8399261-8399761	6	0.9021	0.89365	0.956105	1520	1	0.06127	0.67821	0.89677	1.0	1350	2	0.06127	0.49659043712319295	-1.0
K562|chr1_21784049-21784549	8	0.90583	0.92234	0.968756	1521	1	0.15713	0.0086444	0.074398	1.0	60	5	0.15713	0.7596145837010293	-1.0
K562|chr1_26035235-26035735	7	0.90669	0.91119	0.966579	1522	1	0.41963	0.01403	0.13742	1.0	89	6	0.41963	0.7695027883642346	3.393178113983302
A549|chr6_112292309-112292809	8	0.90679	0.92234	0.968756	1523	2	0.60651	0.034996	0.2237	1.0	201	6	0.60651	0.506847227494203	-1.0
A549|chr3_45610106-45610606	8	0.90734	0.92234	0.968756	1524	1	0.4339	0.022725	0.19574	1.0	143	7	0.4339	0.22029953809377795	-1.0
K562|chr1_61043184-61043684	6	0.90754	0.89365	0.956105	1525	1	0.43017	0.065643	0.29393	1.0	336	4	0.43017	0.7924357193493948	-1.0
A549|chr8_109587757-109588257	8	0.90778	0.92234	0.968756	1526	1	0.52828	0.056712	0.29819	1.0	301	6	0.52828	0.7464218585200338	-1.0
A549|chr9_131631183-131631683	8	0.90865	0.92234	0.968756	1527	1	0.3179	0.037565	0.23929	1.0	213	6	0.3179	0.7742430287079922	-1.0
A549|chr13_112771813-112772313	8	0.90894	0.92524	0.968756	1528	2	0.50063	0.086205	0.38695	1.0	416	6	0.50063	0.2563858030277581	-1.0
A549|chr20_19914108-19914608	8	0.90951	0.92524	0.968756	1529	2	0.18508	0.092539	0.40787	1.0	438	6	0.18508	0.7715064110434896	-1.0
A549|chr5_95866390-95866890	8	0.91114	0.92524	0.968756	1530	1	0.41281	0.016949	0.17281	1.0	108	7	0.41281	0.7814458053681486	-1.0
#chr19_55115059_55115081_55115060	1	0.91311	0.86497	0.940916	1531	0	1.0827	0.086886	0.13503	1.0	419	1	1.0827	-1.0	-1.0
A549|chr15_67110885-67111385	6	0.91527	0.89366	0.956105	1532	1	0.54626	0.060846	0.27543	1.0	319	5	0.54626	0.7502181370951608	-1.0
K562|chr11_32432983-32433483	8	0.91639	0.92524	0.968756	1533	2	0.55769	0.00022772	0.0055971	1.0	2	5	0.55769	0.7760658797215378	4.66038957837444
A549|chr11_128464392-128464892	8	0.91677	0.92524	0.968756	1534	2	0.32496	0.071366	0.33132	1.0	366	6	0.32496	0.2242419107424286	-1.0
K562|chr1_61051907-61052407	8	0.91978	0.93513	0.972311	1535	2	0.34898	0.021332	0.1915	1.0	138	5	0.34898	0.25029035016972995	-1.0
A549|chr4_168877385-168877885	8	0.9206	0.93513	0.972311	1536	1	0.49787	0.033798	0.22192	1.0	194	6	0.49787	0.17138342229770542	-1.0
K562|chr6_15243044-15243544	5	0.92127	0.87792	0.947503	1537	1	0.24722	0.1153	0.37508	1.0	503	4	0.24722	0.7906810887800718	-1.0
A549|chr18_77058172-77058672	8	0.92148	0.93513	0.972311	1538	2	0.15103	0.28229	0.70124	1.0	880	5	0.15103	0.24673602438824332	-1.0
A549|chr17_72413942-72414442	8	0.92333	0.93816	0.972311	1539	1	0.28199	0.044532	0.26346	1.0	247	4	0.28199	0.6378489919077907	-1.0
K562|chr3_4982713-4983213	8	0.92335	0.93816	0.972311	1540	2	0.1673	0.076844	0.34268	1.0	388	4	0.1673	0.7894752041187265	-1.0
K562|chr1_27520625-27521125	8	0.92357	0.93816	0.972311	1541	2	0.96173	0.0028527	0.03724	1.0	19	6	0.96173	0.3883280717089752	-1.0
K562|chr19_41862529-41863029	8	0.92378	0.93816	0.972311	1542	2	0.25921	0.14579	0.51227	1.0	587	5	0.25921	0.21373884533774007	-1.0
K562|chr6_42042037-42042537	8	0.92393	0.93816	0.972311	1543	2	-0.042303	0.17474	0.55554	1.0	660	3	-0.042303	0.7938556143558471	-1.0
K562|chr19_45885124-45885624	3	0.9242	0.9041	0.962836	1544	0	0.36674	0.075805	0.23785	1.0	385	3	0.36674	0.7685634228627493	4.263149518836673
K562|chr2_26764014-26764514	8	0.92641	0.94146	0.973252	1545	1	0.25019	0.067468	0.32913	1.0	345	6	0.25019	0.8071296804049748	7.0841834842552736
K562|chr1_27530968-27531468	4	0.92686	0.8766	0.947503	1546	0	0.075283	0.51877	0.76007	1.0	1196	2	0.075283	0.17060750581986078	-1.0
A549|chr10_102806757-102807257	5	0.92935	0.89622	0.958214	1547	1	0.29549	0.061247	0.26249	1.0	320	4	0.29549	0.42671634790043267	-1.0
A549|chr7_131198191-131198691	4	0.93099	0.89212	0.956105	1548	0	0.50847	0.035696	0.15328	1.0	207	3	0.50847	0.28306112108992804	-1.0
A549|chr16_89405125-89405625	8	0.93177	0.94146	0.973252	1549	1	0.27499	0.020487	0.19	1.0	131	7	0.27499	0.5958154778978905	-1.0
K562|chr19_45885681-45886181	2	0.93233	0.90813	0.964592	1550	0	0.30026	0.067666	0.16349	1.0	346	2	0.30026	0.5819324472433686	4.263149518836673
A549|chr8_109574622-109575122	6	0.93376	0.90366	0.962836	1551	1	0.5075	0.0041337	0.031994	1.0	27	4	0.5075	0.7483735163834435	-1.0
A549|chr17_77433662-77434162	5	0.93389	0.90059	0.96225	1552	1	0.26595	0.073753	0.2719	1.0	375	4	0.26595	0.7428114112838964	-1.0
A549|chr4_57055814-57056314	8	0.93533	0.94147	0.973252	1553	1	0.21473	0.2256	0.64185	1.0	774	5	0.21473	0.5846350433831737	-1.0
K562|chr19_45884812-45885312	4	0.93576	0.89212	0.956105	1554	0	0.25781	0.0935	0.30516	1.0	441	3	0.25781	0.24326196405259737	4.263149518836673
A549|chr10_119350661-119351161	8	0.93578	0.94147	0.973252	1555	1	0.61616	0.012643	0.13142	1.0	80	6	0.61616	0.24796952422324844	-1.0
A549|chr15_59372011-59372511	5	0.93857	0.90943	0.96534	1556	1	0.51957	0.067871	0.26566	1.0	351	4	0.51957	0.8077154658467587	-1.0
K562|chr20_32360467-32360967	1	0.94171	0.91696	0.968756	1557	0	1.5718	0.058291	0.083042	1.0	312	1	1.5718	0.3226068577365898	-1.0
#chr3_46372186_46372208_46372187	1	0.9463	0.92333	0.968756	1558	0	1.2542	0.053702	0.076667	1.0	289	1	1.2542	-1.0	-1.0
K562|chr5_10353873-10354373	6	0.94682	0.91627	0.968756	1559	1	0.10683	0.27269	0.64393	1.0	866	4	0.10683	0.21776107511125667	3.238666153484297
A549|chr1_8420217-8420717	8	0.94718	0.94993	0.977587	1560	1	0.96051	0.0013291	0.018335	1.0	12	7	0.96051	0.771608065756289	-1.0
K562|chr12_6620585-6621085	7	0.9495	0.93087	0.972205	1561	1	0.030874	0.24322	0.62216	1.0	809	3	0.030874	0.48643476626779875	-1.0
A549|chr7_47602201-47602701	6	0.94969	0.9196	0.968756	1562	1	0.33573	0.22033	0.57394	1.0	757	4	0.33573	0.41066175408864136	-1.0
A549|chr2_237738185-237738685	7	0.95101	0.93336	0.972311	1563	1	0.37309	0.069172	0.32978	1.0	356	5	0.37309	0.7208177153634207	-1.0
K562|chr21_37367488-37367988	5	0.95184	0.91404	0.968395	1564	0	0.18232	0.10487	0.35108	1.0	471	4	0.18232	0.760784253958527	-1.0
A549|chr3_30600497-30600997	6	0.95335	0.92638	0.968756	1565	1	0.50564	0.042944	0.21341	1.0	238	5	0.50564	0.24941188034436507	-1.0
K562|chr10_3066946-3067446	5	0.95417	0.91825	0.968756	1566	0	0.35146	0.093431	0.3176	1.0	440	4	0.35146	0.790596244215057	6.48011952667834
A549|chr17_77463081-77463581	6	0.95501	0.92967	0.971569	1567	1	0.06433	0.72238	0.90549	1.0	1388	2	0.06433	0.24389768593630123	-1.0
A549|chr17_27532167-27532667	8	0.95506	0.95316	0.977587	1568	1	0.68023	0.014657	0.1461	1.0	94	5	0.68023	0.7893564293375747	-1.0
A549|chr17_27368106-27368606	8	0.95599	0.95316	0.977587	1569	1	0.45855	0.022002	0.19151	1.0	141	7	0.45855	0.7923228469940202	-1.0
A549|chr10_33289713-33290213	7	0.9565	0.93575	0.972311	1570	1	0.22725	0.1556	0.52981	1.0	615	5	0.22725	0.7676318891937212	-1.0
A549|chr12_62718966-62719466	7	0.95823	0.93575	0.972311	1571	1	0.50446	0.018569	0.15763	1.0	121	5	0.50446	0.299332640242644	-1.0
K562|chr16_89354250-89354750	8	0.95996	0.95317	0.977587	1572	1	0.4666	0.023663	0.19868	1.0	146	7	0.4666	0.7408020758309072	-1.0
A549|chr3_57985206-57985706	7	0.9605	0.93575	0.972311	1573	1	0.50691	0.1402	0.47374	1.0	566	4	0.50691	0.26372035851030284	-1.0
A549|chr5_59038596-59039096	5	0.96181	0.92637	0.968756	1574	0	0.71603	0.0064342	0.045823	1.0	46	4	0.71603	0.7525617048453825	-1.0
A549|chr8_17801490-17801990	8	0.96218	0.95317	0.977587	1575	1	0.28007	0.043418	0.25699	1.0	241	6	0.28007	0.8888291347129718	4.986152004128169
#chr3_46371654_46371676_46371675	1	0.96457	0.94942	0.977587	1576	0	1.3602	0.035434	0.050576	1.0	205	1	1.3602	-1.0	-1.0
A549|chr20_38170663-38171163	7	0.96568	0.94296	0.973556	1577	1	0.7344	0.0079896	0.063691	1.0	56	6	0.7344	0.21750076012726444	-1.0
K562|chr6_16262747-16263247	4	0.96603	0.95349	0.977587	1578	0	0.62282	0.033969	0.15098	1.0	195	4	0.62282	0.7612314579866609	-1.0
K562|chr12_130868404-130868904	3	0.9662	0.94227	0.973464	1579	0	1.2767	0.033797	0.12725	1.0	193	3	1.2767	0.363620424105402	-1.0
#chr19_55115013_55115035_55115034	1	0.96704	0.94942	0.977587	1580	0	1.8927	0.032963	0.050576	1.0	189	1	1.8927	-1.0	-1.0
A549|chr2_36367773-36368273	6	0.97028	0.94712	0.977224	1581	0	0.44594	0.15855	0.50057	1.0	624	4	0.44594	0.6239807765211809	-1.0
A549|chr16_89319196-89319696	8	0.97047	0.95632	0.978594	1582	1	0.55483	0.015051	0.14611	1.0	98	6	0.55483	0.7556344837362714	-1.0
A549|chr5_132417382-132417882	8	0.97269	0.95809	0.978594	1583	1	0.48013	0.039277	0.24872	1.0	222	6	0.48013	0.5143923190170901	-1.0
A549|chr3_58032208-58032708	7	0.97309	0.95272	0.977587	1584	1	0.68245	0.024932	0.17371	1.0	152	5	0.68245	0.716611703926451	-1.0
K562|chr6_37171222-37171722	8	0.97358	0.95809	0.978594	1585	1	0.25799	0.22278	0.63242	1.0	763	5	0.25799	0.21907267001627345	-1.0
A549|chr10_33237588-33238088	8	0.97462	0.95809	0.978594	1586	1	0.27047	0.051404	0.2672	1.0	282	5	0.27047	0.22608802978767722	-1.0
K562|chr12_6620816-6621316	5	0.97476	0.95631	0.978594	1587	0	0.42029	0.11652	0.37508	1.0	505	4	0.42029	0.3816034397875151	-1.0
K562|chr11_67289006-67289506	6	0.9754	0.95018	0.977587	1588	0	0.52411	0.012721	0.11186	1.0	81	5	0.52411	0.4208236887158745	3.230113341428709
K562|chr5_139703715-139704215	8	0.97563	0.9597	0.979616	1589	1	0.58778	0.0041541	0.045103	1.0	28	7	0.58778	0.7724877987889734	-1.0
A549|chr3_71109434-71109934	8	0.97743	0.96313	0.98127	1590	1	0.34687	0.057664	0.29819	1.0	308	6	0.34687	0.5487766599595099	-1.0
A549|chr2_54630784-54631284	8	0.97761	0.96313	0.98127	1591	1	0.36963	0.064237	0.31397	1.0	331	5	0.36963	0.4303823503090938	-1.0
K562|chr15_92844699-92845199	8	0.97872	0.96313	0.98127	1592	1	0.14944	0.52155	0.87067	1.0	1203	4	0.14944	0.6068615932824923	-1.0
K562|chr3_195119741-195120241	6	0.97955	0.95632	0.978594	1593	0	0.12871	0.49007	0.80298	1.0	1149	3	0.12871	0.7518269143524646	-1.0
K562|chr12_130830746-130831246	8	0.97979	0.96471	0.981647	1594	1	0.45042	0.080429	0.36718	1.0	395	5	0.45042	0.5575104206196984	-1.0
A549|chr1_93592291-93592791	8	0.9805	0.96471	0.981647	1595	1	0.56283	0.032078	0.2203	1.0	186	6	0.56283	0.26637085817455514	-1.0
A549|chr4_7965210-7965710	8	0.98279	0.9661	0.982447	1596	1	0.19458	0.20011	0.59079	1.0	716	4	0.19458	0.21858685734050598	-1.0
A549|chr20_38152750-38153250	2	0.98446	0.96748	0.983233	1597	0	1.0674	0.01554	0.042913	1.0	102	2	1.0674	0.1868785809416295	-1.0
A549|chr9_37995507-37996007	8	0.98474	0.97276	0.985652	1598	1	0.20426	0.099282	0.41647	1.0	454	6	0.20426	0.5363134705685321	-1.0
A549|chr21_39079260-39079760	6	0.98542	0.97322	0.985652	1599	0	0.4843	0.14405	0.47494	1.0	583	4	0.4843	0.2649084566555153	-1.0
A549|chr22_45704616-45705116	8	0.98598	0.97277	0.985652	1600	1	0.087698	0.03425	0.22369	1.0	196	4	0.087698	0.22988219848778155	-1.0
A549|chr20_38153025-38153525	8	0.98658	0.97453	0.985652	1601	1	0.39363	0.0099185	0.078656	1.0	66	7	0.39363	0.19080478614822144	-1.0
A549|chr10_119369392-119369892	7	0.98771	0.96976	0.984929	1602	0	0.088896	0.36912	0.7405	1.0	1001	4	0.088896	0.3724668941162063	-1.0
K562|chr11_96322364-96322864	8	0.9884	0.9762	0.985652	1603	1	1.2219	0.0013571	0.018536	1.0	13	6	1.2219	0.2597396996863932	-1.0
A549|chr5_136033818-136034318	8	0.98852	0.97792	0.985652	1604	1	0.51328	0.024569	0.20016	1.0	149	5	0.51328	0.7075027022183645	-1.0
K562|chr11_117984097-117984597	8	0.98858	0.97792	0.985652	1605	1	0.26276	0.093224	0.40787	1.0	439	6	0.26276	0.5777582748868123	-1.0
A549|chr9_38068134-38068634	8	0.98984	0.97957	0.985652	1606	0	0.32124	0.02187	0.1915	1.0	140	7	0.32124	0.20371234197489962	5.380134812608355
A549|chr7_55066870-55067370	8	0.99092	0.97958	0.985652	1607	0	0.49172	0.017863	0.1741	1.0	119	6	0.49172	0.7519025865297249	-1.0
A549|chr6_71420684-71421184	8	0.99118	0.97958	0.985652	1608	0	0.27111	0.0029322	0.037246	1.0	22	6	0.27111	0.7999159198700184	-1.0
A549|chr20_19975391-19975891	7	0.99125	0.97933	0.985652	1609	0	0.6098	0.013389	0.13742	1.0	86	6	0.6098	0.3738881401678433	-1.0
K562|chr7_107002623-107003123	8	0.99134	0.97958	0.985652	1610	0	0.61977	0.014245	0.1461	1.0	91	7	0.61977	0.632605777232846	-1.0
A549|chr9_21577288-21577788	7	0.99169	0.97933	0.985652	1611	0	0.2641	0.035991	0.23049	1.0	208	6	0.2641	0.7048297464549561	-1.0
A549|chr9_73080059-73080559	8	0.99194	0.97958	0.985652	1612	0	0.20638	0.20914	0.6151	1.0	732	5	0.20638	0.6458054218472078	-1.0
A549|chr16_81456444-81456944	8	0.99218	0.97958	0.985652	1613	0	0.18672	0.23344	0.65408	1.0	788	5	0.18672	0.7586596740700652	-1.0
K562|chr1_27524083-27524583	6	0.9925	0.9873	0.99083	1614	0	0.35076	0.007503	0.060824	1.0	53	6	0.35076	0.33802469257707635	-1.0
K562|chr19_4401919-4402419	7	0.99289	0.98531	0.990188	1615	0	0.65581	0.0024706	0.026961	1.0	18	6	0.65581	0.6111571447317986	5.670988784292631
K562|chr11_32433965-32434465	8	0.99317	0.98099	0.986458	1616	0	0.30499	0.019798	0.18654	1.0	129	7	0.30499	0.4444751267241954	4.66038957837444
*HSF2BP	5	0.99412	0.98713	0.99083	1617	0	0.4237	0.0058805	0.041681	1.0	38	5	0.4237	-1.0	-1.0
A549|chr5_95834611-95835111	8	0.99586	0.98778	0.99083	1618	0	0.47213	0.0053665	0.053821	1.0	36	7	0.47213	0.7397337820377773	-1.0
K562|chr11_32440928-32441428	8	0.99702	0.99212	0.994572	1619	0	0.45679	0.0061535	0.060104	1.0	41	7	0.45679	0.43051779869511964	-1.0
*ZNF576	4	0.99825	0.99519	0.997033	1620	0	0.96877	0.0017469	0.012259	1.0	15	4	0.96877	-1.0	-1.0
A549|chr22_46061726-46062226	7	0.99837	0.99616	0.997389	1621	0	0.37137	0.0016286	0.019915	1.0	14	7	0.37137	0.7523160764831351	-1.0
#chr3_9377073_9377095_9377094	1	0.9989	1.0	1.0	1622	0	3.0449	0.0011032	3.0502e-06	0.00495	10	1	3.0449	-1.0	-1.0
