id	num	neg|score	neg|p-value	neg|fdr	neg|rank	neg|goodsgrna	neg|lfc	pos|score	pos|p-value	pos|fdr	pos|rank	pos|goodsgrna	pos|lfc	Base_K562_pred	RRA
A549|chr16_81445027-81445527	4	5.6412e-09	3.0446e-06	0.000171	1	4	-6.4294	0.99999	1.0	1.0	1610	0	-6.4294	0.24152355056759564	10.967703655260529
K562|chr16_87867812-87868312	5	7.6246e-09	3.0446e-06	0.000171	2	5	-5.191	1.0	1.0	1.0	1625	0	-5.191	0.7573773044546196	-1.0
K562|chr14_35291050-35291550	4	5.137e-08	3.0446e-06	0.000171	3	4	-6.3466	1.0	1.0	1.0	1624	0	-6.3466	0.29594996727025835	-1.0
K562|chr11_78417245-78417745	8	5.3577e-08	3.0446e-06	0.000171	4	8	-6.6625	1.0	1.0	1.0	1621	0	-6.6625	0.5717626964264252	3.201321737341793
K562|chr16_87868963-87869463	7	9.4829e-08	3.0446e-06	0.000171	5	7	-4.4527	1.0	1.0	1.0	1623	0	-4.4527	0.831626425888445	3.531401619503753
A549|chr11_65467744-65468244	8	1.3052e-07	3.0446e-06	0.000171	6	6	-4.2915	0.87151	0.98083	1.0	1280	1	-4.2915	0.740203614056695	-1.0
A549|chr4_57111186-57111686	7	1.7118e-07	3.0446e-06	0.000171	7	7	-2.6541	1.0	1.0	1.0	1622	0	-2.6541	0.7602361227162432	-1.0
K562|chr19_13151457-13151957	7	2.0675e-07	3.0446e-06	0.000171	8	7	-3.1241	1.0	1.0	1.0	1620	0	-3.1241	0.8398004699140824	4.772679017451155
K562|chr15_92806677-92807177	4	4.0389e-07	3.0446e-06	0.000171	9	4	-6.7595	1.0	1.0	1.0	1619	0	-6.7595	0.4433849302004089	-1.0
A549|chr6_11171568-11172068	6	4.2556e-07	3.0446e-06	0.000171	10	6	-6.2407	1.0	1.0	1.0	1618	0	-6.2407	0.4150730745943436	-1.0
A549|chr1_39136623-39137123	8	8.6787e-07	3.0446e-06	0.000171	11	7	-5.9853	0.99189	0.99974	1.0	1527	0	-5.9853	0.6148499066764717	-1.0
A549|chr17_27348940-27349440	7	1.0623e-06	3.0446e-06	0.000171	12	6	-3.194	0.82662	0.96635	1.0	1229	1	-3.194	0.755129695491637	-1.0
K562|chr16_87857084-87857584	6	1.342e-06	3.0446e-06	0.000171	13	5	-6.216	0.98088	0.99879	1.0	1484	0	-6.216	0.2349497305598494	-1.0
K562|chr19_45885948-45886448	6	3.158e-06	3.0446e-06	0.000171	14	5	-6.4713	0.98006	0.99879	1.0	1477	0	-6.4713	0.8096147197866669	4.263149518836673
K562|chr19_13117577-13118077	5	3.424e-06	3.0446e-06	0.000171	15	5	-3.7509	1.0	1.0	1.0	1617	0	-3.7509	0.7987598818379711	3.1694562385312706
A549|chr16_81444564-81445064	5	3.4744e-06	3.0446e-06	0.000171	16	5	-3.5245	1.0	1.0	1.0	1616	0	-3.5245	0.4116430175748468	10.967703655260529
K562|chr19_16542307-16542807	8	6.5677e-06	9.1338e-06	0.000437	17	8	-2.5887	0.99999	1.0	1.0	1615	0	-2.5887	0.8470860405169236	4.162506258384823
K562|chr19_13118329-13118829	7	8.0601e-06	3.0446e-06	0.000171	18	7	-2.4708	0.99999	1.0	1.0	1614	0	-2.4708	0.7903481189377076	3.1694562385312706
A549|chr10_3875371-3875871	3	9.0519e-06	3.0446e-06	0.000171	19	3	-6.3427	0.99999	1.0	1.0	1613	0	-6.3427	0.498800033032506	-1.0
A549|chr13_110395534-110396034	6	9.0925e-06	3.0446e-06	0.000171	20	6	-5.1782	0.99991	1.0	1.0	1600	0	-5.1782	0.2324755509933984	-1.0
K562|chr6_16277910-16278410	8	9.2745e-06	9.1338e-06	0.000437	21	8	-3.04	0.99997	1.0	1.0	1608	0	-3.04	0.24136353720894327	-1.0
K562|chr4_1855698-1856198	5	9.8224e-06	3.0446e-06	0.000171	22	4	-3.3486	0.91006	0.9786	1.0	1338	0	-3.3486	0.7930983644298258	3.27461114174569
K562|chr14_35291382-35291882	6	1.002e-05	3.0446e-06	0.000171	23	6	-4.479	0.99999	1.0	1.0	1612	0	-4.479	0.7451807054048383	-1.0
A549|chr9_38068364-38068864	5	1.1874e-05	3.0446e-06	0.000171	24	5	-3.2642	0.99999	1.0	1.0	1611	0	-3.2642	0.7501566318862503	5.380134812608355
K562|chr6_37103987-37104487	6	1.277e-05	3.0446e-06	0.000171	25	5	-6.2636	0.64377	0.91439	1.0	1068	1	-6.2636	0.8085451333149478	-1.0
K562|chr1_61042905-61043405	6	1.411e-05	3.0446e-06	0.000171	26	6	-2.5124	0.99999	1.0	1.0	1609	0	-2.5124	0.3503874191854333	-1.0
A549|chr5_14144588-14145088	8	2.9056e-05	9.1338e-06	0.000437	27	8	-3.9112	0.9999	1.0	1.0	1598	0	-3.9112	0.6097322815432438	-1.0
A549|chr18_3601874-3602374	8	3.1878e-05	9.1338e-06	0.000437	28	8	-1.7922	0.99997	1.0	1.0	1607	0	-1.7922	0.5050795641316836	-1.0
A549|chr11_128523304-128523804	6	3.3043e-05	9.1338e-06	0.000437	29	6	-5.5029	0.99943	0.99996	1.0	1585	0	-5.5029	0.7533965942082095	-1.0
K562|chr12_56689707-56690207	7	3.5262e-05	3.0446e-06	0.000171	30	5	-4.0353	0.43	0.80877	1.0	847	2	-4.0353	0.7554119103264116	-1.0
A549|chr6_112205405-112205905	3	4.2912e-05	3.0446e-06	0.000171	31	3	-6.3818	0.99996	1.0	1.0	1606	0	-6.3818	0.24365742976106694	-1.0
K562|chr19_45885427-45885927	6	5.2635e-05	1.5223e-05	0.000688	32	6	-2.2029	0.99995	1.0	1.0	1605	0	-2.2029	0.4334729489184947	4.263149518836673
K562|chr1_21755048-21755548	4	5.4451e-05	3.349e-05	0.001472	33	4	-4.9542	0.99995	1.0	1.0	1604	0	-4.9542	0.541731890705383	-1.0
*SLC9A5	5	6.4488e-05	4.5669e-05	0.001856	34	5	-3.0082	0.99994	1.0	1.0	1603	0	-3.0082	-1.0	-1.0
*TMOD2	5	6.5544e-05	4.5669e-05	0.001856	35	5	-2.9787	0.99993	1.0	1.0	1602	0	-2.9787	-1.0	-1.0
K562|chr8_22691604-22692104	6	6.9565e-05	1.5223e-05	0.000688	36	6	-1.6484	0.99993	1.0	1.0	1601	0	-1.6484	0.6520052165271916	-1.0
A549|chr9_21610396-21610896	7	7.0491e-05	3.958e-05	0.001694	37	5	-4.6967	0.013559	0.11494	1.0	124	2	-4.6967	0.21378998980950636	-1.0
A549|chr20_50416429-50416929	6	9.9314e-05	0.00013701	0.00405	38	6	-1.8829	0.9999	1.0	1.0	1599	0	-1.8829	0.7514537995303059	-1.0
K562|chr11_361827-362327	6	0.0001051	0.00013701	0.00405	39	6	-5.7967	0.98997	0.99916	1.0	1514	0	-5.7967	0.6325036703065734	-1.0
K562|chr16_81445302-81445802	5	0.00011535	5.7847e-05	0.002294	40	5	-3.7177	0.99988	0.99999	1.0	1596	0	-3.7177	0.353072844283265	10.967703655260529
K562|chr12_56683191-56683691	6	0.00011758	0.0001431	0.004155	41	6	-5.0499	0.99988	1.0	1.0	1597	0	-5.0499	0.7756071786248504	-1.0
A549|chr9_113569065-113569565	8	0.00014508	9.4382e-05	0.003132	42	7	-2.5399	0.48466	0.86904	1.0	916	1	-2.5399	0.6143537849579371	-1.0
A549|chr1_234851031-234851531	5	0.00016137	6.3936e-05	0.002418	43	4	-5.7557	0.80076	0.9391	1.0	1203	1	-5.7557	0.6850059104312904	-1.0
A549|chr16_81445302-81445802	3	0.00016258	3.0446e-06	0.000171	44	3	-5.0249	0.99552	0.99927	1.0	1543	0	-5.0249	0.353072844283265	10.967703655260529
K562|chr17_75150945-75151445	5	0.00016433	6.3936e-05	0.002418	45	4	-6.6555	0.96171	0.99601	1.0	1431	0	-6.6555	0.4409831196409542	-1.0
K562|chr16_81445027-81445527	4	0.00021836	8.2204e-05	0.002906	46	4	-4.5255	0.99978	0.99995	1.0	1595	0	-4.5255	0.24152355056759564	10.967703655260529
A549|chr13_110308317-110308817	4	0.00024961	8.2204e-05	0.002906	47	4	-1.9916	0.99975	0.99995	1.0	1594	0	-1.9916	0.245237602438838	-1.0
K562|chr6_16266254-16266754	8	0.00025019	0.00011874	0.003643	48	7	-2.6569	0.95751	0.9954	1.0	1424	0	-2.6569	0.18927162677227438	-1.0
K562|chr12_56724878-56725378	7	0.00026242	0.00033186	0.00782	49	7	-3.019	0.99752	0.99981	1.0	1559	0	-3.019	0.7752455732158512	5.793957098907479
A549|chr15_59372011-59372511	5	0.00027355	0.00010656	0.003465	50	5	-3.0455	0.99973	0.99997	1.0	1593	0	-3.0455	0.8077154658467587	-1.0
A549|chr9_38069317-38069817	4	0.00027408	8.2204e-05	0.002906	51	3	-3.9888	0.78964	0.92865	1.0	1193	0	-3.9888	0.751766975679975	3.6281750926711074
K562|chr6_16217317-16217817	3	0.00028526	3.0446e-06	0.000171	52	3	-5.5564	0.99971	1.0	1.0	1592	0	-5.5564	0.7814884035602144	-1.0
K562|chr6_37171222-37171722	5	0.00030218	0.00011265	0.003522	53	5	-3.1767	0.9997	0.99996	1.0	1591	0	-3.1767	0.21907267001627345	-1.0
A549|chr5_59039697-59040197	3	0.00030371	3.0446e-06	0.000171	54	3	-2.9158	0.92168	0.97324	1.0	1352	0	-2.9158	0.7836943630386874	-1.0
A549|chr22_46071957-46072457	6	0.00034375	0.00019181	0.005286	55	6	-1.5795	0.99966	0.99997	1.0	1590	0	-1.5795	0.47810037987049764	-1.0
A549|chr1_8341579-8342079	5	0.00034916	0.00011265	0.003522	56	5	-5.9681	0.99048	0.99886	1.0	1520	0	-5.9681	0.3861235471593512	-1.0
A549|chr1_64909032-64909532	4	0.0003588	8.8293e-05	0.002991	57	4	-6.4015	0.95349	0.99049	1.0	1415	0	-6.4015	0.5146516999203589	-1.0
K562|chr1_26035235-26035735	6	0.0003989	0.0001979	0.005363	58	5	-3.1889	0.89462	0.97675	1.0	1314	1	-3.1889	0.7695027883642346	3.393178113983302
A549|chr15_77992780-77993280	8	0.00040158	0.00052062	0.011139	59	8	-1.3209	0.9995	0.99998	1.0	1588	0	-1.3209	0.5959360555281819	-1.0
K562|chr11_65495860-65496360	7	0.0004132	0.00034404	0.007992	60	4	-0.24214	0.056486	0.29574	1.0	289	2	-0.24214	0.7027668942012202	-1.0
K562|chr10_3068585-3069085	4	0.00045148	8.8293e-05	0.002991	61	4	-2.4181	0.99955	0.99994	1.0	1589	0	-2.4181	0.3862491478784541	6.48011952667834
A549|chr2_54630784-54631284	6	0.0005251	0.00020399	0.005437	62	6	-1.399	0.99947	0.99997	1.0	1587	0	-1.399	0.4303823503090938	-1.0
*CD302	5	0.00052979	0.00015527	0.004429	63	5	-2.4058	0.99947	0.99992	1.0	1586	0	-2.4058	-1.0	-1.0
K562|chr22_39513851-39514351	5	0.00061664	0.00018572	0.005207	64	5	-3.364	0.99919	0.99985	1.0	1581	0	-3.364	0.7779731972502676	-1.0
K562|chr12_47831870-47832370	7	0.00062884	0.00041102	0.009031	65	7	-2.934	0.99874	0.99992	1.0	1573	0	-2.934	0.5786779746420772	-1.0
A549|chr20_19974509-19975009	5	0.00068711	0.00021008	0.005509	66	5	-2.2007	0.99931	0.99989	1.0	1584	0	-2.2007	0.5383437195108521	-1.0
K562|chr17_82097646-82098146	4	0.0007163	0.00081899	0.016164	67	4	-1.7873	0.99928	0.99991	1.0	1583	0	-1.7873	0.7478838461786065	5.07827191745736
K562|chr17_79803650-79804150	4	0.0007716	0.00081899	0.016164	68	4	-2.6432	0.99923	0.99991	1.0	1582	0	-2.6432	0.5561513190137172	-1.0
A549|chr4_168877385-168877885	7	0.00084817	0.00049018	0.010627	69	7	-1.1623	0.99915	0.99995	1.0	1580	0	-1.1623	0.17138342229770542	-1.0
A549|chr18_3626343-3626843	5	0.00085045	0.0002527	0.00642	70	5	-2.1202	0.99915	0.99985	1.0	1579	0	-2.1202	0.6274798669806981	-1.0
K562|chr12_130872540-130873040	4	0.00090893	0.00082508	0.016164	71	4	-3.6757	0.99909	0.99991	1.0	1578	0	-3.6757	0.8200943117524762	14.577968569346378
K562|chr19_5977637-5978137	5	0.00094976	0.0002527	0.00642	72	5	-2.6813	0.99905	0.99984	1.0	1577	0	-2.6813	0.8202433166969052	4.975760693930908
K562|chr19_15317578-15318078	7	0.0010557	0.00056325	0.011894	73	6	-5.857	0.73154	0.95324	1.0	1145	1	-5.857	0.747348870767623	-1.0
K562|chr12_130872209-130872709	5	0.0010741	0.00031968	0.007758	74	5	-2.926	0.99853	0.99982	1.0	1569	0	-2.926	0.8132533778477613	14.577968569346378
K562|chr11_65498012-65498512	5	0.001134	0.00031968	0.007758	75	5	-1.7895	0.99887	0.99984	1.0	1576	0	-1.7895	0.7945017105395232	-1.0
K562|chr12_130871897-130872397	6	0.0011684	0.00031968	0.007758	76	6	-2.7343	0.99883	0.99993	1.0	1575	0	-2.7343	0.8719445528120635	14.577968569346378
K562|chr8_143934715-143935215	8	0.0011865	0.00061805	0.012884	77	8	-1.5799	0.99881	0.99994	1.0	1574	0	-1.5799	0.7578607588151546	-1.0
K562|chr10_131901052-131901552	6	0.0012963	0.00032577	0.00779	78	6	-1.9306	0.9987	0.99993	1.0	1572	0	-1.9306	0.7897928627068772	-1.0
K562|chr6_16257866-16258366	3	0.0013093	0.0013731	0.024023	79	3	-5.477	0.99869	0.99974	1.0	1571	0	-5.477	0.4746130460377875	-1.0
K562|chr1_27530968-27531468	5	0.0013257	0.0013	0.024023	80	4	-4.6006	0.94505	0.99296	1.0	1390	0	-4.6006	0.17060750581986078	-1.0
K562|chr17_78260142-78260642	7	0.0013787	0.00066676	0.013724	81	4	-3.3445	0.81586	0.96136	1.0	1218	1	-3.3445	0.33135139137286496	-1.0
K562|chr17_79839284-79839784	3	0.0013881	0.0013731	0.024023	82	3	-6.7358	0.99805	0.99963	1.0	1565	0	-6.7358	0.5306514930366397	3.629006066485256
K562|chr19_5977967-5978467	6	0.0014129	0.00035013	0.008018	83	6	-2.1049	0.99273	0.99916	1.0	1533	0	-2.1049	0.8835812352890032	4.975760693930908
K562|chr19_45885681-45886181	3	0.0014588	0.0013792	0.024023	84	3	-3.2676	0.99854	0.99974	1.0	1570	0	-3.2676	0.5819324472433686	4.263149518836673
A549|chr5_95845289-95845789	8	0.0015829	0.00069112	0.014047	85	5	-0.89751	0.12238	0.48044	1.0	440	3	-0.89751	0.42191414187744913	-1.0
A549|chr10_33319701-33320201	2	0.0015975	0.00036839	0.00832	86	2	-7.0689	0.9984	0.99963	1.0	1568	0	-7.0689	0.7900206257251355	-1.0
*RTN2	5	0.0016052	0.0013061	0.024023	87	5	-2.4435	0.99839	0.99982	1.0	1567	0	-2.4435	-1.0	-1.0
A549|chr9_38068134-38068634	3	0.0016886	0.0013792	0.024023	88	3	-2.5311	0.99831	0.99974	1.0	1566	0	-2.5311	0.2032976739115262	5.380134812608355
K562|chr6_12012670-12013170	6	0.0017646	0.002116	0.032768	89	5	-4.1562	0.68912	0.92536	1.0	1113	1	-4.1562	0.24041060322960817	-1.0
A549|chr7_55020473-55020973	5	0.0020647	0.0013975	0.024023	90	3	-0.95254	0.81905	0.94733	1.0	1219	1	-0.95254	0.2479971103562669	-1.0
K562|chr22_39521383-39521883	4	0.0021237	0.0031146	0.041854	91	3	-3.9901	0.85891	0.96112	1.0	1268	0	-3.9901	0.7274462249616584	-1.0
A549|chr8_17803325-17803825	4	0.0021258	0.0031146	0.041854	92	4	-1.9658	0.99787	0.99958	1.0	1564	0	-1.9658	0.5059247030828962	-1.0
A549|chr10_33258999-33259499	5	0.0021598	0.0014036	0.024023	93	5	-1.6926	0.99784	0.99981	1.0	1563	0	-1.6926	0.576612012384131	-1.0
A549|chr7_55019652-55020152	4	0.0023191	0.0032973	0.041963	94	4	-1.8909	0.99768	0.99958	1.0	1562	0	-1.8909	0.859334798838312	-1.0
K562|chr12_130871626-130872126	3	0.0023409	0.0014827	0.024601	95	3	-3.6537	0.99766	0.99963	1.0	1561	0	-3.6537	0.8992897796914272	14.577968569346378
K562|chr19_16542011-16542511	3	0.0023912	0.0014827	0.024601	96	3	-2.6952	0.99761	0.99963	1.0	1560	0	-2.6952	0.7420454888745622	4.162506258384823
A549|chr17_77457178-77457678	6	0.0024423	0.002323	0.035579	97	6	-2.0897	0.99293	0.99916	1.0	1534	0	-2.0897	0.7820057743023595	-1.0
A549|chr7_55066870-55067370	4	0.0024988	0.0033034	0.041963	98	4	-2.146	0.9975	0.99958	1.0	1558	0	-2.146	0.7519025865297249	-1.0
K562|chr10_3066946-3067446	3	0.0025071	0.0014827	0.024601	99	3	-2.4075	0.99749	0.99963	1.0	1557	0	-2.4075	0.790596244215057	6.48011952667834
A549|chr9_38068621-38069121	5	0.0025119	0.0015071	0.024752	100	4	-2.9224	0.8424	0.9558	1.0	1247	1	-2.9224	0.791076857290274	5.380134812608355
A549|chr2_54629348-54629848	4	0.0025253	0.0033034	0.041963	101	4	-2.0099	0.99747	0.99958	1.0	1556	0	-2.0099	0.2271660098790104	-1.0
K562|chr1_26695721-26696221	6	0.0026393	0.0024022	0.035834	102	6	-2.7827	0.99723	0.99982	1.0	1555	0	-2.7827	0.818172111069656	4.216046422595962
A549|chr17_27349311-27349811	5	0.0026707	0.0015741	0.025594	103	5	-2.2702	0.99445	0.99951	1.0	1540	0	-2.2702	0.8337468649135339	-1.0
K562|chr5_10353873-10354373	7	0.0026965	0.0028467	0.039562	104	6	-1.37	0.94707	0.99057	1.0	1396	0	-1.37	0.21776107511125667	3.238666153484297
A549|chr15_59304023-59304523	5	0.002841	0.0044725	0.054015	105	4	-5.7858	0.87511	0.9638	1.0	1286	0	-5.7858	0.19599085217959272	-1.0
A549|chr16_81443905-81444405	7	0.00295	0.0028771	0.039646	106	7	-0.85538	0.99705	0.99974	1.0	1554	0	-0.85538	0.7694022653092984	10.967703655260529
A549|chr12_104311131-104311631	8	0.0029996	0.0013914	0.024023	107	7	-2.2384	0.27914	0.71734	1.0	673	1	-2.2384	0.47098014572675784	-1.0
A549|chr9_38069064-38069564	8	0.0030557	0.0013914	0.024023	108	8	-1.696	0.99694	0.99992	1.0	1553	0	-1.696	0.7952717634251333	3.6281750926711074
K562|chr11_32435102-32435602	8	0.0030796	0.0013975	0.024023	109	8	-1.171	0.99692	0.99992	1.0	1552	0	-1.171	0.6813757867892584	4.66038957837444
A549|chr3_71122623-71123123	8	0.0030885	0.0013975	0.024023	110	6	-3.1023	0.96705	0.99605	1.0	1445	0	-3.1023	0.8165209515500775	-1.0
K562|chr4_1855354-1855854	6	0.0031732	0.0025605	0.037849	111	6	-1.9055	0.99683	0.99976	1.0	1551	0	-1.9055	0.4760045037998081	3.27461114174569
K562|chr10_21534674-21535174	7	0.0032466	0.0030781	0.041854	112	5	-1.866	0.62615	0.9286	1.0	1050	1	-1.866	0.5965726109933673	4.627603567576888
A549|chr1_93613914-93614414	5	0.0033705	0.0045517	0.054276	113	5	-1.0949	0.99663	0.99971	1.0	1550	0	-1.0949	0.7547815519361993	-1.0
K562|chr1_21780648-21781148	4	0.0035376	0.0036322	0.045782	114	3	-0.66205	0.18551	0.43876	1.0	550	1	-0.66205	0.8390900091016209	-1.0
A549|chr11_122158496-122158996	8	0.0035589	0.0041193	0.050584	115	8	-0.89796	0.99644	0.99991	1.0	1549	0	-0.89796	0.27900333644378095	-1.0
K562|chr3_196081948-196082448	6	0.0036656	0.0027371	0.039562	116	6	-1.7051	0.99633	0.99972	1.0	1548	0	-1.7051	0.5569595691955794	5.840372659341327
A549|chr3_58006577-58007077	3	0.0038775	0.0017933	0.028037	117	3	-4.5306	0.99612	0.99927	1.0	1547	0	-4.5306	0.21963866454544267	-1.0
K562|chr11_32440928-32441428	6	0.0039242	0.0028041	0.039562	118	6	-1.0675	0.99608	0.99964	1.0	1546	0	-1.0675	0.43051779869511964	-1.0
K562|chr19_41859905-41860405	3	0.0039478	0.0017933	0.028037	119	3	-2.9248	0.99605	0.99927	1.0	1545	0	-2.9248	0.7009921070475389	6.877063626983696
K562|chr16_85305559-85306059	6	0.0039948	0.0028102	0.039562	120	6	-1.4355	0.99601	0.99964	1.0	1544	0	-1.4355	0.8083937088746558	-1.0
A549|chr14_68521314-68521814	6	0.0041435	0.0028102	0.039562	121	4	-3.4293	0.045516	0.23305	1.0	247	1	-3.4293	0.22433006321733134	-1.0
A549|chr17_72440075-72440575	6	0.0041537	0.0028102	0.039562	122	5	-1.8998	0.95742	0.99452	1.0	1422	0	-1.8998	0.726486543259344	-1.0
K562|chr6_16266700-16267200	6	0.0042114	0.0072431	0.073212	123	5	-1.6992	0.98165	0.9988	1.0	1486	0	-1.6992	0.2967916404112197	-1.0
K562|chr19_13123777-13124277	7	0.0043111	0.0032425	0.041963	124	5	-1.8252	0.80776	0.96136	1.0	1209	1	-1.8252	0.5034613088171452	-1.0
K562|chr12_6620585-6621085	6	0.0043745	0.0072492	0.073212	125	5	-2.6219	0.8303	0.95797	1.0	1232	1	-2.6219	0.48643476626779875	-1.0
A549|chr13_110307982-110308482	7	0.0043953	0.0032912	0.041963	126	5	-1.5673	0.97491	0.9977	1.0	1460	0	-1.5673	0.7282119285681155	-1.0
K562|chr1_8876716-8877216	7	0.0044572	0.0032912	0.041963	127	4	-1.6041	0.79109	0.95971	1.0	1196	1	-1.6041	0.5443528463377083	-1.0
K562|chr8_38118909-38119409	2	0.0046821	0.00037448	0.008341	128	2	-3.33	0.99532	0.99963	1.0	1542	0	-3.33	0.2100195870018661	-1.0
K562|chr19_13142739-13143239	3	0.0046922	0.0017933	0.028037	129	2	-3.1218	0.46141	0.67591	1.0	892	1	-3.1218	0.6053995825667825	-1.0
K562|chr21_37367488-37367988	7	0.0047319	0.0032973	0.041963	130	6	-1.9042	0.94627	0.99057	1.0	1393	0	-1.9042	0.7607201459169338	-1.0
A549|chr15_78076390-78076890	5	0.0049858	0.0051058	0.058056	131	3	-0.59261	0.15911	0.49127	1.0	504	2	-0.59261	0.5892389922912956	-1.0
K562|chr12_47819141-47819641	4	0.0051207	0.0041315	0.050584	132	4	-3.1145	0.99488	0.99903	1.0	1541	0	-3.1145	0.787423898092805	4.392963387775915
*ALAD	5	0.0051844	0.0054711	0.061778	133	4	-1.6264	0.95045	0.99387	1.0	1403	0	-1.6264	-1.0	-1.0
K562|chr19_19110344-19110844	4	0.0054527	0.0041376	0.050584	134	3	-1.8441	0.77766	0.91698	1.0	1181	1	-1.8441	0.7534879127597389	-1.0
K562|chr12_6620318-6620818	6	0.005567	0.0077485	0.075073	135	5	-1.5415	0.97332	0.99796	1.0	1458	0	-1.5415	0.2144067392889218	-1.0
K562|chr6_42050280-42050780	2	0.0057774	0.0016349	0.026321	136	2	-2.1005	0.88916	0.9572	1.0	1307	0	-2.1005	0.23852928515207136	3.646276062411051
A549|chr3_57967535-57968035	5	0.0060438	0.0057817	0.062673	137	4	-5.0776	0.88151	0.96716	1.0	1293	0	-5.0776	0.7871775896284617	-1.0
A549|chr4_168878111-168878611	5	0.0060669	0.0057817	0.062673	138	3	-3.2497	0.80254	0.94317	1.0	1204	1	-3.2497	0.8463051800901601	-1.0
A549|chr1_8027227-8027727	4	0.0060967	0.0041376	0.050584	139	4	-2.04	0.9939	0.99903	1.0	1539	0	-2.04	0.23873781671161265	-1.0
K562|chr11_117986057-117986557	5	0.0061531	0.0057817	0.062673	140	5	-1.5401	0.99385	0.99936	1.0	1538	0	-1.5401	0.8639912640169265	3.151773923348828
K562|chr12_130871308-130871808	5	0.0061589	0.0057817	0.062673	141	4	-3.5731	0.90496	0.97859	1.0	1333	0	-3.5731	0.8281139964409362	14.577968569346378
K562|chr6_7162177-7162677	8	0.0061797	0.0046004	0.054276	142	6	-1.9737	0.98398	0.9987	1.0	1498	0	-1.9737	0.7910320312729087	-1.0
A549|chr6_71419743-71420243	6	0.0062942	0.007852	0.075073	143	5	-1.3194	0.97258	0.99795	1.0	1456	0	-1.3194	0.7938094710131852	-1.0
A549|chr4_57109535-57110035	8	0.0065248	0.0046065	0.054276	144	6	-1.5033	0.98088	0.99869	1.0	1483	0	-1.5033	0.43743480664829776	-1.0
K562|chr1_246566732-246567232	6	0.0067918	0.0087106	0.07874	145	6	-2.4446	0.99321	0.99916	1.0	1537	0	-2.4446	0.8207854446414656	3.3514253346910063
K562|chr17_82097400-82097900	7	0.0068476	0.010087	0.087415	146	7	-1.7816	0.99315	0.99966	1.0	1536	0	-1.7816	0.46025758833790115	5.07827191745736
A549|chr1_93585546-93586046	3	0.006864	0.0023413	0.035579	147	3	-4.5428	0.99314	0.99869	1.0	1535	0	-4.5428	0.2715069814094725	-1.0
A549|chr11_65508751-65509251	6	0.0077189	0.0087106	0.07874	148	4	-3.6759	0.69706	0.92536	1.0	1121	1	-3.6759	0.7505472768352275	-1.0
A549|chr17_77394198-77394698	6	0.0078	0.0087106	0.07874	149	6	-1.007	0.9922	0.99916	1.0	1530	0	-1.007	0.2593712341882231	-1.0
A549|chr20_38110406-38110906	5	0.0078534	0.0060922	0.065602	150	5	-1.7264	0.99215	0.99922	1.0	1529	0	-1.7264	0.657660094151499	-1.0
K562|chr11_32434373-32434873	4	0.0079707	0.0044847	0.054015	151	4	-1.5345	0.99203	0.99903	1.0	1528	0	-1.5345	0.5864255301435942	4.66038957837444
A549|chr9_113576029-113576529	7	0.00814	0.010123	0.087415	152	4	-1.8791	0.68241	0.94307	1.0	1108	2	-1.8791	0.7596187969162439	-1.0
K562|chr19_4402632-4403132	6	0.0082767	0.0087166	0.07874	153	5	-2.2982	0.7533	0.93618	1.0	1165	1	-2.2982	0.7644836340625165	14.659298161268325
K562|chr6_52284317-52284817	5	0.0083493	0.0062505	0.066427	154	5	-2.5964	0.9784	0.99715	1.0	1467	0	-2.5964	0.7895551047744215	8.311873960084457
K562|chr14_102514700-102515200	8	0.0083729	0.012997	0.097352	155	7	-1.1799	0.99251	0.99981	1.0	1532	0	-1.1799	0.7103341743489868	-1.0
*TCEA3	5	0.0084237	0.0062505	0.066427	156	4	-2.0748	0.28722	0.59985	1.0	690	1	-2.0748	-1.0	-1.0
K562|chr20_32357876-32358376	4	0.0085617	0.0047222	0.054844	157	4	-2.974	0.97068	0.99452	1.0	1452	0	-2.974	0.5277466259537076	3.037147857148407
A549|chr20_54174331-54174831	5	0.0087205	0.0072004	0.073212	158	5	-1.5177	0.99128	0.99887	1.0	1525	0	-1.5177	0.7708312333360334	-1.0
A549|chr13_112755383-112755883	5	0.0087738	0.0072004	0.073212	159	5	-1.0722	0.99123	0.99887	1.0	1524	0	-1.0722	0.2733084064198013	-1.0
K562|chr19_41865513-41866013	3	0.0087853	0.0028467	0.039562	160	3	-2.5378	0.99121	0.99818	1.0	1523	0	-2.5378	0.34584285586222335	-1.0
K562|chr19_3376434-3376934	5	0.0088946	0.0072004	0.073212	161	5	-1.7044	0.99111	0.99887	1.0	1522	0	-1.7044	0.7677157996863367	-1.0
A549|chr3_45616568-45617068	8	0.0094152	0.013003	0.097352	162	6	-1.222	0.32598	0.7587	1.0	739	2	-1.222	0.5457019271719596	-1.0
K562|chr19_13117951-13118451	2	0.0094321	0.0024022	0.035834	163	2	-2.793	0.99057	0.9976	1.0	1521	0	-2.793	0.5598821235596313	3.1694562385312706
K562|chr10_21533921-21534421	4	0.0096808	0.004984	0.05707	164	4	-2.0514	0.99032	0.99847	1.0	1518	0	-2.0514	0.8039058909528006	4.627603567576888
A549|chr2_55104486-55104986	5	0.0097059	0.0080042	0.075073	165	5	-2.4378	0.99029	0.99869	1.0	1517	0	-2.4378	0.6840723996643107	-1.0
K562|chr16_87869828-87870328	4	0.0097186	0.004984	0.05707	166	2	-1.7974	0.29566	0.59249	1.0	703	1	-1.7974	0.7602512705669761	-1.0
K562|chr18_3626343-3626843	4	0.0098717	0.0055564	0.061881	167	4	-2.234	0.99013	0.99847	1.0	1516	0	-2.234	0.6274798669806981	-1.0
A549|chr11_65508214-65508714	5	0.0099632	0.0080042	0.075073	168	5	-3.1848	0.98285	0.99716	1.0	1489	0	-3.1848	0.5944992582508789	-1.0
K562|chr22_41830898-41831398	5	0.010191	0.0080042	0.075073	169	3	-1.346	0.62337	0.87485	1.0	1049	1	-1.346	0.7945690379748341	-1.0
A549|chr17_27353933-27354433	8	0.010314	0.013357	0.098271	170	7	-0.65712	0.93964	0.99235	1.0	1380	1	-0.65712	0.7544773292542847	3.6757175447023074
K562|chr6_16216360-16216860	4	0.010578	0.0055564	0.061881	171	3	-2.2914	0.86214	0.96112	1.0	1275	0	-2.2914	0.22003898391657284	-1.0
K562|chr10_5476448-5476948	8	0.010782	0.01371	0.100415	172	5	-1.5133	0.3399	0.7676	1.0	760	2	-1.5133	0.224585763501643	-1.0
A549|chr7_27144991-27145491	5	0.010905	0.0080103	0.075073	173	5	-1.3114	0.98909	0.99868	1.0	1512	0	-1.3114	0.7802184062725739	-1.0
A549|chr20_54173126-54173626	6	0.010911	0.0094534	0.08354	174	5	-1.5555	0.95103	0.99254	1.0	1407	0	-1.5555	0.49926859390107975	-1.0
K562|chr16_87861020-87861520	7	0.011258	0.012218	0.094649	175	6	-1.547	0.99041	0.99962	1.0	1519	0	-1.547	0.5435523289521678	-1.0
A549|chr2_54568075-54568575	8	0.012126	0.014008	0.101728	176	7	-1.339	0.93068	0.9903	1.0	1369	1	-1.339	0.5587881465970608	-1.0
K562|chr10_11894539-11895039	3	0.012311	0.0046613	0.054527	177	3	-1.9505	0.98769	0.99633	1.0	1511	0	-1.9505	0.7586040385172238	3.124927155576529
K562|chr10_100347125-100347625	8	0.012322	0.014014	0.101728	178	7	-1.1143	0.99172	0.99973	1.0	1526	0	-1.1143	0.6611897633043623	9.228419867649306
K562|chr16_85319107-85319607	5	0.012325	0.009289	0.082989	179	5	-0.86054	0.98768	0.99838	1.0	1510	0	-0.86054	0.6200602794854257	-1.0
K562|chr12_6606593-6607093	5	0.012837	0.0096178	0.084132	180	5	-1.9235	0.98405	0.99716	1.0	1499	0	-1.9235	0.8030234722042892	4.5345725315474255
K562|chr17_79840336-79840836	6	0.012878	0.010196	0.087415	181	5	-1.5215	0.91832	0.98146	1.0	1348	0	-1.5215	0.8396067941614052	-1.0
A549|chr16_89367421-89367921	7	0.013132	0.012224	0.094649	182	6	-1.5073	0.95762	0.99394	1.0	1425	0	-1.5073	0.7887835792068284	-1.0
A549|chr13_110307691-110308191	4	0.013551	0.0066281	0.069982	183	4	-1.209	0.98645	0.99817	1.0	1505	0	-1.209	0.7585003384969288	-1.0
K562|chr2_10303041-10303541	8	0.013604	0.014398	0.104048	184	6	-1.9584	0.98938	0.99952	1.0	1513	0	-1.9584	0.27655360788655525	3.1245335841336144
K562|chr1_230136424-230136924	5	0.013659	0.0096239	0.084132	185	5	-1.2663	0.98634	0.99799	1.0	1504	0	-1.2663	0.6428929520098288	-1.0
K562|chr1_27520625-27521125	6	0.013875	0.010714	0.091208	186	6	-1.4002	0.98612	0.99903	1.0	1503	0	-1.4002	0.3883280717089752	-1.0
K562|chr11_32434747-32435247	4	0.014852	0.0070178	0.07321	187	4	-1.7327	0.98515	0.99776	1.0	1502	0	-1.7327	0.3966830888938919	4.66038957837444
K562|chr18_48980420-48980920	5	0.014982	0.010836	0.091765	188	5	-1.4687	0.98502	0.99757	1.0	1501	0	-1.4687	0.18853628082340662	-1.0
A549|chr15_57598804-57599304	4	0.015461	0.0070239	0.07321	189	3	-3.4629	0.93264	0.98785	1.0	1372	0	-3.4629	0.7578101777710159	-1.0
*UBXN7	5	0.015521	0.011189	0.092401	190	4	-2.772	0.8204	0.94733	1.0	1220	1	-2.772	-1.0	-1.0
A549|chr1_8005554-8006054	8	0.015656	0.015451	0.10512	191	5	-0.78398	0.0061236	0.083954	1.0	70	3	-0.78398	0.48033629202088735	-1.0
K562|chr11_96322364-96322864	5	0.015668	0.011189	0.092401	192	2	-0.46378	0.45343	0.78873	1.0	879	2	-0.46378	0.2597396996863932	-1.0
A549|chr10_119369392-119369892	5	0.015687	0.011189	0.092401	193	4	-1.362	0.80654	0.94317	1.0	1208	1	-1.362	0.3724668941162063	-1.0
K562|chr12_47836228-47836728	8	0.01594	0.015451	0.10512	194	4	-0.8977	0.099203	0.41513	1.0	394	4	-0.8977	0.22572060607671704	-1.0
K562|chr21_37368101-37368601	7	0.016003	0.014654	0.104537	195	5	-2.2335	0.55888	0.88763	1.0	979	1	-2.2335	0.38884256214357715	-1.0
K562|chr2_10303697-10304197	4	0.01618	0.0074318	0.074594	196	4	-0.80041	0.98382	0.99729	1.0	1495	0	-0.80041	0.8535873292101406	3.1245335841336144
A549|chr7_131010041-131010541	7	0.016707	0.01466	0.104537	197	6	-1.5676	0.98476	0.99924	1.0	1500	0	-1.5676	0.19412733119305797	-1.0
K562|chr6_17988398-17988898	7	0.016766	0.01466	0.104537	198	5	-1.1298	0.41602	0.79807	1.0	836	2	-1.1298	0.7969391350142605	-1.0
A549|chr7_130908206-130908706	6	0.016843	0.010909	0.091905	199	3	-2.2281	0.33691	0.70556	1.0	754	1	-2.2281	0.7592305850662454	-1.0
*GAS2L2	5	0.017078	0.011195	0.092401	200	5	-1.7215	0.98292	0.99716	1.0	1490	0	-1.7215	-1.0	-1.0
A549|chr2_43170692-43171192	8	0.017365	0.017181	0.112191	201	7	-0.64593	0.97867	0.99802	1.0	1473	0	-0.64593	0.20562552940983372	-1.0
A549|chr8_17800855-17801355	4	0.017414	0.0081199	0.075073	202	4	-1.4256	0.98259	0.99655	1.0	1488	0	-1.4256	0.4869523153405081	4.986152004128169
A549|chr3_57980344-57980844	7	0.0179	0.014909	0.104537	203	5	-1.999	0.5014	0.84704	1.0	928	1	-1.999	0.5986745256819598	-1.0
A549|chr7_55022854-55023354	7	0.018351	0.014909	0.104537	204	4	-2.8753	0.091301	0.39676	1.0	383	2	-2.8753	0.23683638471452495	-1.0
K562|chr10_3067249-3067749	4	0.01846	0.0081199	0.075073	205	4	-1.9723	0.98095	0.99655	1.0	1485	0	-1.9723	0.78389494639644	6.48011952667834
A549|chr9_21559376-21559876	5	0.01861	0.011846	0.092655	206	4	-2.0061	0.64295	0.87486	1.0	1066	1	-2.0061	0.2706975122795689	-1.0
K562|chr14_102507255-102507755	4	0.018963	0.0081199	0.075073	207	4	-2.0991	0.98087	0.99654	1.0	1482	0	-2.0991	0.4712356320937282	-1.0
A549|chr8_30383786-30384286	4	0.019151	0.008126	0.075073	208	4	-1.5106	0.98085	0.99654	1.0	1481	0	-1.5106	0.5671985197938555	-1.0
K562|chr16_85319949-85320449	7	0.019323	0.014909	0.104537	209	5	-2.7389	0.96856	0.99671	1.0	1448	0	-2.7389	0.3478251615480763	-1.0
K562|chr1_246566503-246567003	3	0.019371	0.0094108	0.08354	210	3	-1.6136	0.98063	0.99456	1.0	1480	0	-1.6136	0.760766123314593	3.3514253346910063
A549|chr3_58011162-58011662	4	0.019415	0.008126	0.075073	211	4	-1.9601	0.94006	0.98922	1.0	1381	0	-1.9601	0.5278266311738461	-1.0
A549|chr9_131674174-131674674	5	0.01973	0.011846	0.092655	212	4	-1.3653	0.44599	0.77841	1.0	869	1	-1.3653	0.28863544331061003	-1.0
K562|chr8_143935975-143936475	4	0.019788	0.008126	0.075073	213	4	-2.5673	0.97693	0.99523	1.0	1466	0	-2.5673	0.25009256002219815	-1.0
A549|chr17_27540660-27541160	8	0.019899	0.017863	0.114349	214	6	-1.5384	0.03121	0.22672	1.0	198	1	-1.5384	0.3629546541567289	-1.0
K562|chr1_61051907-61052407	6	0.020022	0.013052	0.097352	215	4	-0.46987	0.91601	0.98146	1.0	1345	0	-0.46987	0.25029035016972995	-1.0
K562|chr6_42042037-42042537	4	0.020218	0.008126	0.075073	216	4	-1.46	0.97978	0.99654	1.0	1475	0	-1.46	0.7938556143558471	-1.0
A549|chr15_89071418-89071918	4	0.02024	0.008126	0.075073	217	2	-2.5014	0.21573	0.47224	1.0	591	2	-2.5014	0.7531570228959698	-1.0
A549|chr13_110420963-110421463	7	0.02034	0.014915	0.104537	218	3	0.12035	0.054867	0.28836	1.0	282	3	0.12035	0.22160998133869658	-1.0
A549|chr3_30600497-30600997	4	0.020601	0.0089846	0.080712	219	4	-2.8256	0.9794	0.99654	1.0	1474	0	-2.8256	0.24941188034436507	-1.0
A549|chr1_93584189-93584689	5	0.020613	0.011853	0.092655	220	3	-3.2592	0.26023	0.57258	1.0	654	2	-3.2592	0.2264177179012194	-1.0
K562|chr6_50822042-50822542	5	0.0216	0.011853	0.092655	221	5	-2.5131	0.9784	0.99715	1.0	1470	0	-2.5131	0.748099872837094	-1.0
*GOLGA4	5	0.0216	0.011853	0.092655	222	5	-0.66205	0.9784	0.99715	1.0	1472	0	-0.66205	-1.0	-1.0
K562|chr1_234972661-234973161	5	0.0216	0.011853	0.092655	223	5	-1.4488	0.9784	0.99715	1.0	1469	0	-1.4488	0.7170581543820942	-1.0
*PPM1F	5	0.0216	0.011853	0.092655	224	5	-0.66205	0.9784	0.99715	1.0	1471	0	-0.66205	-1.0	-1.0
A549|chr1_8363935-8364435	5	0.0216	0.011853	0.092655	225	5	-1.9531	0.9784	0.99715	1.0	1468	0	-1.9531	0.23115805439151435	-1.0
K562|chr19_4395176-4395676	8	0.022032	0.018453	0.115887	226	6	-1.3869	0.98315	0.9987	1.0	1492	0	-1.3869	0.22021833900692728	-1.0
A549|chr7_27129210-27129710	8	0.022124	0.018459	0.115887	227	7	-0.66205	0.98393	0.9987	1.0	1497	0	-0.66205	0.7846263238242258	-1.0
K562|chr2_26788760-26789260	8	0.022124	0.018459	0.115887	228	7	-0.66205	0.98	0.99869	1.0	1476	0	-0.66205	0.7375682792346372	-1.0
A549|chr13_110347775-110348275	8	0.022124	0.018459	0.115887	229	7	-1.281	0.31521	0.75046	1.0	728	1	-1.281	0.23632421226839095	-1.0
A549|chr9_113588999-113589499	8	0.022124	0.018459	0.115887	230	7	-0.66205	0.91129	0.98711	1.0	1339	1	-0.66205	0.49908424899039006	-1.0
A549|chr5_132408906-132409406	4	0.022409	0.010215	0.087415	231	3	-3.4163	0.01806	0.083473	1.0	145	1	-3.4163	0.75179661961959	-1.0
*GLO1	5	0.022538	0.012949	0.097352	232	5	-2.1262	0.96966	0.99667	1.0	1451	0	-2.1262	-1.0	-1.0
A549|chr9_38067178-38067678	7	0.023614	0.015354	0.10512	233	6	-1.8776	0.38244	0.78812	1.0	809	1	-1.8776	0.32507040260915265	-1.0
K562|chr2_26763507-26764007	6	0.023931	0.015104	0.10512	234	5	-1.2357	0.95957	0.99527	1.0	1428	0	-1.2357	0.391818952097193	-1.0
K562|chr19_2513311-2513811	5	0.023996	0.012949	0.097352	235	4	-2.0039	0.96512	0.99601	1.0	1435	0	-2.0039	0.5852194828766291	-1.0
A549|chr6_71419977-71420477	3	0.024048	0.011786	0.092655	236	3	-2.5712	0.97595	0.99455	1.0	1462	0	-2.5712	0.7040791556982342	-1.0
K562|chr12_47812931-47813431	5	0.024534	0.012949	0.097352	237	4	-2.6798	0.84119	0.9558	1.0	1244	1	-2.6798	0.7719452811464027	3.1119497461776464
*HSF2BP	5	0.025037	0.012955	0.097352	238	3	-2.0984	0.89831	0.97341	1.0	1320	0	-2.0984	-1.0	-1.0
K562|chr19_3370630-3371130	6	0.02565	0.015415	0.10512	239	5	-0.66205	0.52587	0.85381	1.0	949	1	-0.66205	0.2160396743973723	-1.0
K562|chr2_38749134-38749634	7	0.025836	0.016389	0.109665	240	4	-2.1822	0.010286	0.087492	1.0	100	2	-2.1822	0.8162913895258922	-1.0
A549|chr1_8450212-8450712	7	0.026309	0.016992	0.111406	241	5	-1.2018	0.9665	0.99608	1.0	1442	0	-1.2018	0.7433232704362267	-1.0
A549|chr10_95220453-95220953	5	0.026698	0.012955	0.097352	242	3	-0.66205	0.21997	0.55587	1.0	599	1	-0.66205	0.7987347906724556	-1.0
A549|chr4_87114233-87114733	2	0.027229	0.02791	0.149773	243	2	-1.7542	0.97277	0.99154	1.0	1457	0	-1.7542	0.7504236768438547	-1.0
A549|chr4_57071240-57071740	7	0.027337	0.017777	0.114292	244	6	-1.0777	0.98382	0.99911	1.0	1496	0	-1.0777	0.8021826051056173	-1.0
K562|chr1_26695054-26695554	5	0.027596	0.013344	0.098271	245	5	-0.86122	0.9724	0.99667	1.0	1455	0	-0.86122	0.7892763829629017	4.216046422595962
K562|chr11_117984097-117984597	3	0.027657	0.011786	0.092655	246	3	-3.3518	0.89984	0.97025	1.0	1324	0	-3.3518	0.5777582748868123	-1.0
A549|chr6_71420953-71421453	3	0.027701	0.011786	0.092655	247	3	-2.666	0.9723	0.99455	1.0	1454	0	-2.666	0.568339406023806	-1.0
K562|chr6_50822584-50823084	7	0.0281	0.017783	0.114292	248	6	-1.0812	0.97584	0.9977	1.0	1461	0	-1.0812	0.6663842087555595	-1.0
A549|chr20_54174062-54174562	4	0.028167	0.01332	0.098271	249	4	-1.583	0.97183	0.99452	1.0	1453	0	-1.583	0.7562138263232792	-1.0
K562|chr6_16262747-16263247	4	0.028474	0.015878	0.107124	250	3	-2.0348	0.52183	0.78457	1.0	944	1	-2.0348	0.7612314579866609	-1.0
A549|chr15_59372967-59373467	7	0.028497	0.017783	0.114292	251	4	-1.9872	0.54715	0.88234	1.0	966	2	-1.9872	0.2023508312695516	-1.0
A549|chr2_42905664-42906164	8	0.028529	0.021443	0.125871	252	6	-1.2699	0.091952	0.41513	1.0	385	1	-1.2699	0.22388919764590237	-1.0
A549|chr2_28653844-28654344	7	0.028589	0.017783	0.114292	253	5	-1.6435	0.32917	0.74766	1.0	744	2	-1.6435	0.20482040082765984	-1.0
A549|chr7_130946157-130946657	4	0.028732	0.015878	0.107124	254	2	-0.71827	0.85046	0.95325	1.0	1258	0	-0.71827	0.2319807162844483	-1.0
A549|chr5_59039260-59039760	4	0.029464	0.019884	0.122502	255	3	-2.3197	0.82154	0.93432	1.0	1222	0	-2.3197	0.7709352849632937	-1.0
A549|chr1_234919157-234919657	7	0.029469	0.020116	0.122502	256	4	-0.66205	0.18788	0.57642	1.0	553	2	-0.66205	0.7372979728830302	-1.0
A549|chr22_45671038-45671538	6	0.030647	0.019604	0.122131	257	4	-1.2225	0.72037	0.92803	1.0	1137	1	-1.2225	0.6783794693510485	3.1660755529404674
A549|chr12_76031457-76031957	4	0.030719	0.020816	0.124467	258	3	-2.1657	0.14971	0.39939	1.0	494	1	-2.1657	0.8263213242739721	5.314768969511188
A549|chr6_71420684-71421184	5	0.030956	0.015305	0.10512	259	5	-2.1383	0.96904	0.99601	1.0	1449	0	-2.1383	0.7999159198700184	-1.0
A549|chr8_17801119-17801619	6	0.031147	0.019604	0.122131	260	5	-0.95358	0.98208	0.9988	1.0	1487	0	-0.95358	0.7652054657907633	4.986152004128169
*WAS	5	0.031582	0.015311	0.10512	261	4	-1.536	0.94406	0.9907	1.0	1388	0	-1.536	-1.0	-1.0
K562|chr17_82097122-82097622	7	0.031644	0.02053	0.124467	262	6	-1.3795	0.98681	0.99938	1.0	1509	0	-1.3795	0.5101096400008709	5.07827191745736
K562|chr11_12111084-12111584	7	0.03192	0.020968	0.124467	263	6	-1.2469	0.73287	0.95324	1.0	1148	1	-1.2469	0.7229240851567471	-1.0
*ACAD9	5	0.032238	0.016072	0.10799	264	4	-1.9389	0.84928	0.95986	1.0	1255	0	-1.9389	-1.0	-1.0
K562|chr1_47230387-47230887	7	0.032271	0.020968	0.124467	265	3	-0.16433	0.44099	0.81314	1.0	858	2	-0.16433	0.7818114935944377	3.5936301645307323
A549|chr1_8364150-8364650	6	0.032408	0.020103	0.122502	266	5	-1.0946	0.94023	0.99022	1.0	1382	0	-1.0946	0.1945111406971208	-1.0
K562|chr12_6620816-6621316	3	0.032667	0.043784	0.211884	267	2	-2.4829	0.31226	0.55176	1.0	721	1	-2.4829	0.3816034397875151	-1.0
K562|chr1_8878532-8879032	4	0.032884	0.022874	0.131837	268	3	-1.7014	0.66052	0.8483	1.0	1084	1	-1.7014	0.8656210488973787	5.946729433318621
K562|chr17_78313582-78314082	4	0.033216	0.024329	0.134589	269	4	-0.6568	0.96678	0.99167	1.0	1444	0	-0.6568	0.8299696440251236	3.447562982535936
K562|chr16_87866989-87867489	7	0.033327	0.020974	0.124467	270	6	-0.83858	0.98665	0.99938	1.0	1508	0	-0.83858	0.7905538463906745	-1.0
K562|chr22_39501999-39502499	3	0.033331	0.043784	0.211884	271	3	-1.6958	0.96667	0.99258	1.0	1443	0	-1.6958	0.7537921893698848	5.913533388728418
A549|chr1_8358506-8359006	2	0.033691	0.029791	0.153621	272	2	-1.8468	0.96631	0.98941	1.0	1441	0	-1.8468	0.3723910204539993	-1.0
A549|chr9_113594523-113595023	6	0.033944	0.020109	0.122502	273	5	-1.1486	0.30876	0.68478	1.0	717	1	-1.1486	0.4994448425698855	-1.0
K562|chr11_118006026-118006526	4	0.033946	0.024329	0.134589	274	3	-2.2801	0.54135	0.79715	1.0	963	1	-2.2801	0.7677976909276345	-1.0
A549|chr13_110298952-110299452	4	0.034069	0.024329	0.134589	275	4	-0.97806	0.96593	0.99166	1.0	1440	0	-0.97806	0.7816571044865488	-1.0
A549|chr17_77396573-77397073	6	0.03418	0.020109	0.122502	276	5	-1.2365	0.61911	0.90602	1.0	1044	1	-1.2365	0.5037707699172955	-1.0
*ZNF576	2	0.034301	0.048315	0.229706	277	2	-2.4573	0.9657	0.98941	1.0	1437	0	-2.4573	-1.0	-1.0
A549|chr16_81444248-81444748	6	0.034323	0.020109	0.122502	278	5	-1.2303	0.013736	0.10402	1.0	125	1	-1.2303	0.6977659983253538	10.967703655260529
A549|chr13_112783274-112783774	4	0.03437	0.024335	0.134589	279	4	-0.78272	0.96563	0.99166	1.0	1436	0	-0.78272	0.7197752141883887	-1.0
A549|chr7_130915839-130916339	6	0.034702	0.020743	0.124467	280	4	-1.5812	0.66794	0.91971	1.0	1090	1	-1.5812	0.7683982274687332	-1.0
A549|chr20_38152750-38153250	8	0.034746	0.023507	0.131837	281	5	-1.2643	0.98312	0.9987	1.0	1491	0	-1.2643	0.1868785809416295	-1.0
K562|chr17_82098598-82099098	7	0.035114	0.021906	0.12721	282	5	-1.9088	0.94316	0.99057	1.0	1387	0	-1.9088	0.8116920980253018	5.07827191745736
K562|chr19_4402214-4402714	6	0.035655	0.020743	0.124467	283	5	-2.3468	0.72306	0.92803	1.0	1138	1	-2.3468	0.7841493925797061	14.659298161268325
A549|chr8_133003540-133004040	8	0.035658	0.023507	0.131837	284	5	-1.3738	0.5772	0.90225	1.0	1001	2	-1.3738	0.20397179686850014	-1.0
A549|chr7_47558541-47559041	7	0.036206	0.021906	0.12721	285	4	-0.52688	0.83702	0.96635	1.0	1240	1	-0.52688	0.2264463937741963	-1.0
K562|chr10_100346798-100347298	4	0.037246	0.02956	0.153621	286	4	-1.1302	0.96275	0.99049	1.0	1433	0	-1.1302	0.2399931082854431	9.228419867649306
A549|chr10_119375500-119376000	8	0.037534	0.023513	0.131837	287	5	-1.694	0.66534	0.94493	1.0	1088	2	-1.694	0.2669044052658997	-1.0
A549|chr2_42948142-42948642	7	0.037703	0.021906	0.12721	288	4	-0.91005	0.0020645	0.032391	0.817893	42	2	-0.91005	0.45011611843388843	-1.0
A549|chr10_125161987-125162487	3	0.038412	0.04488	0.216544	289	3	-0.92549	0.96159	0.99131	1.0	1430	0	-0.92549	0.5095012979379703	-1.0
K562|chr1_21784730-21785230	6	0.038764	0.021425	0.125871	290	3	-0.51741	0.28066	0.68478	1.0	677	2	-0.51741	0.7563412864473527	-1.0
A549|chr20_19936423-19936923	5	0.038819	0.01687	0.111096	291	4	-1.6153	0.28541	0.59985	1.0	685	1	-1.6153	0.26284247892251755	-1.0
A549|chr14_68659458-68659958	5	0.039664	0.016876	0.111096	292	4	-1.6214	0.70696	0.90018	1.0	1127	1	-1.6214	0.23845218381599337	-1.0
A549|chr15_78058499-78058999	6	0.039771	0.0233	0.131837	293	5	-1.4713	0.86221	0.96863	1.0	1276	1	-1.4713	0.7983325070188518	-1.0
K562|chr10_100346338-100346838	5	0.040038	0.016876	0.111096	294	4	-1.7266	0.96447	0.99601	1.0	1434	0	-1.7266	0.4839981962797785	9.228419867649306
A549|chr2_43198107-43198607	6	0.040521	0.0233	0.131837	295	5	-1.2637	0.81523	0.95524	1.0	1217	1	-1.2637	0.7679893890189305	-1.0
K562|chr1_246566186-246566686	6	0.040629	0.023306	0.131837	296	5	-0.88933	0.97461	0.99826	1.0	1459	0	-0.88933	0.8489070000475349	3.3514253346910063
K562|chr22_46610327-46610827	3	0.041262	0.048899	0.230463	297	3	-0.81433	0.95874	0.98993	1.0	1427	0	-0.81433	0.8004818013368623	-1.0
K562|chr1_61043184-61043684	4	0.041298	0.031393	0.158523	298	3	-1.7616	0.79559	0.92865	1.0	1200	0	-1.7616	0.7924357193493948	-1.0
A549|chr9_21561445-21561945	6	0.04142	0.023306	0.131837	299	2	0.25154	0.21838	0.60149	1.0	596	3	0.25154	0.5564297099228002	-1.0
A549|chr1_67747960-67748460	7	0.042267	0.026972	0.145702	300	6	-0.66205	0.61825	0.92182	1.0	1043	1	-0.66205	0.14892945372032224	-1.0
K562|chr8_38107387-38107887	7	0.042267	0.026972	0.145702	301	6	-1.516	0.98343	0.9991	1.0	1493	0	-1.516	0.1560775098207295	-1.0
A549|chr11_128525845-128526345	7	0.042267	0.026972	0.145702	302	6	-0.66205	0.94952	0.99187	1.0	1399	0	-0.66205	0.7466816349240197	-1.0
A549|chr10_3779334-3779834	7	0.042267	0.026972	0.145702	303	6	-0.66205	0.96004	0.99394	1.0	1429	0	-0.66205	0.617050529357688	-1.0
K562|chr19_3376135-3376635	3	0.042501	0.048899	0.230463	304	3	-2.5614	0.9575	0.98993	1.0	1423	0	-2.5614	0.46070274631923247	-1.0
A549|chr15_78037714-78038214	7	0.042506	0.026972	0.145702	305	5	-1.5905	0.92626	0.98752	1.0	1362	1	-1.5905	0.23120366346986793	-1.0
A549|chr7_47556446-47556946	3	0.04276	0.048899	0.230463	306	3	-2.4395	0.95724	0.98993	1.0	1420	0	-2.4395	0.6488475455663609	-1.0
K562|chr11_94766859-94767359	5	0.044023	0.016876	0.111096	307	3	-2.2216	0.47552	0.82291	1.0	910	1	-2.2216	0.34014917009863815	-1.0
K562|chr6_44002938-44003438	8	0.044064	0.028196	0.150375	308	4	-0.31573	0.51555	0.87975	1.0	940	1	-0.31573	0.3509214234055673	-1.0
K562|chr1_21794970-21795470	5	0.045238	0.023306	0.131837	309	4	-1.6809	0.39013	0.72492	1.0	819	1	-1.6809	0.7702442794725168	-1.0
A549|chr5_132498137-132498637	8	0.045622	0.02931	0.153621	310	6	-1.2765	0.92322	0.98932	1.0	1355	1	-1.2765	0.7952344470684646	-1.0
A549|chr15_98850310-98850810	5	0.046063	0.023312	0.131837	311	1	0.0093954	0.24999	0.56413	1.0	635	1	0.0093954	0.22972225574915972	-1.0
A549|chr4_168694022-168694522	4	0.046512	0.066856	0.298675	312	4	-0.66205	0.95349	0.99049	1.0	1413	0	-0.66205	0.2179256981977812	-1.0
A549|chrX_107675096-107675596	4	0.046512	0.066856	0.298675	313	4	-0.67181	0.95349	0.99049	1.0	1414	0	-0.67181	-1.0	-1.0
K562|chr6_16223195-16223695	4	0.046979	0.066856	0.298675	314	3	-2.0025	0.5896	0.81578	1.0	1013	1	-2.0025	0.5408968041678103	-1.0
A549|chr10_33212292-33212792	5	0.047068	0.028293	0.150375	315	3	-0.66205	0.1885	0.53256	1.0	556	2	-0.66205	0.24686078268228018	-1.0
K562|chr1_246565749-246566249	1	0.047408	0.021236	0.125563	316	1	-3.841	0.95259	0.97876	1.0	1412	0	-3.841	0.7684802876491147	3.3514253346910063
A549|chr5_95834611-95835111	8	0.047571	0.029986	0.153621	317	6	-0.91113	0.98657	0.99926	1.0	1507	0	-0.91113	0.7397337820377773	-1.0
K562|chr17_82099227-82099727	5	0.048323	0.028299	0.150375	318	4	-1.3521	0.89319	0.97341	1.0	1313	0	-1.3521	0.6862618036404388	5.07827191745736
A549|chr9_38067843-38068343	4	0.048526	0.066856	0.298675	319	3	-1.4738	0.69967	0.87926	1.0	1124	1	-1.4738	0.6094735354533388	3.7060852589688977
A549|chr2_237690916-237691416	4	0.048828	0.066856	0.298675	320	3	-1.4405	0.82907	0.94462	1.0	1230	0	-1.4405	0.7839314593774886	-1.0
K562|chr5_10377613-10378113	6	0.049012	0.025608	0.141148	321	3	-0.52849	0.071788	0.33922	1.0	337	3	-0.52849	0.7811700876207893	-1.0
A549|chr20_38168944-38169444	2	0.049323	0.056839	0.264059	322	1	-1.5539	0.63143	0.8027	1.0	1059	0	-1.5539	0.7613626395700931	-1.0
K562|chr8_143935062-143935562	2	0.049514	0.056839	0.264059	323	2	-1.6377	0.95049	0.97917	1.0	1405	0	-1.6377	0.25386845790392676	-1.0
A549|chr7_27184372-27184872	2	0.049567	0.056839	0.264059	324	2	-1.3741	0.95043	0.97917	1.0	1402	0	-1.3741	0.6860104410416498	-1.0
A549|chr8_30385400-30385900	4	0.049807	0.066862	0.298675	325	3	-3.3934	0.76068	0.91698	1.0	1170	1	-3.3934	0.7914343532594124	-1.0
A549|chr10_3867272-3867772	6	0.049815	0.02668	0.145702	326	5	-1.8844	0.95138	0.99254	1.0	1410	0	-1.8844	0.7080280222125062	-1.0
A549|chr20_54172876-54173376	3	0.049976	0.051578	0.24169	327	3	-1.095	0.95002	0.98675	1.0	1401	0	-1.095	0.5818725691428981	-1.0
A549|chr13_112745926-112746426	4	0.050206	0.066862	0.298675	328	3	-2.1451	0.024103	0.094062	1.0	165	1	-2.1451	0.7627177846392807	-1.0
A549|chr15_96341609-96342109	5	0.050319	0.030138	0.153621	329	4	-0.9513	0.73131	0.90428	1.0	1144	1	-0.9513	0.4173129765358542	-1.0
*EBI3	5	0.051011	0.030138	0.153621	330	4	-1.0204	0.93657	0.98954	1.0	1378	0	-1.0204	-1.0	-1.0
A549|chr20_38170663-38171163	5	0.051075	0.030138	0.153621	331	4	-1.9973	0.8089	0.94317	1.0	1212	1	-1.9973	0.21750076012726444	-1.0
A549|chr6_16764536-16765036	7	0.052043	0.027447	0.147777	332	4	-0.57064	0.71336	0.95014	1.0	1132	1	-0.57064	0.5072654232187952	-1.0
A549|chr2_43130377-43130877	8	0.052256	0.029992	0.153621	333	6	-1.0022	0.5698	0.90225	1.0	992	1	-1.0022	0.4086765745778949	-1.0
A549|chr1_8343447-8343947	8	0.052332	0.029992	0.153621	334	6	-1.2686	0.95063	0.99345	1.0	1406	0	-1.2686	0.3364827549341251	-1.0
A549|chr12_52902485-52902985	6	0.052494	0.029219	0.153621	335	4	-1.5329	0.60002	0.90601	1.0	1022	1	-1.5329	0.26692014032979483	-1.0
K562|chr11_117985709-117986209	7	0.052627	0.029943	0.153621	336	5	-1.4894	0.62042	0.92618	1.0	1047	1	-1.4894	0.8451968409831446	3.151773923348828
A549|chr7_130929827-130930327	6	0.052686	0.029219	0.153621	337	5	-1.6542	0.93402	0.98731	1.0	1376	0	-1.6542	0.8085808721069572	-1.0
A549|chr3_58051140-58051640	6	0.052951	0.029219	0.153621	338	4	-1.5315	0.24889	0.65213	1.0	634	2	-1.5315	0.14589058190946994	-1.0
K562|chr10_11892388-11892888	4	0.052993	0.066862	0.298675	339	2	2.2298	0.0080665	0.059695	1.0	87	2	2.2298	0.8133887676462844	-1.0
K562|chr19_13151922-13152422	4	0.053223	0.066862	0.298675	340	3	-1.54	0.90274	0.98076	1.0	1331	0	-1.54	0.832350610335713	4.772679017451155
K562|chr1_47229103-47229603	3	0.054078	0.079649	0.344764	341	2	-2.6257	0.63045	0.81922	1.0	1056	1	-2.6257	0.6361279544077336	13.4910799281386
A549|chr15_60391827-60392327	7	0.054619	0.030583	0.154915	342	6	-0.84351	0.85032	0.9681	1.0	1257	1	-0.84351	0.6455823468615093	-1.0
K562|chr20_32354963-32355463	3	0.05504	0.080965	0.344764	343	3	-1.9453	0.94496	0.98505	1.0	1389	0	-1.9453	0.15958654909405234	-1.0
A549|chrX_107675393-107675893	5	0.055239	0.072482	0.320289	344	4	-1.416	0.10428	0.34646	1.0	406	1	-1.416	-1.0	-1.0
A549|chr17_27353670-27354170	4	0.055577	0.068902	0.306944	345	3	-2.2195	0.84852	0.95324	1.0	1253	0	-2.2195	0.23050741410979514	3.6757175447023074
A549|chr8_30384963-30385463	5	0.056816	0.072489	0.320289	346	1	0.89188	0.054418	0.21821	1.0	280	3	0.89188	0.7053038132592129	-1.0
A549|chr10_33290191-33290691	6	0.057718	0.030504	0.154915	347	2	-0.12686	0.046879	0.23306	1.0	257	2	-0.12686	0.21529157241319818	-1.0
K562|chr3_196061715-196062215	8	0.057949	0.031618	0.158706	348	5	-1.785	0.31249	0.75046	1.0	723	2	-1.785	0.7813652980463555	-1.0
K562|chr16_81444248-81444748	4	0.058049	0.073524	0.323982	349	4	-0.61641	0.94195	0.98923	1.0	1385	0	-0.61641	0.6977659983253538	10.967703655260529
A549|chr21_38812828-38813328	8	0.058502	0.031624	0.158706	350	6	-1.4875	0.46249	0.85873	1.0	895	2	-1.4875	0.4112290481953563	-1.0
K562|chr20_32358211-32358711	2	0.058621	0.062381	0.288155	351	2	-2.1763	0.94138	0.97263	1.0	1384	0	-2.1763	0.5711400034092343	3.037147857148407
K562|chr10_131900405-131900905	3	0.059082	0.082469	0.348322	352	3	-0.66368	0.94092	0.98316	1.0	1383	0	-0.66368	0.7143255429765468	-1.0
*ZCCHC12	5	0.059262	0.080076	0.344764	353	4	-1.1814	0.10049	0.33401	1.0	395	1	-1.1814	-1.0	-1.0
K562|chr19_45878997-45879497	3	0.059326	0.082475	0.348322	354	2	-1.8012	0.86842	0.96405	1.0	1279	0	-1.8012	0.6080450795402704	-1.0
K562|chr11_67280043-67280543	5	0.0597	0.080076	0.344764	355	4	-1.3281	0.73255	0.90428	1.0	1147	1	-1.3281	0.2539708246754721	-1.0
A549|chr5_59038973-59039473	7	0.0599	0.033439	0.167296	356	5	-1.0243	0.91213	0.98389	1.0	1340	1	-1.0243	0.7121730855669293	-1.0
A549|chr21_39079260-39079760	5	0.061447	0.080082	0.344764	357	2	-0.13791	0.24482	0.56413	1.0	626	1	-0.13791	0.26346526740630916	-1.0
K562|chr6_42038750-42039250	7	0.061584	0.034127	0.169694	358	5	-1.6206	0.3023	0.72054	1.0	712	2	-1.6206	0.24646899669953032	-1.0
A549|chr3_71132624-71133124	7	0.061652	0.034127	0.169694	359	6	-0.75689	0.77982	0.95656	1.0	1185	1	-0.75689	0.41646355441175387	-1.0
A549|chr12_3200938-3201438	3	0.062308	0.084204	0.354704	360	2	-3.2014	0.55732	0.74721	1.0	975	1	-3.2014	0.5451029576425916	-1.0
A549|chr14_68616456-68616956	5	0.062437	0.081202	0.344764	361	2	-0.28911	0.22401	0.55587	1.0	603	2	-0.28911	0.16723281808051454	-1.0
K562|chr11_67289006-67289506	8	0.062545	0.037823	0.185547	362	6	-0.78069	0.9682	0.99606	1.0	1447	0	-0.78069	0.4208236887158745	3.230113341428709
A549|chr4_168832999-168833499	5	0.063073	0.081202	0.344764	363	4	-1.5325	0.43785	0.77841	1.0	854	1	-1.5325	0.7508559935124947	-1.0
A549|chr12_106138289-106138789	8	0.063413	0.037829	0.185547	364	6	-0.98821	0.98654	0.99926	1.0	1506	0	-0.98821	0.8163915395102065	-1.0
A549|chr17_72399161-72399661	5	0.063955	0.081202	0.344764	365	4	-1.8712	0.56943	0.85331	1.0	991	1	-1.8712	0.6726952343764403	-1.0
A549|chr5_17258984-17259484	7	0.064332	0.036995	0.183395	366	4	-1.7224	0.65224	0.93303	1.0	1078	2	-1.7224	0.17804293051829528	-1.0
A549|chr20_38153025-38153525	5	0.065694	0.081208	0.344764	367	3	-2.8039	0.030746	0.1707	1.0	195	2	-2.8039	0.19080478614822144	-1.0
A549|chr22_45671816-45672316	6	0.066013	0.086713	0.360645	368	5	-0.90411	0.98053	0.99879	1.0	1479	0	-0.90411	0.7132115046823309	7.422899011198985
K562|chr5_10353461-10353961	6	0.067964	0.091742	0.368354	369	5	-1.2189	0.93034	0.98731	1.0	1368	0	-1.2189	0.8011394065997519	3.238666153484297
K562|chr14_68789631-68790131	7	0.06836	0.037993	0.185547	370	3	-0.27324	0.089727	0.39675	1.0	378	3	-0.27324	0.2994285395889134	-1.0
K562|chr6_16226960-16227460	5	0.068641	0.081208	0.344764	371	4	-0.98211	0.95818	0.99601	1.0	1426	0	-0.98211	0.7962163330966924	-1.0
A549|chr12_76029839-76030339	5	0.069574	0.085952	0.359299	372	4	-0.78228	0.45441	0.78873	1.0	882	1	-0.78228	0.722996752786013	-1.0
A549|chr9_21559008-21559508	2	0.070389	0.065577	0.298675	373	1	-0.39559	0.23187	0.37834	1.0	616	1	-0.39559	0.7498891349007291	-1.0
A549|chr9_71756255-71756755	3	0.070954	0.087352	0.360645	374	2	-2.6787	0.51706	0.71151	1.0	942	1	-2.6787	0.7668199985994827	-1.0
A549|chr10_34719704-34720204	3	0.07138	0.089118	0.362389	375	2	-0.7109	0.53875	0.7381	1.0	962	1	-0.7109	0.6120585303354366	-1.0
A549|chr12_52885287-52885787	5	0.071884	0.085958	0.359299	376	4	-1.5883	0.57064	0.85331	1.0	993	1	-1.5883	0.7977338310942123	-1.0
A549|chr3_66424215-66424715	5	0.072135	0.085958	0.359299	377	3	-0.80975	0.65672	0.87893	1.0	1082	1	-0.80975	0.1916902395395508	-1.0
A549|chr6_112204637-112205137	7	0.072338	0.037999	0.185547	378	4	-1.573	0.013067	0.10968	1.0	120	3	-1.573	0.5718405226145253	-1.0
K562|chr6_50820315-50820815	6	0.072341	0.091749	0.368354	379	4	-1.7726	0.4964	0.83463	1.0	927	2	-1.7726	0.7692594666413773	-1.0
A549|chr2_54638069-54638569	3	0.072391	0.089124	0.362389	380	1	1.1859	0.043192	0.1451	1.0	235	2	1.1859	0.7652417018531973	-1.0
A549|chr6_71388286-71388786	7	0.072784	0.037999	0.185547	381	5	-1.3944	0.73606	0.95489	1.0	1149	1	-1.3944	0.4777382172415785	-1.0
A549|chr20_19996856-19997356	3	0.073187	0.091225	0.368093	382	3	-1.3383	0.92681	0.97596	1.0	1364	0	-1.3383	0.6474239456139315	-1.0
A549|chr3_127734317-127734817	5	0.07323	0.087383	0.360645	383	4	-1.4942	0.2272	0.55587	1.0	608	1	-1.4942	0.7671799256204888	-1.0
K562|chr6_7175416-7175916	3	0.073289	0.091225	0.368093	384	2	-2.9895	0.83249	0.95303	1.0	1234	0	-2.9895	0.7003266197111656	-1.0
K562|chr19_13151647-13152147	2	0.073347	0.065577	0.298675	385	2	-2.0579	0.83611	0.92704	1.0	1239	0	-2.0579	0.8913054972294235	4.772679017451155
A549|chr13_33191388-33191888	6	0.073364	0.092997	0.371555	386	3	-0.49423	0.039971	0.21259	1.0	225	3	-0.49423	0.2463796454163396	-1.0
K562|chr11_78424235-78424735	2	0.073574	0.065577	0.298675	387	1	-2.8332	0.3746	0.54484	1.0	796	1	-2.8332	0.2914507446257062	-1.0
A549|chr5_135993968-135994468	8	0.073851	0.04597	0.21923	388	5	-0.64618	0.43909	0.84885	1.0	855	2	-0.64618	0.22098491560710928	-1.0
K562|chr10_100348445-100348945	8	0.073937	0.04597	0.21923	389	6	-1.1817	0.47129	0.86216	1.0	904	1	-1.1817	0.34136253030992775	-1.0
A549|chr22_46072258-46072758	5	0.074613	0.087389	0.360645	390	4	-0.94317	0.94872	0.99387	1.0	1397	0	-0.94317	0.6641452644300688	-1.0
K562|chr14_35292053-35292553	5	0.074708	0.087389	0.360645	391	3	-1.1189	0.77446	0.93046	1.0	1179	1	-1.1189	0.7707826938629941	5.054437869442936
A549|chr20_19880997-19881497	6	0.075112	0.093003	0.371555	392	3	-0.47925	0.13766	0.43207	1.0	469	1	-0.47925	0.21028825672262919	-1.0
A549|chr10_3821512-3822012	5	0.076096	0.089142	0.362389	393	4	-0.80389	0.91793	0.98307	1.0	1347	0	-0.80389	0.7577992462429319	-1.0
K562|chr3_196081621-196082121	3	0.076202	0.091231	0.368093	394	3	-1.8444	0.9238	0.97596	1.0	1357	0	-1.8444	0.9065619740470939	5.840372659341327
A549|chr14_68539916-68540416	8	0.076303	0.04597	0.21923	395	6	-0.85908	0.96571	0.99541	1.0	1438	0	-0.85908	0.7610506723280381	-1.0
*SRRM5	5	0.076371	0.089142	0.362389	396	3	-0.64982	0.92517	0.98497	1.0	1360	0	-0.64982	-1.0	-1.0
A549|chr12_3200351-3200851	3	0.077354	0.093454	0.37244	397	3	-0.94805	0.92265	0.97324	1.0	1353	0	-0.94805	0.7622389782145561	-1.0
A549|chr1_234933373-234933873	7	0.077857	0.097016	0.381955	398	4	-1.2404	0.10469	0.42645	1.0	408	2	-1.2404	0.23998843404086076	-1.0
K562|chr17_78260999-78261499	6	0.079446	0.096565	0.381104	399	5	-0.67718	0.89254	0.97675	1.0	1311	1	-0.67718	0.19550346467474203	-1.0
K562|chr1_8872898-8873398	4	0.079462	0.11098	0.416768	400	2	-0.67029	0.88688	0.97364	1.0	1301	0	-0.67029	0.5752427701871575	-1.0
A549|chr6_11205726-11206226	6	0.079591	0.096565	0.381104	401	5	-1.0247	0.47298	0.81446	1.0	907	1	-1.0247	0.781747327879753	-1.0
A549|chr11_126352435-126352935	5	0.079718	0.089148	0.362389	402	4	-0.90683	0.31688	0.62876	1.0	731	1	-0.90683	0.49409636003085977	-1.0
A549|chr5_95834864-95835364	1	0.080116	0.041805	0.203519	403	1	-5.6545	0.91988	0.95819	1.0	1350	0	-5.6545	0.26756241913804507	-1.0
A549|chr18_77132984-77133484	5	0.080327	0.089148	0.362389	404	4	-2.1452	0.95114	0.99387	1.0	1408	0	-2.1452	0.33144884984206946	-1.0
A549|chr18_77063686-77064186	7	0.080937	0.10314	0.398356	405	3	0.82139	0.037523	0.23223	1.0	215	4	0.82139	0.4161564302389299	-1.0
A549|chr6_71417795-71418295	8	0.081973	0.045976	0.21923	406	6	-1.5126	0.38265	0.80292	1.0	810	1	-1.5126	0.542916937657265	-1.0
A549|chr6_11215692-11216192	7	0.082174	0.10314	0.398356	407	4	-1.2592	0.52526	0.85615	1.0	947	2	-1.2592	0.48871822739447185	-1.0
K562|chr11_67289237-67289737	5	0.083404	0.13169	0.446584	408	3	-1.4876	0.78102	0.93047	1.0	1186	1	-1.4876	0.8172516432309257	3.230113341428709
A549|chr3_127791436-127791936	7	0.083802	0.10449	0.402034	409	5	-1.4484	0.57707	0.89275	1.0	1000	2	-1.4484	0.8295957382103197	-1.0
K562|chr14_35281298-35281798	5	0.084161	0.13169	0.446584	410	4	-0.77342	0.50142	0.8399	1.0	929	1	-0.77342	0.5628406844105159	-1.0
A549|chr5_14176904-14177404	5	0.084339	0.13169	0.446584	411	4	-1.3422	0.76975	0.92612	1.0	1177	1	-1.3422	0.2639294394241552	-1.0
A549|chr1_234861719-234862219	3	0.084468	0.095834	0.380065	412	1	0.47777	0.16365	0.35821	1.0	512	2	0.47777	0.27314317953762324	-1.0
A549|chr1_234894225-234894725	8	0.085013	0.11063	0.416768	413	5	-0.99765	0.97595	0.99801	1.0	1463	0	-0.99765	0.7237071957795269	-1.0
K562|chr18_48935418-48935918	4	0.08566	0.11098	0.416768	414	3	-1.0121	0.88642	0.97364	1.0	1300	0	-1.0121	0.39703625737216286	-1.0
A549|chr20_19996157-19996657	8	0.086201	0.11339	0.420017	415	6	-0.64552	0.96581	0.99541	1.0	1439	0	-0.64552	0.7362046517449987	-1.0
A549|chr15_57684707-57685207	5	0.086301	0.1317	0.446584	416	2	-0.2752	0.26216	0.58159	1.0	655	2	-0.2752	0.8233602859800061	-1.0
K562|chr19_41868123-41868623	3	0.086434	0.095834	0.380065	417	3	-0.59638	0.91357	0.97025	1.0	1342	0	-0.59638	0.4107976029129221	-1.0
K562|chr21_37367236-37367736	4	0.086476	0.11286	0.420017	418	3	-1.4004	0.60087	0.82235	1.0	1024	1	-1.4004	0.7637318974702756	-1.0
K562|chr19_13119987-13120487	5	0.086759	0.1317	0.446584	419	4	-1.3444	0.76682	0.92611	1.0	1173	1	-1.3444	0.2955479791635496	-1.0
K562|chr11_67282602-67283102	5	0.08694	0.1317	0.446584	420	4	-0.72545	0.90451	0.97859	1.0	1332	0	-0.72545	0.17502588449032258	-1.0
A549|chr10_33279270-33279770	7	0.087835	0.1081	0.408761	421	4	-0.66205	0.17914	0.55994	1.0	539	3	-0.66205	0.7148626407339214	-1.0
A549|chr2_28612345-28612845	5	0.087947	0.13591	0.452859	422	3	-1.4212	0.065796	0.24176	1.0	319	1	-1.4212	0.29360771159065974	-1.0
K562|chr14_102517135-102517635	3	0.088175	0.099129	0.389331	423	2	-1.7267	0.40641	0.64949	1.0	826	1	-1.7267	0.7941254385879951	3.7126462272852536
A549|chr4_57118978-57119478	8	0.089043	0.11419	0.420017	424	6	-1.1475	0.93364	0.9903	1.0	1374	1	-1.1475	0.5147188488118869	-1.0
A549|chr7_27104184-27104684	4	0.089508	0.11509	0.420017	425	3	-2.1673	0.82102	0.93432	1.0	1221	0	-2.1673	0.7824316990240484	-1.0
K562|chr2_10311734-10312234	6	0.089591	0.10557	0.402034	426	3	-0.48781	0.067118	0.31878	1.0	325	1	-0.48781	0.45429559360245303	-1.0
K562|chr6_52284056-52284556	4	0.090509	0.11509	0.420017	427	2	-0.59945	0.79111	0.92865	1.0	1197	0	-0.59945	0.8511511215786001	8.290594343199944
K562|chr1_8880576-8881076	8	0.090569	0.11726	0.424651	428	6	-1.0888	0.99248	0.99981	1.0	1531	0	-1.0888	0.7614731403960421	-1.0
A549|chr2_55135773-55136273	7	0.091084	0.11546	0.420017	429	5	-1.053	0.36079	0.7826	1.0	784	2	-1.053	0.7486796720127311	-1.0
A549|chr1_93617589-93618089	5	0.091417	0.13891	0.454479	430	3	-0.60002	0.75479	0.92164	1.0	1166	1	-0.60002	0.7144862874929375	-1.0
K562|chr11_336768-337268	4	0.092317	0.11509	0.420017	431	3	-1.4281	0.52751	0.79086	1.0	952	1	-1.4281	0.2956366323910364	-1.0
A549|chr14_68655045-68655545	4	0.092506	0.11509	0.420017	432	3	-1.0235	0.45654	0.7529	1.0	888	1	-1.0235	0.7585548660806636	-1.0
A549|chr8_30383366-30383866	7	0.093192	0.11546	0.420017	433	5	-0.91678	0.17651	0.55245	1.0	535	2	-0.91678	0.8294331174378343	-1.0
A549|chr10_119358057-119358557	8	0.093301	0.11726	0.424651	434	5	-1.212	0.47075	0.86216	1.0	903	1	-1.212	0.7981752660262339	-1.0
A549|chr22_45718330-45718830	6	0.093473	0.10558	0.402034	435	4	-0.83807	0.27421	0.67867	1.0	667	1	-0.83807	0.4252231192573799	-1.0
A549|chr20_50406733-50407233	5	0.094486	0.13892	0.454479	436	4	-1.068	0.89935	0.97341	1.0	1322	0	-1.068	0.7998496229174602	-1.0
A549|chr9_71768333-71768833	7	0.094718	0.11546	0.420017	437	5	-1.0958	0.86626	0.97505	1.0	1278	1	-1.0958	0.854210831389967	3.154263396361909
K562|chr6_42025415-42025915	3	0.094734	0.10264	0.39832	438	2	-2.8685	0.57478	0.77466	1.0	998	1	-2.8685	0.7745838049739499	-1.0
K562|chr6_37125380-37125880	6	0.095135	0.10558	0.402034	439	5	-1.0234	0.98006	0.99879	1.0	1478	0	-1.0234	0.22033333976613262	-1.0
A549|chr5_59039469-59039969	3	0.095389	0.10264	0.39832	440	2	-1.3133	0.44147	0.67591	1.0	859	1	-1.3133	0.8073636901340523	-1.0
A549|chr21_39029050-39029550	6	0.095436	0.10558	0.402034	441	2	0.098964	0.24509	0.63247	1.0	627	2	0.098964	0.3589949830652794	-1.0
A549|chrX_107715948-107716448	7	0.095674	0.11546	0.420017	442	5	-0.79157	0.95491	0.99394	1.0	1418	0	-0.79157	-1.0	-1.0
A549|chr11_122196941-122197441	5	0.096695	0.13892	0.454479	443	3	-1.6241	0.026576	0.14008	1.0	181	2	-1.6241	0.4798322278718561	-1.0
A549|chr5_17218254-17218754	3	0.097367	0.10264	0.39832	444	2	-2.0831	0.75107	0.89354	1.0	1162	0	-2.0831	0.19741135835238327	-1.0
A549|chr11_65439690-65440190	6	0.097454	0.10558	0.402034	445	2	0.2732	0.1704	0.53806	1.0	523	3	0.2732	0.5545961879546673	-1.0
A549|chr17_72460076-72460576	7	0.097719	0.11546	0.420017	446	3	-0.38633	0.62776	0.9286	1.0	1053	2	-0.38633	0.708351377049736	-1.0
A549|chr8_17790723-17791223	7	0.098476	0.11546	0.420017	447	4	-0.69688	0.66776	0.93794	1.0	1089	1	-0.69688	0.5108127518776338	-1.0
A549|chr2_20537949-20538449	4	0.099135	0.11959	0.429251	448	3	-1.0628	0.89034	0.97364	1.0	1308	0	-1.0628	0.7488540816882325	-1.0
A549|chr12_62720585-62721085	6	0.099497	0.15228	0.469236	449	4	-1.7339	0.31239	0.68478	1.0	722	2	-1.7339	0.24063733951512079	-1.0
A549|chr2_160376077-160376577	6	0.10004	0.15229	0.469236	450	5	-0.99745	0.48328	0.82231	1.0	915	1	-0.99745	0.7756344777906425	-1.0
A549|chr7_116500148-116500648	3	0.10016	0.10264	0.39832	451	3	-1.1114	0.89984	0.97025	1.0	1323	0	-1.1114	0.22491608367108107	-1.0
K562|chr19_4405487-4405987	3	0.10016	0.10264	0.39832	452	3	-0.66205	0.89984	0.97025	1.0	1325	0	-0.66205	0.3590367732058406	-1.0
A549|chr2_160373212-160373712	2	0.10177	0.072458	0.320289	453	1	-1.0268	0.42651	0.61162	1.0	843	1	-1.0268	0.5154796089417509	-1.0
A549|chr7_131198191-131198691	5	0.10195	0.14275	0.458743	454	4	-1.1946	0.93963	0.99069	1.0	1379	0	-1.1946	0.28306112108992804	-1.0
AAVS1_1601	1	0.10255	0.051566	0.24169	455	1	-2.88	0.89745	0.94843	1.0	1319	0	-2.88	-1.0	-1.0
K562|chr10_3068104-3068604	5	0.10255	0.14275	0.458743	456	4	-0.58675	0.60966	0.87036	1.0	1031	1	-0.58675	0.7713041613380989	6.48011952667834
K562|chr6_11943429-11943929	8	0.1027	0.12142	0.429598	457	6	-0.70586	0.74698	0.96832	1.0	1157	2	-0.70586	0.2508409495544962	-1.0
A549|chr20_54172591-54173091	6	0.1032	0.15467	0.469236	458	4	-0.68821	0.54715	0.8722	1.0	965	1	-0.68821	0.41942919279994584	-1.0
A549|chr4_57080841-57081341	5	0.10346	0.14275	0.458743	459	4	-1.1129	0.85403	0.9638	1.0	1264	0	-1.1129	0.740978474381366	-1.0
K562|chr11_117985176-117985676	8	0.10367	0.12142	0.429598	460	5	-0.94451	0.29181	0.72923	1.0	697	2	-0.94451	0.4192323029235168	-1.0
K562|chr2_26764014-26764514	1	0.10432	0.061875	0.286635	461	1	-2.9919	0.89568	0.93812	1.0	1317	0	-2.9919	0.8071296804049748	7.0841834842552736
A549|chr2_20540229-20540729	6	0.10445	0.15468	0.469236	462	4	-1.1891	0.55076	0.8722	1.0	970	2	-1.1891	0.7672447448213866	3.268169579711837
A549|chr11_126403259-126403759	5	0.10479	0.14276	0.458743	463	4	-0.99095	0.61492	0.87485	1.0	1038	1	-0.99095	0.7178088811619898	-1.0
A549|chr17_27354983-27355483	5	0.10486	0.14276	0.458743	464	2	0.06873	0.089271	0.30231	1.0	375	2	0.06873	0.23770884963817798	-1.0
A549|chr12_106133600-106134100	5	0.10524	0.14276	0.458743	465	3	-0.83675	0.32295	0.62877	1.0	736	1	-0.83675	0.28108028900343784	-1.0
A549|chr7_130895364-130895864	5	0.10536	0.14276	0.458743	466	2	1.1053	0.058621	0.22559	1.0	294	3	1.1053	0.2711085270843893	-1.0
A549|chr5_95863294-95863794	6	0.10674	0.15468	0.469236	467	5	-1.1774	0.18298	0.56321	1.0	546	1	-1.1774	0.7554482150597934	-1.0
A549|chr8_109588507-109589007	8	0.10728	0.12142	0.429598	468	4	-0.45664	0.18475	0.58953	1.0	548	3	-0.45664	0.3078026762603123	-1.0
A549|chr14_68520209-68520709	7	0.1074	0.11547	0.420017	469	4	-1.3838	0.011924	0.10282	1.0	108	3	-1.3838	0.5013613825186658	-1.0
K562|chr18_48974773-48975273	6	0.10783	0.15612	0.469236	470	5	-1.459	0.98374	0.9988	1.0	1494	0	-1.459	0.2491468626832692	-1.0
K562|chr12_56682844-56683344	6	0.1082	0.15612	0.469236	471	4	-1.4216	0.90076	0.98146	1.0	1327	0	-1.4216	0.7423305247039463	-1.0
A549|chr7_130999466-130999966	6	0.10856	0.15612	0.469236	472	4	-1.2411	0.78193	0.94464	1.0	1187	1	-1.2411	0.7168057957971576	-1.0
A549|chr10_102758791-102759291	3	0.10995	0.10684	0.40496	473	2	-1.6232	0.53674	0.73809	1.0	960	1	-1.6232	0.7962944025869998	-1.0
A549|chr3_127792788-127793288	7	0.11073	0.12534	0.43926	474	5	-0.66917	0.93386	0.99056	1.0	1375	0	-0.66917	0.4884539860680742	-1.0
A549|chr22_46061726-46062226	8	0.11168	0.12603	0.440701	475	6	-1.0153	0.95137	0.9945	1.0	1409	0	-1.0153	0.7523160764831351	-1.0
A549|chr5_132488782-132489282	7	0.11212	0.12535	0.43926	476	5	-0.87141	0.6311	0.9286	1.0	1058	2	-0.87141	0.4223175333159709	-1.0
A549|chr22_45671574-45672074	3	0.11214	0.10684	0.40496	477	2	-1.5876	0.85093	0.96405	1.0	1259	0	-1.5876	0.8722207167574918	7.422899011198985
A549|chr2_20526622-20527122	4	0.11243	0.12179	0.429598	478	3	-1.1395	0.63037	0.83525	1.0	1055	1	-1.1395	0.7552107076996317	-1.0
A549|chr11_19972675-19973175	4	0.11247	0.1218	0.429598	479	3	-1.626	0.92557	0.98784	1.0	1361	0	-1.626	0.7232745862029443	-1.0
A549|chr3_66500066-66500566	5	0.11272	0.14805	0.469236	480	4	-1.1262	0.91219	0.98088	1.0	1341	0	-1.1262	0.7530710152856913	-1.0
A549|chr11_122186459-122186959	5	0.1129	0.14805	0.469236	481	1	0.43693	0.14028	0.46374	1.0	477	3	0.43693	0.19293226260661261	-1.0
K562|chr10_131899720-131900220	5	0.11397	0.15316	0.469236	482	3	-0.99541	0.79451	0.93909	1.0	1198	1	-0.99541	0.7182130284575527	-1.0
K562|chr11_354525-355025	2	0.11408	0.076081	0.331683	483	2	-0.9179	0.88592	0.9572	1.0	1299	0	-0.9179	0.7536041300211771	-1.0
A549|chr7_130985332-130985832	4	0.11446	0.1218	0.429598	484	1	4.9632	0.00052293	0.0014157	0.575495	8	3	4.9632	0.24670012690090326	-1.0
K562|chr11_65490349-65490849	2	0.11448	0.076081	0.331683	485	1	-3.1901	0.67629	0.84586	1.0	1101	0	-3.1901	0.5255999114678837	-1.0
A549|chr9_113570061-113570561	2	0.1147	0.076087	0.331683	486	2	-2.392	0.84821	0.93246	1.0	1252	0	-2.392	0.48907814881040557	-1.0
K562|chr10_3068844-3069344	2	0.11496	0.076087	0.331683	487	2	-1.0445	0.88504	0.95719	1.0	1296	0	-1.0445	0.6907813886426548	6.48011952667834
A549|chr1_93592291-93592791	5	0.11504	0.15316	0.469236	488	3	-1.309	0.25445	0.57257	1.0	641	2	-1.309	0.2646760015970092	-1.0
K562|chr22_39502703-39503203	5	0.11634	0.15565	0.469236	489	4	-0.92687	0.67394	0.88758	1.0	1097	1	-0.92687	0.7367784610762518	4.114322222306394
A549|chr16_14365423-14365923	4	0.11791	0.12686	0.441697	490	2	0.041672	0.26496	0.54438	1.0	658	2	0.041672	0.2491066333603124	-1.0
K562|chr5_139711815-139712315	7	0.11855	0.17904	0.487636	491	5	-1.1058	0.93561	0.99056	1.0	1377	0	-1.1058	0.6619723302841122	-1.0
A549|chr12_52965216-52965716	6	0.11934	0.16397	0.469864	492	4	-0.97301	0.66023	0.91703	1.0	1083	1	-0.97301	0.8222532740791748	-1.0
A549|chr20_38165852-38166352	3	0.12007	0.11866	0.426871	493	1	0.14654	0.22878	0.47175	1.0	611	1	0.14654	0.22783799748535066	-1.0
K562|chr2_10303217-10303717	3	0.1208	0.11866	0.426871	494	3	-0.60896	0.8792	0.96732	1.0	1290	0	-0.60896	0.7512941568585033	3.1245335841336144
A549|chr15_59371716-59372216	5	0.1208	0.15565	0.469236	495	4	-1.0601	0.77943	0.93047	1.0	1184	1	-1.0601	0.8443511615205671	-1.0
A549|chr1_8379431-8379931	6	0.12188	0.16397	0.469864	496	4	-1.0453	0.39317	0.74058	1.0	820	2	-1.0453	0.49180563111763775	-1.0
K562|chr20_32350376-32350876	8	0.12195	0.13962	0.454979	497	6	-0.87903	0.95184	0.9945	1.0	1411	0	-0.87903	0.8013345160058792	-1.0
K562|chr1_47230885-47231385	3	0.12245	0.11866	0.426871	498	3	-1.548	0.87755	0.96732	1.0	1289	0	-1.548	0.7481449428818587	3.5936301645307323
A549|chr6_16751509-16752009	7	0.12279	0.18124	0.487636	499	5	-1.2577	0.26505	0.67562	1.0	659	1	-1.2577	0.5405529040458736	-1.0
A549|chr1_234862228-234862728	8	0.12403	0.13963	0.454979	500	6	-1.0262	0.8386	0.97769	1.0	1242	1	-1.0262	0.521752396835507	-1.0
A549|chr11_65495860-65496360	3	0.12419	0.12103	0.429598	501	2	-1.6285	0.59933	0.79252	1.0	1021	1	-1.6285	0.7027668942012202	-1.0
K562|chr6_42050547-42051047	4	0.12434	0.12921	0.446058	502	3	-1.6741	0.60063	0.82235	1.0	1023	1	-1.6741	0.24239243582537506	3.646276062411051
K562|chr19_41860591-41861091	3	0.12494	0.12103	0.429598	503	2	-0.72784	0.25295	0.49841	1.0	639	1	-0.72784	0.8449776962094488	5.190965796506689
K562|chr11_32428333-32428833	5	0.12532	0.15565	0.469236	504	4	-0.52212	0.91983	0.98308	1.0	1349	0	-0.52212	0.2196817249147715	-1.0
K562|chr12_47820910-47821410	4	0.1256	0.12921	0.446058	505	3	-1.0643	0.90108	0.97616	1.0	1328	0	-1.0643	0.769416966328344	4.392963387775915
K562|chr5_139703715-139704215	5	0.1257	0.15565	0.469236	506	2	0.51723	0.14719	0.46374	1.0	490	3	0.51723	0.7724877987889734	-1.0
A549|chr16_81486584-81487084	7	0.12589	0.18124	0.487636	507	5	-0.56575	0.87176	0.97506	1.0	1281	1	-0.56575	0.8110490923194099	-1.0
K562|chr2_38749639-38750139	6	0.1272	0.17126	0.482617	508	4	-1.4811	0.27808	0.67867	1.0	672	2	-1.4811	0.7583708388063997	-1.0
A549|chr20_38204971-38205471	4	0.12818	0.12922	0.446058	509	2	0.13104	0.082535	0.30988	1.0	363	2	0.13104	0.19287753038304908	-1.0
K562|chr19_16539212-16539712	4	0.12917	0.12922	0.446058	510	3	-1.2313	0.86118	0.96112	1.0	1271	0	-1.2313	0.22971687234604332	-1.0
A549|chr3_30598609-30599109	8	0.12943	0.19846	0.493116	511	4	-0.62906	0.20901	0.6638	1.0	584	3	-0.62906	0.7911664098043221	-1.0
A549|chr2_28588336-28588836	7	0.13002	0.18426	0.487636	512	4	-1.4683	0.55187	0.88234	1.0	971	2	-1.4683	0.5094355996548322	-1.0
A549|chr9_71769339-71769839	7	0.13221	0.18837	0.492935	513	5	-1.09	0.8432	0.96635	1.0	1249	1	-1.09	0.5299356786046837	3.154263396361909
A549|chr15_67103821-67104321	6	0.13327	0.17329	0.486662	514	2	0.13507	0.13278	0.43206	1.0	457	3	0.13507	0.7269360168579355	-1.0
K562|chr15_92807981-92808481	8	0.13491	0.19846	0.493116	515	4	-0.51801	0.54812	0.89586	1.0	967	1	-0.51801	0.23684879302197998	-1.0
A549|chr7_116495648-116496148	6	0.13598	0.17329	0.486662	516	3	-1.2521	0.25725	0.66678	1.0	649	2	-1.2521	0.4221412580953863	-1.0
A549|chr3_30602859-30603359	8	0.13703	0.19846	0.493116	517	5	-1.4112	0.20699	0.65796	1.0	581	3	-1.4112	0.4941937477732149	-1.0
K562|chr1_47230690-47231190	7	0.13708	0.19017	0.492935	518	5	-0.90398	0.93182	0.99056	1.0	1370	0	-0.90398	0.5008335212277187	3.5936301645307323
A549|chr4_168662216-168662716	7	0.13745	0.19017	0.492935	519	4	-0.99445	0.017148	0.14236	1.0	139	3	-0.99445	0.55640552743409	-1.0
K562|chr7_107118397-107118897	3	0.13752	0.12638	0.440966	520	1	0.093972	0.46609	0.67591	1.0	898	1	0.093972	0.3268144005221225	-1.0
K562|chr10_131900129-131900629	7	0.13771	0.19017	0.492935	521	5	-0.50727	0.86208	0.97331	1.0	1274	1	-0.50727	0.8119411702610498	-1.0
K562|chr19_2497093-2497593	4	0.13796	0.1321	0.446584	522	3	-1.4976	0.20716	0.44991	1.0	582	1	-1.4976	0.3448715475216406	-1.0
K562|chr17_79838919-79839419	4	0.13832	0.1321	0.446584	523	3	-1.0691	0.61282	0.82235	1.0	1036	1	-1.0691	0.791119708871273	3.629006066485256
A549|chr16_89358098-89358598	8	0.13862	0.20598	0.496481	524	3	0.36262	0.13279	0.50106	1.0	458	4	0.36262	0.5281049307606064	-1.0
A549|chr15_57551652-57552152	6	0.13887	0.17709	0.487636	525	4	-0.77574	0.32918	0.69892	1.0	745	2	-0.77574	0.7781115496742189	-1.0
A549|chr3_71134069-71134569	5	0.1394	0.15566	0.469236	526	2	0.11281	0.14045	0.46374	1.0	479	2	0.11281	0.3416746509431654	-1.0
A549|chr22_45672027-45672527	8	0.13992	0.20598	0.496481	527	5	-0.89167	0.55977	0.89962	1.0	981	1	-0.89167	0.40047285189082726	5.19114785246488
K562|chr11_32438059-32438559	5	0.14016	0.15566	0.469236	528	3	-0.97474	0.19149	0.53256	1.0	559	1	-0.97474	0.687156493097491	-1.0
A549|chr11_20000767-20001267	7	0.14133	0.19017	0.492935	529	3	0.18369	0.013389	0.11194	1.0	122	3	0.18369	0.36167999757392605	-1.0
A549|chr4_7965210-7965710	6	0.14184	0.1771	0.487636	530	2	0.18629	0.075112	0.34086	1.0	344	3	0.18629	0.21858685734050598	-1.0
A549|chr6_11212583-11213083	4	0.14342	0.13537	0.452	531	2	-0.74719	0.70988	0.8857	1.0	1129	1	-0.74719	0.24638133409707158	-1.0
A549|chr9_38018178-38018678	8	0.14348	0.20738	0.496481	532	5	-1.2212	0.33925	0.7676	1.0	758	1	-1.2212	0.7530937891705679	-1.0
K562|chr10_100341031-100341531	5	0.1441	0.15566	0.469236	533	4	-1.2501	0.83542	0.95579	1.0	1238	1	-1.2501	0.6825760293266291	-1.0
K562|chr1_8871184-8871684	7	0.14433	0.19017	0.492935	534	4	-0.72388	0.95385	0.99394	1.0	1416	0	-0.72388	0.2387398546436214	-1.0
A549|chr5_17257700-17258200	4	0.14468	0.13537	0.452	535	2	0.026309	0.078574	0.27922	1.0	354	2	0.026309	0.25722996921997865	-1.0
A549|chr13_112760078-112760578	7	0.14542	0.19017	0.492935	536	5	-0.65359	0.97668	0.99813	1.0	1465	0	-0.65359	0.3552591524818084	-1.0
A549|chr10_33194030-33194530	5	0.14566	0.15566	0.469236	537	3	-0.53585	0.47925	0.82742	1.0	911	2	-0.53585	0.20485347212490393	-1.0
K562|chr10_21533579-21534079	6	0.14577	0.1771	0.487636	538	3	-0.87708	0.75865	0.93619	1.0	1168	1	-0.87708	0.727851665444383	4.627603567576888
A549|chr12_3200038-3200538	5	0.14585	0.15566	0.469236	539	3	-1.1523	0.87984	0.96716	1.0	1291	0	-1.1523	0.7565516579689479	-1.0
A549|chr10_34743069-34743569	8	0.14605	0.20869	0.496481	540	3	0.18116	0.017342	0.15732	1.0	140	4	0.18116	0.33271029252437895	-1.0
K562|chr1_26035875-26036375	8	0.14613	0.20869	0.496481	541	5	-0.94131	0.94582	0.99344	1.0	1391	1	-0.94131	0.2218806420618904	3.393178113983302
K562|chr1_27527691-27528191	5	0.14616	0.15566	0.469236	542	4	-0.81475	0.77103	0.92612	1.0	1178	1	-0.81475	0.6762641183519201	3.381585785198744
K562|chr19_4399021-4399521	5	0.14616	0.15566	0.469236	543	4	-0.66205	0.58907	0.86211	1.0	1012	1	-0.66205	0.31925313362372815	-1.0
K562|chr19_4401919-4402419	5	0.14616	0.15566	0.469236	544	4	-0.66205	0.69573	0.89172	1.0	1118	1	-0.66205	0.6069134974792093	5.670988784292631
A549|chr5_132491887-132492387	5	0.14616	0.15566	0.469236	545	4	-0.66205	0.46594	0.80864	1.0	897	1	-0.66205	0.5665761089788178	-1.0
K562|chr1_47226032-47226532	5	0.14616	0.15566	0.469236	546	4	-0.66205	0.90919	0.9786	1.0	1337	0	-0.66205	0.7802236641070188	-1.0
*SCRT1	5	0.14616	0.15566	0.469236	547	4	-0.66205	0.86364	0.9638	1.0	1277	0	-0.66205	-1.0	-1.0
K562|chr1_21781789-21782289	5	0.14616	0.15566	0.469236	548	4	-0.66205	0.88775	0.97341	1.0	1304	0	-0.66205	0.816077398250821	-1.0
A549|chr20_54114942-54115442	5	0.14616	0.15566	0.469236	549	4	-1.3133	0.91681	0.98307	1.0	1346	0	-1.3133	0.7415052261661212	-1.0
A549|chr13_112741125-112741625	6	0.14639	0.18179	0.487636	550	3	-0.25022	0.13801	0.43207	1.0	473	3	-0.25022	0.2256661264029357	-1.0
A549|chr7_130959395-130959895	8	0.14687	0.20869	0.496481	551	2	0.80272	0.010915	0.12002	1.0	102	6	0.80272	0.6218669278707255	-1.0
K562|chr6_15243856-15244356	5	0.14774	0.16166	0.469864	552	2	-0.16359	0.22142	0.55587	1.0	601	2	-0.16359	0.5990097705002867	-1.0
A549|chr2_9286482-9286982	4	0.14845	0.13538	0.452	553	3	-0.66205	0.6179	0.82235	1.0	1041	1	-0.66205	0.7620315091859085	-1.0
A549|chr3_45565293-45565793	4	0.14851	0.13538	0.452	554	2	-1.0337	0.12263	0.37365	1.0	443	2	-1.0337	0.4199161801684135	-1.0
K562|chr16_87875048-87875548	5	0.14874	0.16166	0.469864	555	3	-0.83573	0.65647	0.87893	1.0	1081	1	-0.83573	0.7595147683892705	-1.0
K562|chr19_13116215-13116715	6	0.1489	0.18179	0.487636	556	4	-1.2948	0.86153	0.96863	1.0	1273	1	-1.2948	0.22384101162902725	3.3707739443874694
A549|chr11_126349191-126349691	7	0.1501	0.19371	0.492935	557	3	-0.20616	0.021316	0.17054	1.0	153	3	-0.20616	0.20730571681028218	-1.0
A549|chr15_57618301-57618801	8	0.15015	0.2087	0.496481	558	4	-0.46567	0.0051836	0.069347	1.0	64	3	-0.46567	0.26598566547951236	-1.0
A549|chr9_38022470-38022970	6	0.15471	0.18388	0.487636	559	4	-0.78806	0.53593	0.86876	1.0	957	2	-0.78806	0.3158087383831487	-1.0
K562|chr6_12012928-12013428	2	0.15474	0.12948	0.446058	560	2	-1.2175	0.84526	0.93245	1.0	1251	0	-1.2175	0.18169413059946718	-1.0
K562|chr1_47224076-47224576	3	0.15482	0.13211	0.446584	561	2	-2.2246	0.82473	0.94915	1.0	1225	0	-2.2246	0.1708521527573192	-1.0
A549|chr10_3741791-3742291	7	0.15635	0.19372	0.492935	562	3	-0.54291	0.36405	0.78261	1.0	788	2	-0.54291	0.7756745036957603	-1.0
A549|chr8_17791251-17791751	7	0.15655	0.19372	0.492935	563	4	-0.48421	0.37067	0.78812	1.0	793	2	-0.48421	0.2609047245061213	-1.0
A549|chr13_33194727-33195227	5	0.15705	0.16166	0.469864	564	3	-1.5352	0.44082	0.77841	1.0	857	2	-1.5352	0.19538335484509872	-1.0
A549|chr18_58287579-58288079	5	0.15808	0.16166	0.469864	565	2	0.30568	0.25979	0.57258	1.0	651	1	0.30568	0.22209725259644947	-1.0
A549|chr17_77433941-77434441	2	0.15839	0.13414	0.451581	566	2	-1.1412	0.84161	0.92705	1.0	1246	0	-1.1412	0.6144550376717836	-1.0
A549|chr13_110406578-110407078	2	0.15848	0.13414	0.451581	567	2	-1.5403	0.84152	0.92705	1.0	1245	0	-1.5403	0.35708873482361614	-1.0
A549|chr1_64945694-64946194	5	0.15947	0.16166	0.469864	568	4	-1.0066	0.91411	0.98307	1.0	1343	0	-1.0066	0.8551386908962739	-1.0
K562|chr10_21534264-21534764	4	0.15956	0.14469	0.463115	569	3	-1.2442	0.61675	0.82235	1.0	1040	1	-1.2442	0.7237679189452776	4.627603567576888
A549|chr5_95864395-95864895	4	0.1597	0.14469	0.463115	570	2	-0.48179	0.29198	0.59249	1.0	698	2	-0.48179	0.34344544581747716	-1.0
A549|chr5_59585423-59585923	5	0.16196	0.16166	0.469864	571	3	-0.84552	0.25999	0.57258	1.0	652	2	-0.84552	0.2507522224625838	-1.0
A549|chr7_131165420-131165920	6	0.16302	0.19332	0.492935	572	3	-0.68844	0.067786	0.31878	1.0	326	1	-0.68844	0.7473214965185857	-1.0
A549|chr10_33277275-33277775	7	0.16303	0.20062	0.493116	573	4	-1.0219	0.95409	0.99394	1.0	1417	0	-1.0219	0.3051706072242004	-1.0
A549|chr12_3184772-3185272	5	0.16414	0.16166	0.469864	574	3	-1.1321	0.27235	0.59111	1.0	666	2	-1.1321	0.24359127117574636	-1.0
K562|chr17_75149741-75150241	5	0.16446	0.16166	0.469864	575	3	-0.94785	0.32166	0.62877	1.0	735	2	-0.94785	0.28701220936200567	-1.0
A549|chr11_19952870-19953370	7	0.16509	0.20062	0.493116	576	4	-0.66205	0.59622	0.90948	1.0	1018	2	-0.66205	0.7654796965529832	-1.0
K562|chr6_16216654-16217154	5	0.16519	0.16166	0.469864	577	4	-1.091	0.95729	0.99601	1.0	1421	0	-1.091	0.6759211224219888	-1.0
A549|chr10_33334043-33334543	5	0.16591	0.16166	0.469864	578	3	-0.62965	0.51844	0.84433	1.0	943	1	-0.62965	0.7696135982344303	-1.0
A549|chr5_95779561-95780061	5	0.16697	0.16166	0.469864	579	4	-0.73602	0.71004	0.90018	1.0	1130	1	-0.73602	0.3258786869657518	-1.0
K562|chr17_75108859-75109359	5	0.1678	0.165	0.469864	580	4	-1.1726	0.59727	0.86634	1.0	1019	1	-1.1726	0.23013684723157773	-1.0
A549|chr15_63498541-63499041	5	0.16781	0.165	0.469864	581	2	0.28213	0.063558	0.23852	1.0	307	2	0.28213	0.8382867095186638	-1.0
A549|chr10_33264470-33264970	4	0.16848	0.1543	0.469236	582	3	-0.86421	0.92992	0.98785	1.0	1367	0	-0.86421	0.5643445139417004	-1.0
A549|chr20_5669988-5670488	6	0.16851	0.19333	0.492935	583	3	0.12366	0.21693	0.60149	1.0	593	3	0.12366	0.7506984818455608	-1.0
A549|chr2_9258407-9258907	6	0.16874	0.19333	0.492935	584	4	-1.1616	0.46613	0.81445	1.0	899	2	-1.1616	0.21000811068378883	-1.0
K562|chr1_230137382-230137882	6	0.16967	0.19333	0.492935	585	3	-1.0611	0.8089	0.94977	1.0	1211	1	-1.0611	0.16973148695672563	-1.0
K562|chr17_82520830-82521330	5	0.16985	0.165	0.469864	586	1	1.0763	0.041959	0.20256	1.0	230	3	1.0763	0.7160583766901099	-1.0
*CCDC33	5	0.17087	0.165	0.469864	587	3	-0.611	0.16883	0.50637	1.0	521	2	-0.611	-1.0	-1.0
K562|chr19_19100761-19101261	5	0.17113	0.165	0.469864	588	4	-0.66116	0.94932	0.99387	1.0	1398	0	-0.66116	0.24545410975435955	-1.0
K562|chr6_15243044-15243544	4	0.17175	0.1543	0.469236	589	2	-0.67721	0.28837	0.57918	1.0	692	1	-0.67721	0.7906810887800718	-1.0
A549|chr21_38841383-38841883	7	0.17239	0.20661	0.496481	590	5	-0.66205	0.55718	0.88763	1.0	974	2	-0.66205	0.686638774278207	-1.0
A549|chr7_55056006-55056506	7	0.17239	0.20661	0.496481	591	5	-0.66205	0.59294	0.90658	1.0	1015	1	-0.66205	0.7478506591202498	-1.0
A549|chr10_102753719-102754219	7	0.17239	0.20661	0.496481	592	5	-0.66205	0.20326	0.59081	1.0	578	1	-0.66205	0.25119351726595973	-1.0
K562|chr17_79828286-79828786	8	0.17359	0.21591	0.496807	593	5	-0.99106	0.10367	0.43421	1.0	402	3	-0.99106	0.7691003045660316	-1.0
A549|chr7_55019947-55020447	2	0.1739	0.15421	0.469236	594	1	1.5374	0.033833	0.070863	1.0	208	1	1.5374	0.6752534204369822	-1.0
K562|chr6_42025717-42026217	5	0.17425	0.17793	0.487636	595	2	-0.11804	0.78776	0.93471	1.0	1191	1	-0.11804	0.8101080185139224	-1.0
K562|chr12_6611776-6612276	6	0.17456	0.19614	0.493116	596	4	-1.6128	0.31498	0.68478	1.0	727	1	-1.6128	0.46362167679223343	-1.0
K562|chr12_6607255-6607755	5	0.17513	0.17793	0.487636	597	2	0.48854	0.10305	0.34646	1.0	400	3	0.48854	0.5771287427084334	7.200425132620416
K562|chr11_32447186-32447686	3	0.17528	0.13823	0.454479	598	2	-1.6542	0.87349	0.96405	1.0	1282	0	-1.6542	0.6234068904458242	-1.0
A549|chr2_160351917-160352417	7	0.17559	0.21177	0.496481	599	4	-0.56315	0.55806	0.88763	1.0	976	2	-0.56315	0.6504983482027064	-1.0
A549|chr2_20536653-20537153	3	0.17667	0.13823	0.454479	600	2	-0.85314	0.61641	0.81025	1.0	1039	1	-0.85314	0.2183998159451507	-1.0
K562|chr19_13162968-13163468	7	0.17705	0.21177	0.496481	601	2	0.41601	0.12739	0.4874	1.0	453	4	0.41601	0.8811001348799856	3.3144105150147203
A549|chr17_27532167-27532667	5	0.17762	0.17793	0.487636	602	4	-0.62994	0.94688	0.99297	1.0	1395	0	-0.62994	0.7891957447355678	-1.0
K562|chr17_82109036-82109536	8	0.17789	0.21977	0.501213	603	5	-0.78842	0.42528	0.83957	1.0	842	2	-0.78842	0.6851848809864213	-1.0
K562|chr10_100373496-100373996	4	0.17824	0.15855	0.469864	604	3	-0.95643	0.42446	0.74683	1.0	841	1	-0.95643	0.8588905276500258	10.284121951691906
K562|chr17_79843163-79843663	2	0.17824	0.15898	0.469864	605	2	-0.93141	0.82176	0.91542	1.0	1223	0	-0.93141	0.7633497928988456	-1.0
A549|chr7_131248963-131249463	4	0.17861	0.15855	0.469864	606	1	-0.30192	0.87382	0.96113	1.0	1283	0	-0.30192	0.2159233751922291	-1.0
A549|chr3_30620390-30620890	7	0.17885	0.21177	0.496481	607	4	-0.66205	0.12251	0.47105	1.0	441	2	-0.66205	0.46532368872247964	-1.0
A549|chr1_8017494-8017994	5	0.17897	0.17794	0.487636	608	1	0.074418	0.12051	0.39515	1.0	434	2	0.074418	0.5271234485384542	-1.0
A549|chr11_122157501-122158001	7	0.17984	0.21177	0.496481	609	4	-0.66205	0.0061826	0.065261	1.0	73	3	-0.66205	0.37338217429887843	-1.0
A549|chr16_89374966-89375466	5	0.18122	0.17794	0.487636	610	4	-0.52187	0.86049	0.9638	1.0	1270	0	-0.52187	0.448233062780656	-1.0
A549|chr2_237701318-237701818	5	0.18246	0.17794	0.487636	611	3	-1.1551	0.92375	0.98308	1.0	1356	0	-1.1551	0.39221297251294407	-1.0
A549|chr21_38990332-38990832	6	0.18411	0.20106	0.493116	612	2	0.029773	0.12253	0.40705	1.0	442	3	0.029773	0.5075836904898808	-1.0
K562|chr2_38746099-38746599	8	0.18474	0.21977	0.501213	613	4	-0.60258	0.38089	0.80291	1.0	808	3	-0.60258	0.8107159804150545	-1.0
K562|chr19_16541799-16542299	4	0.18511	0.16465	0.469864	614	3	-0.80156	0.69842	0.87926	1.0	1122	1	-0.80156	0.7579066010389854	4.162506258384823
A549|chr1_8399261-8399761	6	0.18517	0.20106	0.493116	615	4	-1.0199	0.102	0.38048	1.0	399	2	-1.0199	0.49659043712319295	-1.0
K562|chr3_4982912-4983412	3	0.1855	0.13823	0.454479	616	2	-1.4282	0.57197	0.77466	1.0	994	1	-1.4282	0.6792319849081023	-1.0
A549|chr12_52901912-52902412	4	0.18632	0.16465	0.469864	617	2	-0.18534	0.24687	0.50655	1.0	630	2	-0.18534	0.4901125726910837	-1.0
A549|chr11_65482964-65483464	4	0.18673	0.16465	0.469864	618	1	2.5195	0.0045115	0.030504	0.817893	59	3	2.5195	0.791135894719166	-1.0
K562|chr1_8881051-8881551	2	0.18694	0.16378	0.469864	619	1	-1.5988	0.65429	0.82007	1.0	1080	0	-1.5988	0.5515302446319101	-1.0
K562|chr6_11932918-11933418	7	0.18757	0.21178	0.496481	620	5	-0.90368	0.64967	0.93303	1.0	1074	1	-0.90368	0.7591458964933667	-1.0
K562|chr14_68789942-68790442	6	0.18946	0.20106	0.493116	621	4	-0.79427	0.43165	0.77377	1.0	850	2	-0.79427	0.23819865776894156	-1.0
K562|chr1_26051193-26051693	4	0.19006	0.16466	0.469864	622	2	-1.0861	0.44993	0.7529	1.0	875	1	-1.0861	0.7847017598898738	-1.0
A549|chr2_237671652-237672152	4	0.1901	0.16466	0.469864	623	3	-0.97098	0.24725	0.50655	1.0	631	1	-0.97098	0.33430009020088136	-1.0
A549|chr1_234881895-234882395	8	0.19015	0.21978	0.501213	624	5	-0.62009	0.60126	0.91354	1.0	1026	1	-0.62009	0.7572962639687044	-1.0
A549|chr1_67726163-67726663	2	0.19098	0.16884	0.477422	625	1	-1.8032	0.56409	0.73273	1.0	984	0	-1.8032	0.21655184610528924	-1.0
K562|chr3_4984958-4985458	4	0.19117	0.16466	0.469864	626	2	-0.2769	0.26576	0.54438	1.0	661	2	-0.2769	0.7495430398733309	-1.0
A549|chr3_45642385-45642885	6	0.19131	0.20107	0.493116	627	4	-0.70697	0.86002	0.96863	1.0	1269	1	-0.70697	0.2964958743441044	-1.0
A549|chr20_19885837-19886337	5	0.19148	0.18061	0.487636	628	3	-0.96201	0.33241	0.64623	1.0	747	2	-0.96201	0.50221444978103	-1.0
A549|chr11_48092848-48093348	7	0.19154	0.21403	0.496481	629	4	-0.57188	0.48298	0.84291	1.0	914	2	-0.57188	0.7795415664607631	-1.0
A549|chr11_48043287-48043787	4	0.19164	0.16466	0.469864	630	3	-0.83728	0.23689	0.49462	1.0	623	1	-0.83728	0.7900764079926411	-1.0
A549|chr10_119350661-119351161	6	0.19193	0.20107	0.493116	631	3	-0.80799	0.11167	0.38902	1.0	417	2	-0.80799	0.24796952422324844	-1.0
K562|chr21_34988097-34988597	3	0.19218	0.13823	0.454479	632	2	-1.1722	0.60087	0.8014	1.0	1025	1	-1.1722	0.24964022176091438	-1.0
A549|chr2_54561734-54562234	8	0.19295	0.21978	0.501213	633	3	0.13935	0.064687	0.36319	1.0	312	3	0.13935	0.5052081117349089	-1.0
A549|chr4_7832066-7832566	6	0.19352	0.20107	0.493116	634	4	-0.62283	0.95046	0.99254	1.0	1404	0	-0.62283	0.6894287682996577	-1.0
A549|chr7_116573950-116574450	5	0.19398	0.18061	0.487636	635	2	0.61161	0.1109	0.37632	1.0	415	3	0.61161	0.8048493177109706	-1.0
A549|chr7_55077727-55078227	5	0.19413	0.18061	0.487636	636	3	-0.97197	0.90057	0.97341	1.0	1326	0	-0.97197	0.7978272631662947	-1.0
K562|chr12_47814747-47815247	6	0.19488	0.20107	0.493116	637	4	-0.71415	0.92656	0.98731	1.0	1363	0	-0.71415	0.7579534376520443	-1.0
A549|chr12_53006026-53006526	2	0.19528	0.16884	0.477422	638	2	-0.93836	0.80472	0.90329	1.0	1206	0	-0.93836	0.8832400003620943	3.042593866112812
A549|chr12_53006451-53006951	7	0.19546	0.21403	0.496481	639	4	-1.1417	0.33966	0.74766	1.0	759	2	-1.1417	0.7797706617355544	3.042593866112812
K562|chr14_35292375-35292875	7	0.19586	0.21404	0.496481	640	5	-0.4539	0.79022	0.95971	1.0	1195	1	-0.4539	0.7566310103451747	5.054437869442936
K562|chr2_10289279-10289779	6	0.1959	0.20107	0.493116	641	4	-1.0311	0.28497	0.68478	1.0	684	2	-1.0311	0.22744219574306085	-1.0
A549|chr12_3185610-3186110	7	0.19675	0.21404	0.496481	642	5	-0.77025	0.90211	0.98215	1.0	1330	1	-0.77025	0.5178899498544268	-1.0
K562|chr4_40230100-40230600	6	0.19693	0.20107	0.493116	643	4	-0.70772	0.02311	0.13793	1.0	158	2	-0.70772	0.29254783579509636	-1.0
K562|chr12_6620031-6620531	4	0.19718	0.16912	0.477422	644	3	-0.9483	0.90631	0.98077	1.0	1335	0	-0.9483	0.32145276630326913	-1.0
A549|chr2_54581205-54581705	3	0.19822	0.13823	0.454479	645	2	-1.1909	0.49042	0.70233	1.0	920	1	-1.1909	0.7491375667854685	-1.0
A549|chr5_136079145-136079645	4	0.19832	0.16912	0.477422	646	3	-0.81438	0.88871	0.97364	1.0	1306	0	-0.81438	0.23849378073361976	-1.0
K562|chr20_32360467-32360967	3	0.19891	0.13823	0.454479	647	2	-0.66205	0.32733	0.57789	1.0	741	1	-0.66205	0.3226068577365898	-1.0
A549|chr15_60411996-60412496	6	0.19906	0.20107	0.493116	648	3	-0.75557	0.33085	0.69892	1.0	746	1	-0.75557	0.8219421012853396	-1.0
A549|chr2_43206621-43207121	7	0.20107	0.21991	0.501213	649	5	-0.62479	0.45406	0.81314	1.0	881	1	-0.62479	0.777667242613189	-1.0
K562|chr12_56724407-56724907	3	0.2017	0.15788	0.469864	650	2	-0.81752	0.76293	0.90021	1.0	1171	0	-0.81752	0.7931777668546491	-1.0
K562|chr1_47227245-47227745	5	0.20198	0.18062	0.487636	651	3	-1.2165	0.32726	0.62877	1.0	740	1	-1.2165	0.23173102240557403	-1.0
A549|chr10_95291448-95291948	8	0.20227	0.23646	0.520271	652	5	-0.81943	0.26914	0.71148	1.0	664	3	-0.81943	0.6833968314368697	-1.0
K562|chr22_46617582-46618082	6	0.20254	0.21227	0.496481	653	3	-0.48056	0.3098	0.68478	1.0	719	1	-0.48056	0.259046170431894	-1.0
K562|chr10_131898753-131899253	7	0.2027	0.22779	0.512462	654	5	-0.56758	0.097719	0.4056	1.0	392	1	-0.56758	0.30269331818569395	-1.0
A549|chr15_59282554-59283054	4	0.20306	0.18781	0.492566	655	2	-1.1667	0.74613	0.90455	1.0	1155	1	-1.1667	0.605664946046698	-1.0
A549|chr15_60423455-60423955	7	0.20326	0.22779	0.512462	656	3	0.34397	0.13971	0.50419	1.0	476	4	0.34397	0.24310889978431938	-1.0
K562|chr12_130847619-130848119	8	0.20338	0.23646	0.520271	657	5	-0.9893	0.17841	0.57966	1.0	537	1	-0.9893	0.400927662327754	-1.0
A549|chr8_133031622-133032122	4	0.20409	0.18781	0.492566	658	3	-1.0409	0.13709	0.38185	1.0	467	1	-1.0409	0.29082254463108953	-1.0
A549|chr6_71420242-71420742	4	0.20424	0.18781	0.492566	659	3	-0.75488	0.8089	0.92866	1.0	1210	0	-0.75488	0.7500387132565102	-1.0
A549|chr3_71100918-71101418	5	0.20485	0.18062	0.487636	660	2	-0.17753	0.16065	0.49127	1.0	507	1	-0.17753	0.5253819252308537	-1.0
A549|chr12_62711884-62712384	4	0.20526	0.18781	0.492566	661	3	-1.0945	0.89728	0.97616	1.0	1318	0	-1.0945	0.24374807856293237	-1.0
A549|chr10_102773268-102773768	7	0.20666	0.23004	0.516636	662	4	-0.48042	0.038062	0.23223	1.0	218	3	-0.48042	0.4780570977296481	-1.0
K562|chr5_139708270-139708770	4	0.20871	0.18782	0.492566	663	2	-1.0931	0.22643	0.47225	1.0	607	1	-1.0931	0.6865297216868897	-1.0
A549|chr8_30385784-30386284	6	0.20955	0.21601	0.496807	664	1	1.0373	0.025275	0.14905	1.0	173	4	1.0373	0.5206957026107933	-1.0
A549|chr12_75976861-75977361	7	0.20969	0.23241	0.516666	665	5	-0.60554	0.49408	0.84292	1.0	925	2	-0.60554	0.8088331876141958	-1.0
A549|chr10_125162574-125163074	2	0.20977	0.18313	0.487636	666	1	-1.8711	0.6926	0.86173	1.0	1115	0	-1.8711	0.6504171843628589	-1.0
K562|chr19_45884812-45885312	4	0.20994	0.19304	0.492935	667	2	-0.14819	0.2311	0.47225	1.0	615	2	-0.14819	0.24326196405259737	4.263149518836673
K562|chr22_41830121-41830621	4	0.21041	0.19304	0.492935	668	2	-0.95573	0.90591	0.98077	1.0	1334	0	-0.95573	0.26447457843086386	-1.0
A549|chr1_39187199-39187699	7	0.21139	0.23241	0.516666	669	3	0.48289	0.069907	0.3362	1.0	332	3	0.48289	0.4013623701900284	-1.0
K562|chr17_82521670-82522170	6	0.21145	0.21602	0.496807	670	4	-0.97549	0.15382	0.4863	1.0	500	2	-0.97549	0.7568579839677146	-1.0
A549|chr5_136007167-136007667	5	0.21188	0.18443	0.487636	671	3	-0.94049	0.32125	0.62877	1.0	734	2	-0.94049	0.5640433806974982	-1.0
K562|chr6_42011641-42012141	8	0.21193	0.24306	0.521367	672	5	-1.0958	0.066512	0.3632	1.0	322	3	-1.0958	0.7476905364985423	-1.0
A549|chr10_119370344-119370844	4	0.21217	0.19304	0.492935	673	3	-0.86681	0.35028	0.68272	1.0	772	1	-0.86681	0.7772673536966299	-1.0
A549|chr8_132981547-132982047	4	0.21231	0.19304	0.492935	674	3	-0.67517	0.9279	0.98784	1.0	1365	0	-0.67517	0.1817130549477961	-1.0
A549|chr12_76030118-76030618	1	0.21331	0.1249	0.43926	675	1	-1.6255	0.78669	0.8751	1.0	1190	0	-1.6255	0.49607486187952693	-1.0
A549|chr22_46068019-46068519	3	0.21499	0.17835	0.487636	676	2	-0.67106	0.40365	0.64075	1.0	825	1	-0.67106	0.7367149112700017	-1.0
A549|chr5_17217932-17218432	6	0.21528	0.21602	0.496807	677	3	-0.79023	0.54458	0.8722	1.0	964	1	-0.79023	0.5230537029987806	-1.0
K562|chr17_78255007-78255507	6	0.21549	0.22008	0.501213	678	3	-0.56438	0.55522	0.87935	1.0	972	2	-0.56438	0.24523576711349782	-1.0
A549|chr11_128493509-128494009	2	0.21567	0.18314	0.487636	679	2	-1.7212	0.78433	0.90329	1.0	1189	0	-1.7212	0.3594320917162703	-1.0
A549|chr11_122181980-122182480	5	0.21706	0.18444	0.487636	680	2	0.82817	0.089976	0.30231	1.0	379	3	0.82817	0.24020572689266734	-1.0
K562|chr15_92820983-92821483	3	0.2186	0.17835	0.487636	681	1	-0.16461	0.68874	0.86308	1.0	1112	0	-0.16461	0.8117300716667138	-1.0
A549|chr15_60353405-60353905	7	0.21945	0.23807	0.521367	682	3	0.63146	0.062192	0.3039	1.0	303	4	0.63146	0.6307135935037311	-1.0
A549|chr13_33229234-33229734	5	0.22073	0.18444	0.487636	683	2	0.27016	0.18	0.52554	1.0	540	3	0.27016	0.7744507949267072	-1.0
CCR5_1629	1	0.22086	0.14606	0.466582	684	1	-2.3648	0.77914	0.85394	1.0	1183	0	-2.3648	-1.0	-1.0
K562|chr6_37056719-37057219	5	0.22094	0.18444	0.487636	685	2	0.03175	0.21949	0.55587	1.0	598	1	0.03175	0.704368839956396	-1.0
A549|chr21_39051789-39052289	3	0.22191	0.18421	0.487636	686	1	0.22784	0.64325	0.82786	1.0	1067	1	0.22784	0.2141715723084808	-1.0
A549|chr22_46071650-46072150	4	0.22203	0.19835	0.493116	687	2	0.12562	0.017594	0.083467	1.0	141	2	0.12562	0.4912853834721819	-1.0
K562|chr1_234973690-234974190	5	0.22218	0.18444	0.487636	688	3	-0.95609	0.88816	0.97341	1.0	1305	0	-0.95609	0.4578557980293815	-1.0
A549|chr4_168839991-168840491	2	0.22273	0.18314	0.487636	689	1	-2.0047	0.37553	0.54485	1.0	798	1	-2.0047	0.5140982935273296	-1.0
A549|chr13_110298666-110299166	8	0.22308	0.24663	0.527651	690	3	0.30484	0.18079	0.57967	1.0	541	4	0.30484	0.7631916398647898	-1.0
K562|chr14_102507652-102508152	3	0.2233	0.18421	0.487636	691	2	-1.1604	0.65401	0.83698	1.0	1079	1	-1.1604	0.5910227770754813	-1.0
A549|chr22_45768424-45768924	5	0.22432	0.18444	0.487636	692	2	-0.24144	0.050445	0.20257	1.0	273	2	-0.24144	0.838599836565997	-1.0
A549|chr21_38806902-38807402	7	0.22577	0.24336	0.521367	693	4	-0.70118	0.25278	0.66528	1.0	638	3	-0.70118	0.407860323448923	-1.0
K562|chr19_4397356-4397856	3	0.22647	0.19045	0.492935	694	2	-0.86629	0.045862	0.15693	1.0	249	1	-0.86629	0.2605708893186688	-1.0
A549|chr21_39097413-39097913	6	0.22686	0.22009	0.501213	695	3	-0.23178	0.38079	0.7199	1.0	807	2	-0.23178	0.47364859829639533	-1.0
A549|chr17_27353242-27353742	7	0.22716	0.24336	0.521367	696	3	-0.38092	0.93362	0.99056	1.0	1373	0	-0.38092	0.7527389568603171	3.6757175447023074
A549|chr1_234843506-234844006	2	0.22793	0.19767	0.493116	697	1	-0.65827	0.30811	0.47855	1.0	716	1	-0.65827	0.810142271428977	-1.0
K562|chr12_130815246-130815746	5	0.22816	0.19606	0.493116	698	3	-0.66826	0.1441	0.46374	1.0	486	2	-0.66826	0.5247512985457629	-1.0
A549|chr5_59032705-59033205	4	0.22893	0.20601	0.496481	699	3	-0.5478	0.89477	0.97615	1.0	1315	0	-0.5478	0.29454437545937273	-1.0
K562|chr15_92844699-92845199	6	0.22915	0.22497	0.508051	700	1	1.3598	0.0023942	0.024427	0.814752	47	5	1.3598	0.6068615932824923	-1.0
A549|chr15_98903893-98904393	8	0.23021	0.25074	0.530835	701	4	-0.48491	0.15206	0.54515	1.0	499	2	-0.48491	0.7840574881464616	-1.0
K562|chr16_75026823-75027323	4	0.23047	0.20601	0.496481	702	3	-1.0704	0.89564	0.97615	1.0	1316	0	-1.0704	0.2468083246539013	-1.0
A549|chr7_131157794-131158294	5	0.23049	0.19606	0.493116	703	3	-0.97502	0.26856	0.59111	1.0	663	1	-0.97502	0.25873032175016464	-1.0
A549|chr9_703588-704088	2	0.23124	0.19767	0.493116	704	2	-0.82992	0.76876	0.90329	1.0	1175	0	-0.82992	0.3688872597995585	-1.0
A549|chr11_128521552-128522052	5	0.23247	0.19606	0.493116	705	3	-0.60854	0.28225	0.59985	1.0	679	1	-0.60854	0.24348012058492952	-1.0
A549|chr3_71153646-71154146	5	0.23344	0.19606	0.493116	706	2	2.0402	0.0051657	0.035211	0.817893	63	3	2.0402	0.3630062177560759	-1.0
A549|chr18_77110910-77111410	6	0.23516	0.23322	0.516666	707	3	-0.57324	0.79644	0.94465	1.0	1202	1	-0.57324	0.7737522559580883	-1.0
K562|chr18_48977894-48978394	3	0.23574	0.2096	0.496481	708	2	-1.0113	0.87491	0.96405	1.0	1285	0	-1.0113	0.789345390162824	-1.0
A549|chr15_60399163-60399663	8	0.2358	0.2617	0.54565	709	5	-0.80935	0.9428	0.99344	1.0	1386	1	-0.80935	0.4180974698297818	-1.0
A549|chr15_60399901-60400401	7	0.23702	0.24337	0.521367	710	4	-0.53005	0.52547	0.85615	1.0	948	2	-0.53005	0.3048355140967981	-1.0
A549|chr20_19991251-19991751	6	0.2371	0.23322	0.516666	711	3	-0.36934	0.06511	0.29921	1.0	315	2	-0.36934	0.3219389329134607	-1.0
K562|chr1_47235194-47235694	6	0.23768	0.23322	0.516666	712	4	-0.90431	0.94988	0.99254	1.0	1400	0	-0.90431	0.37961229148634357	-1.0
A549|chr7_55078123-55078623	8	0.2386	0.2617	0.54565	713	5	-0.60873	0.57475	0.90225	1.0	997	1	-0.60873	0.7025611758502152	-1.0
K562|chr22_41836446-41836946	7	0.23955	0.24337	0.521367	714	4	-0.8481	0.084008	0.37754	1.0	368	2	-0.8481	0.22901377734100115	-1.0
A549|chr17_72397083-72397583	4	0.23959	0.21434	0.496481	715	1	0.0703	0.79631	0.92865	1.0	1201	0	0.0703	0.8191550217054872	-1.0
A549|chr9_71743817-71744317	6	0.23975	0.23322	0.516666	716	3	-0.50142	0.87512	0.97147	1.0	1287	1	-0.50142	0.19671196074883307	-1.0
AAVS1_1591	1	0.24082	0.16712	0.475066	717	1	-1.9961	0.75918	0.83288	1.0	1169	0	-1.9961	-1.0	-1.0
K562|chr11_32428875-32429375	6	0.24223	0.23322	0.516666	718	4	-0.72513	0.48259	0.8223	1.0	913	2	-0.72513	0.442909868216536	-1.0
A549|chr2_9250732-9251232	4	0.24515	0.21434	0.496481	719	2	-0.83507	0.85384	0.95325	1.0	1262	0	-0.83507	0.8104134306826776	-1.0
A549|chr17_27363954-27364454	3	0.24563	0.20961	0.496481	720	2	-1.0293	0.3368	0.60485	1.0	753	1	-1.0293	0.3958376838537753	-1.0
*PKIB	5	0.24605	0.20887	0.496481	721	3	-1.1434	0.88755	0.97341	1.0	1303	0	-1.1434	-1.0	-1.0
A549|chr4_7857945-7858445	6	0.2461	0.23322	0.516666	722	2	-0.30243	0.015364	0.10869	1.0	134	2	-0.30243	0.7440110087948386	-1.0
A549|chr6_71393779-71394279	7	0.24774	0.24337	0.521367	723	3	-0.31991	0.267	0.67562	1.0	662	3	-0.31991	0.20516960255698727	-1.0
K562|chr14_68784132-68784632	5	0.24797	0.20887	0.496481	724	3	-0.65094	0.44337	0.77841	1.0	866	2	-0.65094	0.7657255666430687	-1.0
K562|chr11_96316826-96317326	5	0.24802	0.20887	0.496481	725	3	-0.90551	0.41598	0.75228	1.0	835	2	-0.90551	0.7224891666944417	-1.0
A549|chr21_38810907-38811407	7	0.24956	0.24337	0.521367	726	3	-0.32468	0.032195	0.2208	1.0	201	1	-0.32468	0.2913137982645248	-1.0
A549|chr3_58014851-58015351	5	0.24989	0.20887	0.496481	727	3	-1.0443	0.71483	0.90427	1.0	1133	1	-1.0443	0.24423023368543936	-1.0
A549|chr7_47557802-47558302	8	0.25012	0.27112	0.552576	728	5	-0.70472	0.0061577	0.083954	1.0	71	2	-0.70472	0.7461124722111998	-1.0
A549|chr7_27117484-27117984	4	0.25125	0.21435	0.496481	729	2	-0.59926	0.84282	0.94463	1.0	1248	0	-0.59926	0.5818977333089721	-1.0
K562|chr19_5982867-5983367	8	0.25264	0.27112	0.552576	730	5	-0.50769	0.90179	0.98611	1.0	1329	1	-0.50769	0.8438360953349282	-1.0
A549|chr6_112227363-112227863	5	0.25373	0.20888	0.496481	731	1	1.5501	0.00088644	0.0087775	0.618812	20	4	1.5501	0.22946371474053073	-1.0
A549|chr22_46065877-46066377	8	0.25393	0.27113	0.552576	732	2	0.30597	0.18937	0.60533	1.0	557	4	0.30597	0.7592026542472646	-1.0
K562|chr10_131900651-131901151	3	0.25525	0.20961	0.496481	733	2	-0.73119	0.7565	0.9002	1.0	1167	0	-0.73119	0.7060947323336303	-1.0
A549|chr15_59371341-59371841	8	0.25563	0.27113	0.552576	734	4	-0.49699	0.0081291	0.090506	1.0	88	3	-0.49699	0.8083534488139835	-1.0
K562|chr17_79840071-79840571	3	0.25604	0.20961	0.496481	735	2	-1.0554	0.048606	0.1632	1.0	263	1	-1.0554	0.8537140488210005	3.629006066485256
A549|chr7_130908989-130909489	3	0.25615	0.20961	0.496481	736	2	-0.75638	0.28938	0.54254	1.0	695	1	-0.75638	0.6392689335685475	-1.0
K562|chr18_3618172-3618672	6	0.2563	0.23323	0.516666	737	3	0.19406	0.011675	0.10312	1.0	107	3	0.19406	0.8001769037888121	-1.0
A549|chr6_16723366-16723866	4	0.25788	0.21435	0.496481	738	2	-0.52888	0.55566	0.79716	1.0	973	1	-0.52888	0.6822115812825249	-1.0
A549|chr11_122208267-122208767	3	0.25819	0.21585	0.496807	739	1	0.77842	0.080485	0.23118	1.0	361	2	0.77842	0.7200673946057858	-1.0
A549|chr13_110347380-110347880	5	0.25979	0.21399	0.496481	740	2	-0.27793	0.892	0.97341	1.0	1310	0	-0.27793	0.7617662250674864	-1.0
A549|chr15_60379898-60380398	6	0.25981	0.23323	0.516666	741	3	-0.73353	0.41965	0.75393	1.0	839	2	-0.73353	0.2209707801132585	-1.0
K562|chr12_56725159-56725659	5	0.26071	0.21399	0.496481	742	3	-0.86257	0.28406	0.59985	1.0	682	1	-0.86257	0.7722290258681376	5.793957098907479
A549|chr5_14184697-14185197	4	0.26109	0.23635	0.520271	743	3	-0.66205	0.44782	0.7529	1.0	872	1	-0.66205	0.8148339667789991	-1.0
A549|chr4_57102034-57102534	4	0.26128	0.23636	0.520271	744	2	2.4216	0.0014598	0.0067681	0.618812	31	2	2.4216	0.25236241962904504	-1.0
CCR5_1618	1	0.26302	0.17766	0.487636	745	1	-1.3969	0.73698	0.82234	1.0	1151	0	-1.3969	-1.0	-1.0
K562|chr14_102502656-102503156	7	0.26439	0.26448	0.549227	746	4	-0.67702	0.6754	0.94306	1.0	1099	1	-0.67702	0.8247400542348394	-1.0
A549|chr7_55020799-55021299	5	0.26442	0.21399	0.496481	747	2	0.86881	0.05717	0.21822	1.0	291	3	0.86881	0.46164589302119596	-1.0
K562|chr10_21529395-21529895	5	0.26555	0.22226	0.503358	748	2	-0.23902	0.88485	0.97032	1.0	1295	0	-0.23902	0.8161654332609709	-1.0
A549|chr5_17227813-17228313	6	0.26876	0.23742	0.520978	749	2	0.022788	0.20166	0.58827	1.0	576	3	0.022788	0.17990082775222566	-1.0
A549|chr16_89300368-89300868	5	0.27016	0.22226	0.503358	750	2	0.69046	0.087907	0.28663	1.0	372	3	0.69046	0.37827276601041687	-1.0
A549|chr4_87117653-87118153	4	0.27177	0.25834	0.54132	751	2	-0.70011	0.72793	0.89839	1.0	1142	1	-0.70011	0.4422561008151198	-1.0
K562|chr18_48973867-48974367	6	0.27366	0.24211	0.521367	752	3	-0.07624	0.091858	0.35307	1.0	384	3	-0.07624	0.2668744262349698	-1.0
A549|chr13_110298330-110298830	5	0.27673	0.22227	0.503358	753	2	-0.29953	0.17036	0.50637	1.0	522	1	-0.29953	0.7523370737602489	-1.0
A549|chr7_131194029-131194529	8	0.277	0.27949	0.564535	754	3	-0.41048	0.58133	0.90225	1.0	1006	2	-0.41048	0.8029243150339951	-1.0
K562|chr1_26694849-26695349	3	0.27859	0.22262	0.503443	755	2	-0.90177	0.6179	0.81025	1.0	1042	1	-0.90177	0.24507060090068988	4.216046422595962
A549|chr11_122202281-122202781	6	0.27959	0.24211	0.521367	756	4	-0.77042	0.83438	0.9606	1.0	1236	1	-0.77042	0.6056933184398107	-1.0
K562|chr11_117986523-117987023	6	0.27959	0.24211	0.521367	757	4	-0.74282	0.38397	0.72615	1.0	812	2	-0.74282	0.8905043017649588	3.151773923348828
A549|chr2_9288668-9289168	6	0.27959	0.24211	0.521367	758	4	-0.77682	0.61047	0.90602	1.0	1032	1	-0.77682	0.7896972374776162	-1.0
A549|chr15_98872763-98873263	6	0.27959	0.24211	0.521367	759	4	-0.66205	0.43079	0.77377	1.0	849	2	-0.66205	0.8267284779888131	-1.0
K562|chr17_82517235-82517735	6	0.27959	0.24211	0.521367	760	4	-0.73647	0.36515	0.7199	1.0	789	2	-0.73647	0.7711029618903656	-1.0
A549|chr2_237690664-237691164	1	0.28061	0.17767	0.487636	761	1	-2.1728	0.71939	0.82233	1.0	1136	0	-2.1728	0.6889509584080606	-1.0
A549|chr2_160374681-160375181	6	0.28338	0.24211	0.521367	762	1	1.0956	0.011484	0.10312	1.0	105	5	1.0956	0.7152860547938584	-1.0
K562|chr1_8876990-8877490	2	0.28374	0.2215	0.503358	763	1	-1.4952	0.67332	0.84586	1.0	1096	0	-1.4952	0.8283548390496842	-1.0
A549|chr20_38110711-38111211	8	0.28374	0.28963	0.570745	764	4	-0.50374	0.18535	0.58954	1.0	549	3	-0.50374	0.2463994084343275	-1.0
K562|chr21_34994600-34995100	8	0.28412	0.28963	0.570745	765	3	0.25017	0.35742	0.78104	1.0	779	3	0.25017	0.562095088909057	-1.0
A549|chr9_37995507-37996007	3	0.28439	0.2413	0.521367	766	2	-1.2117	0.72989	0.88597	1.0	1143	0	-1.2117	0.5363134705685321	-1.0
K562|chr3_195115869-195116369	4	0.28544	0.26633	0.551649	767	1	0.030487	0.0384	0.13403	1.0	221	2	0.030487	0.16094496903952588	-1.0
A549|chr4_7968455-7968955	8	0.28638	0.28963	0.570745	768	4	-0.39123	0.92161	0.98932	1.0	1351	1	-0.39123	0.45525305168738883	-1.0
A549|chr12_62790967-62791467	5	0.28722	0.22787	0.512462	769	3	-0.66205	0.033489	0.1848	1.0	207	2	-0.66205	0.1732756435121794	-1.0
A549|chr1_67679657-67680157	6	0.28766	0.24212	0.521367	770	3	-0.40483	0.026963	0.15617	1.0	182	2	-0.40483	0.8086045211488748	-1.0
A549|chr15_63484735-63485235	8	0.28855	0.28963	0.570745	771	5	-0.67181	0.28449	0.72922	1.0	683	2	-0.67181	0.3438528061787019	-1.0
K562|chr12_130868404-130868904	8	0.28855	0.28963	0.570745	772	5	-0.62188	0.048984	0.28833	1.0	264	3	-0.62188	0.36955677802155784	-1.0
A549|chr2_42971902-42972402	8	0.28855	0.28963	0.570745	773	5	-0.66205	0.63305	0.93225	1.0	1061	2	-0.66205	0.7426850925427458	-1.0
A549|chr12_62732937-62733437	3	0.28994	0.24777	0.528029	774	2	-0.66205	0.71864	0.87117	1.0	1135	0	-0.66205	0.7562527816821123	-1.0
K562|chr17_82117076-82117576	5	0.29046	0.23719	0.520978	775	3	-0.83488	0.5831	0.86211	1.0	1008	1	-0.83488	0.2452071181586068	-1.0
A549|chr2_54524650-54525150	4	0.29056	0.26633	0.551649	776	1	0.79428	0.12064	0.36583	1.0	435	2	0.79428	0.776835922337657	-1.0
A549|chr4_87089323-87089823	6	0.29139	0.24212	0.521367	777	2	0.57696	0.14093	0.43207	1.0	480	3	0.57696	0.761140451847969	-1.0
*SDS	5	0.29288	0.25268	0.530835	778	3	-0.45646	0.7838	0.9347	1.0	1188	1	-0.45646	-1.0	-1.0
K562|chr8_22685560-22686060	7	0.29314	0.2684	0.552576	779	2	0.29783	0.067008	0.32344	1.0	324	3	0.29783	0.2423116453348606	-1.0
K562|chr10_100372804-100373304	8	0.29381	0.28963	0.570745	780	3	-0.07817	0.40711	0.8168	1.0	828	2	-0.07817	0.6691932159656773	10.284121951691906
A549|chr9_21579845-21580345	5	0.29395	0.25268	0.530835	781	1	0.53556	0.17869	0.51882	1.0	538	3	0.53556	0.19097422562472938	-1.0
A549|chr2_9244908-9245408	5	0.29439	0.25268	0.530835	782	2	0.94631	0.051999	0.21086	1.0	275	3	0.94631	0.4607589650598831	-1.0
A549|chr10_33341326-33341826	5	0.29529	0.25268	0.530835	783	1	0.44098	0.13452	0.46374	1.0	461	3	0.44098	0.3140762711128515	-1.0
A549|chr4_87105407-87105907	3	0.29669	0.24778	0.528029	784	2	-1.1225	0.84395	0.95711	1.0	1250	0	-1.1225	0.5114460072876724	-1.0
A549|chr12_3199527-3200027	3	0.2987	0.24778	0.528029	785	2	-0.75315	0.63985	0.81923	1.0	1064	1	-0.75315	0.75922616289735	-1.0
A549|chr15_57611082-57611582	7	0.29934	0.27793	0.562784	786	3	0.4315	0.10768	0.43428	1.0	411	4	0.4315	0.6389633167258858	-1.0
A549|chr12_53006726-53007226	5	0.30003	0.25269	0.530835	787	3	-0.64423	0.74624	0.91303	1.0	1156	1	-0.64423	0.4576879377492223	3.042593866112812
A549|chr11_122157766-122158266	6	0.30091	0.25142	0.530835	788	2	0.35422	0.20945	0.58828	1.0	585	3	0.35422	0.6434956164222804	-1.0
A549|chr18_77112291-77112791	4	0.30109	0.29239	0.570745	789	1	3.0749	0.0019736	0.0092403	0.618812	40	2	3.0749	0.7632636383294662	-1.0
K562|chr22_46661104-46661604	4	0.30143	0.29239	0.570745	790	3	-0.49793	0.63527	0.84185	1.0	1062	1	-0.49793	0.586620797872465	-1.0
K562|chr1_26046223-26046723	5	0.30143	0.25269	0.530835	791	3	-0.53904	0.64451	0.87486	1.0	1069	1	-0.53904	0.2316769454701986	-1.0
K562|chr1_246573394-246573894	7	0.30169	0.27793	0.562784	792	3	-0.3436	0.035574	0.23222	1.0	211	3	-0.3436	0.8314886023760661	-1.0
K562|chr19_4402902-4403402	2	0.30378	0.2355	0.520271	793	1	-1.5114	0.6779	0.84586	1.0	1105	0	-1.5114	0.6054054262222214	14.659298161268325
K562|chr11_118006594-118007094	4	0.30382	0.29239	0.570745	794	2	-0.24861	0.47221	0.7529	1.0	905	1	-0.24861	0.4923887257955088	-1.0
A549|chr5_59038596-59039096	6	0.30443	0.25142	0.530835	795	4	-0.61551	0.97663	0.99853	1.0	1464	0	-0.61551	0.7525617048453825	-1.0
A549|chr6_16752067-16752567	3	0.30477	0.25477	0.534532	796	2	-0.9114	0.69424	0.86308	1.0	1117	0	-0.9114	0.2626794959061973	-1.0
K562|chr17_78304673-78305173	4	0.30545	0.29239	0.570745	797	3	-0.60021	0.8854	0.9709	1.0	1297	0	-0.60021	0.24432148045072435	-1.0
K562|chr1_21761404-21761904	5	0.30637	0.25269	0.530835	798	2	-0.010879	0.6923	0.89172	1.0	1114	1	-0.010879	0.20211865262074316	-1.0
A549|chr15_85584897-85585397	5	0.30642	0.25269	0.530835	799	2	0.57145	0.17119	0.50637	1.0	526	3	0.57145	0.690811527684674	-1.0
K562|chr10_131901374-131901874	5	0.31172	0.25896	0.541923	800	3	-0.67413	0.81016	0.94317	1.0	1213	1	-0.67413	0.24608001186079204	-1.0
A549|chr7_55053606-55054106	1	0.3119	0.19821	0.493116	801	1	-0.86362	0.6881	0.80179	1.0	1111	0	-0.86362	0.40357041444713077	-1.0
A549|chr2_43230911-43231411	4	0.31203	0.29707	0.576414	802	2	-0.42232	0.60134	0.82235	1.0	1027	1	-0.42232	0.726648469294271	-1.0
K562|chr21_37372208-37372708	6	0.31564	0.26182	0.54565	803	4	-0.75434	0.48491	0.8305	1.0	918	1	-0.75434	0.20646054719192697	-1.0
*GPR98	5	0.3158	0.28432	0.570745	804	2	0.23031	0.15043	0.4773	1.0	495	2	0.23031	-1.0	-1.0
A549|chr11_19959566-19960066	8	0.31589	0.30279	0.585023	805	1	0.67515	0.032308	0.22804	1.0	203	4	0.67515	0.7311476168364565	-1.0
A549|chr15_89133210-89133710	5	0.31601	0.28432	0.570745	806	3	-0.36553	0.70828	0.90018	1.0	1128	1	-0.36553	0.45450095287972575	-1.0
A549|chr15_78050285-78050785	4	0.31791	0.29707	0.576414	807	1	0.18055	0.6499	0.84186	1.0	1075	1	0.18055	0.7902090043029808	-1.0
A549|chr3_45583351-45583851	5	0.31946	0.30811	0.590796	808	3	-0.67778	0.079138	0.27622	1.0	357	2	-0.67778	0.29148186172245594	-1.0
A549|chr17_77432099-77432599	6	0.3208	0.27118	0.552576	809	4	-0.72182	0.69915	0.92536	1.0	1123	1	-0.72182	0.20882440111251688	-1.0
A549|chr14_68655427-68655927	5	0.3213	0.30812	0.590796	810	3	-0.94561	0.96171	0.99601	1.0	1432	0	-0.94561	0.4534696242000313	-1.0
A549|chr20_19944674-19945174	5	0.32253	0.3166	0.599585	811	3	-0.69184	0.37871	0.70831	1.0	805	2	-0.69184	0.760810385013752	-1.0
K562|chr12_47814494-47814994	6	0.32372	0.27118	0.552576	812	1	0.68182	0.0047884	0.047773	0.906559	60	5	0.68182	0.770058938092954	-1.0
K562|chrX_107742824-107743324	3	0.32718	0.27917	0.564535	813	2	-0.65296	0.8539	0.96405	1.0	1263	0	-0.65296	-1.0	-1.0
K562|chrX_107729164-107729664	5	0.32911	0.3166	0.599585	814	3	-0.7573	0.80334	0.94317	1.0	1205	1	-0.7573	-1.0	-1.0
K562|chr11_65503230-65503730	5	0.32932	0.3166	0.599585	815	3	-0.76166	0.44951	0.77841	1.0	874	2	-0.76166	0.2887378932026996	-1.0
K562|chr1_21784484-21784984	3	0.3312	0.28647	0.570745	816	2	-0.9553	0.090799	0.23119	1.0	381	1	-0.9553	0.807989171723438	-1.0
A549|chr9_71769750-71770250	8	0.33132	0.30659	0.589964	817	2	0.04261	0.0098756	0.10729	1.0	98	3	0.04261	0.21626906994067752	-1.0
A549|chr9_113575610-113576110	8	0.33245	0.30659	0.589964	818	4	-0.46645	0.00082576	0.018258	0.751688	19	3	-0.46645	0.2122316604198289	-1.0
K562|chr5_139701167-139701667	6	0.33288	0.27119	0.552576	819	3	-0.58341	0.54812	0.8722	1.0	968	2	-0.58341	0.7269515017574544	-1.0
A549|chr1_8420217-8420717	8	0.33314	0.30659	0.589964	820	2	0.48137	0.04479	0.28285	1.0	242	5	0.48137	0.771608065756289	-1.0
K562|chr4_1857797-1858297	3	0.33339	0.28647	0.570745	821	2	-0.7859	0.80566	0.93542	1.0	1207	0	-0.7859	0.7817319076034639	-1.0
A549|chr1_67683751-67684251	5	0.33411	0.3166	0.599585	822	2	0.75547	0.076888	0.27198	1.0	348	3	0.75547	0.2736543961643439	-1.0
A549|chr3_71164869-71165369	3	0.33439	0.28647	0.570745	823	2	-0.66493	0.46212	0.67591	1.0	894	1	-0.66493	0.7217115070892928	-1.0
A549|chr3_71164231-71164731	6	0.3345	0.27119	0.552576	824	4	-0.60941	0.14639	0.44243	1.0	489	2	-0.60941	0.23725886519259437	-1.0
A549|chr15_98893364-98893864	7	0.33485	0.28791	0.570745	825	2	0.7358	0.046164	0.25924	1.0	253	4	0.7358	0.21717692044521125	-1.0
A549|chr15_59347283-59347783	5	0.33497	0.32588	0.610468	826	3	-0.66205	0.13783	0.46374	1.0	471	1	-0.66205	0.6994650630437801	-1.0
A549|chr17_27558291-27558791	8	0.33556	0.31006	0.593122	827	5	-0.76761	0.84992	0.9777	1.0	1256	1	-0.76761	0.2629572719960614	-1.0
A549|chr16_89359323-89359823	6	0.33713	0.27119	0.552576	828	4	-0.52032	0.95608	0.99452	1.0	1419	0	-0.52032	0.8392420340693483	-1.0
A549|chr22_46078251-46078751	5	0.33719	0.32588	0.610468	829	3	-0.52973	0.81172	0.94318	1.0	1214	1	-0.52973	0.7298945570413388	-1.0
A549|chr13_33271093-33271593	8	0.33727	0.31006	0.593122	830	4	-0.50071	0.43049	0.83958	1.0	848	1	-0.50071	0.2397068113805381	-1.0
A549|chr7_47571216-47571716	6	0.33757	0.27119	0.552576	831	3	-0.37262	0.21057	0.58828	1.0	586	3	-0.37262	0.2511653191999884	-1.0
A549|chr2_20532476-20532976	7	0.3385	0.28791	0.570745	832	3	0.00092108	0.053506	0.28836	1.0	277	3	0.00092108	0.5141433799491527	-1.0
A549|chr5_136025845-136026345	5	0.34091	0.32588	0.610468	833	2	0.30679	0.38418	0.71896	1.0	814	2	0.30679	0.20865196380934692	-1.0
K562|chr10_131898420-131898920	8	0.34312	0.31749	0.599585	834	4	-0.40835	0.060946	0.35906	1.0	299	2	-0.40835	0.24191357810254133	-1.0
A549|chr11_20042705-20043205	3	0.3435	0.28648	0.570745	835	2	-0.81898	0.61958	0.81025	1.0	1045	1	-0.81898	0.7626174638053194	-1.0
A549|chr20_19889910-19890410	5	0.34636	0.33147	0.615257	836	3	-0.84738	0.30769	0.62876	1.0	715	2	-0.84738	0.6591056402420438	-1.0
A549|chr6_16762221-16762721	8	0.3472	0.31749	0.599585	837	5	-0.68396	0.30014	0.73569	1.0	710	2	-0.68396	0.22504907127314674	-1.0
K562|chr10_3078377-3078877	6	0.34741	0.28164	0.568171	838	2	4.301	0.00018496	0.0027066	0.618812	2	4	4.301	0.734873211802297	-1.0
K562|chr21_37372861-37373361	6	0.34871	0.29203	0.570745	839	3	-0.34477	0.14895	0.44761	1.0	492	3	-0.34477	0.2606776853696618	-1.0
K562|chr11_117952441-117952941	3	0.34977	0.29462	0.573043	840	2	-0.88606	0.31529	0.56032	1.0	729	1	-0.88606	0.4285092680517401	-1.0
A549|chr6_71406843-71407343	8	0.35172	0.31749	0.599585	841	5	-0.74017	0.2862	0.72922	1.0	688	3	-0.74017	0.22869551660981452	-1.0
A549|chr11_20000422-20000922	5	0.35206	0.35984	0.649739	842	2	-0.43751	0.9462	0.99296	1.0	1392	0	-0.43751	0.12895956487448307	-1.0
A549|chr5_17235671-17236171	8	0.35324	0.31749	0.599585	843	4	-0.46427	0.56618	0.90225	1.0	986	1	-0.46427	0.7054683624587925	-1.0
A549|chr7_55057042-55057542	7	0.35378	0.29434	0.573043	844	2	-0.20398	0.49453	0.84292	1.0	926	2	-0.20398	0.16617075763796058	-1.0
A549|chr20_54132132-54132632	5	0.35433	0.35984	0.649739	845	1	0.52559	0.11129	0.37632	1.0	416	3	0.52559	0.1673505706938393	-1.0
K562|chr19_45884638-45885138	2	0.35483	0.26242	0.54565	846	1	-0.72983	0.52668	0.71084	1.0	951	1	-0.72983	0.49531121368055553	-1.0
K562|chr19_15333569-15334069	6	0.35629	0.29204	0.570745	847	3	-0.38587	0.94639	0.99144	1.0	1394	0	-0.38587	0.20868683042661892	-1.0
A549|chr10_33289713-33290213	5	0.35679	0.35984	0.649739	848	3	-0.66205	0.75171	0.91731	1.0	1163	1	-0.66205	0.7676318891937212	-1.0
K562|chr10_131924890-131925390	7	0.35688	0.30206	0.584695	849	4	-0.64935	0.23222	0.65565	1.0	618	3	-0.64935	0.2714191746111523	-1.0
A549|chr17_27534045-27534545	6	0.35703	0.29204	0.570745	850	2	0.0074329	0.11956	0.38903	1.0	432	2	0.0074329	0.5918580126345	-1.0
*CREBZF	5	0.35728	0.35984	0.649739	851	3	-0.59584	0.5385	0.84433	1.0	961	1	-0.59584	-1.0	-1.0
K562|chr19_19131874-19132374	2	0.35748	0.26242	0.54565	852	1	-0.10305	0.33303	0.50056	1.0	748	1	-0.10305	0.39502102594543304	-1.0
A549|chr3_71039269-71039769	8	0.35807	0.3323	0.616091	853	4	-0.55086	0.23096	0.66381	1.0	614	1	-0.55086	0.77610957912936	-1.0
A549|chr13_33218374-33218874	8	0.35941	0.33581	0.620483	854	5	-0.67076	0.96801	0.99606	1.0	1446	0	-0.67076	0.425783770715914	-1.0
A549|chr18_3586729-3587229	3	0.36049	0.29463	0.573043	855	1	0.029752	0.32787	0.57789	1.0	743	1	0.029752	0.7782729398582033	-1.0
A549|chr6_16767297-16767797	8	0.36063	0.33581	0.620483	856	3	-0.20797	0.50693	0.87659	1.0	933	2	-0.20797	0.5891261453299323	-1.0
A549|chr7_27161614-27162114	6	0.3608	0.29204	0.570745	857	3	-0.69731	0.46797	0.81445	1.0	901	1	-0.69731	0.49865971292851174	-1.0
A549|chr2_28614028-28614528	6	0.36136	0.29204	0.570745	858	3	-0.35044	0.19489	0.57525	1.0	565	3	-0.35044	0.792365877559644	-1.0
A549|chr3_57985206-57985706	5	0.3632	0.36609	0.654145	859	3	-0.72758	0.16577	0.50636	1.0	517	2	-0.72758	0.26372035851030284	-1.0
K562|chr6_50826712-50827212	4	0.36391	0.33111	0.615257	860	2	-0.52123	0.33823	0.64942	1.0	756	1	-0.52123	0.8505673894839789	-1.0
A549|chr10_3781797-3782297	2	0.3656	0.27604	0.560358	861	1	-0.75664	0.7026	0.86903	1.0	1125	0	-0.75664	0.8782110169809965	-1.0
A549|chr8_133016471-133016971	5	0.36702	0.36609	0.654145	862	3	-0.78832	0.024873	0.14007	1.0	172	2	-0.78832	0.2809920192389615	-1.0
A549|chr16_81461730-81462230	5	0.36795	0.36609	0.654145	863	1	0.16632	0.46737	0.80865	1.0	900	1	0.16632	0.37812984668645816	-1.0
K562|chr11_67284652-67285152	7	0.369	0.30715	0.590332	864	3	-0.17986	0.44292	0.81314	1.0	864	2	-0.17986	0.24809913032755773	-1.0
A549|chr9_21559676-21560176	4	0.3706	0.33111	0.615257	865	2	-0.53788	0.54816	0.79715	1.0	969	1	-0.53788	0.6198082714491183	-1.0
A549|chr17_72463604-72464104	3	0.37181	0.31112	0.593787	866	2	-0.51308	0.58393	0.78363	1.0	1009	1	-0.51308	0.17206175311231658	-1.0
K562|chr19_41862529-41863029	2	0.37347	0.27604	0.560358	867	1	-0.84571	0.61958	0.78366	1.0	1046	0	-0.84571	0.21373884533774007	-1.0
A549|chr13_110300371-110300871	5	0.37361	0.3661	0.654145	868	3	-0.57395	0.39725	0.73569	1.0	822	1	-0.57395	0.8302747023176109	-1.0
A549|chr20_54068939-54069439	3	0.37508	0.31912	0.601968	869	2	-0.89324	0.8588	0.96405	1.0	1267	0	-0.89324	0.775338602333822	-1.0
A549|chr11_126365991-126366491	6	0.37645	0.35192	0.642947	870	3	-0.0060513	0.045985	0.23305	1.0	251	3	-0.0060513	0.3478737881135154	-1.0
A549|chr5_59560539-59561039	2	0.37888	0.27604	0.560358	871	1	-0.38601	0.61491	0.78366	1.0	1037	0	-0.38601	0.5803218277066103	-1.0
A549|chr5_136094485-136094985	6	0.38011	0.37489	0.662758	872	3	-0.52743	0.3955	0.74058	1.0	821	2	-0.52743	0.7738134661861835	-1.0
A549|chr4_168842137-168842637	6	0.38044	0.37489	0.662758	873	3	-0.091197	0.17827	0.55196	1.0	536	3	-0.091197	0.4854732829407686	-1.0
K562|chr10_21531127-21531627	4	0.38083	0.33111	0.615257	874	1	0.057757	0.23187	0.47225	1.0	617	1	0.057757	0.26326619410377106	-1.0
K562|chr8_38145816-38146316	5	0.38294	0.37317	0.662758	875	2	-0.29272	0.83908	0.95579	1.0	1243	1	-0.29272	0.7902840160127292	-1.0
K562|chr18_48938773-48939273	7	0.38482	0.32251	0.606244	876	4	-0.53807	0.68069	0.94307	1.0	1107	2	-0.53807	0.8606360222271952	-1.0
K562|chr22_46595569-46596069	3	0.38716	0.32811	0.613935	877	2	-0.52947	0.79452	0.92499	1.0	1199	0	-0.52947	0.7601620519215022	-1.0
A549|chr12_76031898-76032398	5	0.39119	0.3812	0.668659	878	3	-0.56872	0.33664	0.64623	1.0	751	2	-0.56872	0.43447356661887504	5.314768969511188
A549|chr4_57046406-57046906	2	0.39129	0.30295	0.585023	879	1	-0.42346	0.48027	0.67805	1.0	912	1	-0.42346	0.8202563703639333	-1.0
A549|chr6_11210816-11211316	6	0.39221	0.37489	0.662758	880	3	-0.58038	0.62697	0.90602	1.0	1052	1	-0.58038	0.694693194771395	-1.0
A549|chr17_27351667-27352167	5	0.39251	0.3812	0.668659	881	2	-0.081766	0.88443	0.96717	1.0	1294	0	-0.081766	0.2856151025443727	-1.0
A549|chr2_42918620-42919120	3	0.39323	0.33678	0.621565	882	2	-0.62549	0.83845	0.95304	1.0	1241	0	-0.62549	0.7929207995490052	-1.0
A549|chr13_110411297-110411797	7	0.39415	0.33343	0.617487	883	4	-0.48928	0.19369	0.58076	1.0	562	2	-0.48928	0.8475647672479041	-1.0
A549|chr4_168695954-168696454	6	0.39633	0.37489	0.662758	884	3	-0.2406	0.075061	0.34086	1.0	343	2	-0.2406	0.3975145019742686	-1.0
A549|chr9_71763921-71764421	5	0.39685	0.3812	0.668659	885	2	0.41346	0.16509	0.50636	1.0	515	3	0.41346	0.25845189530860735	-1.0
A549|chr17_27551760-27552260	5	0.39786	0.3812	0.668659	886	2	-0.15252	0.7898	0.93909	1.0	1194	1	-0.15252	0.24981970500348447	-1.0
A549|chr22_46060512-46061012	6	0.39827	0.37489	0.662758	887	3	-0.44761	0.19014	0.56322	1.0	558	1	-0.44761	0.774079535406691	-1.0
K562|chr19_3363574-3364074	5	0.39874	0.3812	0.668659	888	3	-0.755	0.41375	0.75227	1.0	834	2	-0.755	0.7302280980694462	-1.0
A549|chr9_131631183-131631683	5	0.40157	0.3812	0.668659	889	2	-0.041332	0.13468	0.46374	1.0	462	2	-0.041332	0.7742430287079922	-1.0
K562|chr19_15323450-15323950	4	0.40289	0.35095	0.641899	890	2	-0.084085	0.19639	0.43876	1.0	566	2	-0.084085	0.7767940767135733	-1.0
A549|chr10_3889573-3890073	6	0.40291	0.37489	0.662758	891	2	-0.17668	0.021401	0.12663	1.0	154	2	-0.17668	0.563261530734876	-1.0
A549|chr8_132995152-132995652	1	0.40554	0.27042	0.552576	892	1	-0.47829	0.59446	0.72958	1.0	1017	0	-0.47829	0.3569499395424466	-1.0
A549|chr4_7948769-7949269	4	0.40679	0.35809	0.649739	893	2	-0.65467	0.29202	0.59249	1.0	699	1	-0.65467	0.24038101716320118	-1.0
K562|chr4_1856041-1856541	4	0.40772	0.35809	0.649739	894	2	-0.66049	0.88559	0.9709	1.0	1298	0	-0.66049	0.824714575750051	3.27461114174569
A549|chr13_110320090-110320590	3	0.40791	0.36043	0.649739	895	1	0.783	0.065636	0.1766	1.0	317	2	0.783	0.22951348627360493	-1.0
K562|chr11_32436913-32437413	6	0.40797	0.39926	0.686231	896	3	0.044041	0.093825	0.36379	1.0	386	3	0.044041	0.1952096356105233	-1.0
K562|chr7_107002623-107003123	3	0.40819	0.36043	0.649739	897	2	-0.49298	0.85731	0.96405	1.0	1266	0	-0.49298	0.632605777232846	-1.0
A549|chr5_59007414-59007914	6	0.40934	0.39926	0.686231	898	1	-0.11101	0.20897	0.58828	1.0	583	1	-0.11101	0.6898219476068937	-1.0
K562|chr17_82121173-82121673	3	0.40966	0.36043	0.649739	899	1	-0.25947	0.77898	0.91313	1.0	1182	0	-0.25947	0.32668866131181	-1.0
A549|chr12_106108906-106109406	7	0.40982	0.36263	0.652474	900	4	-0.45603	0.31178	0.73106	1.0	720	3	-0.45603	0.24237672965537266	-1.0
A549|chr9_21564540-21565040	6	0.41071	0.39927	0.686231	901	2	0.55498	0.055405	0.27438	1.0	286	4	0.55498	0.2355756280578152	-1.0
A549|chr9_38070312-38070812	6	0.41141	0.39927	0.686231	902	3	-0.20075	0.25652	0.66678	1.0	645	3	-0.20075	0.7556853340021782	-1.0
CCR5_1628	1	0.41404	0.27042	0.552576	903	1	-0.83823	0.58596	0.72958	1.0	1011	0	-0.83823	-1.0	-1.0
K562|chr11_118005708-118006208	5	0.41476	0.38121	0.668659	904	2	0.21856	0.14558	0.46374	1.0	487	2	0.21856	0.667461497621505	-1.0
A549|chr17_77463081-77463581	2	0.41645	0.33085	0.615257	905	1	-0.73693	0.67669	0.84586	1.0	1102	0	-0.73693	0.24389768593630123	-1.0
K562|chr6_17844917-17845417	7	0.4192	0.39146	0.681965	906	3	0.62106	0.019353	0.15665	1.0	148	4	0.62106	0.4750336152263872	-1.0
A549|chr8_109575295-109575795	6	0.41994	0.41394	0.704779	907	2	0.063724	0.4399	0.77378	1.0	856	2	0.063724	0.34786047002227916	-1.0
K562|chr2_38748838-38749338	8	0.42021	0.34587	0.633312	908	4	-0.42715	0.14358	0.53356	1.0	485	1	-0.42715	0.79951307976218	-1.0
A549|chr10_33229858-33230358	1	0.42124	0.29097	0.570745	909	1	-0.48704	0.57876	0.70903	1.0	1005	0	-0.48704	0.1728845330932543	-1.0
A549|chr5_14182230-14182730	1	0.42195	0.29097	0.570745	910	1	-0.40838	0.57805	0.70903	1.0	1004	0	-0.40838	0.22505724836034863	-1.0
A549|chr2_160387285-160387785	7	0.42252	0.39146	0.681965	911	4	-0.63371	0.25868	0.67561	1.0	650	2	-0.63371	0.4169043503535803	-1.0
A549|chr15_59370301-59370801	7	0.42282	0.39146	0.681965	912	2	-0.31199	0.86147	0.97331	1.0	1272	1	-0.31199	0.5367735989777679	-1.0
K562|chr12_6604590-6605090	2	0.42418	0.33085	0.615257	913	1	-0.36943	0.50964	0.70012	1.0	934	1	-0.36943	0.4530702826819292	-1.0
A549|chr10_33292399-33292899	5	0.42439	0.40177	0.686231	914	2	0.74274	0.064147	0.23852	1.0	309	3	0.74274	0.2257209764596512	-1.0
K562|chr6_16224880-16225380	4	0.42478	0.3581	0.649739	915	2	-0.49757	0.85159	0.95325	1.0	1261	0	-0.49757	0.24383767094357056	-1.0
K562|chr10_131902133-131902633	1	0.42478	0.29097	0.570745	916	1	-0.49623	0.57522	0.70903	1.0	999	0	-0.49623	0.5125504357055047	-1.0
A549|chr12_106147949-106148449	8	0.42592	0.34587	0.633312	917	4	-0.39098	0.82633	0.97559	1.0	1227	1	-0.39098	0.2141100457777981	-1.0
A549|chr11_48044515-48045015	6	0.42629	0.41967	0.711999	918	3	-0.56196	0.11295	0.38902	1.0	418	1	-0.56196	0.7538120695660869	-1.0
A549|chr8_133006988-133007488	3	0.42767	0.36043	0.649739	919	1	0.59925	0.16352	0.35821	1.0	511	2	0.59925	0.7978176375090437	-1.0
A549|chr10_33192613-33193113	6	0.4288	0.41968	0.711999	920	2	0.90803	0.039794	0.21259	1.0	223	4	0.90803	0.21345536106779384	-1.0
A549|chr18_3671654-3672154	8	0.43165	0.34587	0.633312	921	2	0.93966	0.0071001	0.083961	1.0	79	5	0.93966	0.41817963073847203	-1.0
K562|chr19_5974808-5975308	6	0.43193	0.42962	0.723747	922	3	-0.19362	0.058392	0.28058	1.0	293	3	-0.19362	0.7543546235120508	-1.0
A549|chr1_67742966-67743466	1	0.43305	0.30136	0.584035	923	1	-0.4696	0.56695	0.69864	1.0	989	0	-0.4696	0.7857824454064944	-1.0
A549|chr21_38780865-38781365	5	0.43347	0.40177	0.686231	924	3	-0.66205	0.40804	0.75227	1.0	829	2	-0.66205	0.22273626739812136	-1.0
*STAU1	5	0.43347	0.40177	0.686231	925	3	-0.66205	0.55941	0.84433	1.0	980	1	-0.66205	-1.0	-1.0
K562|chr2_10304371-10304871	5	0.43347	0.40177	0.686231	926	3	-0.66205	0.44156	0.77841	1.0	860	1	-0.66205	0.772878821111439	-1.0
A549|chr12_3256096-3256596	5	0.43347	0.40177	0.686231	927	3	-0.66205	0.76701	0.92611	1.0	1174	1	-0.66205	0.813122946365716	-1.0
A549|chr18_77097184-77097684	8	0.4352	0.34587	0.633312	928	3	-0.30735	0.74302	0.96494	1.0	1154	2	-0.30735	0.2418981608362519	-1.0
A549|chr8_17801490-17801990	4	0.43563	0.36583	0.654145	929	2	-0.60366	0.82501	0.94462	1.0	1226	0	-0.60366	0.8888291347129718	4.986152004128169
A549|chr5_132417382-132417882	2	0.43701	0.33086	0.615257	930	1	-0.4701	0.30437	0.47854	1.0	713	1	-0.4701	0.5143923190170901	-1.0
A549|chr15_96319993-96320493	8	0.44637	0.36378	0.653591	931	3	0.53264	0.045878	0.28286	1.0	250	5	0.53264	0.7480237436887313	-1.0
K562|chr22_41835441-41835941	7	0.44813	0.40602	0.692026	932	3	0.64431	0.060592	0.29575	1.0	298	4	0.64431	0.479297674861949	-1.0
A549|chr12_62785834-62786334	7	0.44962	0.40602	0.692026	933	3	-0.24713	0.67625	0.94306	1.0	1100	2	-0.24713	0.7812376935231656	-1.0
A549|chr7_131000337-131000837	8	0.45038	0.37109	0.662339	934	3	-0.089489	0.060521	0.35905	1.0	297	3	-0.089489	0.7317195868966507	-1.0
A549|chr7_130952964-130953464	6	0.45272	0.43545	0.723747	935	1	0.69742	0.079088	0.34086	1.0	355	3	0.69742	0.5865567503097758	-1.0
A549|chr12_75995603-75996103	5	0.45404	0.40178	0.686231	936	2	-0.26835	0.56642	0.84887	1.0	988	1	-0.26835	0.5685437422916952	-1.0
K562|chr19_45887609-45888109	3	0.45482	0.37499	0.662758	937	1	-0.080377	0.76952	0.91312	1.0	1176	0	-0.080377	0.7595638436757058	-1.0
K562|chr19_45881252-45881752	5	0.45515	0.40178	0.686231	938	2	0.21488	0.080361	0.27622	1.0	359	2	0.21488	0.6944561929796387	-1.0
A549|chr1_8011874-8012374	7	0.45603	0.43778	0.725623	939	1	0.94474	0.00056972	0.010178	0.618812	11	4	0.94474	0.30798853752876126	-1.0
A549|chr2_43222473-43222973	6	0.45615	0.43545	0.723747	940	3	0.67824	0.010552	0.09528	1.0	101	3	0.67824	0.7322584564600875	-1.0
A549|chr10_95288595-95289095	4	0.45718	0.39173	0.681965	941	2	-0.015501	0.16043	0.39939	1.0	506	2	-0.015501	0.2347029465989349	-1.0
A549|chr11_128499674-128500174	6	0.45859	0.43545	0.723747	942	3	-0.30411	0.52469	0.8502	1.0	946	2	-0.30411	0.8052272502408035	-1.0
K562|chr8_22676778-22677278	6	0.45982	0.43545	0.723747	943	3	-0.64483	0.45742	0.80196	1.0	889	1	-0.64483	0.2157913614664485	-1.0
A549|chr9_21565177-21565677	7	0.46091	0.44649	0.734803	944	1	0.30308	0.13503	0.49756	1.0	463	3	0.30308	0.3320731651418613	-1.0
A549|chr15_63055452-63055952	8	0.46202	0.44583	0.734464	945	2	0.88825	0.020898	0.16468	1.0	152	5	0.88825	0.2699232357488869	-1.0
A549|chr12_62730581-62731081	6	0.46208	0.43545	0.723747	946	2	-0.052004	0.5338	0.86876	1.0	954	2	-0.052004	0.7610116372557969	-1.0
A549|chr7_55073119-55073619	7	0.46362	0.45687	0.742886	947	4	-0.69897	0.20054	0.5908	1.0	572	2	-0.69897	0.46906992055182783	-1.0
K562|chr19_4403093-4403593	1	0.4644	0.3115	0.593787	948	1	-0.66205	0.5356	0.6885	1.0	956	0	-0.66205	0.6369038318944493	-1.0
K562|chr10_21524563-21525063	1	0.4644	0.3115	0.593787	949	1	-0.66205	0.5356	0.6885	1.0	955	0	-0.66205	0.27970712641272943	-1.0
K562|chr12_130868119-130868619	7	0.46479	0.45687	0.742886	950	4	-0.67643	0.25032	0.66528	1.0	636	2	-0.67643	0.6858781652675789	-1.0
A549|chr10_119335817-119336317	5	0.46666	0.40178	0.686231	951	1	0.68779	0.083737	0.27623	1.0	366	3	0.68779	0.7904057048168626	-1.0
A549|chr11_128506495-128506995	3	0.46679	0.38993	0.681758	952	1	0.56562	0.10385	0.25898	1.0	403	2	0.56562	0.7589661967890798	-1.0
A549|chr4_7805486-7805986	6	0.46714	0.43546	0.723747	953	2	0.2415	0.21405	0.58828	1.0	590	3	0.2415	0.2242292729705558	-1.0
A549|chr13_112733080-112733580	6	0.46781	0.43546	0.723747	954	3	-0.31605	0.38613	0.7331	1.0	815	2	-0.31605	0.17041025388911	-1.0
A549|chr10_33178302-33178802	6	0.46797	0.43546	0.723747	955	3	-0.59633	0.5655	0.88964	1.0	985	2	-0.59633	0.26015275157561935	-1.0
A549|chr20_19889136-19889636	8	0.47305	0.45734	0.742886	956	4	-0.17857	0.44456	0.84885	1.0	867	3	-0.17857	0.6226573383940371	-1.0
K562|chr11_32432983-32433483	3	0.47375	0.38994	0.681758	957	1	0.31931	0.1988	0.42075	1.0	571	2	0.31931	0.775741101430034	4.66038957837444
A549|chr13_110322057-110322557	5	0.47433	0.42263	0.715826	958	3	-0.56334	0.52237	0.84433	1.0	945	1	-0.56334	0.3889003281063302	-1.0
A549|chr8_109587757-109588257	8	0.47452	0.45734	0.742886	959	3	-0.12508	0.13862	0.51319	1.0	474	3	-0.12508	0.7464218585200338	-1.0
A549|chr5_59049004-59049504	4	0.47484	0.39984	0.686231	960	2	-0.13934	0.37018	0.70138	1.0	792	2	-0.13934	0.41772942586195083	-1.0
A549|chr4_57147306-57147806	2	0.47498	0.34481	0.633312	961	1	-0.72884	0.6744	0.84586	1.0	1098	0	-0.72884	0.5515477924792468	-1.0
K562|chr19_15324159-15324659	6	0.47646	0.43546	0.723747	962	3	-0.2412	0.069516	0.32605	1.0	331	3	-0.2412	0.8145871442817478	-1.0
A549|chr1_8003629-8004129	4	0.47676	0.39984	0.686231	963	2	-0.2761	0.42384	0.74683	1.0	840	1	-0.2761	0.25712942683464046	-1.0
A549|chr12_62718966-62719466	7	0.47909	0.46197	0.748171	964	4	-0.57663	0.96919	0.99671	1.0	1450	0	-0.57663	0.299332640242644	-1.0
K562|chr15_92822394-92822894	6	0.48	0.43546	0.723747	965	2	-0.035457	0.19488	0.57525	1.0	564	1	-0.035457	0.6175576671740081	-1.0
A549|chr16_89319196-89319696	6	0.48092	0.43546	0.723747	966	3	-0.16193	0.56231	0.88964	1.0	983	1	-0.16193	0.7556344837362714	-1.0
A549|chr6_16722677-16723177	6	0.48123	0.43546	0.723747	967	1	0.44986	0.10413	0.38438	1.0	404	3	0.44986	0.22764489651681924	-1.0
A549|chr8_133020983-133021483	5	0.48362	0.43621	0.723747	968	3	-0.49483	0.16628	0.50636	1.0	518	1	-0.49483	0.3423134458556874	-1.0
K562|chr10_21524349-21524849	3	0.4843	0.39792	0.686231	969	1	-0.38204	0.29248	0.54254	1.0	700	1	-0.38204	0.4714733808408502	-1.0
K562|chr17_78313838-78314338	3	0.48442	0.39792	0.686231	970	2	-0.53253	0.29865	0.54255	1.0	708	1	-0.53253	0.7891594520017462	3.447562982535936
K562|chr1_234969896-234970396	6	0.48491	0.46665	0.751999	971	3	-0.38208	0.85156	0.96601	1.0	1260	1	-0.38208	0.7476302742836655	-1.0
K562|chr1_61051568-61052068	7	0.48513	0.46654	0.751999	972	3	-0.47587	0.16438	0.53647	1.0	514	2	-0.47587	0.19151594828814555	-1.0
A549|chr9_71719553-71720053	5	0.48554	0.43621	0.723747	973	2	0.42797	0.17223	0.51219	1.0	529	3	0.42797	0.24697872943341428	-1.0
A549|chr21_38844046-38844546	6	0.48573	0.4723	0.756626	974	2	0.32038	0.2341	0.60705	1.0	621	3	0.32038	0.3320774959270255	-1.0
K562|chr10_100339381-100339881	1	0.48689	0.32191	0.605823	975	1	-0.32793	0.51311	0.67809	1.0	938	0	-0.32793	0.621621773881939	-1.0
K562|chr19_41866414-41866914	5	0.4876	0.44387	0.731975	976	3	-0.50209	0.257	0.57258	1.0	647	1	-0.50209	0.2560734103262384	-1.0
A549|chr1_93615088-93615588	6	0.48893	0.47231	0.756626	977	3	-0.49892	0.34716	0.71261	1.0	768	2	-0.49892	0.25620746339883754	-1.0
A549|chr5_59003580-59004080	1	0.48937	0.32191	0.605823	978	1	-0.40258	0.51063	0.67809	1.0	935	0	-0.40258	0.20489442519609724	-1.0
A549|chr1_234907548-234908048	2	0.49027	0.34482	0.633312	979	1	-0.74784	0.63258	0.8027	1.0	1060	0	-0.74784	0.29163429253740547	-1.0
K562|chr6_52284674-52285174	7	0.49049	0.46655	0.751999	980	3	-0.14293	0.2565	0.66528	1.0	644	3	-0.14293	0.7597611654450983	8.311873960084457
A549|chr3_71065575-71066075	6	0.49059	0.47231	0.756626	981	1	0.57685	0.066134	0.29921	1.0	321	4	0.57685	0.5727039139649825	-1.0
K562|chr17_82100048-82100548	8	0.49291	0.46506	0.751999	982	4	-0.27114	0.30048	0.73569	1.0	711	3	-0.27114	0.5741893722909749	-1.0
A549|chr4_87025580-87026080	5	0.49541	0.45065	0.73571	983	2	-0.047168	0.5058	0.84433	1.0	931	1	-0.047168	0.763093718043356	-1.0
K562|chr1_28898437-28898937	4	0.49579	0.4253	0.718846	984	1	1.0335	0.083059	0.30988	1.0	365	3	1.0335	0.19704584983809176	-1.0
A549|chr2_43295149-43295649	3	0.49605	0.41993	0.711999	985	1	-0.41407	0.48475	0.69339	1.0	917	1	-0.41407	0.44946537836094047	-1.0
A549|chr1_8418694-8419194	6	0.50259	0.47881	0.763284	986	2	0.011489	0.16287	0.51413	1.0	510	2	0.011489	0.5897469398966438	-1.0
K562|chr3_4982713-4983213	4	0.50325	0.43402	0.723747	987	2	-0.35839	0.89932	0.97616	1.0	1321	0	-0.35839	0.7894752041187265	-1.0
A549|chr20_5653277-5653777	5	0.5057	0.45065	0.73571	988	2	-0.39993	0.37649	0.70831	1.0	801	2	-0.39993	0.502672135360258	-1.0
K562|chr2_26787016-26787516	4	0.50572	0.43402	0.723747	989	2	-0.37868	0.67722	0.86661	1.0	1103	1	-0.37868	0.5413134005181576	-1.0
A549|chr18_3650685-3651185	8	0.50604	0.50054	0.773948	990	4	-0.17979	0.36318	0.78543	1.0	786	2	-0.17979	0.258911859915393	-1.0
A549|chr7_55099021-55099521	2	0.50632	0.34482	0.633312	991	1	-0.32273	0.29865	0.46738	1.0	709	1	-0.32273	0.3728515068859752	-1.0
A549|chr21_38813463-38813963	8	0.5066	0.50054	0.773948	992	4	-0.023791	0.10146	0.42406	1.0	397	4	-0.023791	0.7681882318821444	-1.0
A549|chr10_119375817-119376317	8	0.50831	0.50054	0.773948	993	3	-0.054907	0.14565	0.53357	1.0	488	4	-0.054907	0.21435297565007255	-1.0
A549|chr17_72445534-72446034	6	0.50915	0.48667	0.770873	994	3	-0.38816	0.31395	0.68478	1.0	725	2	-0.38816	0.3887660160947781	-1.0
K562|chr16_89354250-89354750	7	0.51043	0.48721	0.770873	995	3	0.81761	0.038581	0.23223	1.0	222	4	0.81761	0.7408020758309072	-1.0
K562|chr1_246575871-246576371	4	0.51088	0.43403	0.723747	996	2	0.16058	0.18694	0.43876	1.0	551	2	0.16058	0.5682321199186401	-1.0
A549|chr15_59306537-59307037	8	0.51178	0.50054	0.773948	997	3	0.16513	0.17195	0.56535	1.0	528	4	0.16513	0.5620962082923706	-1.0
A549|chr10_3782021-3782521	6	0.5124	0.48667	0.770873	998	3	-0.29257	0.6515	0.91702	1.0	1077	1	-0.29257	0.8215892257564315	-1.0
A549|chr5_95801483-95801983	5	0.51403	0.45066	0.73571	999	2	-0.22256	0.82933	0.95165	1.0	1231	1	-0.22256	0.3966878187101117	-1.0
K562|chr18_3610114-3610614	8	0.51805	0.50054	0.773948	1000	2	1.2056	0.0061981	0.083954	1.0	74	5	1.2056	0.25151217785268815	-1.0
A549|chr21_39073018-39073518	7	0.51948	0.49798	0.773948	1001	2	0.13815	0.098114	0.4056	1.0	393	3	0.13815	0.7624838697306278	-1.0
A549|chr5_132413369-132413869	8	0.51998	0.50054	0.773948	1002	3	0.074178	0.18726	0.60532	1.0	552	4	0.074178	0.5770861778760253	-1.0
A549|chr15_63042031-63042531	5	0.52019	0.45066	0.73571	1003	2	-0.30898	0.68487	0.89171	1.0	1109	1	-0.30898	0.37649608554732145	-1.0
A549|chr8_133050874-133051374	6	0.52146	0.48668	0.770873	1004	3	-0.35119	0.50456	0.8422	1.0	930	2	-0.35119	0.7898718381910667	-1.0
A549|chr7_116563852-116564352	8	0.52261	0.50054	0.773948	1005	3	0.3467	0.017081	0.15731	1.0	138	4	0.3467	0.6502865156533213	-1.0
A549|chr4_57108206-57108706	6	0.52496	0.49524	0.773547	1006	2	0.1352	0.45014	0.79398	1.0	876	2	0.1352	0.3322013269747428	-1.0
K562|chr22_39522689-39523189	3	0.5253	0.44769	0.735309	1007	1	0.32409	0.63679	0.81923	1.0	1063	1	0.32409	0.8687713104767942	-1.0
A549|chr12_104304069-104304569	6	0.52541	0.49524	0.773547	1008	3	-0.54772	0.26274	0.67286	1.0	656	1	-0.54772	0.7568481712782029	-1.0
K562|chr2_10301477-10301977	5	0.52758	0.45066	0.73571	1009	2	0.27608	0.024841	0.14007	1.0	171	2	0.27608	0.6594563093799439	-1.0
A549|chr11_48091118-48091618	6	0.52764	0.49524	0.773547	1010	3	-0.10475	0.11791	0.38903	1.0	428	3	-0.10475	0.8846238916357068	-1.0
A549|chr11_48052555-48053055	6	0.52777	0.49524	0.773547	1011	1	0.72294	0.049441	0.2449	1.0	268	4	0.72294	0.18197082521285501	-1.0
A549|chr11_128509891-128510391	5	0.52821	0.45066	0.73571	1012	2	-0.12116	0.30681	0.61913	1.0	714	2	-0.12116	0.8150240790674995	-1.0
A549|chr15_89130160-89130660	4	0.52832	0.4434	0.731955	1013	1	-0.0081334	0.77536	0.91698	1.0	1180	1	-0.0081334	0.7524892567248193	-1.0
K562|chr17_78265308-78265808	4	0.52967	0.4434	0.731955	1014	2	-0.36021	0.23535	0.49462	1.0	622	1	-0.36021	0.8473220876231483	-1.0
A549|chr9_708734-709234	4	0.53617	0.4434	0.731955	1015	2	-0.085498	0.22338	0.47225	1.0	602	2	-0.085498	0.8043266590427663	-1.0
A549|chr5_14164518-14165018	2	0.53638	0.37189	0.662758	1016	1	-0.00071313	0.34378	0.50056	1.0	764	1	-0.00071313	0.34343050889680227	-1.0
A549|chr10_102789212-102789712	6	0.53643	0.49524	0.773547	1017	3	-0.025306	0.27579	0.67867	1.0	670	3	-0.025306	0.7527084883452435	-1.0
K562|chr22_46661394-46661894	5	0.53754	0.47683	0.760875	1018	1	0.76418	0.078383	0.27198	1.0	352	3	0.76418	0.2210043990583754	-1.0
A549|chr7_47581116-47581616	3	0.53833	0.4477	0.735309	1019	1	-0.369	0.83281	0.95303	1.0	1235	0	-0.369	0.49605033981213587	-1.0
A549|chr3_66410585-66411085	1	0.54038	0.3525	0.643281	1020	0	-0.32349	0.45962	0.6475	1.0	891	0	-0.32349	0.2481005346670468	-1.0
A549|chr2_20502008-20502508	7	0.54265	0.52362	0.775366	1021	1	1.1521	0.011972	0.10282	1.0	109	4	1.1521	0.7568254650428129	-1.0
A549|chr21_38989063-38989563	5	0.5434	0.47683	0.760875	1022	2	0.030587	0.12488	0.42828	1.0	447	2	0.030587	0.7697035437324641	-1.0
A549|chr1_8019959-8020459	1	0.54629	0.36275	0.652474	1023	0	-0.22449	0.45371	0.63725	1.0	880	0	-0.22449	0.2504532748920253	-1.0
A549|chr5_59064665-59065165	4	0.5466	0.4434	0.731955	1024	1	1.23	0.01527	0.075594	1.0	133	3	1.23	0.22531344254928215	-1.0
K562|chr3_196057666-196058166	3	0.54737	0.46193	0.748171	1025	1	0.3186	0.62642	0.81922	1.0	1051	1	0.3186	0.7606861644248016	-1.0
A549|chr18_58314258-58314758	3	0.54779	0.46193	0.748171	1026	1	0.33418	0.2242	0.47174	1.0	604	2	0.33418	0.7405948571947429	-1.0
A549|chr6_71395691-71396191	6	0.5507	0.51414	0.774608	1027	3	-0.2948	0.14949	0.44761	1.0	493	2	-0.2948	0.7578959133450929	-1.0
A549|chr7_131197848-131198348	4	0.55076	0.46874	0.754627	1028	1	0.15334	0.25675	0.5313	1.0	646	1	0.15334	0.7820962575569691	-1.0
A549|chr6_16734989-16735489	6	0.55429	0.51414	0.774608	1029	3	-0.38139	0.57389	0.89931	1.0	996	2	-0.38139	0.762123792605718	-1.0
A549|chr13_33233486-33233986	6	0.55622	0.51414	0.774608	1030	2	-0.12382	0.40659	0.74817	1.0	827	2	-0.12382	0.7972252161858908	-1.0
K562|chr10_100357298-100357798	8	0.55649	0.52465	0.775366	1031	4	-0.2508	0.66171	0.94314	1.0	1085	2	-0.2508	0.3002104284718356	-1.0
A549|chr18_3704502-3705002	8	0.55649	0.52465	0.775366	1032	4	-0.5298	0.42713	0.83957	1.0	844	3	-0.5298	0.7147061721353477	-1.0
A549|chr12_53008557-53009057	8	0.55649	0.52465	0.775366	1033	4	-0.28967	0.065578	0.3632	1.0	316	3	-0.28967	0.7339166977704498	-1.0
A549|chr4_57114931-57115431	7	0.5566	0.52902	0.777751	1034	2	0.98733	0.028443	0.1983	1.0	186	5	0.98733	0.25982986668687397	-1.0
A549|chr20_38131488-38131988	5	0.55696	0.47683	0.760875	1035	1	0.17796	0.29779	0.6095	1.0	707	2	0.17796	0.7427279167192498	-1.0
A549|chr15_63041290-63041790	6	0.56044	0.51414	0.774608	1036	2	0.51695	0.044835	0.2224	1.0	243	4	0.51695	0.5392442024069041	-1.0
A549|chr15_85613992-85614492	6	0.56124	0.51414	0.774608	1037	1	1.6195	0.0012556	0.015147	0.703678	28	5	1.6195	0.6227167392096477	-1.0
A549|chr22_46073773-46074273	6	0.56252	0.51415	0.774608	1038	2	-0.24939	0.40061	0.74817	1.0	823	2	-0.24939	0.30659178973358503	-1.0
A549|chr5_59040158-59040658	5	0.56338	0.48465	0.770873	1039	2	0.24233	0.07629	0.27198	1.0	346	3	0.24233	0.3368006836543401	-1.0
A549|chr18_3623241-3623741	4	0.56434	0.49388	0.773547	1040	1	0.46821	0.12143	0.36583	1.0	437	2	0.46821	0.246173207351789	-1.0
A549|chr13_112773014-112773514	7	0.56508	0.52902	0.777751	1041	3	0.52913	0.042416	0.24188	1.0	232	4	0.52913	0.78095461892	-1.0
A549|chr12_76025160-76025660	4	0.56554	0.49388	0.773547	1042	2	0.2314	0.11716	0.35862	1.0	426	2	0.2314	0.15253036306493	-1.0
A549|chr17_27596012-27596512	6	0.56563	0.51415	0.774608	1043	2	-0.15955	0.92387	0.98358	1.0	1358	0	-0.15955	0.364692602338166	-1.0
A549|chr3_45635261-45635761	1	0.56648	0.39363	0.683819	1044	0	-0.11555	0.43352	0.60637	1.0	851	0	-0.11555	0.22496013202129997	-1.0
K562|chr12_6606903-6607403	4	0.56686	0.49389	0.773547	1045	1	-0.071725	0.27807	0.56592	1.0	671	1	-0.071725	0.8205087277220979	7.200425132620416
A549|chr11_128466169-128466669	4	0.56737	0.50358	0.773948	1046	1	-0.010475	0.50616	0.77808	1.0	932	1	-0.010475	0.676818283830472	-1.0
A549|chr4_168832360-168832860	2	0.56814	0.38604	0.676399	1047	1	-0.28509	0.45285	0.64416	1.0	877	1	-0.28509	0.5793393879123755	-1.0
K562|chr19_5971912-5972412	5	0.56823	0.50213	0.773948	1048	2	-0.40896	0.47411	0.82291	1.0	908	1	-0.40896	0.8071093824773742	-1.0
A549|chr8_109574622-109575122	7	0.56862	0.53553	0.785891	1049	1	0.79502	0.0089207	0.083425	1.0	91	5	0.79502	0.749939914844975	-1.0
A549|chr20_19913312-19913812	6	0.56903	0.51415	0.774608	1050	3	-0.17819	0.35065	0.7199	1.0	773	2	-0.17819	0.7512336734613628	-1.0
A549|chr3_71068233-71068733	1	0.57014	0.39364	0.683819	1051	0	-0.14414	0.42986	0.60636	1.0	846	0	-0.14414	0.2322773622248017	-1.0
A549|chr12_106142597-106143097	6	0.57183	0.51415	0.774608	1052	1	0.22013	0.055018	0.27438	1.0	284	2	0.22013	0.3389136364744735	-1.0
A549|chr4_168876044-168876544	4	0.5729	0.50358	0.773948	1053	2	-0.18429	0.34847	0.68272	1.0	771	2	-0.18429	0.46033932033836156	-1.0
A549|chr20_38118050-38118550	6	0.57357	0.51415	0.774608	1054	2	0.04175	0.073119	0.34086	1.0	339	3	0.04175	0.1982903827829091	-1.0
K562|chr7_50303208-50303708	4	0.57389	0.50358	0.773948	1055	2	-0.41951	0.6707	0.86062	1.0	1094	1	-0.41951	0.6207327634275245	-1.0
A549|chr20_19975391-19975891	4	0.57413	0.50358	0.773948	1056	2	-0.11248	0.34479	0.66925	1.0	766	1	-0.11248	0.3764715642152243	-1.0
A549|chr7_130951625-130952125	4	0.57469	0.50359	0.773948	1057	2	-0.16325	0.69407	0.87303	1.0	1116	1	-0.16325	0.36489954112009376	-1.0
A549|chr12_3195798-3196298	6	0.57543	0.51415	0.774608	1058	2	0.16286	0.15073	0.45369	1.0	496	3	0.16286	0.5789348187717406	-1.0
K562|chr10_11891445-11891945	5	0.58116	0.50214	0.773948	1059	2	-0.2048	0.84863	0.95986	1.0	1254	0	-0.2048	0.8297686173035602	-1.0
K562|chr17_79817569-79818069	6	0.58391	0.51415	0.774608	1060	1	1.016	0.025833	0.15231	1.0	178	4	1.016	0.6995536932168448	-1.0
A549|chr4_87114499-87114999	5	0.58427	0.51003	0.774608	1061	1	0.27378	0.13275	0.45086	1.0	456	2	0.27378	0.7550588847119826	-1.0
A549|chr9_21577288-21577788	7	0.58469	0.54492	0.798229	1062	3	-0.2144	0.090372	0.39676	1.0	380	3	-0.2144	0.7048297464549561	-1.0
A549|chr15_63465074-63465574	2	0.58519	0.41459	0.70515	1063	1	-0.76498	0.72546	0.88994	1.0	1140	0	-0.76498	0.4175293182222557	-1.0
A549|chr20_19860626-19861126	6	0.58736	0.52117	0.774608	1064	3	-0.43644	0.3484	0.71261	1.0	770	1	-0.43644	0.5374203591446417	-1.0
A549|chr7_27111887-27112387	6	0.58736	0.52117	0.774608	1065	3	-0.27513	0.44712	0.79397	1.0	871	1	-0.27513	0.7780167963962843	-1.0
A549|chr21_39087066-39087566	6	0.58736	0.52117	0.774608	1066	3	-0.050047	0.17144	0.54479	1.0	527	3	-0.050047	0.18722587201427354	-1.0
A549|chr6_112223047-112223547	6	0.58736	0.52117	0.774608	1067	3	-0.45268	0.34078	0.70556	1.0	761	2	-0.45268	0.4050618636129317	-1.0
A549|chr15_85582048-85582548	6	0.58736	0.52117	0.774608	1068	3	-0.60263	0.078503	0.34086	1.0	353	2	-0.60263	0.7511667393930924	-1.0
A549|chr15_60444200-60444700	6	0.58736	0.52117	0.774608	1069	3	-0.12149	0.1882	0.56322	1.0	555	3	-0.12149	0.23655101006615137	-1.0
A549|chr3_66469418-66469918	6	0.58736	0.52117	0.774608	1070	3	1.2162	0.006982	0.064219	1.0	78	3	1.2162	0.43990491633646656	-1.0
A549|chr6_16758653-16759153	6	0.58736	0.52117	0.774608	1071	3	-0.041256	0.054584	0.27437	1.0	281	3	-0.041256	0.7569521945147809	-1.0
K562|chr11_340484-340984	6	0.58736	0.52117	0.774608	1072	3	-0.10869	0.059835	0.28058	1.0	295	2	-0.10869	0.7242329988085829	-1.0
K562|chr11_65500423-65500923	6	0.58736	0.52117	0.774608	1073	3	-0.39704	0.82307	0.95796	1.0	1224	1	-0.39704	0.2629903412768924	-1.0
A549|chr11_126413725-126414225	3	0.58884	0.47618	0.760875	1074	1	-0.33956	0.536	0.73809	1.0	959	1	-0.33956	0.6870685161615385	-1.0
CCR5_1634	1	0.58962	0.42467	0.718543	1075	0	-0.087319	0.41038	0.57533	1.0	830	0	-0.087319	-1.0	-1.0
A549|chr7_131174334-131174834	4	0.59105	0.51411	0.774608	1076	1	-0.025601	0.36266	0.70138	1.0	785	2	-0.025601	0.24126001813187153	-1.0
A549|chr16_89405125-89405625	5	0.59123	0.51003	0.774608	1077	2	-0.27151	0.02013	0.13214	1.0	150	2	-0.27151	0.5958154778978905	-1.0
A549|chr4_168631318-168631818	4	0.59202	0.51411	0.774608	1078	2	-0.16453	0.83514	0.94463	1.0	1237	0	-0.16453	0.5760593007727336	-1.0
A549|chr3_66468553-66469053	8	0.59462	0.57652	0.817025	1079	3	0.12354	0.17278	0.56535	1.0	530	4	0.12354	0.7516753446794036	-1.0
A549|chr4_168840356-168840856	5	0.59523	0.51003	0.774608	1080	2	0.44847	0.020203	0.13214	1.0	151	3	0.44847	0.7008848195524543	-1.0
A549|chr3_71168219-71168719	4	0.59981	0.52752	0.776954	1081	2	-0.36474	0.74866	0.90455	1.0	1160	1	-0.36474	0.6036284428666011	-1.0
K562|chr5_10352966-10353466	3	0.60183	0.48973	0.770873	1082	1	-0.10027	0.49065	0.70233	1.0	921	1	-0.10027	0.7757063918550291	3.238666153484297
A549|chr3_66467699-66468199	8	0.60227	0.57653	0.817025	1083	2	0.61477	0.046336	0.28286	1.0	255	4	0.61477	0.390637029268321	-1.0
K562|chr12_130871110-130871610	3	0.60355	0.48973	0.770873	1084	1	-0.10229	0.75317	0.9002	1.0	1164	0	-0.10229	0.824348676358852	14.577968569346378
A549|chr14_68666135-68666635	7	0.60465	0.56366	0.811071	1085	2	0.30568	0.11907	0.45296	1.0	431	4	0.30568	0.2849994104188736	-1.0
A549|chr10_34728214-34728714	6	0.60495	0.54693	0.799022	1086	1	0.64973	0.070778	0.33921	1.0	334	4	0.64973	0.7398009403004411	-1.0
A549|chr20_5662691-5663191	7	0.60577	0.56366	0.811071	1087	3	0.061096	0.041177	0.24187	1.0	227	2	0.061096	0.28551021465719967	-1.0
A549|chr15_89117342-89117842	4	0.60606	0.52753	0.776954	1088	1	0.0070878	0.23304	0.48301	1.0	620	2	0.0070878	0.26473961437515475	-1.0
A549|chr11_128462780-128463280	8	0.6063	0.58148	0.819307	1089	3	-0.033808	0.30976	0.75046	1.0	718	2	-0.033808	0.361163622456411	-1.0
K562|chr1_26695402-26695902	5	0.60799	0.51867	0.774608	1090	2	-0.42758	0.69596	0.89172	1.0	1120	1	-0.42758	0.8602101750377835	4.216046422595962
K562|chr2_26754957-26755457	3	0.6085	0.48973	0.770873	1091	1	0.71031	0.094298	0.23119	1.0	387	2	0.71031	0.2536306174647872	-1.0
A549|chr2_54631032-54631532	7	0.60853	0.56366	0.811071	1092	3	-0.41306	0.59218	0.90658	1.0	1014	1	-0.41306	0.5583057279402499	-1.0
K562|chr6_37105850-37106350	8	0.60981	0.58612	0.821275	1093	4	-0.36731	0.014548	0.14426	1.0	129	3	-0.36731	0.7549213904272868	-1.0
A549|chr1_67675769-67676269	8	0.61145	0.58612	0.821275	1094	2	0.007946	0.40094	0.8168	1.0	824	3	0.007946	0.21409977314888065	-1.0
A549|chr18_58313935-58314435	4	0.61282	0.52753	0.776954	1095	1	0.76583	0.05007	0.17794	1.0	272	3	0.76583	0.17846047124977973	-1.0
K562|chr17_82112893-82113393	3	0.61435	0.48973	0.770873	1096	1	-0.28737	0.71034	0.86309	1.0	1131	0	-0.28737	0.3026393418356982	-1.0
K562|chr9_131323613-131324113	7	0.61449	0.57009	0.815273	1097	2	1.2582	0.026314	0.18308	1.0	179	4	1.2582	0.2424277141648202	-1.0
hROSA26_1661	1	0.61595	0.45624	0.742886	1098	0	0.030745	0.38405	0.54376	1.0	813	0	0.030745	-1.0	-1.0
A549|chr14_68659236-68659736	6	0.61673	0.54693	0.799022	1099	3	-0.3453	0.38282	0.7199	1.0	811	1	-0.3453	0.7171266489051508	-1.0
A549|chr10_33298377-33298877	8	0.61876	0.58612	0.821275	1100	4	-0.36123	0.92422	0.98932	1.0	1359	1	-0.36123	0.7151376063657323	-1.0
K562|chr1_61055194-61055694	5	0.6193	0.51867	0.774608	1101	1	0.28003	0.34783	0.6567	1.0	769	2	0.28003	0.761516107633798	-1.0
K562|chr19_19110697-19111197	7	0.62076	0.57791	0.817025	1102	3	-0.16543	0.5662	0.88763	1.0	987	1	-0.16543	0.8511764076754046	-1.0
K562|chr10_73996735-73997235	1	0.62339	0.46658	0.751999	1103	0	0.045608	0.37661	0.53342	1.0	802	0	0.045608	0.7509830300072512	-1.0
A549|chr9_21568377-21568877	3	0.62513	0.48973	0.770873	1104	1	0.16681	0.35733	0.61393	1.0	778	1	0.16681	0.6450712121383165	-1.0
A549|chr1_39165491-39165991	6	0.62634	0.54693	0.799022	1105	1	0.53896	0.071512	0.33921	1.0	335	3	0.53896	0.21276168171943588	-1.0
A549|chr8_30383582-30384082	7	0.63039	0.57792	0.817025	1106	2	0.90268	0.049235	0.28214	1.0	267	4	0.90268	0.7753618941328955	-1.0
K562|chr6_16299812-16300312	4	0.63229	0.55504	0.802936	1107	2	0.013535	0.28549	0.57917	1.0	686	2	0.013535	0.23831907348447579	-1.0
A549|chr10_3823844-3824344	4	0.63229	0.55504	0.802936	1108	2	-0.42412	0.71526	0.8922	1.0	1134	1	-0.42412	0.6843202919663015	-1.0
A549|chr13_33228944-33229444	4	0.63229	0.55504	0.802936	1109	2	-0.16514	0.32109	0.62884	1.0	733	2	-0.16514	0.16878586702365536	-1.0
A549|chr11_126390348-126390848	5	0.63345	0.54362	0.797048	1110	2	1.3106	0.029045	0.15674	1.0	189	3	1.3106	0.47271246940362877	-1.0
CCR5_1614	1	0.6365	0.48695	0.770873	1111	0	0.12929	0.3635	0.51305	1.0	787	0	0.12929	-1.0	-1.0
A549|chr4_87032171-87032671	5	0.63663	0.55286	0.802648	1112	2	0.05289	0.13871	0.46374	1.0	475	2	0.05289	0.6149179067366087	-1.0
K562|chr15_92811888-92812388	8	0.63679	0.59183	0.824041	1113	3	0.2416	0.0011109	0.02327	0.805245	24	4	0.2416	0.6574141075291818	-1.0
A549|chr3_30620075-30620575	8	0.63852	0.59183	0.824041	1114	3	0.099451	0.45596	0.85872	1.0	886	3	0.099451	0.5998498354997348	-1.0
K562|chr8_22690965-22691465	5	0.63931	0.55286	0.802648	1115	2	0.19916	0.37572	0.70831	1.0	799	2	0.19916	0.7974736655569946	-1.0
K562|chr3_195119741-195120241	4	0.6399	0.55504	0.802936	1116	1	0.58884	0.1208	0.36583	1.0	436	2	0.58884	0.7518269143524646	-1.0
A549|chr1_8356287-8356787	6	0.64175	0.57176	0.816224	1117	3	-0.38404	0.89287	0.97675	1.0	1312	1	-0.38404	0.22984153398860685	-1.0
A549|chr7_55067114-55067614	1	0.64217	0.48695	0.770873	1118	0	0.10857	0.35783	0.51305	1.0	781	0	0.10857	0.6680534715368869	-1.0
A549|chr9_71762862-71763362	7	0.64314	0.58641	0.821275	1119	2	0.019371	0.66298	0.93793	1.0	1087	2	0.019371	0.7485426145359226	-1.0
A549|chr9_71767994-71768494	5	0.64347	0.55287	0.802648	1120	2	-0.42019	0.38933	0.72492	1.0	818	1	-0.42019	0.8796320324789124	3.154263396361909
A549|chr15_60421473-60421973	5	0.644	0.55287	0.802648	1121	2	0.26305	0.44165	0.77841	1.0	861	2	0.26305	0.708535735992645	-1.0
A549|chr1_234526853-234527353	6	0.64407	0.57176	0.816224	1122	2	0.35178	0.24028	0.62637	1.0	624	3	0.35178	0.6757908672492028	-1.0
A549|chr5_14153963-14154463	5	0.64441	0.55287	0.802648	1123	2	5.2625	0.00056507	0.0049962	0.618812	10	3	5.2625	0.6018628122102829	-1.0
A549|chr17_77433662-77434162	6	0.64661	0.57885	0.817025	1124	2	-0.39114	0.33904	0.70556	1.0	757	2	-0.39114	0.7428114112838964	-1.0
A549|chr7_47592375-47592875	2	0.64676	0.46975	0.75475	1125	1	-0.10252	0.5605	0.73273	1.0	982	0	-0.10252	0.5259929474108093	-1.0
A549|chr20_38167950-38168450	7	0.64837	0.58641	0.821275	1126	3	-0.05731	0.62863	0.9286	1.0	1054	2	-0.05731	0.26203493439670467	-1.0
K562|chr1_21782321-21782821	5	0.64859	0.56807	0.814483	1127	2	-0.24572	0.37323	0.70831	1.0	794	2	-0.24572	0.5002565528651812	-1.0
A549|chr4_168787780-168788280	2	0.64886	0.46975	0.75475	1128	1	0.067346	0.32742	0.50055	1.0	742	1	0.067346	0.7613494385232356	-1.0
A549|chr12_75978645-75979145	5	0.64887	0.56807	0.814483	1129	2	-0.54059	0.24623	0.56413	1.0	629	1	-0.54059	0.215437746844947	-1.0
A549|chr9_21559925-21560425	6	0.65048	0.57885	0.817025	1130	3	0.26356	0.072003	0.33922	1.0	338	3	0.26356	0.44487768759710594	-1.0
K562|chr12_56677675-56678175	3	0.65085	0.48974	0.770873	1131	1	0.48787	0.19376	0.42075	1.0	563	2	0.48787	0.34313067900693	-1.0
A549|chr9_113529963-113530463	5	0.65218	0.56808	0.814483	1132	1	0.90806	0.10795	0.35204	1.0	412	3	0.90806	0.6855806521538085	-1.0
K562|chr19_45885124-45885624	7	0.65341	0.61286	0.834606	1133	3	0.26184	0.15453	0.52234	1.0	502	3	0.26184	0.7685634228627493	4.263149518836673
K562|chr10_11894072-11894572	8	0.65402	0.63009	0.849535	1134	3	-0.13048	0.35999	0.78542	1.0	783	2	-0.13048	0.7391469229253219	3.124927155576529
K562|chr1_26035556-26036056	6	0.65614	0.58625	0.821275	1135	2	0.64551	0.1337	0.43206	1.0	460	3	0.64551	0.6692970149927453	3.393178113983302
K562|chr17_75109666-75110166	5	0.65625	0.57747	0.817025	1136	2	-0.11353	0.13204	0.45086	1.0	455	2	-0.11353	0.2542098137151238	3.52620657727172
A549|chr22_46074669-46075169	7	0.65889	0.61286	0.834606	1137	3	-0.30425	0.66193	0.93793	1.0	1086	1	-0.30425	0.5922181934112808	-1.0
K562|chr1_8877242-8877742	5	0.66057	0.57747	0.817025	1138	2	0.020888	0.29573	0.59986	1.0	704	2	0.020888	0.850295615784801	-1.0
A549|chr5_59496463-59496963	4	0.6623	0.58225	0.819686	1139	2	-0.0043907	0.11962	0.35863	1.0	433	2	-0.0043907	0.24854466368266853	-1.0
A549|chr6_112223702-112224202	2	0.66285	0.49774	0.773948	1140	1	-0.48129	0.70325	0.86903	1.0	1126	0	-0.48129	0.1944100617902732	-1.0
hROSA26_1662	1	0.66307	0.51726	0.774608	1141	0	0.21396	0.33693	0.48274	1.0	755	0	0.21396	-1.0	-1.0
CCR5_1637	1	0.6633	0.51726	0.774608	1142	0	0.25116	0.3367	0.48274	1.0	752	0	0.25116	-1.0	-1.0
A549|chr3_57992775-57993275	5	0.66749	0.57748	0.817025	1143	2	-0.48845	0.41622	0.75228	1.0	837	2	-0.48845	0.7968744240340919	-1.0
K562|chr11_330850-331350	2	0.66886	0.49774	0.773948	1144	1	0.11426	0.36785	0.54484	1.0	791	1	0.11426	0.37744832874127054	-1.0
A549|chr5_14197007-14197507	5	0.66932	0.57748	0.817025	1145	2	0.15444	0.3773	0.70831	1.0	803	2	0.15444	0.7607423908841632	-1.0
A549|chr8_109574867-109575367	7	0.67032	0.61287	0.834606	1146	1	-0.28196	0.14144	0.50419	1.0	481	3	-0.28196	0.7971709745381166	-1.0
A549|chr10_34736985-34737485	4	0.67152	0.59049	0.824041	1147	1	2.6849	0.0068775	0.044229	0.88785	77	2	2.6849	0.8718304161102433	-1.0
A549|chr12_62717606-62718106	5	0.67154	0.57748	0.817025	1148	2	0.37313	0.043787	0.20256	1.0	237	2	0.37313	0.21835241905873565	-1.0
A549|chr15_78047822-78048322	8	0.67187	0.6301	0.849535	1149	3	0.40518	0.068345	0.37318	1.0	327	5	0.40518	0.2155135525378418	-1.0
K562|chr16_85326689-85327189	7	0.67191	0.61287	0.834606	1150	2	0.17246	0.43518	0.81314	1.0	853	2	0.17246	0.22931041276340544	-1.0
A549|chr1_39180351-39180851	4	0.67284	0.59049	0.824041	1151	2	-0.2204	0.67295	0.86062	1.0	1095	1	-0.2204	0.23923900821013855	-1.0
A549|chr17_27368106-27368606	2	0.67346	0.5116	0.774608	1152	1	0.49419	0.21166	0.33467	1.0	587	1	0.49419	0.7923228469940202	-1.0
K562|chr6_17985619-17986119	2	0.674	0.5116	0.774608	1153	1	-0.42078	0.64507	0.8027	1.0	1071	0	-0.42078	0.19984549199844778	-1.0
*IGLL1	5	0.67495	0.59193	0.824041	1154	2	-0.31419	0.91575	0.98307	1.0	1344	0	-0.31419	-1.0	-1.0
A549|chr20_50439274-50439774	4	0.67803	0.5905	0.824041	1155	1	0.0087515	0.11532	0.35151	1.0	421	1	0.0087515	0.5706526871502449	-1.0
A549|chr13_112771813-112772313	3	0.67821	0.51708	0.774608	1156	1	-0.2632	0.81282	0.94039	1.0	1215	0	-0.2632	0.2563858030277581	-1.0
A549|chr12_106139164-106139664	1	0.6803	0.51727	0.774608	1157	0	0.2079	0.3197	0.48273	1.0	732	0	0.2079	0.8353349912767251	-1.0
A549|chr20_54102544-54103044	4	0.68128	0.5905	0.824041	1158	2	0.15701	0.25719	0.5313	1.0	648	2	0.15701	0.669113328445762	-1.0
A549|chr1_64910509-64911009	6	0.68188	0.59407	0.825611	1159	2	0.2909	0.077485	0.34086	1.0	350	3	0.2909	0.759603330454078	-1.0
A549|chr13_110399763-110400263	3	0.684	0.51708	0.774608	1160	1	0.88499	0.088387	0.23119	1.0	373	2	0.88499	0.5719858814606884	-1.0
A549|chr10_33196675-33197175	2	0.68615	0.52501	0.775366	1161	1	-0.27148	0.61153	0.78365	1.0	1034	0	-0.27148	0.7547395491291391	-1.0
K562|chr8_22691252-22691752	4	0.68732	0.59948	0.830988	1162	2	-0.29923	0.69582	0.87926	1.0	1119	1	-0.29923	0.7792058124148384	-1.0
A549|chr9_750562-751062	6	0.68832	0.59407	0.825611	1163	1	0.42259	0.17042	0.53806	1.0	524	3	0.42259	0.7716308009636265	-1.0
K562|chr14_35301641-35302141	6	0.69347	0.60238	0.832175	1164	2	0.82377	0.046768	0.23306	1.0	256	4	0.82377	0.24947168942136394	-1.0
A549|chr6_112298401-112298901	6	0.69369	0.60238	0.832175	1165	2	-0.17081	0.56938	0.89298	1.0	990	1	-0.17081	0.5708283552706613	-1.0
K562|chr10_21535107-21535607	8	0.69586	0.63613	0.851958	1166	2	0.60005	0.0094152	0.10728	1.0	94	6	0.60005	0.6873095185013031	4.627603567576888
K562|chr1_21763996-21764496	4	0.69717	0.612	0.834606	1167	1	0.15045	0.32563	0.63625	1.0	738	2	0.15045	0.34470003972369323	-1.0
K562|chr6_37023432-37023932	5	0.69823	0.61125	0.834606	1168	1	0.17446	0.82644	0.94733	1.0	1228	1	0.17446	0.2054838690708939	-1.0
A549|chr10_102777583-102778083	7	0.70043	0.64184	0.851958	1169	2	0.037856	0.34165	0.74766	1.0	762	3	0.037856	0.6352585298974517	-1.0
A549|chr10_102795379-102795879	6	0.70099	0.61704	0.836791	1170	2	-0.14255	0.33641	0.70556	1.0	750	1	-0.14255	0.23205679263858903	-1.0
A549|chr12_53006988-53007488	6	0.7012	0.61704	0.836791	1171	2	-0.13465	0.12316	0.41133	1.0	444	2	-0.13465	0.6071662001121719	3.042593866112812
A549|chr1_8027821-8028321	6	0.70432	0.61704	0.836791	1172	2	0.0090348	0.2482	0.65213	1.0	633	2	0.0090348	0.23272110430498155	-1.0
K562|chr10_3068369-3068869	6	0.70587	0.62487	0.844601	1173	2	0.41323	0.12526	0.42189	1.0	449	3	0.41323	0.38763498559841897	6.48011952667834
A549|chr10_33237588-33238088	1	0.70734	0.55876	0.806693	1174	0	0.25606	0.29266	0.44124	1.0	701	1	0.25606	0.22608802978767722	-1.0
K562|chr11_32433965-32434465	6	0.70819	0.62487	0.844601	1175	2	0.28507	0.2118	0.58828	1.0	588	3	0.28507	0.4444751267241954	4.66038957837444
A549|chr4_57064949-57065449	4	0.70895	0.612	0.834606	1176	1	0.80924	0.056493	0.20165	1.0	290	3	0.80924	0.2120549828631274	-1.0
A549|chr13_33217537-33218037	6	0.70945	0.62488	0.844601	1177	2	-0.23812	0.58152	0.90601	1.0	1007	1	-0.23812	0.7514384019858849	-1.0
A549|chr3_30631997-30632497	1	0.70994	0.55876	0.806693	1178	0	0.31151	0.29006	0.44124	1.0	696	1	0.31151	0.682901417961149	-1.0
AAVS1_1588	1	0.71065	0.56903	0.814483	1179	0	0.42664	0.28935	0.43097	1.0	694	1	0.42664	-1.0	-1.0
A549|chr11_122197386-122197886	7	0.71099	0.64184	0.851958	1180	3	0.0041652	0.31674	0.73106	1.0	730	3	0.0041652	0.6410852501802492	-1.0
A549|chr1_64948193-64948693	7	0.71099	0.64184	0.851958	1181	3	3.8838	0.00057845	0.010178	0.618812	13	4	3.8838	0.1962874334346117	-1.0
K562|chr12_56685176-56685676	7	0.71099	0.64184	0.851958	1182	3	-0.19281	0.2161	0.61068	1.0	592	1	-0.19281	0.632330632377159	-1.0
A549|chr2_54581514-54582014	4	0.7123	0.612	0.834606	1183	1	0.22285	0.35764	0.69512	1.0	780	2	0.22285	0.24835414622379376	-1.0
A549|chr9_113580887-113581387	8	0.71236	0.65223	0.859424	1184	2	0.51187	0.042508	0.27576	1.0	233	4	0.51187	0.6024906348991927	-1.0
A549|chrX_107677896-107678396	2	0.71313	0.52502	0.775366	1185	1	-0.18944	0.51393	0.71083	1.0	939	1	-0.18944	-1.0	-1.0
hROSA26_1644	1	0.7136	0.56903	0.814483	1186	0	0.50027	0.2864	0.43097	1.0	689	1	0.50027	-1.0	-1.0
K562|chr6_7173173-7173673	5	0.71396	0.64601	0.855383	1187	1	1.0051	0.051913	0.21086	1.0	274	3	1.0051	0.5996257116434901	-1.0
A549|chr20_50481271-50481771	8	0.71442	0.65875	0.863113	1188	3	-0.43685	0.43495	0.83958	1.0	852	3	-0.43685	0.7327941449431089	-1.0
A549|chr7_130905557-130906057	3	0.71696	0.53122	0.780269	1189	1	-0.23842	0.57758	0.78362	1.0	1003	1	-0.23842	0.7553629654270254	-1.0
K562|chr16_87858965-87859465	4	0.7191	0.612	0.834606	1190	1	0.50697	0.22487	0.47225	1.0	605	2	0.50697	0.7847415192097067	-1.0
A549|chr2_42969233-42969733	6	0.71962	0.6392	0.851958	1191	2	0.036182	0.24803	0.65213	1.0	632	3	0.036182	0.41627805587989697	-1.0
A549|chr7_130924531-130925031	1	0.71962	0.56904	0.814483	1192	0	0.33263	0.28038	0.43096	1.0	676	1	0.33263	0.5759669466552668	-1.0
A549|chr6_112253845-112254345	6	0.72037	0.6392	0.851958	1193	2	-0.0029792	0.55861	0.88963	1.0	978	2	-0.0029792	0.7071028079456182	-1.0
K562|chr12_47820038-47820538	5	0.72063	0.65631	0.860616	1194	1	0.97918	0.017991	0.11828	1.0	144	4	0.97918	0.802107238554283	4.392963387775915
A549|chr14_68519753-68520253	6	0.72184	0.6392	0.851958	1195	2	0.13696	0.55838	0.88963	1.0	977	2	0.13696	0.20216310435685098	-1.0
A549|chr12_62697806-62698306	7	0.72202	0.64185	0.851958	1196	1	1.0854	0.00074192	0.012888	0.682689	18	6	1.0854	0.5217770137690964	-1.0
K562|chr11_94740589-94741089	4	0.72273	0.612	0.834606	1197	1	-0.082923	0.16177	0.39939	1.0	509	1	-0.082923	0.813602979536966	-1.0
A549|chr6_112214595-112215095	4	0.72363	0.612	0.834606	1198	1	0.64777	0.042064	0.14869	1.0	231	3	0.64777	0.21613504688580887	-1.0
A549|chr12_3200621-3201121	4	0.72525	0.612	0.834606	1199	1	-0.26729	0.73689	0.89839	1.0	1150	1	-0.26729	0.5104447652062848	-1.0
A549|chr10_33341865-33342365	5	0.72548	0.65631	0.860616	1200	2	-0.098523	0.4688	0.81333	1.0	902	1	-0.098523	0.3906585108230721	-1.0
K562|chr10_100364084-100364584	6	0.72595	0.63921	0.851958	1201	2	0.40582	0.12633	0.4219	1.0	451	3	0.40582	0.5343837869862261	-1.0
A549|chr2_237738185-237738685	1	0.72883	0.57963	0.817407	1202	0	0.32627	0.27117	0.42037	1.0	665	1	0.32627	0.7208177153634207	-1.0
K562|chr1_8876429-8876929	7	0.72912	0.64185	0.851958	1203	3	0.4599	0.51154	0.84705	1.0	936	2	0.4599	0.17796112604582792	-1.0
K562|chr1_47235724-47236224	7	0.72993	0.64185	0.851958	1204	2	-0.31086	0.44214	0.81314	1.0	862	2	-0.31086	0.245300651495544	-1.0
K562|chr12_130830746-130831246	8	0.73177	0.66588	0.867255	1205	3	0.59243	0.069362	0.37318	1.0	330	4	0.59243	0.5575104206196984	-1.0
A549|chr10_102806757-102807257	5	0.73205	0.6677	0.867255	1206	2	-0.061075	0.78913	0.93909	1.0	1192	1	-0.061075	0.42671634790043267	-1.0
A549|chr2_28612067-28612567	4	0.73305	0.612	0.834606	1207	1	0.098743	0.63082	0.83525	1.0	1057	1	0.098743	0.24671634646633234	-1.0
A549|chr2_54632716-54633216	6	0.73537	0.64778	0.856243	1208	2	-0.26206	0.92266	0.98357	1.0	1354	0	-0.26206	0.21732485870273993	-1.0
K562|chr12_130831824-130832324	2	0.73551	0.52502	0.775366	1209	1	2.6619	0.048402	0.10865	1.0	262	1	2.6619	0.6714152877604324	-1.0
A549|chr10_33326848-33327348	5	0.73593	0.6677	0.867255	1210	2	0.48009	0.1156	0.38268	1.0	422	3	0.48009	0.2239178684461771	-1.0
K562|chr5_10354103-10354603	3	0.73868	0.55913	0.806693	1211	1	0.55243	0.047921	0.1632	1.0	261	2	0.55243	0.7141865649225999	3.238666153484297
A549|chr7_27173418-27173918	1	0.73982	0.60033	0.830988	1212	0	0.41606	0.26018	0.39967	1.0	653	1	0.41606	0.6530583203042548	-1.0
K562|chr14_102500337-102500837	8	0.7406	0.68851	0.87258	1213	3	-0.14633	0.88702	0.98199	1.0	1302	1	-0.14633	0.7531145638688109	-1.0
A549|chr11_48101004-48101504	7	0.74108	0.64927	0.856243	1214	3	-0.51021	0.99008	0.99961	1.0	1515	0	-0.51021	0.23295918789887468	-1.0
A549|chr2_28590428-28590928	5	0.74167	0.67969	0.868862	1215	1	-0.3278	0.53595	0.84433	1.0	958	1	-0.3278	0.36046531849955743	-1.0
A549|chr2_55097474-55097974	7	0.74171	0.64927	0.856243	1216	2	-0.44975	0.12473	0.47106	1.0	446	2	-0.44975	0.5772320774134873	-1.0
K562|chr6_7163476-7163976	8	0.74423	0.68851	0.87258	1217	3	-0.20044	0.34549	0.7676	1.0	767	2	-0.20044	0.8076309616672136	-1.0
A549|chr17_77355097-77355597	4	0.74461	0.612	0.834606	1218	1	-0.24573	0.87462	0.96441	1.0	1284	0	-0.24573	0.2079017605028603	-1.0
A549|chr9_131674570-131675070	3	0.74642	0.57276	0.816224	1219	1	-0.52857	0.64698	0.82787	1.0	1072	1	-0.52857	0.5913523321230155	-1.0
K562|chr10_21533380-21533880	8	0.74719	0.68851	0.87258	1220	2	0.29914	0.20163	0.65403	1.0	575	4	0.29914	0.8311986155088614	4.627603567576888
A549|chr6_112222376-112222876	4	0.74732	0.612	0.834606	1221	1	-0.27616	0.58425	0.80942	1.0	1010	1	-0.27616	0.8490706478138941	-1.0
A549|chr15_63469123-63469623	2	0.74811	0.55213	0.802648	1222	1	-0.37051	0.72706	0.88994	1.0	1141	0	-0.37051	0.16355948561288308	-1.0
A549|chr2_54628865-54629365	6	0.74827	0.66991	0.867255	1223	2	-0.14185	0.83191	0.9606	1.0	1233	1	-0.14185	0.45288986661408803	-1.0
A549|chr1_93623411-93623911	7	0.74852	0.64928	0.856243	1224	3	-0.2212	0.37585	0.78812	1.0	800	2	-0.2212	0.4609237025243503	-1.0
A549|chr1_8026945-8027445	8	0.74906	0.68851	0.87258	1225	3	-0.15224	0.14309	0.53356	1.0	484	2	-0.15224	0.7442876942147874	-1.0
A549|chr8_17802935-17803435	3	0.75009	0.57276	0.816224	1226	1	0.25339	0.066652	0.17661	1.0	323	2	0.25339	0.23987058135712636	-1.0
K562|chr6_37161068-37161568	5	0.75326	0.67969	0.868862	1227	2	-0.015226	0.18809	0.53256	1.0	554	2	-0.015226	0.2299304209959514	-1.0
A549|chr15_78056735-78057235	8	0.75383	0.70311	0.874723	1228	3	0.16062	0.7664	0.97126	1.0	1172	2	0.16062	0.31151226505520313	-1.0
K562|chr15_92817839-92818339	1	0.75458	0.62069	0.841035	1229	0	0.47267	0.24542	0.37931	1.0	628	1	0.47267	0.555545050188626	-1.0
K562|chr16_87885199-87885699	7	0.75523	0.67146	0.867875	1230	3	0.42545	0.1067	0.43428	1.0	409	4	0.42545	0.7661672082525642	-1.0
A549|chr21_38818945-38819445	7	0.75621	0.67146	0.867875	1231	2	-0.32456	0.49174	0.84292	1.0	922	2	-0.32456	0.3977530316403047	-1.0
K562|chr20_32360260-32360760	5	0.75974	0.6797	0.868862	1232	1	-0.1837	0.64218	0.87486	1.0	1065	1	-0.1837	0.7660507660944048	-1.0
A549|chr6_11196359-11196859	4	0.76052	0.612	0.834606	1233	1	0.21102	0.68603	0.87302	1.0	1110	1	0.21102	0.24397645658365286	-1.0
K562|chr11_353666-354166	5	0.76106	0.6797	0.868862	1234	1	0.15191	0.17594	0.51882	1.0	534	1	0.15191	0.5791930874378756	-1.0
K562|chr19_41868502-41869002	6	0.76134	0.67874	0.868862	1235	2	0.21038	0.19698	0.57525	1.0	569	3	0.21038	0.5361686093498192	-1.0
A549|chr13_112774773-112775273	8	0.76302	0.70915	0.878206	1236	3	0.067217	0.13596	0.51318	1.0	465	3	0.067217	0.7604486519303937	-1.0
A549|chr15_96319130-96319630	5	0.76484	0.6797	0.868862	1237	2	0.52282	0.12488	0.42828	1.0	448	3	0.52282	0.5086438837843872	-1.0
A549|chr4_168811704-168812204	5	0.76484	0.6797	0.868862	1238	2	2.7642	0.0030302	0.029895	0.817893	52	3	2.7642	0.724210394521383	-1.0
A549|chr3_58062503-58063003	5	0.76484	0.6797	0.868862	1239	2	0.10252	0.37891	0.70831	1.0	806	1	0.10252	0.23867345177008467	-1.0
K562|chr19_16548293-16548793	5	0.76484	0.6797	0.868862	1240	2	-0.17845	0.45586	0.78873	1.0	884	1	-0.17845	0.5550020975789928	-1.0
K562|chr15_92807726-92808226	5	0.76484	0.6797	0.868862	1241	2	-0.10441	0.012629	0.068348	1.0	115	2	-0.10441	0.6375691256381893	-1.0
A549|chr3_30581991-30582491	5	0.76484	0.6797	0.868862	1242	2	0.63241	0.12584	0.42828	1.0	450	3	0.63241	0.23088219122659406	-1.0
A549|chr12_62702172-62702672	5	0.76484	0.6797	0.868862	1243	2	-0.098523	0.010979	0.063915	1.0	103	2	-0.098523	0.23056121127565238	-1.0
K562|chr9_131372517-131373017	3	0.76725	0.60049	0.830988	1244	1	1.5706	0.031245	0.12158	1.0	199	2	1.5706	0.8183665417555513	-1.0
A549|chr9_113488436-113488936	6	0.76761	0.70285	0.874723	1245	2	-0.021637	0.0010622	0.015013	0.703678	23	2	-0.021637	0.5746935462232964	-1.0
K562|chr12_130873077-130873577	3	0.76899	0.60049	0.830988	1246	1	0.37356	0.19779	0.42075	1.0	570	2	0.37356	0.7865798379183383	-1.0
A549|chr5_17277952-17278452	7	0.77008	0.69931	0.873884	1247	2	0.81385	0.0021173	0.032391	0.817893	44	5	0.81385	0.756463380827451	-1.0
A549|chr20_54088387-54088887	6	0.77325	0.70285	0.874723	1248	2	0.60121	0.047648	0.24489	1.0	259	3	0.60121	0.24539616806490655	-1.0
K562|chr19_41866699-41867199	8	0.77364	0.70915	0.878206	1249	3	-0.22936	0.41238	0.82632	1.0	831	3	-0.22936	0.4426316927495093	-1.0
*CHAF1B	2	0.77407	0.55214	0.802648	1250	0	0.21453	0.34474	0.50056	1.0	765	1	0.21453	-1.0	-1.0
hROSA26_1645	1	0.77429	0.66172	0.864508	1251	0	0.68642	0.22571	0.33828	1.0	606	1	0.68642	-1.0	-1.0
A549|chr9_21557071-21557571	4	0.77566	0.63694	0.851958	1252	1	-0.22337	0.44327	0.7529	1.0	865	1	-0.22337	0.28008867089552847	-1.0
A549|chr1_234845790-234846290	6	0.77631	0.70286	0.874723	1253	2	0.50193	0.076414	0.34086	1.0	347	4	0.50193	0.22429521062372176	-1.0
K562|chr14_35291696-35292196	3	0.77651	0.6005	0.830988	1254	1	0.21503	0.60508	0.80141	1.0	1029	1	0.21503	0.8015879857864432	5.054437869442936
K562|chr12_56684109-56684609	6	0.77751	0.70286	0.874723	1255	1	0.12892	0.22107	0.60149	1.0	600	3	0.12892	0.7796812187391536	-1.0
A549|chr12_104255675-104256175	4	0.77842	0.63694	0.851958	1256	1	0.29335	0.23071	0.47225	1.0	613	2	0.29335	0.5316019989836708	-1.0
A549|chr15_89119750-89120250	4	0.78131	0.63694	0.851958	1257	1	0.21527	0.26556	0.54438	1.0	660	2	0.21527	0.6255687379560186	-1.0
A549|chr15_85581410-85581910	3	0.78577	0.6143	0.835173	1258	1	-0.32941	0.81433	0.94039	1.0	1216	0	-0.32941	0.44092682514504544	-1.0
A549|chr11_126347245-126347745	6	0.78861	0.71084	0.879545	1259	2	0.25093	0.13784	0.43207	1.0	472	3	0.25093	0.452012587057685	-1.0
A549|chr10_3805156-3805656	3	0.79415	0.61431	0.835173	1260	1	0.46404	0.18254	0.40753	1.0	545	2	0.46404	0.4455874621242112	-1.0
K562|chr14_68790620-68791120	5	0.79444	0.69107	0.873778	1261	2	-0.54299	0.35641	0.67804	1.0	777	2	-0.54299	0.8275319165599591	-1.0
A549|chr16_81433712-81434212	6	0.79459	0.73075	0.887381	1262	2	-0.0096617	0.1539	0.4863	1.0	501	2	-0.0096617	0.3149280268113394	-1.0
K562|chr14_68800320-68800820	7	0.79482	0.72418	0.887381	1263	2	-0.43589	0.5259	0.85615	1.0	950	1	-0.43589	0.3081270151557914	-1.0
A549|chr18_3601317-3601817	6	0.79531	0.73075	0.887381	1264	1	0.91423	0.025764	0.15231	1.0	177	3	0.91423	0.403786090084172	-1.0
A549|chr11_126373326-126373826	4	0.79559	0.63695	0.851958	1265	1	0.014776	0.28617	0.57917	1.0	687	2	0.014776	0.15091359567249685	-1.0
A549|chr2_237699638-237700138	5	0.79615	0.69959	0.873884	1266	2	0.0774	0.13573	0.46374	1.0	464	2	0.0774	0.7518370906803332	-1.0
A549|chr9_131595654-131596154	6	0.79729	0.73075	0.887381	1267	2	0.33166	0.081344	0.34086	1.0	362	4	0.33166	0.2418175421865967	-1.0
K562|chr16_85322831-85323331	5	0.79955	0.69959	0.873884	1268	2	-0.15866	0.13046	0.45086	1.0	454	2	-0.15866	0.7286104347589953	-1.0
K562|chr3_196051055-196051555	5	0.7997	0.69959	0.873884	1269	2	3.2162	0.0040612	0.035113	0.817893	54	3	3.2162	0.2864684820511289	-1.0
K562|chr16_89324651-89325151	6	0.79999	0.74118	0.892053	1270	1	0.68125	0.0121	0.10312	1.0	112	5	0.68125	0.2032690185611571	-1.0
K562|chr17_75103493-75103993	3	0.80196	0.62796	0.84806	1271	1	-0.19795	0.094451	0.23119	1.0	388	1	-0.19795	0.27245364378116993	-1.0
A549|chr15_96340602-96341102	1	0.80311	0.71404	0.880899	1272	0	0.69799	0.19689	0.28596	1.0	568	1	0.69799	0.744488748727474	-1.0
K562|chr3_4973171-4973671	6	0.8033	0.74118	0.892053	1273	2	0.53124	0.03761	0.21258	1.0	216	3	0.53124	0.7487477113348469	-1.0
A549|chr18_77058172-77058672	7	0.8035	0.72418	0.887381	1274	2	0.099458	0.67028	0.93794	1.0	1092	2	0.099458	0.24673602438824332	-1.0
A549|chr3_127736756-127737256	8	0.8037	0.72808	0.887381	1275	3	0.66127	0.063931	0.36319	1.0	308	5	0.66127	0.8191463898628405	-1.0
A549|chr7_47577265-47577765	8	0.8037	0.72808	0.887381	1276	3	-0.00034923	0.29584	0.72923	1.0	705	3	-0.00034923	0.33578048741913613	-1.0
A549|chr13_33277376-33277876	8	0.8037	0.72808	0.887381	1277	3	-0.1406	0.1244	0.49387	1.0	445	3	-0.1406	0.8055751958279086	-1.0
A549|chr15_67110885-67111385	8	0.8037	0.72808	0.887381	1278	3	0.25912	0.35802	0.78542	1.0	782	3	0.25912	0.7502181370951608	-1.0
A549|chr10_119379728-119380228	3	0.80411	0.64141	0.851958	1279	1	0.50938	0.16379	0.35821	1.0	513	2	0.50938	0.7441353479160332	-1.0
A549|chr2_9251208-9251708	4	0.80463	0.64929	0.856243	1280	1	0.22154	0.25521	0.5313	1.0	643	2	0.22154	0.4152572584869557	-1.0
A549|chr9_21580946-21581446	3	0.80519	0.64141	0.851958	1281	1	0.65105	0.122	0.28888	1.0	439	2	0.65105	0.6845789930555682	-1.0
A549|chr7_47602201-47602701	6	0.80558	0.74922	0.897086	1282	2	0.93266	0.034835	0.20405	1.0	209	4	0.93266	0.41066175408864136	-1.0
A549|chr6_112292309-112292809	5	0.8059	0.6996	0.873884	1283	1	0.62726	0.091019	0.30231	1.0	382	3	0.62726	0.506847227494203	-1.0
A549|chr5_95866390-95866890	2	0.80597	0.60581	0.834606	1284	0	-0.07972	0.60769	0.78365	1.0	1030	0	-0.07972	0.7814458053681486	-1.0
A549|chr1_8427204-8427704	7	0.80693	0.72418	0.887381	1285	2	0.10609	0.23246	0.65565	1.0	619	3	0.10609	0.7756274149283992	-1.0
A549|chr5_59542737-59543237	6	0.80783	0.74922	0.897086	1286	1	0.11014	0.59921	0.90601	1.0	1020	2	0.11014	0.12463919286173555	-1.0
K562|chr2_26786143-26786643	5	0.80953	0.70888	0.878206	1287	2	-0.018195	0.10158	0.33401	1.0	398	2	-0.018195	0.764209422476487	9.810004660035682
A549|chr2_237689148-237689648	7	0.80974	0.72418	0.887381	1288	2	0.050072	0.7379	0.95489	1.0	1152	1	0.050072	0.782353975520169	-1.0
A549|chr1_64964142-64964642	6	0.81015	0.74923	0.897086	1289	1	0.69585	0.012947	0.10312	1.0	118	5	0.69585	0.5981459506812609	-1.0
A549|chr10_119342236-119342736	6	0.81427	0.74923	0.897086	1290	2	-0.1731	0.28391	0.68478	1.0	681	1	-0.1731	0.26808062634076063	-1.0
A549|chr5_95773609-95774109	3	0.81433	0.65554	0.860616	1291	1	0.049025	0.38719	0.61394	1.0	816	1	0.049025	0.19066042263342453	-1.0
A549|chr3_127820747-127821247	6	0.81538	0.75727	0.900909	1292	2	0.039544	0.10455	0.38438	1.0	407	2	0.039544	0.7051736985110068	-1.0
K562|chr14_35286112-35286612	3	0.81594	0.65554	0.860616	1293	1	-0.2813	0.057828	0.1632	1.0	292	1	-0.2813	0.16923688639858342	-1.0
A549|chr4_7811179-7811679	6	0.81601	0.75727	0.900909	1294	2	0.45742	0.064354	0.29921	1.0	311	3	0.45742	0.4381930160310398	-1.0
A549|chr16_81456444-81456944	3	0.81617	0.65554	0.860616	1295	1	-0.28427	0.67067	0.84601	1.0	1093	1	-0.28427	0.7586596740700652	-1.0
A549|chr9_71736220-71736720	1	0.81621	0.73408	0.890141	1296	0	0.66631	0.18379	0.26592	1.0	547	1	0.66631	0.5463916028484603	-1.0
A549|chr15_78040789-78041289	3	0.81628	0.65554	0.860616	1297	1	0.42638	0.16813	0.37124	1.0	519	2	0.42638	0.6783104950200398	-1.0
A549|chr18_3659120-3659620	5	0.81633	0.70888	0.878206	1298	1	0.87006	0.035785	0.18985	1.0	212	3	0.87006	0.8305416673958957	-1.0
A549|chr20_19914108-19914608	2	0.81654	0.6309	0.849914	1299	0	-0.019197	0.6022	0.7639	1.0	1028	0	-0.019197	0.7715064110434896	-1.0
A549|chr7_131231298-131231798	4	0.81748	0.66193	0.864508	1300	1	0.29577	0.11834	0.35863	1.0	429	2	0.29577	0.7478340956609584	-1.0
A549|chr2_55134295-55134795	2	0.81845	0.64359	0.852869	1301	0	0.20621	0.49279	0.67806	1.0	923	1	0.20621	0.17822139899834394	-1.0
A549|chr15_63047286-63047786	7	0.81932	0.75378	0.900909	1302	1	0.51448	0.1074	0.43428	1.0	410	4	0.51448	0.5959791837577555	-1.0
K562|chr1_26056461-26056961	2	0.81966	0.64359	0.852869	1303	0	0.10288	0.52912	0.71084	1.0	953	0	0.10288	0.7516218258980629	-1.0
K562|chr15_92831013-92831513	3	0.82026	0.66973	0.867255	1304	1	-0.15773	0.64945	0.82787	1.0	1073	1	-0.15773	0.814896326046016	-1.0
A549|chr4_168863687-168864187	3	0.82071	0.66973	0.867255	1305	1	0.67216	0.15166	0.34591	1.0	498	2	0.67216	0.618078185475602	-1.0
A549|chr5_59588888-59589388	3	0.82105	0.66973	0.867255	1306	1	0.9828	0.0079491	0.026527	0.816458	85	2	0.9828	0.24283598136469975	-1.0
A549|chr12_104295248-104295748	4	0.82245	0.66194	0.864508	1307	1	0.014562	0.74732	0.90455	1.0	1158	1	0.014562	0.38514544555401153	-1.0
A549|chr7_55128303-55128803	3	0.82329	0.66973	0.867255	1308	1	5.104	0.0054562	0.019348	0.751688	66	2	5.104	0.6592856163196118	-1.0
A549|chr3_30629635-30630135	6	0.82374	0.75727	0.900909	1309	1	0.32661	0.20086	0.58827	1.0	573	3	0.32661	0.3550835830548335	-1.0
A549|chr1_39174631-39175131	3	0.82407	0.66973	0.867255	1310	1	-0.067314	0.45647	0.67591	1.0	887	1	-0.067314	0.7701305508034607	-1.0
A549|chr2_160403529-160404029	6	0.8244	0.75728	0.900909	1311	2	-0.11723	0.88077	0.97403	1.0	1292	1	-0.11723	0.7847984143937093	-1.0
A549|chr7_47605767-47606267	4	0.82501	0.66194	0.864508	1312	1	0.18354	0.37521	0.70138	1.0	797	1	0.18354	0.1836313701105485	-1.0
A549|chr2_54553674-54554174	8	0.82706	0.74721	0.897086	1313	2	0.89709	0.007397	0.0905	1.0	82	6	0.89709	0.2439766776378104	-1.0
A549|chr3_71160670-71161170	6	0.82754	0.75728	0.900909	1314	1	1.4373	0.0042305	0.044168	0.88785	56	5	1.4373	0.7708032816718685	-1.0
K562|chr6_37183852-37184352	7	0.82919	0.76031	0.900909	1315	2	0.65491	0.025416	0.18307	1.0	175	5	0.65491	0.7304911586295888	-1.0
CCR5_1617	1	0.82944	0.7547	0.900909	1316	0	0.94818	0.17056	0.2453	1.0	525	1	0.94818	-1.0	-1.0
K562|chr2_26785657-26786157	8	0.83149	0.74721	0.897086	1317	3	-0.20203	0.26439	0.70593	1.0	657	3	-0.20203	0.6371609005160012	9.810004660035682
K562|chr6_42041087-42041587	4	0.83268	0.67443	0.868862	1318	1	0.80672	0.08969	0.32887	1.0	377	2	0.80672	0.8129407286482585	-1.0
A549|chr10_33273226-33273726	5	0.83402	0.70889	0.878206	1319	1	0.63054	0.10859	0.35775	1.0	413	3	0.63054	0.31675966609590633	-1.0
K562|chr20_32363253-32363753	2	0.83496	0.66762	0.867255	1320	0	0.50303	0.27572	0.42238	1.0	669	1	0.50303	0.4123482416228302	-1.0
A549|chr14_68667305-68667805	6	0.83509	0.76673	0.900909	1321	1	2.0215	0.005184	0.047779	0.906559	65	3	2.0215	0.7125812406177358	-1.0
A549|chr4_87009049-87009549	5	0.83542	0.70889	0.878206	1322	1	-0.40896	0.85479	0.9638	1.0	1265	0	-0.40896	0.6798015095712021	-1.0
A549|chr6_112281753-112282253	5	0.83583	0.71947	0.886934	1323	1	0.30312	0.10093	0.33401	1.0	396	3	0.30312	0.5355274889612469	-1.0
K562|chr7_50324043-50324543	2	0.83621	0.6788	0.868862	1324	0	0.026084	0.59382	0.7639	1.0	1016	0	0.026084	0.22501771269337342	-1.0
K562|chr1_26055824-26056324	4	0.83708	0.68721	0.87258	1325	1	0.17116	0.00023613	0.00053889	0.292079	4	2	0.17116	0.8132765862828278	-1.0
A549|chr3_30616549-30617049	5	0.84455	0.73045	0.887381	1326	1	0.32704	0.17561	0.51882	1.0	533	3	0.32704	0.24232513880191853	-1.0
K562|chr2_26755410-26755910	2	0.84498	0.68998	0.873079	1327	0	0.91612	0.2022	0.33466	1.0	577	1	0.91612	0.2199553127583715	-1.0
A549|chr3_58032208-58032708	4	0.84517	0.68721	0.87258	1328	1	-0.18142	0.18105	0.42819	1.0	542	1	-0.18142	0.716611703926451	-1.0
A549|chr17_72422484-72422984	4	0.84528	0.68721	0.87258	1329	1	0.067395	0.44235	0.7529	1.0	863	1	0.067395	0.7595512376219706	-1.0
A549|chr18_77069344-77069844	8	0.84628	0.77191	0.900909	1330	2	0.26168	0.07002	0.37318	1.0	333	4	0.26168	0.5278733241988939	-1.0
K562|chr1_26056788-26057288	3	0.84635	0.66973	0.867255	1331	1	0.80632	0.11685	0.2686	1.0	424	2	0.80632	0.22966195295780278	-1.0
A549|chr3_66441048-66441548	2	0.84674	0.68998	0.873079	1332	0	0.07662	0.57725	0.74359	1.0	1002	0	0.07662	0.787352964438884	-1.0
K562|chr4_40227217-40227717	8	0.84829	0.77191	0.900909	1333	2	0.88816	0.0080302	0.090506	1.0	86	5	0.88816	0.24042978177609145	-1.0
K562|chr11_32436164-32436664	4	0.84852	0.68721	0.87258	1334	1	-0.036372	0.49296	0.76544	1.0	924	1	-0.036372	0.5840716889436206	-1.0
A549|chr7_130898551-130899051	1	0.84857	0.80573	0.920038	1335	0	1.1138	0.15143	0.19427	1.0	497	1	1.1138	0.2550227557054312	-1.0
A549|chr10_33318632-33319132	8	0.84886	0.77191	0.900909	1336	2	0.6887	0.033261	0.22804	1.0	205	4	0.6887	0.7432102609505773	-1.0
A549|chr7_130925826-130926326	6	0.84938	0.76673	0.900909	1337	1	0.096689	0.27445	0.67867	1.0	668	3	0.096689	0.2865497703956882	-1.0
A549|chr9_131660656-131661156	4	0.85006	0.68721	0.87258	1338	1	0.69534	0.087571	0.32887	1.0	371	3	0.69534	0.4853069422751555	-1.0
K562|chr1_230133186-230133686	7	0.85032	0.78762	0.912171	1339	1	0.82156	0.019994	0.15665	1.0	149	5	0.82156	0.821498646953858	-1.0
A549|chr2_237680986-237681486	1	0.85128	0.80573	0.920038	1340	0	1.0123	0.14872	0.19427	1.0	491	1	1.0123	0.605727413161148	-1.0
A549|chr3_71109434-71109934	5	0.85173	0.73045	0.887381	1341	1	-0.086089	0.28381	0.59985	1.0	680	2	-0.086089	0.5487766599595099	-1.0
A549|chr14_68522702-68523202	4	0.85216	0.69975	0.873884	1342	1	0.22415	0.34181	0.66925	1.0	763	2	0.22415	0.21394149686444752	-1.0
A549|chr1_234538069-234538569	4	0.85227	0.69975	0.873884	1343	1	0.1422	0.62156	0.82235	1.0	1048	1	0.1422	0.7505018676055039	-1.0
A549|chr10_95282092-95282592	8	0.85347	0.78485	0.911212	1344	3	0.18158	0.0075888	0.0905	1.0	83	4	0.18158	0.19323569929953233	-1.0
A549|chr9_753976-754476	6	0.85358	0.76673	0.900909	1345	2	0.67583	0.077703	0.34086	1.0	351	4	0.67583	0.7166975292850392	-1.0
A549|chr15_85616531-85617031	6	0.85358	0.76673	0.900909	1346	2	0.074721	0.032349	0.17636	1.0	204	3	0.074721	0.37959585772522353	-1.0
A549|chr2_43336266-43336766	6	0.85358	0.76673	0.900909	1347	2	0.82449	0.061816	0.28706	1.0	301	4	0.82449	0.2328295178964337	-1.0
A549|chr15_78067755-78068255	6	0.85358	0.76673	0.900909	1348	2	1.1829	0.022832	0.13194	1.0	157	4	1.1829	0.7124790561309092	-1.0
A549|chr10_102764821-102765321	6	0.85358	0.76673	0.900909	1349	2	-0.32489	0.92855	0.98731	1.0	1366	0	-0.32489	0.2440337567200632	-1.0
A549|chr18_3609543-3610043	6	0.85358	0.76673	0.900909	1350	2	0.70126	0.049234	0.2449	1.0	266	3	0.70126	0.19230222259065044	-1.0
A549|chr22_45704616-45705116	8	0.85488	0.80466	0.920038	1351	2	-0.16947	0.2941	0.72923	1.0	702	3	-0.16947	0.22988219848778155	-1.0
A549|chr1_8380878-8381378	7	0.8551	0.78763	0.912171	1352	2	-0.19408	0.38783	0.78813	1.0	817	2	-0.19408	0.7594133971907784	-1.0
A549|chr10_95221565-95222065	4	0.85551	0.69975	0.873884	1353	1	0.55581	0.065838	0.23573	1.0	320	3	0.55581	0.2566503444938768	-1.0
A549|chr5_136033818-136034318	5	0.85592	0.73046	0.887381	1354	1	0.37598	0.1684	0.50637	1.0	520	3	0.37598	0.7075027022183645	-1.0
A549|chr12_76028955-76029455	2	0.85593	0.71239	0.879545	1355	0	0.19758	0.4857	0.67805	1.0	919	1	0.19758	0.18657433953298555	-1.0
K562|chr11_117994553-117995053	5	0.85927	0.73046	0.887381	1356	1	-0.2329	0.87566	0.9638	1.0	1288	0	-0.2329	0.24666879370746136	-1.0
A549|chr5_17269126-17269626	2	0.85932	0.7124	0.879545	1357	0	2.8857	0.045405	0.095195	1.0	246	1	2.8857	0.24967824425508905	-1.0
A549|chr2_237618407-237618907	1	0.85966	0.80574	0.920038	1358	0	1.0081	0.14034	0.19426	1.0	478	1	1.0081	0.18681890987513455	-1.0
A549|chr11_128521238-128521738	4	0.86021	0.71193	0.879545	1359	1	2.9482	0.0042122	0.025943	0.816458	55	3	2.9482	0.4186484391078658	-1.0
A549|chr8_133033674-133034174	5	0.86086	0.73046	0.887381	1360	1	0.74176	0.030613	0.16593	1.0	194	3	0.74176	0.281617604862408	-1.0
K562|chr6_17863707-17864207	3	0.86649	0.68388	0.87258	1361	1	-0.42823	0.74741	0.88597	1.0	1159	0	-0.42823	0.7887957017449261	3.031937539923551
A549|chr12_75990356-75990856	7	0.8673	0.80051	0.917933	1362	2	0.017576	0.041001	0.24187	1.0	226	3	0.017576	0.6743948427197669	-1.0
A549|chr2_20541235-20541735	7	0.86784	0.80051	0.917933	1363	2	-0.092327	0.45862	0.81314	1.0	890	2	-0.092327	0.7644186631118091	-1.0
A549|chr1_67771746-67772246	5	0.86814	0.74056	0.892053	1364	1	0.37773	0.17464	0.51882	1.0	532	3	0.37773	0.404988728936015	-1.0
A549|chr7_47606631-47607131	2	0.86915	0.73466	0.890141	1365	0	0.45099	0.31458	0.48957	1.0	726	1	0.45099	0.8206143885888485	-1.0
A549|chr9_73080059-73080559	6	0.86952	0.76674	0.900909	1366	1	0.64784	0.04559	0.23305	1.0	248	4	0.64784	0.6458054218472078	-1.0
K562|chr8_22703382-22703882	3	0.87169	0.68388	0.87258	1367	1	-0.49022	0.18105	0.40753	1.0	543	1	-0.49022	0.4242714534250063	-1.0
A549|chr12_76006442-76006942	7	0.87204	0.80796	0.921551	1368	1	0.55514	0.001578	0.024963	0.814752	35	4	0.55514	0.7577789452810065	-1.0
K562|chr19_4398089-4398589	2	0.87305	0.73467	0.890141	1369	0	0.41264	0.41338	0.58959	1.0	833	1	0.41264	0.40384090466777284	-1.0
K562|chr14_35300131-35300631	3	0.8734	0.69801	0.873884	1370	1	0.10305	0.67854	0.85456	1.0	1106	0	0.10305	0.3903466445615931	-1.0
A549|chr3_71076627-71077127	8	0.87454	0.81928	0.929522	1371	2	0.42172	0.054003	0.30747	1.0	278	4	0.42172	0.25229450644483664	-1.0
K562|chr7_107006225-107006725	5	0.87477	0.74057	0.892053	1372	1	1.1243	0.0089324	0.049063	0.906559	92	4	1.1243	0.7445210687272321	-1.0
A549|chr13_110304578-110305078	4	0.87492	0.72458	0.887381	1373	1	-0.089116	0.65033	0.84186	1.0	1076	1	-0.089116	0.6888278888550955	-1.0
A549|chr5_17218602-17219102	5	0.87666	0.74057	0.892053	1374	1	-0.10712	0.3543	0.66754	1.0	776	2	-0.10712	0.34188141908681674	-1.0
A549|chr17_72423644-72424144	4	0.8768	0.72458	0.887381	1375	1	1.5165	0.0091427	0.063641	1.0	93	3	1.5165	0.762947967896116	-1.0
A549|chr2_20532216-20532716	5	0.87689	0.74057	0.892053	1376	1	1.1595	0.029964	0.16593	1.0	192	3	1.1595	0.8020729293092627	-1.0
A549|chr4_168695273-168695773	5	0.8781	0.74057	0.892053	1377	1	1.0271	0.022395	0.13214	1.0	156	4	1.0271	0.2661769575193111	-1.0
A549|chr1_39176964-39177464	3	0.87816	0.69801	0.873884	1378	0	0.94792	0.11709	0.2686	1.0	425	2	0.94792	0.5417680223092093	-1.0
A549|chr1_8017039-8017539	7	0.87962	0.81633	0.927569	1379	2	0.62106	0.10311	0.42645	1.0	401	4	0.62106	0.20384710167228592	-1.0
A549|chr6_11217814-11218314	3	0.88032	0.69801	0.873884	1380	0	0.17204	0.61265	0.81024	1.0	1035	1	0.17204	0.5084188127481652	-1.0
K562|chr11_360228-360728	4	0.88315	0.73657	0.891778	1381	1	-0.19226	0.51665	0.78457	1.0	941	1	-0.19226	0.5458585477541114	-1.0
A549|chr5_136031225-136031725	3	0.88339	0.69801	0.873884	1382	0	0.18171	0.47282	0.68475	1.0	906	1	0.18171	0.7525202403066958	-1.0
hROSA26_1653	1	0.88352	0.88651	0.953052	1383	0	1.4602	0.11648	0.11349	1.0	423	1	1.4602	-1.0	-1.0
A549|chr12_76018640-76019140	7	0.88519	0.82376	0.929522	1384	2	0.036914	0.29693	0.70855	1.0	706	3	0.036914	0.650813228908868	-1.0
A549|chr2_43173842-43174342	3	0.88616	0.69802	0.873884	1385	0	-0.4285	0.72363	0.87117	1.0	1139	0	-0.4285	0.5088158829359993	-1.0
A549|chr11_126340226-126340726	2	0.88727	0.76605	0.900909	1386	0	2.8033	0.046097	0.095195	1.0	252	1	2.8033	0.5567617024421277	-1.0
A549|chr1_39173161-39173661	2	0.88735	0.76605	0.900909	1387	0	0.83994	0.24033	0.41102	1.0	625	1	0.83994	0.19587312494643477	-1.0
K562|chr12_53389598-53390098	3	0.8879	0.69802	0.873884	1388	0	0.098936	0.73181	0.88597	1.0	1146	0	0.098936	0.5305141004531296	-1.0
A549|chr3_71026584-71027084	5	0.88796	0.75097	0.898517	1389	1	0.61753	0.089591	0.30231	1.0	376	3	0.61753	0.7391825000388764	-1.0
K562|chr11_12121451-12121951	4	0.88935	0.74922	0.897086	1390	1	0.25979	0.19358	0.43876	1.0	561	2	0.25979	0.6748258433894487	-1.0
A549|chr8_109570621-109571121	3	0.88991	0.69802	0.873884	1391	0	1.2174	0.062948	0.1632	1.0	305	2	1.2174	0.24487895184339337	-1.0
A549|chr10_33325882-33326382	5	0.8912	0.76159	0.900909	1392	1	1.4119	0.01321	0.068354	1.0	121	3	1.4119	0.7374197491125143	-1.0
A549|chr2_43132683-43133183	3	0.89341	0.69802	0.873884	1393	0	0.30667	0.46188	0.67591	1.0	893	1	0.30667	0.7552267300819157	-1.0
A549|chr1_64949104-64949604	4	0.89381	0.76176	0.900909	1394	1	1.1652	0.012094	0.063647	1.0	110	3	1.1652	0.23796669200436224	-1.0
A549|chr3_58013296-58013796	7	0.89434	0.82376	0.929522	1395	2	0.12687	0.28149	0.69772	1.0	678	3	0.12687	0.768018660893916	-1.0
A549|chr11_128468726-128469226	4	0.89582	0.76176	0.900909	1396	1	0.42589	0.25303	0.5313	1.0	640	2	0.42589	0.5857436599417166	-1.0
A549|chr20_38117186-38117686	7	0.8968	0.82376	0.929522	1397	2	0.86113	0.038173	0.23223	1.0	220	4	0.86113	0.1683916622700949	-1.0
A549|chr10_3860459-3860959	5	0.90001	0.77189	0.900909	1398	1	0.25493	0.4446	0.77841	1.0	868	2	0.25493	0.6509135078345232	-1.0
A549|chr10_34688215-34688715	4	0.90067	0.77402	0.900909	1399	1	0.027038	0.67783	0.86661	1.0	1104	1	0.027038	0.2552023238226534	-1.0
A549|chr3_71062925-71063425	4	0.90092	0.77402	0.900909	1400	1	-0.053571	0.288	0.57918	1.0	691	2	-0.053571	0.22358566355004644	-1.0
K562|chr6_37093376-37093876	3	0.90095	0.72503	0.887381	1401	0	-0.091183	0.12688	0.2996	1.0	452	1	-0.091183	0.5731611127392205	-1.0
A549|chr8_133001305-133001805	4	0.901	0.77402	0.900909	1402	1	-0.0942	0.74933	0.90455	1.0	1161	1	-0.0942	0.75302335669555	-1.0
K562|chr2_10303918-10304418	8	0.90105	0.8385	0.938041	1403	2	0.4875	0.049827	0.28834	1.0	271	5	0.4875	0.8385347288203215	3.1245335841336144
A549|chr8_30389651-30390151	3	0.90133	0.72503	0.887381	1404	0	-0.26004	0.74156	0.88597	1.0	1153	0	-0.26004	0.7602605258098011	-1.0
A549|chr3_71079037-71079537	4	0.90158	0.77402	0.900909	1405	1	-0.052852	0.28893	0.57918	1.0	693	2	-0.052852	0.7465267716680879	-1.0
K562|chr17_78237374-78237874	7	0.90278	0.82376	0.929522	1406	2	-0.18571	0.93207	0.99056	1.0	1371	0	-0.18571	0.7993410345080989	-1.0
A549|chr1_64967401-64967901	6	0.90301	0.80034	0.917933	1407	1	0.16204	0.1091	0.38439	1.0	414	1	0.16204	0.3936519860072756	-1.0
K562|chr5_10367519-10368019	5	0.90342	0.7719	0.900909	1408	1	0.60614	0.12161	0.40162	1.0	438	3	0.60614	0.2645035620301421	-1.0
A549|chr3_71027091-71027591	5	0.90532	0.7719	0.900909	1409	1	0.45372	0.027057	0.14863	1.0	183	4	0.45372	0.4140107172499402	-1.0
A549|chr7_27110496-27110996	2	0.90542	0.78548	0.911212	1410	0	0.52593	0.094577	0.22531	1.0	389	2	0.52593	0.7946087324261524	-1.0
A549|chr6_11214014-11214514	5	0.90745	0.7719	0.900909	1411	1	0.88558	0.064918	0.23853	1.0	314	3	0.88558	0.394731305070335	-1.0
A549|chr7_55018180-55018680	3	0.91006	0.7378	0.892053	1412	0	0.43426	0.19161	0.42075	1.0	560	2	0.43426	0.22794074261389793	-1.0
A549|chr4_168817284-168817784	7	0.91061	0.82376	0.929522	1413	2	1.1585	0.0059359	0.065261	1.0	68	5	1.1585	0.5415449864596599	-1.0
A549|chr9_702595-703095	7	0.91061	0.82376	0.929522	1414	2	0.3504	0.11848	0.45296	1.0	430	4	0.3504	0.7917778908224136	-1.0
A549|chr13_33195256-33195756	8	0.91072	0.8574	0.942801	1415	2	0.43056	0.11732	0.46725	1.0	427	4	0.43056	0.7651637873182676	-1.0
A549|chr4_7956158-7956658	6	0.91346	0.80879	0.921551	1416	1	1.1638	0.012205	0.10312	1.0	113	4	1.1638	0.22326608382281649	-1.0
A549|chr22_45717768-45718268	6	0.91465	0.80879	0.921551	1417	1	0.31023	0.04401	0.2224	1.0	238	3	0.31023	0.16268532900628208	-1.0
A549|chr11_128467538-128468038	3	0.91597	0.774	0.900909	1418	0	0.76657	0.041392	0.13969	1.0	229	2	0.76657	0.7624305405380116	-1.0
A549|chr2_43233487-43233987	5	0.9164	0.79337	0.916821	1419	1	0.64454	0.0020647	0.020968	0.757646	43	3	0.64454	0.7482597619763798	-1.0
A549|chr5_14156070-14156570	5	0.91745	0.79337	0.916821	1420	1	0.11912	0.27966	0.59112	1.0	674	2	0.11912	0.7939668801465581	-1.0
A549|chr2_43161114-43161614	4	0.91771	0.77403	0.900909	1421	1	0.59078	0.082673	0.30988	1.0	364	2	0.59078	0.49410914193970884	-1.0
K562|chr1_61058252-61058752	4	0.91771	0.77403	0.900909	1422	1	-0.040559	0.64493	0.84186	1.0	1070	1	-0.040559	0.25182014153662746	-1.0
A549|chr2_42942260-42942760	4	0.91771	0.77403	0.900909	1423	1	0.034402	0.062028	0.23573	1.0	302	2	0.034402	0.7512428750954986	-1.0
A549|chr15_63460638-63461138	4	0.91771	0.77403	0.900909	1424	1	1.4944	0.032207	0.11156	1.0	202	3	1.4944	0.25237113402051453	-1.0
A549|chr1_8410963-8411463	7	0.91927	0.82376	0.929522	1425	2	0.37224	0.351	0.77072	1.0	774	3	0.37224	0.3502032623848742	-1.0
A549|chr7_47592735-47593235	8	0.92058	0.86352	0.942801	1426	1	0.24798	0.21774	0.6638	1.0	595	3	0.24798	0.20795564817894574	-1.0
A549|chr13_112755867-112756367	8	0.92181	0.86353	0.942801	1427	2	0.13346	0.080482	0.40561	1.0	360	3	0.13346	0.23251773429063893	-1.0
K562|chr8_38148057-38148557	7	0.922	0.83161	0.936422	1428	1	0.56698	0.056275	0.29574	1.0	288	4	0.56698	0.39997478139260695	-1.0
A549|chr6_11185067-11185567	5	0.9242	0.80363	0.920038	1429	1	-0.024475	0.45294	0.78873	1.0	878	2	-0.024475	0.2190705886766881	-1.0
CCR5_1621	1	0.92437	0.97966	0.993376	1430	0	3.326	0.075629	0.020341	0.751688	345	1	3.326	-1.0	-1.0
A549|chr4_57149813-57150313	3	0.92469	0.78521	0.911212	1431	0	-0.078897	0.46492	0.67591	1.0	896	1	-0.078897	0.7791482409504684	-1.0
CCR5_1620	1	0.92614	0.97966	0.993376	1432	0	2.7823	0.073858	0.020341	0.751688	341	1	2.7823	-1.0	-1.0
A549|chr2_237672076-237672576	7	0.92644	0.83924	0.938041	1433	2	0.84208	0.028865	0.2116	1.0	187	4	0.84208	0.20229653868463077	-1.0
K562|chr3_195118670-195119170	8	0.92691	0.86994	0.944916	1434	2	-0.12537	0.45595	0.85872	1.0	885	1	-0.12537	0.4876456741868124	-1.0
A549|chr11_122192851-122193351	6	0.92712	0.81719	0.927896	1435	1	0.11784	0.4484	0.79397	1.0	873	2	0.11784	0.6790819330170644	-1.0
A549|chr2_54613276-54613776	3	0.92749	0.79611	0.916821	1436	0	0.22909	0.47513	0.68476	1.0	909	1	0.22909	0.3695752270215246	-1.0
K562|chr15_92846715-92847215	3	0.92792	0.79611	0.916821	1437	0	1.7217	0.03791	0.12557	1.0	217	2	1.7217	0.5398949419589644	-1.0
A549|chr10_33264156-33264656	3	0.92817	0.79611	0.916821	1438	0	0.58695	0.13772	0.29961	1.0	470	2	0.58695	0.6458340906788517	-1.0
K562|chr19_19105483-19105983	6	0.92878	0.82541	0.930731	1439	1	0.3411	0.25259	0.65213	1.0	637	3	0.3411	0.5365247117587103	4.249591897869657
A549|chr10_34703068-34703568	5	0.92945	0.80363	0.920038	1440	1	0.81377	0.089053	0.30231	1.0	374	3	0.81377	0.7533401213498105	-1.0
A549|chr1_93581712-93582212	2	0.93132	0.83857	0.938041	1441	0	0.9739	0.068682	0.17356	1.0	328	2	0.9739	0.38771075054264276	-1.0
A549|chr9_73047752-73048252	4	0.93145	0.78568	0.911212	1442	1	0.27668	0.1733	0.41788	1.0	531	2	0.27668	0.155850629058024	-1.0
A549|chr13_110319363-110319863	7	0.93239	0.84648	0.938222	1443	2	-0.056472	0.02649	0.18308	1.0	180	2	-0.056472	0.6398168137580922	-1.0
A549|chr13_110365809-110366309	5	0.93251	0.81379	0.925331	1444	1	-0.17036	0.13706	0.46374	1.0	466	2	-0.17036	0.4717021828886313	-1.0
K562|chr6_12001087-12001587	7	0.93272	0.84648	0.938222	1445	2	0.75608	0.044105	0.25244	1.0	239	4	0.75608	0.5218244918612338	-1.0
CCR5_1635	1	0.93429	0.97967	0.993376	1446	0	3.8078	0.06571	0.020335	0.751688	318	1	3.8078	-1.0	-1.0
A549|chr18_3618172-3618672	8	0.93502	0.86995	0.944916	1447	2	0.78257	0.031138	0.22672	1.0	196	5	0.78257	0.8001769037888121	-1.0
K562|chr11_94746662-94747162	4	0.93504	0.78568	0.911212	1448	1	0.9774	0.056215	0.20165	1.0	287	2	0.9774	0.5478471193685231	-1.0
A549|chrX_107736602-107737102	2	0.93582	0.84709	0.938264	1449	0	0.55684	0.064179	0.16526	1.0	310	2	0.55684	-1.0	-1.0
A549|chr15_89087202-89087702	8	0.93775	0.86995	0.944916	1450	1	0.82706	0.0012108	0.026613	0.816458	27	7	0.82706	0.36716765448975985	-1.0
A549|chr2_54560976-54561476	6	0.9381	0.83408	0.937539	1451	1	0.35229	0.080221	0.34086	1.0	358	4	0.35229	0.5618097617900294	-1.0
A549|chr15_89162779-89163279	5	0.93837	0.83432	0.937539	1452	1	0.79856	0.054945	0.21821	1.0	283	3	0.79856	0.23876462663368647	-1.0
K562|chr2_26786473-26786973	4	0.93873	0.79784	0.916821	1453	0	0.50586	0.085659	0.32887	1.0	370	3	0.50586	0.8098923932992736	9.810004660035682
A549|chr2_20521727-20522227	5	0.94019	0.83433	0.937539	1454	1	0.076481	0.15661	0.47731	1.0	503	2	0.076481	0.6366104870338989	-1.0
A549|chr1_67750876-67751376	4	0.9404	0.79784	0.916821	1455	0	0.26828	0.32336	0.62884	1.0	737	2	0.26828	0.6330027596739983	-1.0
A549|chr9_684933-685433	8	0.94132	0.86995	0.944916	1456	1	1.3423	0.001127	0.023276	0.805245	25	7	1.3423	0.7247846881412143	-1.0
A549|chr1_93623802-93624302	7	0.94209	0.86038	0.942801	1457	1	0.224	0.35344	0.7826	1.0	775	2	0.224	0.2614605164516646	-1.0
A549|chr4_57055814-57056314	3	0.94225	0.827	0.931884	1458	0	2.0266	0.023796	0.088594	1.0	163	2	2.0266	0.5869292599686994	-1.0
K562|chr11_65502125-65502625	5	0.94287	0.84458	0.938041	1459	1	0.56358	0.0079449	0.048241	0.906559	84	3	0.56358	0.6536283407222317	-1.0
K562|chr14_35297626-35298126	5	0.94429	0.84458	0.938041	1460	1	-0.094918	0.90745	0.9786	1.0	1336	0	-0.094918	0.7272908440715656	-1.0
hROSA26_1642	1	0.9448	0.98985	0.995978	1461	0	4.0696	0.055201	0.010154	0.618812	285	1	4.0696	-1.0	-1.0
K562|chr1_246565054-246565554	8	0.94625	0.87589	0.950102	1462	2	3.0589	0.0003425	0.0093865	0.618812	6	5	3.0589	0.3292859368421768	-1.0
A549|chr17_72413942-72414442	4	0.94642	0.79785	0.916821	1463	0	1.1901	0.035293	0.12644	1.0	210	2	1.1901	0.6378489919077907	-1.0
A549|chr15_96319668-96320168	6	0.94743	0.85063	0.940907	1464	1	0.36949	0.18219	0.56321	1.0	544	3	0.36949	0.8450101878296293	-1.0
K562|chr14_102516501-102517001	5	0.94767	0.84458	0.938041	1465	1	-0.20024	0.41697	0.75228	1.0	838	2	-0.20024	0.7646738133669563	3.7126462272852536
A549|chr22_45738148-45738648	3	0.94773	0.84545	0.938222	1466	0	0.10577	0.25499	0.49841	1.0	642	1	0.10577	0.356422644855785	-1.0
K562|chr6_12022358-12022858	5	0.94839	0.84458	0.938041	1467	1	0.21869	0.21268	0.55587	1.0	589	2	0.21869	0.40168556796969035	-1.0
K562|chr12_6608816-6609316	4	0.9487	0.79785	0.916821	1468	0	2.7707	0.0098436	0.063641	1.0	97	3	2.7707	0.7908832565615694	-1.0
K562|chr19_16541397-16541897	6	0.95063	0.85064	0.940907	1469	1	0.39489	0.07407	0.34086	1.0	342	4	0.39489	0.3507051023373281	-1.0
CCR5_1636	1	0.95082	0.98985	0.995978	1470	0	4.8175	0.049179	0.010154	0.618812	265	1	4.8175	-1.0	-1.0
A549|chr1_234918799-234919299	4	0.9511	0.79785	0.916821	1471	0	0.045161	0.6112	0.82235	1.0	1033	1	0.045161	0.8056866764230499	-1.0
A549|chr9_696312-696812	4	0.9514	0.79785	0.916821	1472	0	0.53942	0.084757	0.32171	1.0	369	3	0.53942	0.20678649036865462	-1.0
A549|chr3_127799412-127799912	2	0.95215	0.89136	0.953052	1473	0	1.5323	0.047847	0.10864	1.0	260	2	1.5323	0.7637411290139072	-1.0
A549|chr2_54618621-54619121	3	0.95239	0.86186	0.942801	1474	0	0.20074	0.20135	0.42075	1.0	574	1	0.20074	0.19568999065312057	-1.0
K562|chr16_87862264-87862764	4	0.95304	0.80989	0.921551	1475	0	0.02241	0.19679	0.43876	1.0	567	1	0.02241	0.7899971055897393	-1.0
A549|chr1_93603543-93604043	6	0.95334	0.85899	0.942801	1476	1	0.47269	0.16539	0.51414	1.0	516	3	0.47269	0.5219877118303868	-1.0
A549|chr10_33298814-33299314	6	0.95372	0.85899	0.942801	1477	1	0.8861	0.0073852	0.068805	1.0	81	5	0.8861	0.8215717251418034	-1.0
A549|chr7_55032693-55033193	4	0.95375	0.8099	0.921551	1478	0	1.0165	0.04513	0.1487	1.0	245	2	1.0165	0.8060693152798404	-1.0
A549|chr12_106131711-106132211	3	0.95436	0.86187	0.942801	1479	0	0.29232	0.37458	0.61394	1.0	795	1	0.29232	0.6901442353913771	-1.0
K562|chr10_131908174-131908674	4	0.9545	0.82104	0.929522	1480	0	1.1999	0.01293	0.06604	1.0	116	3	1.1999	0.5076188179782337	-1.0
A549|chr4_7818284-7818784	3	0.9549	0.86187	0.942801	1481	0	0.30069	0.21865	0.47174	1.0	597	2	0.30069	0.24250368462596916	-1.0
A549|chr9_21578699-21579199	5	0.95592	0.84458	0.938041	1482	1	1.1642	0.023672	0.14007	1.0	160	3	1.1642	0.24720805430270643	-1.0
A549|chr9_21553413-21553913	5	0.95592	0.84458	0.938041	1483	1	3.4645	0.0033052	0.031514	0.817893	53	4	3.4645	0.2500852979024009	-1.0
A549|chr12_104276407-104276907	5	0.95592	0.84458	0.938041	1484	1	1.6223	0.012948	0.068354	1.0	119	4	1.6223	0.5678369888763278	-1.0
A549|chr13_110302176-110302676	5	0.95592	0.84458	0.938041	1485	1	0.89026	0.008513	0.049057	0.906559	89	4	0.89026	0.6894929066771424	-1.0
K562|chr8_38104215-38104715	5	0.95592	0.84458	0.938041	1486	1	1.2374	0.0043158	0.035205	0.817893	58	4	1.2374	0.2278688213989544	-1.0
K562|chr10_21527708-21528208	5	0.95592	0.84458	0.938041	1487	1	0.66236	0.11317	0.37633	1.0	419	3	0.66236	0.7709460962723353	-1.0
A549|chr17_72411916-72412416	5	0.95592	0.84458	0.938041	1488	1	0.68277	0.017823	0.11422	1.0	142	4	0.68277	0.793533168602659	-1.0
A549|chr13_33260731-33261231	5	0.95592	0.84458	0.938041	1489	1	0.87384	0.0065805	0.041062	0.868008	75	4	0.87384	0.718369025108557	-1.0
A549|chr9_21558589-21559089	3	0.95646	0.86187	0.942801	1490	0	0.84278	0.11331	0.2686	1.0	420	2	0.84278	0.13341729022639567	-1.0
CCR5_1619	1	0.95649	0.98985	0.995978	1491	0	5.0886	0.043512	0.010148	0.618812	236	1	5.0886	-1.0	-1.0
A549|chr4_57068217-57068717	6	0.95773	0.859	0.942801	1492	1	0.8874	0.0303	0.1711	1.0	193	4	0.8874	0.8436684864172981	-1.0
A549|chr6_11179756-11180256	2	0.95868	0.90481	0.959702	1493	0	2.9859	0.041319	0.095189	1.0	228	2	2.9859	0.829592761259394	-1.0
A549|chr3_45610106-45610606	3	0.95945	0.88494	0.953052	1494	0	0.17788	0.66897	0.84601	1.0	1091	1	0.17788	0.22029953809377795	-1.0
A549|chr9_700744-701244	6	0.95982	0.86728	0.944543	1495	1	0.18886	0.064891	0.29921	1.0	313	3	0.18886	0.22557793529676654	-1.0
A549|chr11_48047569-48048069	8	0.95995	0.88825	0.953052	1496	1	0.47834	0.042967	0.27993	1.0	234	5	0.47834	0.474135565184177	-1.0
K562|chr11_32435886-32436386	3	0.96094	0.88494	0.953052	1497	0	0.58764	0.14218	0.31073	1.0	482	2	0.58764	0.7703593455776412	4.66038957837444
A549|chr15_60371654-60372154	5	0.96247	0.84458	0.938041	1498	1	0.91665	0.024572	0.14007	1.0	169	4	0.91665	0.6283552677995173	-1.0
K562|chr18_3623241-3623741	4	0.96267	0.85275	0.94261	1499	0	0.73256	0.039964	0.13605	1.0	224	3	0.73256	0.246173207351789	-1.0
A549|chr10_34696359-34696859	7	0.96307	0.87985	0.953052	1500	1	0.41286	0.027399	0.19386	1.0	184	3	0.41286	0.20894048418557867	-1.0
K562|chr16_74985837-74986337	5	0.96365	0.84458	0.938041	1501	1	0.5911	0.031679	0.1848	1.0	200	3	0.5911	0.8471731929055413	-1.0
A549|chr1_234538854-234539354	4	0.96394	0.86226	0.942801	1502	0	0.067311	0.51171	0.77808	1.0	937	1	0.067311	0.270140709321116	-1.0
K562|chr1_28915122-28915622	7	0.96409	0.87985	0.953052	1503	1	0.20645	0.23025	0.64691	1.0	612	3	0.20645	0.6887437617999924	-1.0
A549|chr15_98868436-98868936	5	0.96447	0.85471	0.942801	1504	1	1.4608	0.0020004	0.019202	0.751688	41	4	1.4608	0.37261311830385246	-1.0
A549|chr9_71781309-71781809	4	0.96464	0.86226	0.942801	1505	0	2.4394	0.012563	0.063647	1.0	114	3	2.4394	0.24370264554767904	-1.0
A549|chr10_3815119-3815619	3	0.9666	0.88494	0.953052	1506	0	0.28027	0.22767	0.47175	1.0	609	2	0.28027	0.19232974553226703	-1.0
A549|chr1_234932612-234933112	4	0.96762	0.87203	0.946546	1507	0	1.3704	0.014739	0.075588	1.0	131	3	1.3704	0.7735963090681696	-1.0
A549|chr5_14212755-14213255	7	0.96927	0.89259	0.953052	1508	1	0.8804	0.031169	0.2208	1.0	197	4	0.8804	0.676106977477867	-1.0
K562|chr2_26767784-26768284	6	0.97009	0.89207	0.953052	1509	1	1.2675	0.00047407	0.0084487	0.618812	7	5	1.2675	0.8319208752213526	-1.0
A549|chr4_7867054-7867554	7	0.97046	0.89888	0.9569	1510	1	0.33364	0.13713	0.49756	1.0	468	4	0.33364	0.275997934384165	-1.0
A549|chr12_104302599-104303099	8	0.97061	0.90988	0.960689	1511	1	0.91475	0.010264	0.11246	1.0	99	6	0.91475	0.7699013266546432	-1.0
A549|chr3_127735056-127735556	5	0.97066	0.8651	0.942801	1512	0	2.0997	0.00686	0.043711	0.88785	76	4	2.0997	0.752479676850232	-1.0
A549|chr7_131163160-131163660	5	0.97121	0.8651	0.942801	1513	0	0.81923	0.077101	0.27198	1.0	349	3	0.81923	0.7361218494004496	-1.0
A549|chr12_104249759-104250259	3	0.97184	0.89923	0.9569	1514	0	0.3668	0.028157	0.11181	1.0	185	3	0.3668	0.38939308009144546	-1.0
A549|chrX_107728313-107728813	5	0.9725	0.8651	0.942801	1515	0	0.20497	0.20334	0.54004	1.0	579	2	0.20497	-1.0	-1.0
K562|chr17_82517535-82518035	5	0.97339	0.8651	0.942801	1516	0	1.0077	0.019276	0.12498	1.0	147	4	1.0077	0.7824256233335171	-1.0
A549|chr3_58048680-58049180	4	0.97364	0.90398	0.959443	1517	0	0.51872	0.15956	0.39939	1.0	505	2	0.51872	0.2719458389338659	-1.0
A549|chr9_715316-715816	8	0.97454	0.91471	0.964534	1518	1	0.34645	0.16101	0.56173	1.0	508	4	0.34645	0.1704687993145415	-1.0
A549|chr13_110361317-110361817	7	0.97463	0.89889	0.9569	1519	1	-0.042225	0.36529	0.78261	1.0	790	2	-0.042225	0.22974150269321508	-1.0
A549|chr1_64906440-64906940	4	0.97521	0.90398	0.959443	1520	0	1.1576	0.044915	0.1487	1.0	244	3	1.1576	0.30560674243885866	-1.0
K562|chr10_21532258-21532758	2	0.97524	0.95354	0.985671	1521	0	3.2129	0.024755	0.046457	0.906559	170	2	3.2129	0.2771927924384342	-1.0
A549|chr1_234533963-234534463	5	0.97543	0.8651	0.942801	1522	0	0.737	0.0059858	0.038073	0.848027	69	4	0.737	0.8246072171838996	-1.0
A549|chr2_160367815-160368315	3	0.97589	0.91818	0.964832	1523	0	0.56569	0.024107	0.088594	1.0	166	3	0.56569	0.7055176707964735	-1.0
A549|chr1_64949401-64949901	7	0.97591	0.89889	0.9569	1524	1	-0.21165	0.42773	0.80335	1.0	845	2	-0.21165	0.21936932838225898	-1.0
A549|chr5_17258075-17258575	2	0.97613	0.95796	0.987013	1525	0	1.0646	0.023872	0.042037	0.876301	164	2	1.0646	0.14979258673223028	-1.0
A549|chr8_132978373-132978873	3	0.97625	0.91818	0.964832	1526	0	0.50666	0.023754	0.088594	1.0	162	3	0.50666	0.33322504864964303	-1.0
A549|chr20_19941125-19941625	6	0.97639	0.89207	0.953052	1527	1	-0.073348	0.45486	0.80196	1.0	883	2	-0.073348	0.20955018601485764	-1.0
A549|chr13_110340615-110341115	6	0.97639	0.89207	0.953052	1528	1	0.16679	0.21755	0.60149	1.0	594	3	0.16679	0.7903133375819645	-1.0
A549|chr9_113485273-113485773	6	0.97639	0.89207	0.953052	1529	1	0.36488	0.061084	0.28706	1.0	300	4	0.36488	0.7407721350039971	-1.0
A549|chr17_72452325-72452825	6	0.97639	0.89207	0.953052	1530	1	0.30566	0.143	0.43207	1.0	483	3	0.30566	0.16546001260721116	-1.0
K562|chr1_234973332-234973832	6	0.97639	0.89207	0.953052	1531	1	0.13908	0.22818	0.60149	1.0	610	3	0.13908	0.35194075223014054	-1.0
K562|chr12_56689498-56689998	6	0.97639	0.89207	0.953052	1532	1	0.40031	0.047321	0.24489	1.0	258	4	0.40031	0.7233361039981832	-1.0
A549|chr2_43193133-43193633	5	0.97738	0.8651	0.942801	1533	0	1.0789	0.037297	0.19089	1.0	213	3	1.0789	0.6563169743257163	-1.0
A549|chr2_43271161-43271661	5	0.97746	0.8651	0.942801	1534	0	1.2459	0.0061589	0.041056	0.868008	72	4	1.2459	0.3179553648840937	-1.0
A549|chr7_55109735-55110235	4	0.97827	0.91086	0.961106	1535	0	0.91987	0.062854	0.23573	1.0	304	3	0.91987	0.23827223180016122	-1.0
A549|chr22_45731686-45732186	4	0.97867	0.91746	0.964832	1536	0	2.559	0.015365	0.075594	1.0	135	3	2.559	0.5444507225590094	-1.0
K562|chr11_340293-340793	4	0.97909	0.91746	0.964832	1537	0	0.44544	0.079115	0.28549	1.0	356	3	0.44544	0.7617144469741663	-1.0
A549|chr11_126378705-126379205	8	0.97915	0.91932	0.965021	1538	1	0.88784	0.0088549	0.094221	1.0	90	6	0.88784	0.23335050197771606	-1.0
A549|chr13_110388541-110389041	5	0.98027	0.88441	0.953052	1539	0	0.6927	0.071679	0.2503	1.0	336	3	0.6927	0.24478320141442783	-1.0
K562|chr7_50305176-50305676	6	0.9804	0.89207	0.953052	1540	1	0.15515	0.44698	0.79397	1.0	870	2	0.15515	0.18525922152255703	-1.0
A549|chr12_3225728-3226228	5	0.98052	0.89326	0.953052	1541	0	0.90285	0.014136	0.084442	1.0	128	4	0.90285	0.7631898965167333	-1.0
A549|chr2_36367773-36368273	5	0.98055	0.89326	0.953052	1542	0	0.30568	0.03346	0.1848	1.0	206	2	0.30568	0.6239807765211809	-1.0
A549|chr13_110300831-110301331	5	0.98065	0.89326	0.953052	1543	0	0.56335	0.017878	0.11422	1.0	143	3	0.56335	0.8373761117000402	-1.0
A549|chr13_33283465-33283965	5	0.98067	0.89326	0.953052	1544	0	0.11022	0.044734	0.20256	1.0	241	2	0.11022	0.811152205739306	-1.0
K562|chr17_75132284-75132784	7	0.9807	0.91855	0.964832	1545	1	-0.017981	0.89137	0.98035	1.0	1309	1	-0.017981	0.6825081264753774	-1.0
A549|chr9_21579143-21579643	2	0.98083	0.9621	0.988238	1546	0	1.6652	0.019167	0.037896	0.848027	146	2	1.6652	0.7019022272766415	-1.0
A549|chr3_45564144-45564644	5	0.98151	0.89327	0.953052	1547	0	2.0879	0.0057712	0.038066	0.848027	67	3	2.0879	0.1784786051999015	-1.0
A549|chr5_14167498-14167998	6	0.98152	0.89207	0.953052	1548	1	0.060032	0.049695	0.2449	1.0	270	2	0.060032	0.1935970057990269	-1.0
K562|chr10_3094108-3094608	6	0.98157	0.89207	0.953052	1549	1	0.20369	0.13298	0.43206	1.0	459	3	0.20369	0.5312684636606387	-1.0
K562|chr11_86054210-86054710	4	0.98185	0.92902	0.970516	1550	0	1.682	0.029194	0.11156	1.0	190	3	1.682	0.2657436007859839	-1.0
A549|chr2_237735227-237735727	5	0.98249	0.90188	0.958464	1551	0	0.15486	0.37771	0.70831	1.0	804	2	0.15486	0.644207907039477	-1.0
A549|chr5_14216290-14216790	6	0.98302	0.90066	0.957803	1552	1	0.52188	0.037309	0.21258	1.0	214	3	0.52188	0.5170378217624605	-1.0
A549|chr13_110326639-110327139	8	0.98421	0.92933	0.970516	1553	1	0.22942	0.33363	0.7587	1.0	749	3	0.22942	0.7455222570004005	-1.0
K562|chr22_41834533-41835033	6	0.98424	0.90896	0.960348	1554	1	1.1748	0.002476	0.025054	0.814752	48	5	1.1748	0.16617585839359855	-1.0
A549|chr11_20036071-20036571	4	0.98515	0.93917	0.97614	1555	0	0.43269	0.27982	0.56592	1.0	675	2	0.43269	0.20986267099796296	-1.0
hROSA26_1639	1	0.9853	1.0	1.0	1556	0	5.943	0.014701	3.0446e-06	0.002475	130	1	5.943	-1.0	-1.0
A549|chr1_67689619-67690119	6	0.98543	0.90896	0.960348	1557	0	1.0393	0.014817	0.10759	1.0	132	4	1.0393	0.6063184079263605	-1.0
A549|chr18_58299880-58300380	4	0.98582	0.93918	0.97614	1558	0	0.87881	0.02375	0.089039	1.0	161	3	0.87881	0.2269543404283619	-1.0
A549|chr5_14174924-14175424	3	0.98616	0.95273	0.98546	1559	0	1.7165	0.013843	0.04812	0.906559	126	3	1.7165	0.21401438866709976	-1.0
A549|chr1_8028557-8029057	5	0.98617	0.92365	0.967371	1560	0	0.53556	0.083988	0.27623	1.0	367	3	0.53556	0.23412120114072893	-1.0
A549|chr10_34704498-34704998	5	0.98625	0.92365	0.967371	1561	0	0.8557	0.015882	0.098471	1.0	136	4	0.8557	0.7008156734777551	-1.0
A549|chr5_95834329-95834829	2	0.98649	0.98728	0.995857	1562	0	1.8713	0.013513	0.012717	0.682689	123	2	1.8713	0.7904258216537425	-1.0
A549|chr18_58315683-58316183	5	0.98653	0.92366	0.967371	1563	0	0.1742	0.31358	0.62876	1.0	724	2	0.1742	0.7182480069053975	-1.0
K562|chr10_74004287-74004787	8	0.98674	0.93952	0.97614	1564	1	-0.098741	0.097148	0.41513	1.0	391	2	-0.098741	0.7905395550509179	-1.0
A549|chr14_68547030-68547530	7	0.98736	0.92513	0.967371	1565	1	0.067061	0.20664	0.59641	1.0	580	3	0.067061	0.3402616780368194	-1.0
K562|chr11_94738665-94739165	7	0.98736	0.92513	0.967371	1566	1	2.1701	0.0022293	0.03255	0.817893	45	5	2.1701	0.8026891537549896	-1.0
A549|chr9_727699-728199	7	0.98736	0.92513	0.967371	1567	1	0.54568	0.073453	0.33621	1.0	340	4	0.54568	0.7646253917802425	-1.0
K562|chr9_123317385-123317885	6	0.98788	0.90896	0.960348	1568	0	0.619	0.054342	0.27437	1.0	279	4	0.619	0.23954496956815308	-1.0
A549|chr4_168867076-168867576	6	0.98788	0.90896	0.960348	1569	0	0.5536	0.016628	0.11255	1.0	137	3	0.5536	0.5183567794182116	-1.0
K562|chr1_47231562-47232062	6	0.98788	0.90896	0.960348	1570	0	0.72412	0.021521	0.12663	1.0	155	4	0.72412	0.46914860095368816	3.5936301645307323
A549|chr1_67767024-67767524	6	0.98845	0.90896	0.960348	1571	0	0.60542	0.052407	0.25636	1.0	276	4	0.60542	0.22500543885491459	-1.0
A549|chr20_19875328-19875828	3	0.98875	0.96067	0.987818	1572	0	1.9548	0.011247	0.039595	0.868008	104	3	1.9548	0.7561873606167157	-1.0
A549|chr11_128515022-128515522	8	0.98916	0.94442	0.980606	1573	1	0.52349	0.0015883	0.033731	0.817893	36	7	0.52349	0.6941379519663682	-1.0
K562|chr22_46603583-46604083	5	0.98932	0.94613	0.981749	1574	0	0.22285	0.023311	0.14007	1.0	159	2	0.22285	0.8383691875868066	4.656315751168226
A549|chr2_237708515-237709015	8	0.9898	0.9493	0.982539	1575	1	0.27939	0.06354	0.36319	1.0	306	5	0.27939	0.8223803092697828	-1.0
A549|chr3_71034911-71035411	6	0.99007	0.9172	0.964832	1576	0	0.72695	0.029025	0.15618	1.0	188	4	0.72695	0.281251990688066	-1.0
A549|chr9_113555464-113555964	3	0.99052	0.97102	0.99114	1577	0	1.089	0.0094816	0.029255	0.817893	95	3	1.089	0.2517609978322824	-1.0
A549|chr1_93596301-93596801	6	0.99143	0.93102	0.971596	1578	0	0.72602	0.038114	0.21258	1.0	219	4	0.72602	0.24762203840782526	-1.0
A549|chr12_76021237-76021737	7	0.9915	0.93156	0.971596	1579	1	1.598	0.00072731	0.012888	0.682689	17	5	1.598	0.5591266563065181	-1.0
K562|chr10_5450534-5451034	5	0.99233	0.95515	0.986705	1580	0	0.75063	0.025382	0.14008	1.0	174	4	0.75063	0.2477204301963766	-1.0
A549|chr2_28602935-28603435	6	0.99238	0.93793	0.97614	1581	0	0.79313	0.044184	0.2224	1.0	240	4	0.79313	0.24082457194905377	-1.0
A549|chr18_77132578-77133078	6	0.99267	0.93794	0.97614	1582	0	0.19955	0.41278	0.74817	1.0	832	2	0.19955	0.8131276933653396	-1.0
A549|chr1_64924347-64924847	4	0.99275	0.96109	0.987818	1583	0	4.4205	0.0015584	0.0067742	0.618812	34	4	4.4205	0.2175855350471514	-1.0
A549|chr15_89115917-89116417	7	0.99277	0.9381	0.97614	1584	0	0.20671	0.096274	0.40374	1.0	390	3	0.20671	0.20362330057330658	-1.0
A549|chr9_683185-683685	8	0.99323	0.9493	0.982539	1585	1	0.11025	0.0018247	0.033737	0.817893	38	2	0.11025	0.735473277266844	-1.0
A549|chr12_104263573-104264073	5	0.9935	0.96291	0.988439	1586	0	2.3457	0.0042983	0.035205	0.817893	57	4	2.3457	0.8275334307297915	-1.0
A549|chr13_110305851-110306351	6	0.99362	0.94913	0.982539	1587	0	0.72384	0.02438	0.14022	1.0	168	4	0.72384	0.21174913185250538	-1.0
A549|chr11_19952168-19952668	4	0.99444	0.96779	0.990674	1588	0	3.8341	0.0019083	0.0092342	0.618812	39	4	3.8341	0.4443283579229235	-1.0
A549|chr9_71748309-71748809	5	0.99495	0.96996	0.990674	1589	0	1.0363	0.005122	0.035211	0.817893	62	4	1.0363	0.24434536741855342	-1.0
A549|chr8_17800464-17800964	5	0.99495	0.96996	0.990674	1590	0	1.6031	0.012099	0.068348	1.0	111	3	1.6031	0.3252908036352524	-1.0
A549|chr8_109561592-109562092	8	0.99516	0.9493	0.982539	1591	1	1.1324	0.01155	0.13738	1.0	106	6	1.1324	0.5457541281237843	-1.0
A549|chr3_66473133-66473633	6	0.99576	0.96968	0.990674	1592	0	1.1069	0.0006106	0.010275	0.618812	14	4	1.1069	0.7932857724445085	-1.0
A549|chr15_85617368-85617868	6	0.996	0.96968	0.990674	1593	0	0.57979	0.069054	0.32605	1.0	329	4	0.57979	0.7783414474285294	-1.0
A549|chr1_8420984-8421484	6	0.99602	0.96968	0.990674	1594	0	0.99536	0.025695	0.15231	1.0	176	4	0.99536	0.8173435254800886	-1.0
K562|chr1_21784049-21784549	8	0.99658	0.95908	0.987013	1595	0	0.11723	0.57337	0.90225	1.0	995	2	0.11723	0.7596145748123402	-1.0
A549|chr11_128513082-128513582	6	0.99679	0.97297	0.991877	1596	0	1.1122	0.00091902	0.014897	0.703678	21	5	1.1122	0.2317391265031431	-1.0
A549|chr18_77071525-77072025	8	0.99681	0.95908	0.987013	1597	0	0.37392	0.10425	0.43421	1.0	405	4	0.37392	0.5141931355531134	-1.0
A549|chr4_7970529-7971029	5	0.99689	0.97584	0.993376	1598	0	0.5815	0.02967	0.16593	1.0	191	4	0.5815	0.5476880569456588	-1.0
A549|chr11_128464392-128464892	5	0.99697	0.97836	0.993376	1599	0	1.5131	0.0014723	0.017522	0.749739	32	4	1.5131	0.2242419086042005	-1.0
A549|chr12_52888301-52888801	8	0.99702	0.95909	0.987013	1600	0	0.79029	0.0072105	0.083961	1.0	80	5	0.79029	0.7638150962101907	-1.0
A549|chr14_68616190-68616690	5	0.99713	0.97836	0.993376	1601	0	0.81645	0.002869	0.029889	0.817893	50	5	0.81645	0.16056465329615105	-1.0
A549|chr13_110319702-110320202	8	0.99715	0.95909	0.987013	1602	0	1.0343	0.012932	0.14055	1.0	117	6	1.0343	0.7502928539734535	-1.0
A549|chr17_72407849-72408349	4	0.99732	0.98664	0.995857	1603	0	1.1318	0.0026776	0.014045	0.703678	49	4	1.1318	0.6349964735996657	-1.0
K562|chr1_21754503-21755003	8	0.99735	0.95909	0.987013	1604	0	0.46698	0.046206	0.28286	1.0	254	4	0.46698	0.7871003971277596	-1.0
A549|chr12_62792454-62792954	6	0.99736	0.97896	0.993376	1605	0	1.1347	0.0014088	0.015859	0.716309	30	5	1.1347	0.4291521740920653	-1.0
K562|chr10_131905853-131906353	7	0.99768	0.97209	0.991605	1606	0	1.1211	0.00013734	0.0036809	0.618812	1	6	1.1211	0.7683367462452906	-1.0
A549|chr11_128478759-128479259	8	0.99776	0.96388	0.988815	1607	0	0.93549	0.0050366	0.066911	1.0	61	6	0.93549	0.6141572588915348	-1.0
A549|chr3_30599486-30599986	7	0.99781	0.97517	0.993376	1608	0	1.1699	0.0022664	0.033914	0.817893	46	6	1.1699	0.2724549627776693	-1.0
A549|chr6_11161214-11161714	8	0.99793	0.96805	0.990674	1609	0	1.6486	0.0013069	0.030638	0.817893	29	6	1.6486	0.5487316734040657	-1.0
K562|chr11_117980170-117980670	3	0.99836	0.99763	0.999948	1610	0	2.4483	0.0016438	0.0023656	0.618812	37	3	2.4483	0.8344121540457318	-1.0
K562|chr1_27524083-27524583	6	0.99848	0.98689	0.995857	1611	0	0.62137	0.049665	0.2449	1.0	269	4	0.62137	0.3380246641119625	-1.0
A549|chr22_45672233-45672733	6	0.99852	0.98689	0.995857	1612	0	0.41326	0.009666	0.084898	1.0	96	5	0.41326	0.7726718314591173	3.1660755529404674
A549|chr21_39005450-39005950	5	0.99853	0.98655	0.995857	1613	0	1.7443	0.0014725	0.017522	0.749739	33	5	1.7443	0.6876601964709147	-1.0
K562|chr5_10376501-10377001	8	0.99871	0.98115	0.993376	1614	0	1.0512	0.01387	0.14426	1.0	127	5	1.0512	0.7790070774712012	-1.0
A549|chr15_63486699-63487199	5	0.99884	0.98967	0.995978	1615	0	1.172	0.0011642	0.013016	0.682689	26	5	1.172	0.203251929455251	-1.0
A549|chr1_67755597-67756097	8	0.99886	0.98116	0.993376	1616	0	0.85048	0.024128	0.18526	1.0	167	5	0.85048	0.24370893664594317	-1.0
A549|chr10_3755699-3756199	8	0.99888	0.98116	0.993376	1617	0	1.5032	0.0030236	0.041105	0.868008	51	6	1.5032	0.7838756662373974	-1.0
A549|chrX_107673425-107673925	8	0.99892	0.98375	0.995382	1618	0	0.44991	0.0599	0.35905	1.0	296	5	0.44991	-1.0	-1.0
A549|chr7_47559279-47559779	4	0.99898	0.99498	0.998659	1619	0	1.977	0.0010227	0.0050571	0.618812	22	4	1.977	0.791375515341069	-1.0
K562|chr11_117987023-117987523	5	0.99926	0.99496	0.998659	1620	0	5.0562	0.00071118	0.0056294	0.618812	16	5	5.0562	0.6920933823966914	-1.0
K562|chr3_196070865-196071365	5	0.99938	0.99558	0.998659	1621	0	1.1371	0.00061544	0.0049962	0.618812	15	5	1.1371	0.28773271375227993	-1.0
K562|chr18_3622908-3623408	5	0.99942	0.99559	0.998659	1622	0	1.1182	0.0005751	0.0049962	0.618812	12	5	1.1182	0.43555858174015916	-1.0
CCR5_1616	1	0.99947	1.0	1.0	1623	0	7.0711	0.00053135	3.0446e-06	0.002475	9	1	7.0711	-1.0	-1.0
A549|chr2_237616595-237617095	5	0.99971	0.9981	0.999948	1624	0	1.3387	0.00028628	0.0019272	0.618812	5	5	1.3387	0.16283438452939047	-1.0
A549|chr3_71045556-71046056	7	0.99977	0.99544	0.998659	1625	0	1.1234	0.00022778	0.0060983	0.618812	3	7	1.1234	0.20423927251939544	-1.0
