id,pred_K562,label_K562,RRA_K562,ReportedRRA,pred_A549,label_A549,RRA_A549
K562|chr19_41860591-41861091,0.7737489826517971,1,7.7145327095399425,5.190965796506689,0.1960921318763379,0,1.1631760370062239
K562|chr12_130871626-130872126,0.98937415317383,1,7.09220181646372,14.577968569346378,0.2264643341342612,0,0.000751980104195272
K562|chr10_100347125-100347625,0.9450085679297988,1,6.100825402695233,9.228419867649306,0.0965723698897604,0,1.395072296571554
K562|chr2_26786473-26786973,0.7962828609182939,1,5.476188523910281,9.810004660035682,0.149438231579681,0,1.2327550570060308
K562|chr1_246565749-246566249,0.9002779533823586,1,5.258635641094037,3.3514253346910063,0.633990789668454,0,0.027931452530250353
K562|chr19_41859905-41860405,0.9882652062484972,1,4.706615344350563,6.877063626983696,0.9999999500837145,0,1.0542163948294132
K562|chr6_42050547-42051047,0.7935566527025051,1,4.469480143668226,3.646276062411051,0.152659728767484,0,0.10556208606172535
K562|chr10_100346798-100347298,0.824535614367713,1,4.454940415305997,9.228419867649306,0.2319049158219341,0,0.3307668245093069
K562|chr6_52284317-52284817,0.9894595870047356,1,3.9656122164104333,8.311873960084457,0.9652399618130908,1,2.222899564861417
K562|chr19_16542011-16542511,0.9930653009592908,1,3.844421068523068,4.162506258384823,0.3459741623509346,0,0.051435448866639005
K562|chr14_35292053-35292553,0.9240159182300052,1,3.6315085705841894,5.054437869442936,1.0,0,0.08982933366372445
K562|chr19_4402214-4402714,0.9703397326507956,1,3.532391894416367,14.659298161268325,0.1507750676813999,0,0.4005536242747243
K562|chr14_35292375-35292875,0.7623496492952527,1,3.488410722525295,5.054437869442936,0.4288499806363421,0,0.15619435610139376
K562|chr6_52284674-52285174,0.9349657816064122,1,3.4643641499787545,8.311873960084457,0.1617301261337486,0,0.4545320635057123
K562|chr4_1855698-1856198,0.9525365637328196,1,3.371488462933798,3.27461114174569,0.1708222362326441,0,0.29350411435149426
K562|chr17_79840071-79840571,0.9674334588112158,1,3.1952405897122476,3.629006066485256,0.1326683672164366,0,0.775985188627136
K562|chr11_117986057-117986557,0.7997742154265396,1,3.109948036750742,3.151773923348828,1.0,0,0.008140670794348567
K562|chr22_39501999-39502499,0.9245352250061324,1,3.0389445316567434,5.913533388728418,0.1318922215433836,0,0.20624452784442282
K562|chr6_52284056-52284556,0.9311758826954,1,3.0287798336110834,8.290594343199944,0.2567983923039798,0,0.45522525136804226
K562|chr2_26785657-26786157,0.97216143698575,1,3.0269091092057114,9.810004660035682,0.1407400172988375,0,1.5635034087044946
K562|chr12_56725159-56725659,0.9652380237879612,1,2.9400959441155945,5.793957098907479,0.2930500187313466,0,0.06559245711547917
K562|chr16_87868963-87869463,0.980346652565382,1,2.916425720326009,3.531401619503753,0.3220747368670132,0,0.3339502615194841
A549|chr3_127799412-127799912,0.2910777494788847,1,2.832889521403343,-1.0,0.9820101614921454,0,1.1075269465491047
A549|chr9_21559376-21559876,0.8508939116641998,1,2.8239956085277473,-1.0,0.1203443493210475,0,0.04262740070155058
A549|chr8_132995152-132995652,0.2394307263274486,1,2.77203620853314,-1.0,0.284456234472613,0,1.3256165703789968
K562|chr10_100357298-100357798,0.2317347519938839,1,2.767791921603684,-1.0,0.6050994845956118,0,1.284983290640734
K562|chr12_130872540-130873040,0.8503308755212718,1,2.702436442890643,14.577968569346378,0.5826543357971903,0,0.12828699205106758
K562|chr1_26056788-26057288,0.225601043082746,1,2.6825425942676264,-1.0,0.682726673884855,0,1.0882087305274917
A549|chr9_38070312-38070812,0.2655189721362103,1,2.6444910119755662,-1.0,0.361549541074173,0,0.44214405892719444
K562|chr11_32447186-32447686,0.2309017439279485,1,2.5740584119811047,-1.0,0.2661331337052313,0,0.16055337883384768
A549|chr2_160373212-160373712,0.2397049677112485,1,2.5656067652873946,-1.0,0.2764710912711804,0,1.3813453612559603
K562|chr10_100373496-100373996,0.8645947589561204,1,2.536779120225208,10.284121951691906,0.1129102528859194,0,0.44070396979567117
K562|chr1_26695054-26695554,0.89729152748636,1,2.5221555236612416,4.216046422595962,0.0996893626468641,0,0.01166850533257308
A549|chrX_107715948-107716448,0.7633141259858588,1,2.4909857575698626,-1.0,0.3839397482125094,0,0.29263424587896253
K562|chrX_107729164-107729664,0.2500148267761363,1,2.4838217272468937,-1.0,0.6060418753013128,0,1.6057059546471577
A549|chr14_68539916-68540416,0.2761587075848629,1,2.4832663633836134,-1.0,0.2218364928347774,0,1.0180908299092077
K562|chr11_78417245-78417745,0.8923236912922442,1,2.481499220760363,3.201321737341793,0.113103250822733,0,0.034765363480040834
A549|chr10_3821512-3822012,0.7223786426720696,1,2.4582585499042695,-1.0,0.3519236934234703,0,0.7580055108432193
K562|chr19_5977967-5978467,0.9518452268530606,1,2.456726821086716,4.975760693930908,0.2187079075091177,0,0.26636143982974053
K562|chr19_19105483-19105983,0.8215227118842239,1,2.4548908976636308,4.249591897869657,0.3364061565387398,0,0.0768129927404912
K562|chr1_26695721-26696221,0.9190190435620558,1,2.441207457989414,4.216046422595962,0.9235059040105548,0,0.15964294079664373
K562|chr2_10289279-10289779,0.1771214859482509,1,2.438874754672308,-1.0,0.8754084465954026,0,1.0835565799287699
A549|chr4_7956158-7956658,0.7791494685212432,1,2.4309071265133353,-1.0,0.5653827188896721,0,0.42979575505600925
K562|chr6_12001087-12001587,0.2065383966665682,1,2.427918742843672,-1.0,0.1993717184928839,0,1.182302445236976
K562|chr1_47224076-47224576,0.2309777427941726,1,2.4233937763897178,-1.0,0.5447252061831709,0,0.012597430076010082
A549|chr7_27184372-27184872,0.9149131779414944,1,2.3945764281159874,-1.0,0.9862735044165436,0,0.0005084220287458199
K562|chr1_8878532-8879032,0.9865241392612072,1,2.389957655560592,5.946729433318621,0.0873091947162159,0,0.6864280315601831
A549|chr7_27110496-27110996,0.887089594082401,1,2.3745537822415206,-1.0,0.1008573246864515,0,1.3424852237307978
A549|chr10_34688215-34688715,0.2775915585790713,1,2.348935307995961,-1.0,0.987925984335395,0,0.9518690729710325
K562|chr6_42050280-42050780,0.9703800343958634,1,2.339504493617641,3.646276062411051,0.1030500188895256,0,0.5738304529646736
K562|chr1_21754503-21755003,0.1830693621698658,1,2.302239015641174,-1.0,0.4974690598818056,0,0.3671177324024141
K562|chr18_48935418-48935918,0.837111541992054,1,2.265888548560762,-1.0,0.8369246965160886,0,0.5680093742138592
K562|chr19_45884638-45885138,0.954476261555504,1,2.2610213596504396,-1.0,0.178899608578815,0,0.8799198658705469
A549|chr1_8005554-8006054,0.764732708996566,1,2.2569373025833555,-1.0,0.3341535210433103,0,0.44118346912054424
A549|chr8_109575295-109575795,0.7369059899549332,1,2.2568274539333273,-1.0,0.1828200631929383,0,0.6034868185064782
A549|chr4_7970529-7971029,0.7673764226435075,1,2.2505497020063188,-1.0,0.1447608765770211,0,0.23142849074572036
K562|chr16_87861020-87861520,0.2722886002208526,1,2.239713254812587,-1.0,0.5283942842048172,0,1.082856991381835
A549|chr1_67726163-67726663,0.2309402746274756,1,2.2385382638222406,-1.0,0.1549700337343802,0,0.0603709396714049
K562|chr1_21784730-21785230,0.913982081580054,1,2.2199060144070653,-1.0,0.4482577778871703,0,1.4400096347905504
A549|chr8_30383786-30384286,0.7726564474230613,1,2.218574958319251,-1.0,0.2724282951282618,0,0.0009390906643418537
A549|chr4_168832360-168832860,0.8327610899462098,1,2.216232158963064,-1.0,0.3892749239868434,0,0.30156015839696826
K562|chr18_48938773-48939273,0.2335891514157779,1,2.2140298748679905,-1.0,0.9852141448899904,1,2.1352694539679695
K562|chr12_130871897-130872397,0.9886241524825722,1,2.1870866433571443,14.577968569346378,0.3627343454550626,0,0.31552268835246067
K562|chr2_26787016-26787516,0.827518180505433,1,2.1831027810175123,-1.0,0.999988045373084,0,0.06193081377661427
K562|chr6_50822584-50823084,0.2482478813510305,1,2.1352694539679695,-1.0,0.6466132762711284,0,0.25493301954001946
A549|chr9_71719553-71720053,0.257509277455091,1,2.1349019502899003,-1.0,0.6411376471865762,0,0.8936050968695735
A549|chr18_77132578-77133078,0.8737684066784612,1,2.1311734194409957,-1.0,0.1148883474836941,0,0.033332736901957274
A549|chr15_98850310-98850810,0.2695894841332911,1,2.1222659335963594,-1.0,0.9895021764925932,0,1.363682645353141
A549|chr1_8410963-8411463,0.2210169138743583,1,2.1089757477758977,-1.0,0.2606985076219641,0,0.2995126188404768
A549|chr3_71026584-71027084,0.2938667556129565,1,2.085328997619249,-1.0,0.9783946108325264,0,0.03037444671099613
K562|chr12_47820038-47820538,0.7032791073033681,1,2.084959146948658,4.392963387775915,0.39844006655708,0,1.363081032140453
K562|chr1_26695402-26695902,0.9671329619576242,1,2.0805557895347633,4.216046422595962,0.089253961169272,0,1.0913970406112887
K562|chr11_32435886-32436386,0.9582714309551598,1,2.067196580779547,4.66038957837444,0.2935665939299076,0,0.7259114585772901
A549|chr4_168863687-168864187,0.2867047504256808,1,2.056733078413876,-1.0,0.1958447804305297,0,0.13915311883569478
A549|chr14_68547030-68547530,0.8437626777129598,1,2.0531990638099518,-1.0,0.5387038648779322,0,0.2541292110494287
A549|chr7_130951625-130952125,0.7267766070677174,1,2.049469638909199,-1.0,0.995383916537627,0,1.7334625697656936
A549|chr10_3755699-3756199,0.7156884389127826,1,2.013658295786453,-1.0,0.9846199308646012,0,1.2777610702009221
A549|chr7_55078123-55078623,0.729270746381005,0,1.9744893271474193,-1.0,0.5931824074756448,0,0.44914817866490975
A549|chr1_67683751-67684251,0.2581251811620234,0,1.9741618357702997,-1.0,0.2062538789081115,0,1.6964799630927199
K562|chr19_13118329-13118829,0.9255326790892572,0,1.9659734762248897,3.1694562385312706,0.0688078883938718,0,0.2399471257143153
A549|chr18_3618172-3618672,0.8297165519204371,0,1.9629322419574422,-1.0,0.258545029402091,0,1.9055987554170633
K562|chr11_117986523-117987023,0.758081907795002,0,1.9438577379409476,3.151773923348828,0.3487140999051096,0,0.5077006825786423
K562|chr10_100372804-100373304,0.7823375881149239,0,1.9382837068401026,10.284121951691906,0.1630666481385093,0,1.0660068361687576
A549|chr11_128506495-128506995,0.7248745818123706,0,1.935766703965247,-1.0,0.3105340744640069,0,0.536316000216443
K562|chr6_16216360-16216860,0.7777315309014561,0,1.934009710766224,-1.0,0.9999561195957468,0,1.4719321594057928
A549|chr1_67750876-67751376,0.1880844194345901,0,1.9287441223187045,-1.0,0.1282086393906732,0,1.975678557858435
A549|chr2_43336266-43336766,0.8247405382440741,0,1.9263916115437933,-1.0,0.1705461646373747,0,0.33774283957665385
A549|chr5_59039697-59040197,0.836068272083333,0,1.9154237220656691,-1.0,0.9976715562682114,0,1.8559241938014495
A549|chr2_160367815-160368315,0.7893868555439969,0,1.878538646454015,-1.0,0.5850347558117234,0,1.3437100988086403
A549|chr4_7811179-7811679,0.7630312193058735,0,1.8713100064145458,-1.0,0.4046055922998596,0,0.14299938307364082
A549|chr10_33178302-33178802,0.1757135697231938,0,1.8705356902176227,-1.0,0.9945151239160008,0,0.2781234627348218
K562|chr17_78237374-78237874,0.2406248023214075,0,1.8666527344137571,-1.0,0.1700468036008941,0,0.3214907257614441
A549|chr12_62702172-62702672,0.7150100202466023,0,1.8635331095341605,-1.0,1.0,0,1.107443509142382
A549|chr13_110399763-110400263,0.2199427800157078,0,1.8561424244060432,-1.0,0.8932737160795832,0,0.7030059233297916
A549|chr17_27348940-27349440,0.8918353895631224,0,1.8509657328387505,-1.0,0.9299033455281712,0,0.03471361274956997
K562|chr1_21784484-21784984,0.9319921087129132,0,1.8352308969908018,-1.0,0.4774209818161063,0,0.5637737247294174
A549|chr5_14184697-14185197,0.7483174157503152,0,1.8298263261937289,-1.0,0.5799639996964966,0,0.42669896056553913
K562|chr10_131899720-131900220,0.7711488373014264,0,1.8195587018052812,-1.0,0.1456984514627724,0,1.1491884091208664
A549|chr3_127792788-127793288,0.7716117349301862,0,1.8011780223967941,-1.0,0.4958377546810371,0,1.1795686421179963
A549|chr7_47559279-47559779,0.7460670949384074,0,1.7899759261957675,-1.0,0.9833327310252418,0,1.5942098376974938
K562|chr11_65498012-65498512,0.7300613379919787,0,1.7892268195298255,-1.0,0.169731473898238,0,1.0582401861853046
A549|chr10_119358057-119358557,0.785596187618032,0,1.7812282440395077,-1.0,0.908989887426122,1,2.092024637778226
A549|chr9_113569065-113569565,0.7544539549819719,0,1.7638155571198504,-1.0,0.339075640866512,0,0.5075050166569878
K562|chr19_16541799-16542299,0.9586757575636168,0,1.761427038303371,4.162506258384823,0.4657733146679351,0,0.4951894468493085
K562|chr14_102502656-102503156,0.7694987793514443,0,1.757036408178517,-1.0,0.4002094885602504,0,1.8708904137792728
K562|chr12_56684109-56684609,0.2897942066043962,0,1.755846627448575,-1.0,0.6210689799214926,0,0.7571357038592932
K562|chr11_94738665-94739165,0.0914608886009995,0,1.7522967180658284,-1.0,0.3692719296579569,0,0.6104795341536225
A549|chr15_60391827-60392327,0.2749510962325411,0,1.749165420003316,-1.0,0.7413363476959527,0,0.427012291801795
A549|chr12_52901912-52902412,0.2407482577601936,0,1.7481185454474724,-1.0,0.3682374554706591,0,0.34538072275653436
A549|chr13_112774773-112775273,0.805137954563367,0,1.7480456017725978,-1.0,0.2911189693950002,0,0.7971576348053676
A549|chr1_8450212-8450712,0.7622715907030806,0,1.7421055312691998,-1.0,0.966649356380282,0,1.2947351376825957
A549|chr13_110361317-110361817,0.8151967232697747,0,1.739523141672577,-1.0,0.1797293708052092,0,1.6542734872258247
K562|chr17_78255007-78255507,0.7052046752507164,0,1.737003418398506,-1.0,0.2823201686975962,0,0.02292145797606226
K562|chr12_47812931-47813431,0.7996723042649707,0,1.7239290068629662,3.1119497461776464,0.2325311023183877,0,1.8890401188751218
A549|chr12_3199527-3200027,0.8218518594317684,0,1.7159529683966057,-1.0,0.1056362928404909,0,0.6361436807049315
K562|chr10_3068369-3068869,0.9524828769780485,0,1.7155241469946791,6.48011952667834,0.1573222431280482,0,0.004698331222935284
A549|chr14_68655427-68655927,0.754120914410823,0,1.7144426909922261,-1.0,0.3021833845106546,0,0.4071129581045588
K562|chr6_50822042-50822542,0.2258059827043328,0,1.710143597290743,-1.0,0.977526423586621,0,0.4627603506189594
K562|chr1_234972661-234973161,0.7078564194749182,0,1.7067258602892474,-1.0,0.3306173703966702,0,0.04965462114942577
A549|chr21_38810907-38811407,0.7221977165130208,0,1.7041471293560515,-1.0,0.937133792700828,0,0.43363322636810114
A549|chr13_110302176-110302676,0.749412116987014,0,1.702940175924942,-1.0,0.1896068220321748,0,0.46739847880760316
A549|chr20_50416429-50416929,0.7776368880932879,0,1.7001441852957329,-1.0,0.9458178965574332,0,0.5970683435724959
A549|chr13_112733080-112733580,0.2745708972906943,0,1.6967391273444228,-1.0,0.4403142850795132,0,0.27214167737654776
K562|chr17_79839284-79839784,0.9096344814553003,0,1.6951218823017207,3.629006066485256,0.1259142564067348,0,0.002251126661041139
K562|chr14_68784132-68784632,0.201294915044971,0,1.6944766667887445,-1.0,0.0786854177080264,0,0.6799784096304076
A549|chr11_128462780-128463280,0.7351502296738931,0,1.693832408427155,-1.0,0.9921060802269086,0,1.3777134279296825
A549|chr8_133033674-133034174,0.2810239738409658,0,1.693832408427155,-1.0,0.2104497518926707,0,0.14442027749828215
K562|chr17_79843163-79843663,0.9725605495347778,0,1.6936607674875022,-1.0,1.0,0,0.3725726909889062
K562|chr22_39502703-39503203,0.8565596902306978,0,1.6923328452674327,4.114322222306394,0.2783699509265026,0,0.8278935222075039
A549|chr10_33229858-33230358,0.2455825931181872,0,1.6838408718920317,-1.0,0.5685201497138512,0,0.4075789512576118
A549|chr1_8379431-8379931,0.2968147416283006,0,1.6822499711577663,-1.0,0.3367669294380162,0,0.8964015060220623
A549|chr7_116495648-116496148,0.134446787606333,0,1.6790233226571765,-1.0,0.5398601687564601,0,1.0164188132942094
K562|chr10_100346338-100346838,0.8499034467923574,0,1.6715796196510493,9.228419867649306,0.2641604161789802,0,0.12150118365072896
K562|chr2_26788760-26789260,0.7636629376924977,0,1.6664318250760122,-1.0,0.1101044779122386,0,1.0014616864699342
A549|chr1_93613914-93614414,0.7227825151450363,0,1.665928435259235,-1.0,0.5072914545989728,0,0.4937927169477446
A549|chr9_21580946-21581446,0.7146884463152968,0,1.6624209498568665,-1.0,0.4526933016237859,0,0.6251600403450245
A549|chr3_30620390-30620890,0.1986925708221043,0,1.65878317185609,-1.0,0.92718946882932,0,0.730860803207821
A549|chr15_60353405-60353905,0.2884040629062763,0,1.6575378396557536,-1.0,0.5753327359551365,1,2.2290743853610007
A549|chr20_38165852-38166352,0.7411199365531949,0,1.653451441451526,-1.0,0.3597981792664594,0,0.2770289720875552
A549|chr20_5662691-5663191,0.1674630175464264,0,1.6519289009201117,-1.0,0.8510377855553046,0,1.815933494308339
K562|chr19_13117577-13118077,0.9003532299546358,0,1.6515004297161622,3.1694562385312706,0.6787292991017452,0,0.024347653473097947
K562|chr3_195118670-195119170,0.7104647470614063,0,1.6506253257959493,-1.0,0.3481375170681029,0,0.7861901553584987
K562|chr14_35291696-35292196,0.7536586022359398,0,1.6474316138206915,5.054437869442936,0.5737325743378879,0,1.22289230914587
A549|chr5_59040158-59040658,0.8251804217720429,0,1.6459299956932723,-1.0,0.6135986025002266,0,0.5803746391122568
A549|chr18_3609543-3610043,0.7250381048053784,0,1.641817599520599,-1.0,0.9584488693803848,0,1.192884586697977
K562|chr9_131323613-131324113,0.2459927555045711,0,1.6404490832366816,-1.0,0.2046929451007466,0,1.7595755669163922
A549|chr6_71417795-71418295,0.2157998830402735,0,1.636237641130625,-1.0,0.4947322407626306,1,2.618921036757167
A549|chr12_62792454-62792954,0.2185033538470068,0,1.6174426780912141,-1.0,0.2054578395325052,0,0.9220872970505438
K562|chr11_117987023-117987523,0.7595518436919785,0,1.6171907775684855,-1.0,0.3509894522134124,0,0.3972782140773541
K562|chr12_56724407-56724907,0.8302604710473832,0,1.6152524404370712,-1.0,0.5321706405940283,0,0.04102542735469068
K562|chr1_26046223-26046723,0.8715813728742621,0,1.6133405445858058,-1.0,0.4730757303853467,1,2.2403699216899664
A549|chr15_60371654-60372154,0.7152928398381838,0,1.611969883540028,-1.0,0.7578724606398819,0,1.5017170213386288
A549|chr1_8343447-8343947,0.7631061879068751,0,1.6057059546471577,-1.0,0.155132160680997,0,0.002163825145685155
A549|chr2_43130377-43130877,0.8162722795723553,0,1.5967764962962752,-1.0,0.99859354070198,0,0.6277325559043454
A549|chr4_7857945-7858445,0.2984163989786853,0,1.5947902856153666,-1.0,0.2652497740809039,0,1.5430118227154348
A549|chr10_119379728-119380228,0.2766809477134286,0,1.5881615185970885,-1.0,0.4733589474415519,0,0.01367174108916265
A549|chr18_77097184-77097684,0.2655398588384061,0,1.587774724128888,-1.0,0.1738108354833449,0,0.4190180340373226
K562|chr16_81443905-81444405,0.7852062010966793,0,1.5857455028860628,10.967703655260529,0.423260685220423,0,0.7739158840241761
A549|chr3_58011162-58011662,0.7187056602092067,0,1.5821796825498573,-1.0,0.4675839001534788,0,0.25977156773189386
K562|chr12_6606593-6607093,0.8600102577026301,0,1.5781822686358675,4.5345725315474255,0.8962460377957739,0,0.14789224397922815
A549|chr18_3650685-3651185,0.7280389389671402,0,1.5708778231491465,-1.0,0.6858322988082969,0,0.49889963930278597
A549|chr4_87114233-87114733,0.7531133741516681,0,1.565638712799687,-1.0,0.944111062570599,0,0.7438116174102252
A549|chr7_27173418-27173918,0.9179379033553856,0,1.5624238239859098,-1.0,0.0762539101221238,0,0.11836431254531773
K562|chr8_38118909-38119409,0.2540461185813673,0,1.5615684143855069,-1.0,0.2779554797754358,0,0.6729477346733017
K562|chr2_26786143-26786643,0.9718373075770836,0,1.5594687296001088,9.810004660035682,0.136676847629887,0,0.2631574792901821
A549|chr15_60423455-60423955,0.1850264262504189,0,1.5544892034332694,-1.0,0.7879293726878992,0,1.489374572335163
K562|chr2_26763507-26764007,0.9199974809998602,0,1.554380230894896,-1.0,0.3358693559871719,0,0.15005876360136947
K562|chr2_38746099-38746599,0.2191980201020048,0,1.550768516877507,-1.0,0.3405242132522474,0,1.1993585175260002
K562|chr6_37056719-37057219,0.2328147507321267,0,1.5465746287283346,-1.0,0.2013875839590481,0,0.39737579250666205
K562|chr10_21534674-21535174,0.922352610700435,0,1.5424359960326008,4.627603567576888,1.0,0,1.0210575106925552
A549|chr7_47556446-47556946,0.8252410062716714,0,1.5396284381653502,-1.0,0.5458271740895663,0,0.9373428197744361
A549|chr21_38806902-38807402,0.1860727353640316,0,1.5395532161192795,-1.0,0.2235958982610693,1,2.2963819489248185
A549|chr20_54102544-54103044,0.2983399934190195,0,1.5387416471381603,-1.0,0.9131487760957382,0,0.3957307356840229
A549|chr2_43206621-43207121,0.7804891784675083,0,1.5379465792129254,-1.0,0.3276867297963282,0,0.18784230464482368
K562|chr17_82097122-82097622,0.7441578410904788,0,1.5375421035447248,5.07827191745736,0.6882863384857802,0,0.11984406153575139
K562|chr12_47814494-47814994,0.1318633259593516,0,1.5353316447070957,-1.0,0.994805596936058,0,0.09252951900082129
A549|chr4_168832999-168833499,0.7913461994838269,0,1.535123128541814,-1.0,0.1497393527069317,0,0.000512770082528063
A549|chr20_19996856-19997356,0.7809495132556533,0,1.5331768489343132,-1.0,0.2883071945440715,0,1.0552706396967042
A549|chr12_62790967-62791467,0.1256346603719168,0,1.5261919896801661,-1.0,0.1565705978654898,0,0.43145801628828623
A549|chr10_3805156-3805656,0.1577870604339818,0,1.5259294967849564,-1.0,0.1977667287875429,0,0.4125809071075003
K562|chr12_130871308-130871808,0.9175009848308676,0,1.5174694158682591,14.577968569346378,1.0,0,0.8055134094502943
K562|chr22_41836446-41836946,0.1402890541374549,0,1.5097886071552815,-1.0,0.372709692650874,1,2.2421183189540708
A549|chr1_234861719-234862219,0.2548015393165679,0,1.506123889147177,-1.0,0.2760901640297278,0,0.32649067107090807
A549|chr7_55019947-55020447,0.9355219229816282,0,1.4992696657065077,-1.0,0.9282635069327544,0,0.0007215278739192643
K562|chr3_4973171-4973671,0.2258221214597086,0,1.4944159442007754,-1.0,0.9559439193371184,0,0.9227047860679093
A549|chr4_168631318-168631818,0.7032656699979433,0,1.4940500284963842,-1.0,0.9999906403999004,0,0.20620961530918128
A549|chr14_68521314-68521814,0.2509736265832127,0,1.4917935972408567,-1.0,0.7225411991535313,0,0.3240292919878868
A549|chr11_122157501-122158001,0.2214960742724743,0,1.4899512267675463,-1.0,0.2025072442870034,1,2.606565197437011
A549|chr12_76018640-76019140,0.2705518255108351,0,1.4882101894460968,-1.0,0.7287098513683197,0,0.5075050166569878
A549|chr17_72445534-72446034,0.7827836676149141,0,1.4843513062923681,-1.0,0.3495039326929055,0,0.12637718323973215
A549|chr13_110300371-110300871,0.1521567370645778,0,1.4839408262417175,-1.0,0.186334036094851,0,0.09850898514325693
A549|chr20_38118050-38118550,0.2696866312478128,0,1.4770083528309772,-1.0,0.8179527892407352,0,0.18761479921029908
K562|chr1_26035875-26036375,0.8730917120888926,0,1.4719321594057928,3.393178113983302,0.1217661728444277,0,0.646199134861137
A549|chr20_50439274-50439774,0.7487802906169067,0,1.4710190597278634,-1.0,0.9894964416975917,0,0.055463044432236416
A549|chr8_30383366-30383866,0.7950007192050685,0,1.4700181442160245,-1.0,0.3559233041823553,0,1.1366473947008124
A549|chr12_76021237-76021737,0.2584216591182792,0,1.4693265515596179,-1.0,0.4474128570708809,0,0.4259803136128838
A549|chr6_11214014-11214514,0.29467435541155,0,1.4689683810732541,-1.0,0.9993850987588826,0,0.5874050688815207
A549|chr5_14144588-14145088,0.8319028337260295,0,1.4689172379658375,-1.0,0.1053791599819379,0,0.04334182323273832
A549|chr7_130908206-130908706,0.7452654606954792,0,1.461589660012333,-1.0,0.3214850779911602,0,0.42545945879556174
A549|chr13_110298952-110299452,0.7296989310333866,0,1.4593702524509764,-1.0,0.9982058857806738,0,0.5597838239198898
K562|chr16_75026823-75027323,0.2220322564062253,0,1.4582959767157115,-1.0,0.2015908695952675,0,0.7392133313450238
A549|chr1_93596301-93596801,0.2261316593780929,0,1.4554730868425132,-1.0,0.717950894177217,0,1.4632017516955818
K562|chr1_47230387-47230887,0.8815141109433344,0,1.4414834252621378,3.5936301645307323,0.2413643501930223,0,1.7419376879890804
A549|chr13_112755383-112755883,0.8098380141173205,0,1.4399498302652072,-1.0,0.9780177563174808,0,0.06994287507915845
A549|chr15_59371716-59372216,0.8121595442141295,0,1.4380761451160553,-1.0,0.1129838650848702,0,0.36479783161141294
K562|chr19_19110697-19111197,0.8102244319651863,0,1.433574293432467,-1.0,0.3660911049337785,0,0.9665360339225949
K562|chr5_10353461-10353961,0.9677274211617568,0,1.4273607029571869,3.238666153484297,0.083887033854983,0,0.007954855541117313
K562|chr5_10367519-10368019,0.1195152820752543,0,1.427035510518254,-1.0,0.374001442244802,0,1.0097766171728433
A549|chr2_20502008-20502508,0.2647408517623281,0,1.4267569678158762,-1.0,0.4508373317687685,0,0.7076110016980686
A549|chr5_95773609-95774109,0.1934300217822613,0,1.4231635829293139,-1.0,0.2285857290025433,0,1.977365460055881
A549|chr7_47558541-47559041,0.7599313220847047,0,1.4220833050158979,-1.0,0.9997795479940296,1,3.134114643150823
A549|chr5_14212755-14213255,0.2840974687610266,0,1.4210286073422123,-1.0,0.2435372369471136,0,0.5830933400675743
A549|chr15_78050285-78050785,0.1443279540277733,0,1.4207195620366524,-1.0,0.8277471380771839,0,0.4276163822335343
K562|chr6_42011641-42012141,0.2253247995055897,0,1.4145618318298199,-1.0,0.9654843258464096,0,0.7303703256424472
A549|chr1_39165491-39165991,0.2613388884123217,0,1.4138517120915464,-1.0,0.5256351798468689,0,0.5182278340758242
K562|chr18_48977894-48978394,0.7212732665410816,0,1.4128167932622504,-1.0,0.2885530497393442,0,0.356419028186854
A549|chr17_72397083-72397583,0.2649942209586662,0,1.4110675476768142,-1.0,0.1484019738971278,0,1.2079867318062916
K562|chr21_37368101-37368601,0.8461703495287624,0,1.409760221691033,-1.0,0.9838269436094486,0,0.16268308067417878
K562|chr3_196081948-196082448,0.9538770171539732,0,1.4091804487291082,5.840372659341327,0.1457137112392402,0,0.050844282777368806
K562|chr15_92846715-92847215,0.1653367523418265,0,1.4063595514976979,-1.0,0.9897596643681268,0,0.24060414657475743
A549|chr5_14174924-14175424,0.2252658264667755,0,1.4052318865524949,-1.0,0.3204029104128212,0,0.898734215008665
K562|chr6_37093376-37093876,0.2342419019985929,0,1.4016253898013247,-1.0,0.3220747832170076,0,0.6452770655510656
A549|chr6_11212583-11213083,0.237815105802976,0,1.3904376038329098,-1.0,0.2386192860882053,0,1.5284882630230376
A549|chr2_54613276-54613776,0.2487387784777266,0,1.3900322793533384,-1.0,0.941426248130624,0,0.27809050546051994
A549|chr8_132981547-132982047,0.7438538447570822,0,1.3884147537460492,-1.0,0.1803412816103511,0,0.3026573019895261
A549|chr1_8011874-8012374,0.2276856358273565,0,1.3844602506910522,-1.0,0.7353317742364542,0,0.998439347357427
A549|chr11_65482964-65483464,0.8581846044829337,0,1.3833669713366064,-1.0,0.1788194637987259,0,0.9498523419796965
A549|chr7_130905557-130906057,0.7767115012284544,0,1.3803328611940613,-1.0,0.8470522135209689,0,0.4780777551164995
A549|chr20_38110406-38110906,0.7280310429518556,0,1.3782111510491586,-1.0,0.1587935120733219,0,1.7313986292603367
K562|chr14_68800320-68800820,0.1659477678775228,0,1.3616205785263178,-1.0,0.2208264829549706,0,1.5218665718994824
K562|chr17_79828286-79828786,0.1319501140914075,0,1.3610218130895704,-1.0,0.9950035378851664,0,1.0439036376413886
A549|chr1_67675769-67676269,0.260735670582887,0,1.3569126793288282,-1.0,0.9233711000854712,0,0.14036342100060817
A549|chr11_128468726-128469226,0.2254215985918385,0,1.3547447991207135,-1.0,0.2604965252645115,0,1.922414093632757
A549|chr13_33283465-33283965,0.2686169243830258,0,1.3503925755934025,-1.0,0.998449695852973,0,0.3915488512375277
K562|chr1_21780648-21781148,0.8516564654872999,0,1.349741058386309,-1.0,1.0,0,0.09972028531894751
K562|chr6_16257866-16258366,0.2116085954559697,0,1.3466041561437023,-1.0,0.5394155717810151,0,0.04781318316185177
A549|chr5_132491887-132492387,0.8315283535893702,0,1.3384617920296045,-1.0,0.5158031027843734,0,0.46954415641532377
K562|chr10_11892388-11892888,0.8501354047218951,0,1.3320616558146456,-1.0,0.9023138605124268,0,1.1421972725425114
A549|chr8_30384963-30385463,0.8558152773671318,0,1.3315022622180455,-1.0,0.353340131549091,0,0.8227810406672839
K562|chr10_131898753-131899253,0.2103337466397108,0,1.3289938694635919,-1.0,0.2694533280918765,0,0.059792412255804235
K562|chr15_92806677-92807177,0.832325328868052,0,1.3271635458286029,-1.0,0.4222944306102847,0,0.9091426040184662
A549|chr15_59371341-59371841,0.8505342946151352,0,1.3262236537311733,-1.0,0.1025801473827349,0,0.350129906297594
A549|chr3_71132624-71133124,0.1611903301100463,0,1.3256165703789968,-1.0,0.2188021569755731,0,0.17387982561894655
K562|chr4_1855354-1855854,0.8808141629654274,0,1.3242766357906257,3.27461114174569,0.9999999993899462,1,2.1819325405637255
K562|chr8_22690965-22691465,0.9099758782036348,0,1.3228951482656917,-1.0,0.1030657091277931,0,0.032321006417534215
A549|chr9_21610396-21610896,0.8448097125632715,0,1.3223656766410576,-1.0,0.9907303418998205,0,0.27273534812446726
K562|chr11_65502125-65502625,0.2479098477838865,0,1.3194197549060211,-1.0,0.8036031285567035,0,1.3602346955365006
A549|chr7_55109735-55110235,0.2338087053858807,0,1.3175029356437207,-1.0,0.2713062408783822,0,0.6669559701765129
A549|chr10_34728214-34728714,0.2781849209041344,0,1.313971811073622,-1.0,0.6756804607651331,0,0.2426799034533277
K562|chr19_15317578-15318078,0.1280123819239845,0,1.3118027219334443,-1.0,0.5402620735135979,0,0.09362724194964418
A549|chr12_75990356-75990856,0.2775877992629708,0,1.3112599149374131,-1.0,0.4189265677952637,0,0.6371030321974557
A549|chr7_116500148-116500648,0.8156861020406118,0,1.3059127537345758,-1.0,0.2254492405722272,0,1.4041291678971284
K562|chr19_16539212-16539712,0.8191848495233169,0,1.3052719876706051,-1.0,0.8166546244823522,0,0.0653854157609224
A549|chr14_68519753-68520253,0.2453097741783172,0,1.3031719981726264,-1.0,0.3375642329626495,0,0.5245176764238841
A549|chr14_68522702-68523202,0.7181074644777286,0,1.3005612107218532,-1.0,0.444337241981494,0,0.3365158048856065
A549|chr3_71164231-71164731,0.7038595113092275,0,1.2979487751273533,-1.0,0.2238898284026747,0,0.5075050166569878
A549|chr1_8363935-8364435,0.7693936803719139,0,1.2906791481214017,-1.0,0.4904999340133296,1,2.1479349801851417
K562|chr22_46617582-46618082,0.2523682297427443,0,1.289349618011717,-1.0,0.9845352977744756,0,0.7794212453671707
A549|chr22_46065877-46066377,0.2416860256931112,0,1.2841804352173511,-1.0,0.4564331294174512,0,0.9778191605863347
A549|chr13_33229234-33229734,0.7403639801780986,0,1.28095889213014,-1.0,0.7093880007029763,0,0.5338592821610064
A549|chr20_54132132-54132632,0.2642575401502942,0,1.2804118590449969,-1.0,0.282106988410934,0,0.39146326964611783
K562|chr2_10303918-10304418,0.8979755849974356,0,1.2783707220445788,3.1245335841336144,0.0683478669882177,0,0.4180275983373207
A549|chr5_136079145-136079645,0.8085529811739545,0,1.277061848900675,-1.0,0.9891832455705496,0,0.530899954285754
A549|chr15_63055452-63055952,0.053824509028237,0,1.2766510675130227,-1.0,0.9750519225334626,0,0.40964866676455003
K562|chr22_39513851-39514351,0.2594053816654822,0,1.2715001247842066,-1.0,0.391424231569151,0,0.5016205160488544
A549|chr9_38022470-38022970,0.767268099183822,0,1.2668187904390766,-1.0,0.5283630207197421,0,0.5323475054261331
A549|chr18_58315683-58316183,0.7451322299522857,0,1.2659766756869013,-1.0,0.744684194073248,0,0.4914702810287134
K562|chr14_102516501-102517001,0.91960999286904,0,1.264992270704911,3.7126462272852536,1.0,0,0.25130042731322605
A549|chr4_57118978-57119478,0.7352884099413735,0,1.26372304476689,-1.0,0.8988969622215044,0,1.1746517895750896
A549|chr1_8028557-8029057,0.2596482267131776,0,1.2630937997472669,-1.0,0.836711955811847,0,0.0437979418290846
A549|chr15_78037714-78038214,0.7502281353313154,0,1.2629107730552236,-1.0,0.4703199006161102,0,0.8294742668768177
K562|chr1_61058252-61058752,0.1912842369446921,0,1.262640353070208,-1.0,0.480426404879028,0,1.0229855591311006
A549|chr9_21579845-21580345,0.2090564392367514,0,1.2614414005153385,-1.0,0.3946921773004049,0,1.7024145547026535
K562|chr1_246566732-246567232,0.8271960938343352,0,1.2586277630933678,3.3514253346910063,0.1462632652495731,0,0.07031546948525953
A549|chr17_27354983-27355483,0.2543055418270363,0,1.2490983725969624,-1.0,0.214574586116164,0,1.0144073850439865
A549|chr5_14167498-14167998,0.2476416387657192,0,1.2474675644004463,-1.0,0.7331136284456858,0,1.6692616418211237
K562|chr14_35281298-35281798,0.209899015970427,0,1.2470378053756688,-1.0,0.261651863907057,0,1.518356753724416
A549|chr16_89359323-89359823,0.2941068293129697,0,1.2446054194821696,-1.0,0.383292284801481,0,0.16125162690742226
K562|chr10_73996735-73997235,0.7593137124063635,0,1.237741682555469,-1.0,0.9712565291177556,0,0.49607319580648956
A549|chr15_89162779-89163279,0.2241822435163046,0,1.230120718794906,-1.0,0.3772498457626583,0,1.8016178699917058
A549|chr9_21579143-21579643,0.7170203544469008,0,1.2257458802051069,-1.0,0.1706795662306229,0,0.04147911836051268
A549|chr7_130898551-130899051,0.7077716094996611,0,1.2235821439428536,-1.0,0.5073284897213799,0,0.742513420926119
K562|chr10_3068585-3069085,0.981174536858632,0,1.222703703077505,6.48011952667834,0.1965501287921541,0,0.003917580830575808
A549|chr15_57684707-57685207,0.2842620658443489,0,1.2217691362590088,-1.0,0.7259385713119049,0,0.39461952464353794
A549|chr9_131660656-131661156,0.7213194299599495,0,1.2217474260578678,-1.0,0.505827711479256,0,0.2539888922480741
A549|chr11_128466169-128466669,0.7201013534844287,0,1.2203530123195963,-1.0,0.9869808954790736,0,0.7568378848989485
A549|chr18_77069344-77069844,0.7668206534794503,0,1.218029326087448,-1.0,0.1955311005120382,0,0.8483850279839874
A549|chr10_119369392-119369892,0.7642655232539827,0,1.2109766138608478,-1.0,0.4519617526737767,0,1.288327718363578
A549|chr11_48091118-48091618,0.7382946290694415,0,1.2101655535080527,-1.0,0.5234503567699205,0,1.4165291685061494
A549|chr9_715316-715816,0.2293250460008206,0,1.2073912175295158,-1.0,0.7932952423539419,0,0.16444893235029404
A549|chr3_71153646-71154146,0.2277945543911352,0,1.2069363746040602,-1.0,0.5296520685194531,0,1.354499132427564
K562|chr3_195115869-195116369,0.1541665554540895,0,1.2061118751389062,-1.0,0.995823416476904,0,0.19386074303243125
A549|chr1_8341579-8342079,0.7860539823277307,0,1.2027670932840515,-1.0,0.2889476889981947,1,2.0226559967930395
A549|chr15_89087202-89087702,0.786054475828686,0,1.2002529206468746,-1.0,0.2222461758128906,0,1.57940071770856
K562|chr11_32428333-32428833,0.8303070815786433,0,1.1982739476991875,-1.0,0.2856863171268793,0,0.2521145334475161
A549|chr2_43170692-43171192,0.791751886298541,0,1.1974178168699248,-1.0,0.1866667650295926,0,0.38149169041300013
A549|chr7_131165420-131165920,0.7920771034280754,0,1.1955538745421603,-1.0,0.4591063560237519,0,1.5844257371301544
A549|chr5_136007167-136007667,0.7408778888493603,0,1.1924311496904145,-1.0,0.5019497502678374,0,0.510590005445731
A549|chr9_21557071-21557571,0.2009723565439895,0,1.1899692135941604,-1.0,0.6806805332202123,0,0.14720903600107674
A549|chr15_85582048-85582548,0.2859009244579218,0,1.18958600365779,-1.0,0.2427766531536473,0,0.47136606863943087
K562|chr6_12022358-12022858,0.2031824158441497,0,1.1883981866554372,-1.0,0.1668761781933933,0,1.0360894545971635
K562|chr14_35286112-35286612,0.1962127871196029,0,1.1864990730933682,-1.0,0.3544551185590076,0,0.22450605901473394
A549|chr10_95288595-95289095,0.2928131891323542,0,1.185905633337431,-1.0,0.2001959251406803,0,0.2239311091780171
K562|chr6_16223195-16223695,0.1744499012121954,0,1.1833544307700903,-1.0,0.9983540315155864,0,0.12768053314541328
A549|chr6_112205405-112205905,0.2556390539818922,0,1.182361923599664,-1.0,0.3620123626517322,0,0.043212276899808236
A549|chr1_93623802-93624302,0.274910295315326,0,1.1752235375244542,-1.0,0.920615345941322,0,0.33753494369814907
A549|chr6_11210816-11211316,0.7566245608748667,0,1.1728699132733122,-1.0,0.1993523506145818,0,1.670968424989161
A549|chr10_33341326-33341826,0.2876531431438709,0,1.1719784827113073,-1.0,0.5365252890384401,0,0.23092560393313308
K562|chr1_234973332-234973832,0.140080299900961,0,1.1713401034646802,-1.0,0.5818564103433175,0,0.6368959339253645
A549|chr3_71027091-71027591,0.24102354420484,0,1.1713143300762328,-1.0,0.9834911962296568,0,0.5893745854018752
A549|chr10_33196675-33197175,0.7235675155028244,0,1.1709279126809533,-1.0,0.2630012586628514,0,0.2980177764751156
K562|chr12_47819141-47819641,0.7918173914500825,0,1.1709150380205535,4.392963387775915,0.0697447692351181,0,0.6132335842826866
A549|chr6_16751509-16752009,0.2461313226362646,0,1.1704839573062287,-1.0,0.8681479854428018,0,0.566566214439143
K562|chr10_100341031-100341531,0.189262942477695,0,1.1675805100691687,-1.0,0.2681943062999803,0,0.40517668407102253
K562|chr6_37105850-37106350,0.1701323327154522,0,1.165642887281595,-1.0,0.9679067595013904,0,0.0028933318876340017
K562|chr19_19100761-19101261,0.2289036418681523,0,1.1617366575270047,-1.0,0.9835101903100518,0,0.29376883174103247
A549|chr1_8026945-8027445,0.7726521510618035,0,1.1609243799268758,-1.0,0.2323944457302149,0,0.47977856411804004
K562|chr1_234969896-234970396,0.8398636286456587,0,1.158721889157807,-1.0,0.1703924696149023,0,0.6654457293527511
A549|chr9_21558589-21559089,0.7304874729862657,0,1.158296484350462,-1.0,0.876900628399273,0,1.1902181450097027
A549|chr8_17803325-17803825,0.7236497124413477,0,1.1569354890865684,-1.0,0.2644762618726665,0,0.6747306982669262
K562|chr22_46661394-46661894,0.2881694628000842,0,1.156898090744341,-1.0,0.1596264234542365,0,0.2965968376892859
K562|chr16_87858965-87859465,0.2905483604858487,0,1.150973902113294,-1.0,0.4968693321918771,0,0.5716707892783114
A549|chr6_16722677-16723177,0.2290128921318674,0,1.1456453685275885,-1.0,0.4888842615450789,0,1.3867079983526716
A549|chr21_38818945-38819445,0.2915114061859764,0,1.1423901262469502,-1.0,0.2005003864020262,0,0.7146902869097328
K562|chr12_47820910-47821410,0.7633118351192522,0,1.1420466651510188,4.392963387775915,0.629125515662204,0,0.09788827655199554
K562|chr6_37183852-37184352,0.7355387638514677,0,1.1384954591146252,-1.0,0.9504447281650574,0,0.45762278709781956
A549|chr11_126373326-126373826,0.2699921663980714,0,1.1361658064217413,-1.0,0.8166397169379791,0,0.36562350591163223
A549|chr6_11215692-11216192,0.7419843470205822,0,1.1311440488253703,-1.0,0.7926851350583751,1,3.011164680785099
K562|chr16_85319949-85320449,0.75809743711486,0,1.1294380917816058,-1.0,0.1602379282958329,0,0.09571734235437199
A549|chr7_130952964-130953464,0.2488232542294846,0,1.1282228072948939,-1.0,0.4794188484080459,1,2.4985709914054794
A549|chr1_39176964-39177464,0.8234587420863855,0,1.1241923917721446,-1.0,0.9699576520216536,0,1.1971920796383713
A549|chr13_33260731-33261231,0.2712830923234329,0,1.1225019553903917,-1.0,0.2255407917201184,0,0.23899733700792491
A549|chr6_16762221-16762721,0.9480927712125216,0,1.1188208399519137,-1.0,0.5617901353504068,0,0.8010406613297973
A549|chr7_27129210-27129710,0.9036199891691056,0,1.116122890430205,-1.0,0.2843297603809024,0,0.6089766306299004
A549|chr12_104311131-104311631,0.2661757928782296,0,1.1145313506114654,-1.0,0.4961153472176732,0,1.6262055832852682
A549|chr11_126390348-126390848,0.2333178170827097,0,1.1127316255195479,-1.0,0.3458787247730331,0,0.06327016935893513
K562|chr21_37372208-37372708,0.1320686492995977,0,1.1109337208817898,-1.0,0.6744448264092686,0,0.7342155321594801
K562|chr6_37023432-37023932,0.2098375306981981,0,1.1073156029113929,-1.0,0.9635432666506748,0,0.2702684047129646
A549|chr10_34719704-34720204,0.2780700803288922,0,1.104279186152529,-1.0,0.2050717536456466,0,0.8004916511032139
K562|chr10_131901374-131901874,0.8719334460299988,0,1.104135648752701,-1.0,0.3094308579478809,0,0.547339716802155
K562|chr7_107006225-107006725,0.7965088034935551,0,1.1040528602888626,-1.0,0.3208644849731045,0,0.4703130462270836
A549|chr7_55057042-55057542,0.7438969535169998,0,1.102884467937293,-1.0,0.977984113968433,0,1.6001705833097766
K562|chr19_41866699-41867199,0.7106794037937474,0,1.101400957599328,-1.0,0.3479327068101124,0,1.4794247707148127
A549|chr12_75976861-75977361,0.7207098111328298,0,1.101225469568694,-1.0,0.2081304835848021,0,0.8135805108445247
A549|chr5_59585423-59585923,0.1757560543495505,0,1.100135742146752,-1.0,0.7214279378573536,0,0.4523975702143187
A549|chr21_39097413-39097913,0.7557577699911068,0,1.098503536472422,-1.0,0.7509439333964609,0,0.005982160426448739
A549|chr4_57064949-57065449,0.2798548120189544,0,1.0967797442028293,-1.0,0.5778646788114424,0,0.28671111043788194
K562|chr6_12012670-12013170,0.8931591822436221,0,1.095663207797505,-1.0,0.4648957381840993,0,0.0660624536915032
K562|chr22_41830898-41831398,0.7141772250899862,0,1.0946629337190121,-1.0,0.5624742545182038,0,1.0466753036108147
A549|chr8_30389651-30390151,0.1986378502750034,0,1.094565732625969,-1.0,0.5551215563344628,0,1.839441437892442
A549|chr5_17235671-17236171,0.1756313872994045,0,1.0936218541819809,-1.0,0.7194408944590016,0,0.49064960070221675
A549|chr15_96319130-96319630,0.231821377038939,0,1.092965047516583,-1.0,0.6958412804208468,0,0.5254195476576204
A549|chr3_71065575-71066075,0.7414420765591255,0,1.0878045228905802,-1.0,0.9757232041330136,0,1.2140867513349418
A549|chr10_3741791-3742291,0.2691675408165205,0,1.0872148421559378,-1.0,0.4140904160073074,0,0.0021332737608552492
A549|chr3_71122623-71123123,0.7172084218550672,0,1.0858420261668495,-1.0,0.6454364313231237,0,0.9427524198687551
A549|chr10_33292399-33292899,0.7072293970971403,0,1.0839252375759414,-1.0,0.5065226665177741,0,0.701736567459886
K562|chr2_10303041-10303541,0.9545548448797568,0,1.082856991381835,3.1245335841336144,0.1470116182791113,0,0.0009303860598037322
K562|chr14_102500337-102500837,0.1629850648233424,0,1.0827361241144091,-1.0,0.6917782198621427,0,1.330915673378884
A549|chr3_30631997-30632497,0.2712259478157575,0,1.081765152380024,-1.0,0.342456158150733,0,1.0352266878446323
A549|chr18_77063686-77064186,0.7421511938876714,0,1.0802369952484994,-1.0,0.6800236456441817,0,0.9464989976135849
K562|chr6_7162177-7162677,0.1542506236980016,0,1.0799706418152581,-1.0,0.3898828528135785,0,0.8295329236140628
A549|chr2_9288668-9289168,0.1425157749757567,0,1.077222658071202,-1.0,0.360671414390507,0,0.7881589036246578
K562|chr10_131900405-131900905,0.9766086233884308,0,1.0762949825860382,-1.0,0.0761656107429037,0,1.0955711945342963
K562|chr2_10303217-10303717,0.7315109255141702,0,1.0753331240133268,3.1245335841336144,0.1087172179751924,0,1.1073211632686264
A549|chr1_8003629-8004129,0.7345130328522134,0,1.075152367024463,-1.0,0.2321483931080429,0,0.5691512604870845
A549|chr2_54629348-54629848,0.7573255499523844,0,1.0746518047591156,-1.0,0.5106187819979672,0,0.354911931884717
A549|chr7_131248963-131249463,0.2942726891781481,0,1.0732563765248175,-1.0,0.9993353880247884,0,0.920674013247185
K562|chr14_35291050-35291550,0.9306984915398782,0,1.0726809750403439,-1.0,0.919109035329474,0,0.8967437666449489
A549|chr1_8380878-8381378,0.7411217363802083,0,1.0726655729793113,-1.0,0.6228137609728898,0,0.18260653137460361
K562|chr11_361827-362327,0.7770483988295,0,1.0714556526145298,-1.0,0.2983932639697934,0,0.5542090435599456
K562|chr14_68789631-68790131,0.7866772994354765,0,1.0669837062305527,-1.0,0.172267253041088,0,0.046752681750820854
A549|chr10_119375817-119376317,0.2545146991436742,0,1.0660523408848452,-1.0,0.8200494942166824,0,1.292021268385665
A549|chr15_57618301-57618801,0.2945242730622068,0,1.0640596633343076,-1.0,0.3121601019478924,0,0.6443760989879749
K562|chr12_56689498-56689998,0.8163792566884277,0,1.062768054123852,-1.0,0.3883934399645676,0,0.03829895930083196
K562|chr10_3068844-3069344,0.7766021566004377,0,1.062542291526446,6.48011952667834,0.0766438427437778,0,0.2092013066790135
A549|chr2_54581205-54581705,0.2962648799609728,0,1.062331685600995,-1.0,0.2078346459422876,0,0.5502285702023894
A549|chr16_89367421-89367921,0.7701508559846643,0,1.0622815563827361,-1.0,0.5920672805467837,0,1.0530223796846463
A549|chr10_33273226-33273726,0.7606148789667135,0,1.0618356610694473,-1.0,0.2171980637202212,0,0.8274554456276368
A549|chr15_60379898-60380398,0.2870475158685958,0,1.0605256767207223,-1.0,0.7095146349644235,0,1.1093945709629307
K562|chr19_41865513-41866013,0.7325620550662233,0,1.0530223796846463,-1.0,0.2367309268693144,0,0.9158886480593229
A549|chr17_77394198-77394698,0.7784241672643109,0,1.0521302418993512,-1.0,0.9886966495298594,0,1.1841832562655539
A549|chr2_55135773-55136273,0.2611896914617513,0,1.0440237777516745,-1.0,0.5257242614905656,0,0.024857817698138808
A549|chr5_14153963-14154463,0.7727586311502738,0,1.0435482175726605,-1.0,0.214773769378741,0,0.2579114625720608
A549|chr18_77132984-77133484,0.913964785223304,0,1.0373607941558776,-1.0,0.5646783377158302,0,0.18173450687092782
A549|chr12_75995603-75996103,0.2774857897125662,0,1.036764833435917,-1.0,0.391494118413049,0,1.2882096370914313
A549|chr18_77110910-77111410,0.7582499062711053,0,1.0347747733663304,-1.0,0.5263094175819895,0,0.7436190469683589
A549|chr9_38067178-38067678,0.8597100159357264,0,1.0342998287550853,-1.0,0.1481559381569638,0,1.4577099935745923
A549|chr3_71160670-71161170,0.2747394278669248,0,1.0323256849285563,-1.0,0.4710678946233213,0,1.2102360203969327
A549|chrX_107673425-107673925,0.7358044087343282,0,1.031675854803122,-1.0,0.2466553152961349,0,0.23288125469068746
A549|chr6_112223702-112224202,0.7007125718352327,0,1.0284736690006573,-1.0,0.9630312391136044,0,0.7922579473930547
A549|chr5_14176904-14177404,0.2856906059625656,0,1.0282511393182618,-1.0,0.3509285735031487,0,0.412659521590934
A549|chr9_727699-728199,0.2966499558534366,0,1.0279129271772396,-1.0,0.4919683600824865,0,0.08837903582998052
A549|chr2_28590428-28590928,0.7866307978560576,0,1.0277554935736657,-1.0,0.3418395472096397,0,0.598220478646159
A549|chr4_57149813-57150313,0.2638164083552033,0,1.0258799475402456,-1.0,0.2276748565362879,0,0.1551439914835547
A549|chr3_71076627-71077127,0.2080153409126371,0,1.0252580954990498,-1.0,0.1674384978560188,0,0.9010795212776699
A549|chr10_33277275-33277775,0.2499778287438469,0,1.0199511549350433,-1.0,0.4866020776222838,0,0.008361983138312734
A549|chr3_30616549-30617049,0.2696342040286805,0,1.0191516000238052,-1.0,0.9892247618807264,0,0.35947881249347396
A549|chr11_122158496-122158996,0.7152586576396632,0,1.0181225247831311,-1.0,0.6214915385915216,0,0.22140021035711582
K562|chr11_96316826-96317326,0.149659102650215,0,1.0175930711362051,-1.0,0.7122001303426798,0,0.9117930118654649
K562|chr16_81444248-81444748,0.9269200364735872,0,1.0145151448539547,10.967703655260529,0.2130964151491361,0,0.5140515507835571
A549|chr12_62717606-62718106,0.1362117792581838,0,1.0117443525514709,-1.0,0.5639531800665584,1,2.3832829868103653
A549|chr9_113575610-113576110,0.772066858928833,0,1.0106302850138464,-1.0,0.1733091286513954,0,0.6641410886801821
A549|chr5_17218602-17219102,0.9307237873701784,0,1.010434504538381,-1.0,0.9468180893984056,0,0.0018758545937660462
K562|chr17_82098598-82099098,0.9732539065804194,0,1.0095235072199364,5.07827191745736,0.9712948534532144,1,3.9504331308353486
A549|chr15_89133210-89133710,0.1737010728275325,0,1.007769119755952,-1.0,0.2357033769187753,0,0.29118832570267145
A549|chr1_234932612-234933112,0.7508574941966465,0,1.0056344484133235,-1.0,0.3009444582280612,0,1.4854389663659693
A549|chr13_110319702-110320202,0.8083942625578937,0,1.004746625923177,-1.0,0.516560894342129,0,0.7663440603142366
A549|chr9_21559925-21560425,0.8805566574657767,0,1.0043077805780916,-1.0,0.57395559129504,0,1.4220833050158979
A549|chr1_234538854-234539354,0.7918359266082796,0,1.0039570233022812,-1.0,0.6176865032783377,0,0.1361717487014262
A549|chr20_19913312-19913812,0.2183506588455474,0,1.0016447436692357,-1.0,0.1615465009936876,0,1.1593043682698916
K562|chr6_16216654-16217154,0.8004555079060998,0,1.0011262818735733,-1.0,0.1540348861666149,0,0.6929320493387017
A549|chr10_34743069-34743569,0.2997775907312393,0,0.9995659225206813,-1.0,0.2576546249946695,0,0.8072931933871413
K562|chr17_82520830-82521330,0.7575551975059189,0,0.9985259033082673,-1.0,0.1494603961855544,0,0.5591066535271644
A549|chr13_112741125-112741625,0.8039280063388746,0,0.9981797829616719,-1.0,0.1035428465257241,0,0.9646503234770119
A549|chr5_95864395-95864895,0.1774115903924653,0,0.9973588509999601,-1.0,0.4482424998752411,0,0.9453869454431122
K562|chr6_50820315-50820815,0.8173833807047185,0,0.9899970258729404,-1.0,0.9762230524507672,0,0.3966174264164562
A549|chr20_54172591-54173091,0.9086311575311656,0,0.989700043360188,-1.0,0.1925329245426622,0,0.0957335840373486
A549|chr15_78058499-78058999,0.7542897062522651,0,0.9874580272241642,-1.0,0.464029254873712,0,1.0514647838386344
A549|chr13_110395534-110396034,0.718753079845116,0,0.9849337859888507,-1.0,0.2711622314485882,0,0.560619931173937
A549|chr16_81461730-81462230,0.2294129907739996,0,0.9835516817409625,-1.0,0.334143082972605,0,1.6489965014336563
A549|chr13_112755867-112756367,0.8169969276662586,0,0.9805098370024923,-1.0,0.3740523863068281,0,0.2208076916302628
K562|chr12_130815246-130815746,0.2199354596500926,0,0.9802192695963535,-1.0,0.8739970554384745,0,1.1995991372240515
A549|chr2_20536653-20537153,0.7476545278494926,0,0.9786452869185771,-1.0,0.207497260848985,0,0.6095064734958268
K562|chr15_92811888-92812388,0.23308278950148,0,0.9780255448899398,-1.0,0.9752762033022758,1,4.737596376741218
A549|chr9_71769750-71770250,0.8362574861554838,0,0.9770769881210614,-1.0,0.4499311735431313,0,1.1391052554423604
A549|chr7_116573950-116574450,0.2421381306270901,0,0.97571962395292,-1.0,0.4675517956183663,1,2.041780248715138
A549|chr8_133003540-133004040,0.1963190054039805,0,0.9730175568083947,-1.0,0.3700521750789542,0,1.0471881908556213
A549|chr11_122186459-122186959,0.1356223794554971,0,0.9728543342256586,-1.0,0.5751144710109377,0,1.3582384380714865
A549|chr1_93603543-93604043,0.101892822914004,0,0.972813538163264,-1.0,0.5148231255688032,0,0.6823544567788413
A549|chr4_87105407-87105907,0.2831534304630302,0,0.972324284095107,-1.0,0.3174028013957192,0,1.7329926303356453
A549|chr17_27596012-27596512,0.2074570606996015,0,0.9718762848711598,-1.0,0.254904280233669,0,1.0049266807707447
K562|chr3_196051055-196051555,0.2269147039128073,0,0.969076600372781,-1.0,0.2293850311481971,0,0.09295966795765664
A549|chr3_58051140-58051640,0.7333817544858873,0,0.9682280924859981,-1.0,0.1861842723781906,0,1.1376360252255948
K562|chr17_75109666-75110166,0.905698927455561,0,0.9673006725073825,3.52620657727172,0.6551101468591678,0,0.5841756011112387
A549|chr11_128523304-128523804,0.2695073307389697,0,0.9665762445130504,-1.0,0.2964630215555371,0,1.2731750246093252
A549|chr3_30620075-30620575,0.7411593295412138,0,0.9665360339225949,-1.0,0.1168940055647118,0,0.5744331760347415
A549|chr12_52885287-52885787,0.2060175474424966,0,0.9654918632208304,-1.0,0.1343980652558149,0,0.9207101939013405
A549|chr17_77396573-77397073,0.8764270705014012,0,0.9643301653483193,-1.0,0.2196026769645636,0,0.40804544495326456
A549|chr10_33325882-33326382,0.2345516420445976,0,0.963610671334308,-1.0,0.6174705695384225,0,1.795798594761847
K562|chr3_196081621-196082121,0.9712328378302808,0,0.9622548707304077,5.840372659341327,0.713756193189695,0,1.302073555193495
K562|chr2_38749639-38750139,0.7172617588184896,0,0.9617773616312816,-1.0,0.1685822349171601,0,0.5135553518993241
K562|chr1_246575871-246576371,0.7311898997123069,0,0.9599121565301192,-1.0,0.1621445669087298,0,0.70814295376854
A549|chr12_106138289-106138789,0.8260255857021742,0,0.9595559016373235,-1.0,0.0717203918560118,0,0.9098125124245792
A549|chr4_7805486-7805986,0.7455596162942983,0,0.9578578169350438,-1.0,0.3391282108947771,0,0.0019805490664415565
A549|chr20_19991251-19991751,0.2569800267100134,0,0.9574244875598095,-1.0,0.2432415078010929,0,0.6388390048049739
A549|chr3_45583351-45583851,0.2431174977875916,0,0.9560485817367232,-1.0,0.8828168013835986,0,0.839831707041488
A549|chr18_3626343-3626843,0.763894192814597,0,0.9546378973466522,-1.0,0.138640823574818,0,0.2704059895038129
A549|chr13_110320090-110320590,0.2702630403635883,0,0.9538171092591184,-1.0,0.2344384219680914,0,0.35984664385149895
A549|chr17_27540660-27541160,0.7589094993273147,0,0.9519468268843909,-1.0,0.2664388043615612,0,1.0290676395354232
A549|chr4_168787780-168788280,0.1860217015593614,0,0.9517524681960259,-1.0,0.6124615149887311,0,0.31906649688451605
A549|chr17_72422484-72422984,0.7315467582720557,0,0.9503943874050268,-1.0,0.2129374447151204,0,1.914531030113328
A549|chr2_9258407-9258907,0.153265764343714,0,0.9485001808672552,-1.0,0.2987894824058098,0,1.4407878439699209
A549|chr2_28653844-28654344,0.1807261895586519,0,0.9481146211101282,-1.0,0.99531663697974,0,0.8648673486232251
A549|chr1_234862228-234862728,0.795594516972151,0,0.9480760839538935,-1.0,0.2380907774405909,1,2.647393045863479
A549|chr12_62720585-62721085,0.7198521355020087,0,0.9471137647436182,-1.0,0.9915530089764144,0,1.5382464338745445
A549|chr11_48044515-48045015,0.2371813925174514,0,0.9464606035471759,-1.0,0.2957627001845997,0,0.9691170468903333
A549|chr2_28614028-28614528,0.8200442234914873,0,0.9450041384708585,-1.0,0.5483340712124661,0,0.03818513431666291
A549|chr2_54632716-54633216,0.8000500177732918,0,0.9422198232054183,-1.0,0.5725078891098876,0,0.3000062682104985
K562|chr10_21531127-21531627,0.120479544494351,0,0.9421818055679009,-1.0,0.470470303292052,0,0.24463593108185921
A549|chr1_67679657-67680157,0.1918600500961528,0,0.9406259409340423,-1.0,0.2965122145834877,0,1.5489046883660829
A549|chr15_77992780-77993280,0.7446188438114472,0,0.9404744472613095,-1.0,0.97742221087222,0,0.024398183544825713
A549|chr20_19880997-19881497,0.2663961700842333,0,0.9382837068401028,-1.0,0.2941624146953011,0,1.3992775216856905
A549|chr10_102773268-102773768,0.2169232218471131,0,0.9374556186535352,-1.0,0.2433141372477755,0,0.08184904261112179
K562|chr8_143935062-143935562,0.2848829801983679,0,0.9352051888046168,-1.0,0.4569128374118864,0,1.7700623140920662
A549|chr10_95221565-95222065,0.1942353427676201,0,0.9350929728403639,-1.0,0.2989462391277253,0,0.5644422865386809
K562|chr6_42025717-42026217,0.2242563010412826,0,0.9335995240443703,-1.0,0.1231179074932617,0,0.8640091530783752
A549|chr20_38153025-38153525,0.8279624753485387,0,0.9327059136840232,-1.0,0.6504725849244835,0,1.2668187904390766
K562|chr2_10301477-10301977,0.7727728700976344,0,0.9280075928758239,-1.0,0.7071165643507253,0,0.8152234217491506
A549|chr17_72411916-72412416,0.7372762027598024,0,0.923614456045467,-1.0,0.3071186673180315,0,1.3958603822789168
A549|chr14_68616456-68616956,0.2639943735085203,0,0.9223414509158687,-1.0,0.4571955641977797,0,0.2944441645622721
A549|chr12_106142597-106143097,0.2148189773179702,0,0.9219058495935893,-1.0,0.5030135700516001,0,0.3005612107218531
A549|chr8_133016471-133016971,0.7056240675190588,0,0.9204208330298691,-1.0,0.6766501271423897,1,2.2774977017987315
A549|chr9_683185-683685,0.2205059226646264,0,0.9196982732060882,-1.0,0.2285704082719611,0,0.4438302206023141
K562|chr10_3066946-3067446,0.9275379702309936,0,0.9181128605764503,6.48011952667834,0.0727853256815658,0,0.1558771144418965
K562|chr17_82109036-82109536,0.2441938937156871,0,0.9164257203260088,-1.0,0.9408040993104264,0,1.764269602620594
A549|chr4_87009049-87009549,0.7378167314531817,0,0.9162824361010523,-1.0,0.4202200808345712,0,0.24066461221800214
A549|chr11_126349191-126349691,0.2868949805292101,0,0.9148521878730955,-1.0,0.9364964653655508,0,0.12507773308313125
K562|chr6_16266700-16267200,0.9093641403739914,0,0.9141744664792569,-1.0,0.1725403484663284,0,0.00730512752016114
A549|chr3_127735056-127735556,0.2656165111485494,0,0.9135689793436312,-1.0,0.8679508914340107,0,0.4333033048835361
K562|chr1_246565054-246565554,0.7690261508216348,0,0.9130709759516352,-1.0,0.3218520192501486,0,1.3569126793288282
A549|chr11_122192851-122193351,0.2916728535720252,0,0.9127866587683853,-1.0,0.1780592931542014,0,1.2886230620813832
A549|chr10_34696359-34696859,0.2622577581615986,0,0.9117575664884281,-1.0,0.3213836313375614,0,0.019755673203497807
A549|chr12_106108906-106109406,0.2723033039453514,0,0.9090017022468018,-1.0,0.241103533553509,0,0.48861134824231206
K562|chr10_11891445-11891945,0.2358633390509294,0,0.9076654104789791,-1.0,0.9754355351807962,0,0.13777914615135056
A549|chr3_66500066-66500566,0.9185272015549344,0,0.9060182960858868,-1.0,0.0652255529244383,0,0.31006989598178186
K562|chr17_79838919-79839419,0.9224196486073806,0,0.9059833188795776,3.629006066485256,0.0872377346268073,0,0.17473620497071518
A549|chr10_102764821-102765321,0.2455139964854023,0,0.9055987554170631,-1.0,0.4417084500670112,0,0.36216017415099455
K562|chr1_47230690-47231190,0.8732013427670189,0,0.9036810294873903,3.5936301645307323,0.9604486078649436,1,2.6396717119279476
K562|chr6_15243856-15244356,0.780469329677924,0,0.9033332600246179,-1.0,0.4692669699723595,0,0.2832789933952952
A549|chr2_42971902-42972402,0.2878136035280093,0,0.9029510349888694,-1.0,0.1669186223722698,0,0.8106219941579698
K562|chr2_26754957-26755457,0.2111212501869922,0,0.9006301736101616,-1.0,0.2562377087316758,0,0.17424293185229314
A549|chr3_30629635-30630135,0.7072484113986528,0,0.9006301736101616,-1.0,0.2024879710828002,0,0.15078334523686557
A549|chr15_60421473-60421973,0.2380356281563196,0,0.8990094769300353,-1.0,0.368872870569596,0,0.06359685584558677
A549|chr15_60399163-60399663,0.7501813978879028,0,0.8984247537440664,-1.0,0.1766567452353928,0,0.49130871313923713
A549|chr8_133001305-133001805,0.7400019972273956,0,0.8981842140082561,-1.0,0.3960876737038801,0,0.6520458301059839
K562|chr4_40230100-40230600,0.8209868374906898,0,0.8967437666449489,-1.0,0.9730139325908956,0,1.1024223881146051
A549|chr9_21561445-21561945,0.2390369125651294,0,0.8955470326777089,-1.0,0.2635314487895115,0,0.036438820210377615
A549|chr1_93615088-93615588,0.7311551072050994,0,0.892891830051446,-1.0,0.2261144840758767,0,1.1800548564515254
K562|chr17_78313838-78314338,0.7920830263348937,0,0.8916379650448283,3.447562982535936,0.1273404498032906,0,0.0900857720854075
A549|chr17_27534045-27534545,0.2869874974435925,0,0.891265891397635,-1.0,0.1529249378256877,0,0.035278499753145565
A549|chr3_66467699-66468199,0.2325921384426938,0,0.8910968723326866,-1.0,0.4713330531887003,0,0.4079898837068633
A549|chr12_52888301-52888801,0.8060513667726676,0,0.8907928036799349,-1.0,0.7868758092621434,0,1.72443528493015
A549|chr14_68667305-68667805,0.24402141736087,0,0.8897133915964344,-1.0,0.3621686304335869,0,1.2187689664959933
A549|chr7_55077727-55078227,0.735785887933771,0,0.8868256953656385,-1.0,0.4080665150775231,0,0.2210315975856286
K562|chr6_37103987-37104487,0.7697334797408115,0,0.886156881062513,-1.0,0.2909622486566941,0,1.0404434868764765
A549|chr20_5669988-5670488,0.206167470129766,0,0.8849556047415867,-1.0,0.2679663013346633,0,0.23634742943546957
A549|chr3_30598609-30599109,0.2820468271444684,0,0.8830603534492443,-1.0,0.3206523816037027,0,1.3705394303577116
A549|chr13_33195256-33195756,0.750441647068147,0,0.8827287043442358,-1.0,0.3490848910842632,0,1.0853607137658983
A549|chr13_33217537-33218037,0.188715882936348,0,0.8819999665787193,-1.0,0.4898853516951656,0,1.6471424375930037
K562|chr10_3067249-3067749,0.9667452932533174,0,0.8814376873643968,6.48011952667834,0.1223444355907956,0,1.2156252383325576
A549|chr6_112204637-112205137,0.2653845221553625,0,0.8806121263776641,-1.0,0.3776462580958915,0,0.5568309242038837
A549|chr12_106147949-106148449,0.2625063665251915,0,0.8803482779601297,-1.0,0.9731304244829236,0,1.2813986756452922
K562|chr7_50305176-50305676,0.7088464136158729,0,0.879623520255566,-1.0,0.3332527151835406,0,0.18694635549288757
K562|chr11_94746662-94747162,0.1139506392216786,0,0.8793273767173924,-1.0,0.5276992940208075,0,0.49432104755844364
A549|chr9_38018178-38018678,0.1596211712490407,0,0.8789985650103596,-1.0,0.840870987729623,0,0.4688149698155041
A549|chr12_52965216-52965716,0.7663213466305714,0,0.8781776232478151,-1.0,0.221419606290917,0,0.4121207364004499
K562|chr12_6620031-6620531,0.960313039939413,0,0.8778824636867368,-1.0,0.8306805223349025,0,1.919012953089113
A549|chr6_112214595-112215095,0.2714546419643311,0,0.8767692233014897,-1.0,0.9916210109120124,0,0.5807879773769242
K562|chr19_19131874-19132374,0.1447362856835076,0,0.873219422987991,-1.0,0.6654387689865464,0,1.301490591973993
A549|chr15_96341609-96342109,0.8824888588530659,0,0.8731869899584472,-1.0,0.2562610528334722,0,0.8021407682619124
K562|chr5_139701167-139701667,0.7574394724726159,0,0.8724416979953673,-1.0,0.9434830269615267,0,1.0193422692187346
K562|chr15_92817839-92818339,0.1906575905165513,0,0.8716976828356497,-1.0,0.5786317104880009,0,1.4899512267675463
A549|chr15_57598804-57599304,0.2921547427401292,0,0.8699558577123956,-1.0,0.2607811622638098,0,1.5816324092400977
K562|chr16_87869828-87870328,0.729372935431379,0,0.8687343032199684,-1.0,0.9100312336902472,0,0.034991257042249875
K562|chr17_75150945-75151445,0.9125462289286964,0,0.8685417398934747,-1.0,0.3763177005530054,0,1.2273336354685964
A549|chr2_28588336-28588836,0.1863534358044522,0,0.8683492619104587,-1.0,0.3484033435153631,0,0.005995370168321782
K562|chr7_50324043-50324543,0.156133802019342,0,0.8669723271001226,-1.0,0.4070354512193325,0,0.050751528100485784
A549|chr2_43132683-43133183,0.7733847967741293,0,0.8653448577223513,-1.0,0.4991627232624561,0,0.5105618611594206
K562|chr12_130847619-130848119,0.1932564605666723,0,0.8649309861765522,-1.0,0.998679049802628,0,0.24180748313429157
A549|chr5_14156070-14156570,0.2300291412314096,0,0.8641361862001302,-1.0,0.1311775002770488,0,0.3904802915815033
A549|chr7_27111887-27112387,0.2408467982891772,0,0.8641044244359808,-1.0,0.381343169768017,0,0.5433455453515512
A549|chr11_126378705-126379205,0.2874556847028202,0,0.8590522286573379,-1.0,0.8596321543270815,0,0.7417459464928517
A549|chr10_33326848-33327348,0.2718270464940313,0,0.8579548518422557,-1.0,0.3369042542232122,0,0.2849832906407338
K562|chr1_21794970-21795470,0.2221237507347789,0,0.8565167893299382,-1.0,0.7385044978171373,0,0.7974844382184708
A549|chr15_78076390-78076890,0.7475535053009985,0,0.8555814813979314,-1.0,0.2023875305513679,0,0.48794295596266074
A549|chr3_71134069-71134569,0.2797099549738436,0,0.8547414230343908,-1.0,0.6539589927401654,0,0.46176569136235873
A549|chr6_11171568-11172068,0.7931196822550556,0,0.8540891658676262,-1.0,0.1788755335100852,0,0.30635218076120174
A549|chr11_128521238-128521738,0.7423828780714447,0,0.853809926684073,-1.0,0.9828591000608048,1,2.1136954409296345
A549|chr11_128499674-128500174,0.7559298131329604,0,0.8535618647142253,-1.0,0.4989030514672391,0,0.0983782359066428
A549|chr8_17790723-17791223,0.8030833939686345,0,0.8522927662195905,-1.0,0.9115315775167396,0,1.1150800844395505
A549|chr10_34736985-34737485,0.7736846276339342,0,0.8514898893890013,-1.0,0.1744840182861328,0,0.62344129099416
K562|chr20_32354963-32355463,0.2011329970565957,0,0.8464900106991624,-1.0,0.4160082052241283,0,0.7655333365097383
A549|chr10_33341865-33342365,0.2978814729726218,0,0.8449981637687471,-1.0,0.89041980314718,0,0.11080478274281703
A549|chr4_57147306-57147806,0.2445423511633776,0,0.8429362996173769,-1.0,0.8061272581344997,0,0.004461326012226922
A549|chr11_20042705-20043205,0.8446293524788481,0,0.8425130106151513,-1.0,0.7305278025054192,0,1.4310477128049013
K562|chr19_4403093-4403593,0.8176298070848796,0,0.8410949788124562,-1.0,0.3064159121161159,0,0.04461053878836226
K562|chr18_3622908-3623408,0.2065089744740755,0,0.8383026578918824,-1.0,0.5086280609188255,0,0.8655678751041602
A549|chr21_38841383-38841883,0.2420173680403846,0,0.8371967076173257,-1.0,0.2527708601764522,0,0.2952233833572949
A549|chr11_122208267-122208767,0.1835161101209642,0,0.8368386250229816,-1.0,0.7730450709359308,0,0.8758219445253248
A549|chr2_9251208-9251708,0.7305677830093718,0,0.8366596943817484,-1.0,0.3015574456075355,0,1.9556954808240854
K562|chr1_21781789-21782289,0.8202447368894761,0,0.8353795109202892,-1.0,0.2494093244095139,0,1.4386242861691085
A549|chr6_16767297-16767797,0.2852371076141247,0,0.8348447386079343,-1.0,0.8542934881053205,0,1.316412682427233
A549|chr3_71164869-71165369,0.2692622784852017,0,0.8346666274030168,-1.0,0.8738377437781851,0,0.7732454773999562
A549|chr17_77457178-77457678,0.8051200288669029,0,0.8335402829065164,-1.0,0.2687711558464494,0,0.05955324684360414
K562|chr19_4399021-4399521,0.7623794439205619,0,0.8324463788031753,-1.0,0.3587504862402682,0,0.31340841353849747
K562|chr1_47231562-47232062,0.8958930084033822,0,0.832062687299422,3.5936301645307323,0.6730738810035475,0,0.7412430274634247
A549|chr18_3671654-3672154,0.1749324738288459,0,0.8294449414787914,-1.0,0.3535888041514927,0,0.04045778754048862
A549|chr8_17802935-17803435,0.2610314663466457,0,0.8287710032749487,-1.0,0.985155762554019,0,0.7715739745328908
A549|chr10_102795379-102795879,0.7335570053839503,0,0.8281273438603172,-1.0,0.4984519043906857,0,0.08474266630519164
K562|chr11_32434373-32434873,0.9590909637246486,0,0.8271636398772894,4.66038957837444,0.2347191380059965,0,0.05017104106468636
K562|chr18_48980420-48980920,0.167525438431015,0,0.8241693958377507,-1.0,0.3157508106092977,0,0.5075050166569878
K562|chr14_102507255-102507755,0.9188917618256024,0,0.8229543425378609,-1.0,0.0937748257471149,0,0.0014660440781047903
A549|chr15_85617368-85617868,0.717504145045156,0,0.8206493176515124,-1.0,0.2993541430232121,0,0.7765819430947057
A549|chr7_131197848-131198348,0.2105600205296397,0,0.8192721522554932,-1.0,0.3590750102379398,0,0.03370805082749146
A549|chr4_57102034-57102534,0.2966933549080339,0,0.8188999202719516,-1.0,0.8836157976749125,0,0.7269292463775343
A549|chr15_78040789-78041289,0.274796093388379,0,0.8179564540569357,-1.0,0.3903581262876656,0,0.21538270736712464
A549|chr1_234933373-234933873,0.7553482077424203,0,0.8172430689596009,-1.0,0.4154746811839425,0,1.2228125042743856
A549|chr16_81433712-81434212,0.8324163650142077,0,0.8157913868884973,-1.0,0.9861136829551768,0,1.0933148618584145
A549|chr11_122157766-122158266,0.2812804491903753,0,0.8154505186793025,-1.0,0.3125413703632838,0,0.11867812357898275
A549|chr4_7965210-7965710,0.8115860380451497,0,0.814797934812106,-1.0,0.3314499120852127,0,0.9343829442731275
K562|chr21_34994600-34995100,0.735989531703541,0,0.8135805108445247,-1.0,0.336647456536859,0,0.17732858779259442
A549|chr1_39136623-39137123,0.0959431753970614,0,0.8117748272947207,-1.0,0.504142475357932,0,1.0392296483489418
K562|chr11_32433965-32434465,0.9476726814378412,0,0.8115777853641719,4.66038957837444,0.176957778403905,0,0.7294842004256432
A549|chr2_43161114-43161614,0.8427340185158655,0,0.8100046600356816,-1.0,0.2037454912153302,0,0.014923977199590264
A549|chr12_76025160-76025660,0.2578795047746943,0,0.8099205460584853,-1.0,0.3341380293044255,0,0.6289691005336738
A549|chr20_54068939-54069439,0.2566578431598808,0,0.8079624972867525,-1.0,0.2492482137771149,0,0.00718147993332044
A549|chr12_106131711-106132211,0.7819295480939178,0,0.8077950745854103,-1.0,0.6381524518116176,0,0.43116490282204645
A549|chr1_64910509-64911009,0.7865271626554473,0,0.8074604226852813,-1.0,0.8094053284291296,0,0.5551124287420619
K562|chr10_131908174-131908674,0.227914449022045,0,0.8067362269986486,-1.0,0.6315302796530889,0,0.40159254137780365
A549|chr9_113488436-113488936,0.7540893448644185,0,0.8052082422780754,-1.0,0.914893717406075,0,1.3672795787663885
A549|chr2_160351917-160352417,0.2748154705582409,0,0.8011505467075493,-1.0,0.9927363381044516,1,2.4169032915574866
A549|chr16_89300368-89300868,0.2909685986793625,0,0.8004916511032139,-1.0,0.155786277463071,0,0.42543632418472105
A549|chr10_33212292-33212792,0.2593188583697253,0,0.7998063628587999,-1.0,0.9845861949784273,0,1.2521843850348304
A549|chr6_112292309-112292809,0.2486021222573139,0,0.7963688736694876,-1.0,0.4178194804052365,0,0.29099307039793554
K562|chr3_4982713-4983213,0.8405705399886475,0,0.7955272963510359,-1.0,0.653841337083586,0,0.2918256383216675
A549|chr7_131231298-131231798,0.7531509673126738,0,0.7921502888694734,-1.0,0.9645875608287316,0,1.12492136517645
A549|chr12_104302599-104303099,0.8460571668603657,0,0.7906190476538042,-1.0,0.3083541646851958,0,0.13262680611774041
A549|chr13_110304578-110305078,0.2995941244937441,0,0.7900294832906565,-1.0,0.8893428726305965,0,0.4786788186708634
A549|chr12_3225728-3226228,0.7837334682623003,0,0.7893604938458499,-1.0,0.1987580764602541,0,0.500051869424349
K562|chr1_26051193-26051693,0.1503705396162147,0,0.7892000896032496,-1.0,0.4384685907778271,0,1.5980483240151724
A549|chr5_132498137-132498637,0.2464149550529489,0,0.7889863093961748,-1.0,0.5563982690593459,0,0.4548413856665523
A549|chr10_3779334-3779834,0.7422447994071021,0,0.7869074487475164,-1.0,0.1871821057292065,0,0.3457368004637105
A549|chr20_38110711-38111211,0.7944149045416747,0,0.7864822430036951,-1.0,0.6639154180219777,0,0.21626074084049268
K562|chr10_11894539-11895039,0.8193609425303999,0,0.7864291215453814,3.124927155576529,0.4748824811874164,0,1.794579084323657
K562|chr17_78304673-78305173,0.2205306185764861,0,0.7862432475935163,-1.0,0.2386885983356811,0,0.1724175096826952
A549|chr3_66468553-66469053,0.075503672155123,0,0.7857921703455508,-1.0,0.1110262131160819,0,0.8540891658676262
A549|chr11_126352435-126352935,0.2765036502378747,0,0.7844417428588379,-1.0,0.3968302375506964,0,0.4627855614558692
A549|chr5_95801483-95801983,0.1909319634907993,0,0.7822003200528826,-1.0,0.2923475583576546,0,1.1763106331656685
A549|chr9_750562-751062,0.2564389174272749,0,0.7818059729070161,-1.0,0.7507777024496548,0,0.2999369502291209
K562|chr3_196057666-196058166,0.2057699774796647,0,0.781018351215074,-1.0,0.2468547458191555,0,0.08886370684970608
K562|chrX_107742824-107743324,0.7208602949769478,0,0.7803630891910369,-1.0,0.8998995621357169,0,0.5453532844231208
A549|chr13_33277376-33277876,0.2573596450625011,0,0.7794212453671707,-1.0,0.5214112138007012,0,0.5973432026343365
A549|chr10_95220453-95220953,0.0840857844001735,0,0.7763742833062041,-1.0,0.4134947491704065,0,0.9373428197744361
A549|chr3_66441048-66441548,0.7278238596390388,0,0.7757518990374068,-1.0,0.988888061241812,0,0.5451551399914898
A549|chr12_106109123-106109623,0.2242702608631534,0,0.7739158840241761,-1.0,0.1852361132222828,0,1.166101017290044
A549|chr2_54560976-54561476,0.2815499442561642,0,0.7726018301263449,-1.0,0.4769400546617195,0,0.11484806079969566
A549|chr18_58314258-58314758,0.7234717472880307,0,0.7681228126535218,-1.0,0.3372605924225031,0,0.5745309937794931
A549|chr7_55099021-55099521,0.2457001914928853,0,0.7675121336470137,-1.0,0.5439780120409627,0,0.022363262294580796
A549|chr9_708734-709234,0.2982728482596326,0,0.7657105530660651,-1.0,0.3182928230586838,0,0.8509657328387505
K562|chr10_21527708-21528208,0.8562641817196769,0,0.7632864366343627,-1.0,0.7606486886178088,0,0.4523606482604684
A549|chr2_20541235-20541735,0.728316692916563,0,0.7621045453603962,-1.0,0.9559987887663202,0,0.15409616110121746
K562|chr19_13116215-13116715,0.9201340848425656,0,0.7618283963698534,3.3707739443874694,0.1601038700453847,0,0.9655319772449575
A549|chr12_62711884-62712384,0.2238982917754727,0,0.7581299113143811,-1.0,0.1942733294421524,0,0.2750772677701661
K562|chr11_117980170-117980670,0.1206505927296487,0,0.7575331137646594,-1.0,0.6925688952332479,0,1.2024485635627098
A549|chr5_95834611-95835111,0.7956869177686614,0,0.755673389769364,-1.0,0.301657428256492,0,0.0030332576180118133
A549|chr13_112783274-112783774,0.8207595240967082,0,0.753132278100884,-1.0,0.9942244679268348,0,1.003681001195931
K562|chr22_41834533-41835033,0.1434179750861632,0,0.7504836841983373,-1.0,0.456320318226262,0,0.37537761666095326
K562|chr19_16542307-16542807,0.993905306247837,0,0.7483861104564081,4.162506258384823,0.1821516431980787,0,0.3793123145124086
K562|chr18_3610114-3610614,0.1873041377229468,0,0.7478025446351235,-1.0,0.9772396647975766,1,2.3601152580836957
K562|chr12_130873077-130873577,0.1961902154337626,0,0.7474139359345984,-1.0,0.227323574125728,0,1.1137518706589182
A549|chr12_75978645-75979145,0.1577637497712115,0,0.7434746751518917,-1.0,0.4227016960959671,0,0.4520653855776221
K562|chr1_8880576-8881076,0.2252231253467222,0,0.742633461414985,-1.0,0.5368590451717716,0,0.6605684353260671
A549|chr12_3256096-3256596,0.8143413119374542,0,0.7424414125557819,-1.0,0.9356638838510698,0,0.059961900812778114
A549|chr6_71420684-71421184,0.8353720002943588,0,0.7417459464928517,-1.0,0.9999925418049392,0,0.2873755487859998
K562|chr5_10376501-10377001,0.7711445486811167,0,0.7406211716170358,-1.0,0.3804559231354391,0,0.36306099271252834
A549|chr15_78047822-78048322,0.2894393263073311,0,0.7401911770453712,-1.0,0.3045513324719314,0,0.6661901251447742
A549|chr22_45738148-45738648,0.2577844768113336,0,0.7392609800895888,-1.0,0.7410396914635955,0,1.9255492810454087
K562|chr19_4395176-4395676,0.1915270179975901,0,0.736411268540055,-1.0,0.9182624381717334,0,0.7557971239170154
K562|chr3_196061715-196062215,0.1977516118017639,0,0.7355363657951188,-1.0,0.2815864787292267,0,0.9105541417261659
A549|chr8_30385400-30385900,0.7984947059685021,0,0.7350877754072415,-1.0,0.225147942751142,0,0.10261486162933361
K562|chr19_2497093-2497593,0.2910862099018938,0,0.7342861893599781,-1.0,0.9736012617010098,0,0.7378100400869945
A549|chr21_39005450-39005950,0.7874200220014337,0,0.733697730309615,-1.0,0.2779277028191366,0,1.4752794143159536
A549|chr15_85613992-85614492,0.2425727017624225,0,0.7336742085243626,-1.0,0.5152480990190051,0,0.8852222680284378
A549|chr8_17800464-17800964,0.8284304739162247,0,0.733227536486928,-1.0,0.9879269743611734,0,0.45523763978336995
K562|chr19_5974808-5975308,0.2361055106683098,0,0.7319605500657593,-1.0,0.1517184593594582,0,1.5064583048325175
A549|chr4_57108206-57108706,0.7258138737923561,0,0.7309542903423771,-1.0,0.3761517548964166,0,0.6377437792169036
K562|chr7_50303208-50303708,0.83116792053322,0,0.7287626455291641,-1.0,0.2314602620471567,0,1.5609832716124872
K562|chr19_45887609-45888109,0.1587494766895711,0,0.7271840664569044,-1.0,0.6171967127056702,0,0.7402150544669295
A549|chr10_3781797-3782297,0.7641828182997701,0,0.7263044120699079,-1.0,0.9706821006180302,0,1.0637024532539279
A549|chr13_110388541-110389041,0.2404737841406501,0,0.7245273989305809,-1.0,0.1539743992060538,0,0.9526861841846117
A549|chr15_57551652-57552152,0.7199666132089013,0,0.7236760889798125,-1.0,0.3526034581423594,0,0.6199335472485293
A549|chr17_77432099-77432599,0.7816297462635808,0,0.7228952727161448,-1.0,0.5932095575169296,0,0.12952586409549524
A549|chr2_43193133-43193633,0.7592278509876768,0,0.722665887784016,-1.0,0.4567972155694998,0,1.3687287653987896
K562|chr1_246566186-246566686,0.9340586255524912,0,0.7213378390900193,3.3514253346910063,0.983936252794652,1,3.4522745092399036
A549|chr15_59282554-59283054,0.7525520893886989,0,0.7207894873986048,-1.0,0.9148570326499418,0,1.08759193304021
A549|chr3_45565293-45565793,0.2583864463736461,0,0.7206296818208918,-1.0,0.8628568212961644,0,0.7468074301215563
K562|chr10_21533921-21534421,0.9398697060720712,0,0.7191713223602683,4.627603567576888,0.1225705008385639,0,1.1214954387487572
A549|chr3_71168219-71168719,0.0699304932933945,0,0.7184893985073442,-1.0,0.3303528806454516,0,0.3143657289980463
K562|chr2_10303697-10304197,0.9030974955190972,0,0.7176044952574744,3.1245335841336144,0.0772671373865647,0,1.2185462237366083
A549|chr12_104276407-104276907,0.2741485330466383,0,0.7173325796802498,-1.0,0.2386855779314192,0,0.03725667857476407
A549|chr10_119375500-119376000,0.7323889466817213,0,0.7159981321322852,-1.0,0.2639343356991659,0,0.6617627011189423
K562|chr14_102514700-102515200,0.269447163548849,0,0.7143076981459122,-1.0,0.9769530139413362,0,0.3133637307377066
K562|chr6_16224880-16225380,0.2272107880018172,0,0.7138804974096374,-1.0,0.2944112415349336,1,2.4065588554981936
A549|chr15_63484735-63485235,0.1659576654559927,0,0.7125117915987124,-1.0,0.2890407714683904,0,0.8548657736385055
A549|chr11_20000767-20001267,0.8204858778170014,0,0.7124893896962545,-1.0,0.1538960909703246,0,0.3038883531620732
A549|chr20_19889136-19889636,0.7571947721992331,0,0.7111697185841463,-1.0,0.4945964229063829,0,0.014492692688479492
A549|chr14_68520209-68520709,0.2989167944326125,0,0.7096314443827325,-1.0,0.5049184578715067,0,0.5426177535696185
A549|chr22_46073773-46074273,0.8416158469543225,0,0.7090309910514833,-1.0,0.127830086882351,0,1.527302045461232
A549|chr3_127736756-127737256,0.8124755009433852,0,0.7083869830601206,-1.0,0.9498986674519674,0,0.22155931642876717
A549|chr20_19941125-19941625,0.2727770648624271,0,0.7078104073765011,-1.0,0.3704327999067172,0,0.6214204238842252
K562|chr6_42041087-42041587,0.2292283919981793,0,0.7068585165490692,-1.0,0.8155634875550414,0,0.9068585952488504
A549|chr10_125161987-125162487,0.9017741504489912,0,0.7060411143783025,-1.0,0.7705806115845444,0,1.1507833452368657
A549|chr8_133031622-133032122,0.7893347476490121,0,0.7057542838618818,-1.0,0.996273240536808,0,0.10566177999906468
K562|chr16_89354250-89354750,0.189446382568519,0,0.7055778668870163,-1.0,0.1687827663305893,0,0.2804367092428067
A549|chr10_33319701-33320201,0.7999635970471806,0,0.703400616918215,-1.0,0.5525951964645802,0,0.39751677784369926
A549|chr11_126347245-126347745,0.778717611641165,0,0.7030059233297916,-1.0,0.9547958043348078,0,0.11858680970674003
K562|chr19_15324159-15324659,0.725893216627184,0,0.7028306190307654,-1.0,0.2841891558146346,0,1.9754732856128479
A549|chr15_96319668-96320168,0.2709765266270617,0,0.6992089320122011,-1.0,0.9400648885414392,0,0.49129525186122286
K562|chr19_13119987-13120487,0.1981917032464347,0,0.6954448498795582,-1.0,0.9991055937834448,0,0.1308328423555266
A549|chr6_16764536-16765036,0.1638592558499095,0,0.6953156340256139,-1.0,0.1600772188495454,0,0.0428909768957812
A549|chr22_46068019-46068519,0.2564393964134963,0,0.6934891943566176,-1.0,0.1981497412121105,0,1.124927155576529
K562|chr17_78265308-78265808,0.7549210817683584,0,0.693424871903551,-1.0,0.161866588257497,0,0.265336158664428
A549|chr4_7968455-7968955,0.7586823872847446,0,0.6929320493387017,-1.0,0.763300365206227,0,1.802003102402864
K562|chr10_131902133-131902633,0.1892707748526816,0,0.6923970061739443,-1.0,0.2993490227782963,0,0.7723446380769573
A549|chr21_38844046-38844546,0.2998124260927888,0,0.6922900765951933,-1.0,0.2586639962726379,0,0.27899774306201897
K562|chr10_21529395-21529895,0.2060159524261092,0,0.6921831733375696,-1.0,0.448727768702662,0,1.095868955021963
A549|chr6_71393779-71394279,0.2424774125338502,0,0.6908384420953564,-1.0,0.6643090155528952,0,0.2584229852195772
A549|chr3_71039269-71039769,0.244254814283253,0,0.6907105893447436,-1.0,0.2413609140777911,0,0.19420020003817934
A549|chr10_119335817-119336317,0.7093108680086699,0,0.6892429816473958,-1.0,0.7562845610307021,0,0.5587291565795012
A549|chr7_131010041-131010541,0.732618323022792,0,0.6875475928475594,-1.0,0.3407926782956652,0,0.7550799560875461
K562|chr19_13123777-13124277,0.2812630347958901,0,0.6868079363651958,-1.0,0.499257453436327,0,1.095993533605936
K562|chr6_42025415-42025915,0.2135670503495874,0,0.6864913259539266,-1.0,0.1527159634453898,0,0.18859928305590476
A549|chr11_128525845-128526345,0.267655787728402,0,0.684764590382273,-1.0,0.3961064109737872,0,0.7248960504308034
A549|chr10_119370344-119370844,0.8045627356557778,0,0.682668064554103,-1.0,0.8810996920982094,0,0.24347038681969604
K562|chr17_82517235-82517735,0.8004612975435178,0,0.6819575450815658,-1.0,0.1909706900762814,0,0.7025459003809277
K562|chr7_107118397-107118897,0.1410734315062475,0,0.6814775578587436,-1.0,0.6429505265312755,0,0.003256357474115094
A549|chr1_8027821-8028321,0.2612575623578372,0,0.6814358448988207,-1.0,0.4026166060619497,0,1.804626245182587
A549|chr5_136025845-136026345,0.2370095235524056,0,0.6806232419417505,-1.0,0.7552039303112793,0,0.582893832607407
A549|chr6_71420953-71421453,0.7456901618117059,0,0.6765416331505323,-1.0,0.3030726555653195,0,1.8441479750407328
K562|chr1_8877242-8877742,0.8321371938665731,0,0.6748333902070379,-1.0,0.9170485078750696,0,0.10246637454095625
A549|chr8_133006988-133007488,0.7588022789874115,0,0.6740125337855583,-1.0,0.2855843091874668,0,0.9110846533950943
A549|chr15_60444200-60444700,0.2206567597801366,0,0.6709073528046691,-1.0,0.4804102432765582,0,0.8947623992539773
K562|chr19_16548293-16548793,0.1967083259105403,0,0.6683298094673868,-1.0,0.2824997545240945,0,0.8509349197923789
A549|chr1_234918799-234919299,0.7928934701259922,0,0.6681679555637513,-1.0,0.1729772575425329,0,0.9993056841336455
A549|chr9_113588999-113589499,0.7558590828342804,0,0.668127501511102,-1.0,0.712354571383846,0,0.7143076981459122
K562|chr21_37372861-37373361,0.2153924225834908,0,0.6678242161695765,-1.0,0.5917770809234355,0,0.21393035897075735
K562|chr6_7175416-7175916,0.1784762046748557,0,0.6671779144449004,-1.0,0.3032489423847248,0,0.7350169876835395
K562|chr18_3586729-3587229,0.8558924260538875,0,0.6665527255032496,-1.0,0.4255553122673219,0,0.37078414352281985
A549|chr22_45768424-45768924,0.2146092248972392,0,0.6659485596531082,-1.0,0.4900064090551124,0,0.7089865460346196
K562|chr11_32428875-32429375,0.8880287509105559,0,0.6646424098508246,-1.0,0.3181195657138839,0,0.14630178822382564
A549|chr15_63041290-63041790,0.8232010620140556,0,0.6643816506223944,-1.0,0.7001744217573946,0,1.0146858192548969
K562|chr19_4405487-4405987,0.2272817872396278,0,0.6625407387093438,-1.0,0.8097714138624214,0,0.8248072116133968
A549|chr20_54114942-54115442,0.7939727857446733,0,0.6607075972312345,-1.0,0.5050713910901484,0,0.9740390901436209
A549|chr13_110347380-110347880,0.2915900470146748,0,0.6595558851598816,-1.0,0.9992119214706676,1,3.12953756841108
A549|chr2_43295149-43295649,0.2950546995007366,0,0.6584467778904226,-1.0,0.2304921217624922,0,1.1893844499513615
A549|chr15_63047286-63047786,0.2178258350943334,0,0.657794520723658,-1.0,0.9006894940603597,0,0.44397505382442287
A549|chr4_57071240-57071740,0.7017352799913955,0,0.6564732469022827,-1.0,0.8016514566896439,0,0.6337451893136137
A549|chr2_237671652-237672152,0.256631382799837,0,0.6550578372347646,-1.0,0.5032543403481934,0,0.16773384910577052
A549|chr3_127734317-127734817,0.7402253789833327,0,0.6535883410709391,-1.0,0.1850092105535318,0,0.46064784796046465
A549|chr12_104263573-104264073,0.0415483969855219,0,0.6528847451585957,-1.0,0.3288556194522861,0,1.0403529269380885
A549|chr10_33258999-33259499,0.7207890180361536,0,0.6512279861553771,-1.0,0.1915716891283929,0,1.8637551982538576
A549|chr15_85581410-85581910,0.7945042572440497,0,0.6487256236405636,-1.0,0.153808857870176,0,0.29022987061994004
K562|chr22_39521383-39521883,0.7589340002213154,0,0.6483582738064784,-1.0,0.2181855081244844,0,0.3342783316126033
A549|chr18_3659120-3659620,0.2275138539507146,0,0.6475859199093296,-1.0,0.1320600683927469,0,0.764244365413282
A549|chr15_59347283-59347783,0.2995976080298992,0,0.6471424375930037,-1.0,0.1241837895146473,0,0.6906253750833296
A549|chr5_59542737-59543237,0.1150304860215128,0,0.6457570656904508,-1.0,0.7407097912965126,0,1.443613061292432
A549|chr8_132978373-132978873,0.1486923458437277,0,0.6454690019496037,-1.0,0.9986487444469346,0,1.1573720412031285
A549|chr10_119342236-119342736,0.725262067150675,0,0.6453154460452715,-1.0,0.4044216094597297,0,1.4629494675780552
A549|chr12_3200351-3200851,0.8450735033386064,0,0.6437254990960914,-1.0,0.9998423510973504,0,0.25773846820797963
A549|chr9_753976-754476,0.7340058880469859,0,0.6426560429034665,-1.0,0.4235371697280453,0,1.508778423760717
K562|chr8_38145816-38146316,0.2330181103357047,0,0.6423319069563662,-1.0,0.3688389689398087,0,1.7480456017725978
K562|chr12_56689707-56690207,0.8676449950079895,0,0.6419889676679057,-1.0,0.1172878700202111,0,0.8066249193843009
A549|chr13_110340615-110341115,0.7319960328329088,0,0.6415701870699565,-1.0,0.5413458781292345,0,0.04948423990598641
K562|chr12_56683191-56683691,0.8299566110126013,0,0.6412468602384793,-1.0,0.9034705127726472,0,0.13392542869105936
A549|chr4_168817284-168817784,0.2875345577672623,0,0.6393876550914076,-1.0,0.4248183787926177,1,2.6450468537874436
A549|chr15_78056735-78057235,0.1446313409974031,0,0.6390092014210786,-1.0,0.8189771982277897,0,1.6994914706567086
K562|chr10_21524563-21525063,0.8253102181965369,0,0.6389335502460578,-1.0,0.2906770990975711,0,0.28985723829264404
A549|chr4_168662216-168662716,0.2680787180470831,0,0.6363692198878617,-1.0,0.6368449394346718,0,0.551309135689573
K562|chr19_2513311-2513811,0.7084387689695975,0,0.6358431438774694,-1.0,0.2566733440776291,0,0.0832040147641289
K562|chr11_78424235-78424735,0.1217794930252644,0,0.6356929534183914,-1.0,0.3440668169901997,0,0.3253776491370791
K562|chr14_68789942-68790442,0.7291910753585639,0,0.6338199420108855,-1.0,0.1199014537548418,0,0.013725526462912594
A549|chr2_20521727-20522227,0.8032193970260181,0,0.6328491591169206,-1.0,0.4534509391289995,0,1.398722443141934
A549|chr2_237618407-237618907,0.2373835682470453,0,0.6316573206757762,-1.0,0.5214735626170909,0,0.5545359143213922
A549|chr3_57967535-57968035,0.715293434942277,0,0.6306171383648024,-1.0,0.58082337954697,0,0.5304725208129861
A549|chr12_76030118-76030618,0.8432973353415919,0,0.6304872905742644,-1.0,0.9462995738959428,0,0.29214890070265714
K562|chr11_117952441-117952941,0.754586637099263,0,0.6295979500275043,-1.0,0.888061236406589,0,0.5849598426325573
K562|chr1_47226032-47226532,0.8154229733602757,0,0.62898758311616,-1.0,0.2531026552874156,0,0.3165656933443801
A549|chr18_58313935-58314435,0.7061190925214139,0,0.628913657505206,-1.0,0.4037837839757183,0,0.426490198592971
K562|chr14_35297626-35298126,0.2022689961474082,0,0.627308880894231,-1.0,0.5178506700342478,1,2.4017787153040304
K562|chr5_139708270-139708770,0.1541117288291835,0,0.6263341570083552,-1.0,0.1854504165842717,0,0.3417500455330424
A549|chr10_3815119-3815619,0.2467761687227513,0,0.6262790493231501,-1.0,0.3666046833782615,0,1.5782480434240593
A549|chr6_11205726-11206226,0.7101116458822933,0,0.6258017420709172,-1.0,0.9883294310417498,1,2.0664722203810073
A549|chr5_59039469-59039969,0.8557222379223262,0,0.6253982760310941,-1.0,0.1038333519963081,0,1.177759980215724
K562|chr11_340293-340793,0.1002153620975235,0,0.623623813684038,-1.0,0.9948632737222856,0,1.4887451502280593
A549|chr5_59588888-59589388,0.2574724245455183,0,0.6233865491422058,-1.0,0.5090009227605353,1,2.590929562440972
K562|chr11_117985176-117985676,0.7913864528240198,0,0.6227848437369392,-1.0,0.3307887752340139,0,1.062722892214604
K562|chr15_92822394-92822894,0.2393523799613764,0,0.6225298264178657,-1.0,0.4505358555826141,0,0.8741285325823183
A549|chr10_125162574-125163074,0.7812041742633155,0,0.6224934075933661,-1.0,0.8484151567816265,0,1.7411233706278686
K562|chr11_32438059-32438559,0.8907571034364997,0,0.6210210058299912,-1.0,0.4777043359368341,0,0.8717946560373262
A549|chr2_55134295-55134795,0.7253093851834466,0,0.620803296167865,-1.0,0.5550962347877418,0,1.1699762172051775
K562|chr17_78313582-78314082,0.8026876896339025,0,0.6202232700624116,3.447562982535936,0.9572946678458948,0,0.9096713931765777
K562|chr18_3623241-3623741,0.7191345880218721,0,0.6191920135438351,-1.0,0.1596801576080748,0,0.05933412752417118
A549|chr1_234894225-234894725,0.7409580682398605,0,0.618794638761417,-1.0,0.9963353333624452,0,0.44529283891309446
A549|chr3_45564144-45564644,0.2809956701097067,0,0.6177127337420986,-1.0,0.4609317405965676,0,0.7579308876610598
A549|chr3_66410585-66411085,0.8338232201198597,0,0.6164000400660958,-1.0,0.6172942084600661,0,0.5966049129974911
A549|chr14_68659458-68659958,0.7767739871582343,0,0.6153240766404341,-1.0,0.7643614158298899,0,0.13354134042612592
A549|chr15_78067755-78068255,0.2738498488508176,0,0.6145903651216676,-1.0,0.4116513292869156,0,1.2113367868791425
A549|chr2_20532216-20532716,0.7247319890657605,0,0.6144652210897912,-1.0,0.3057324842014183,0,0.2679039143146438
A549|chr11_126365991-126366491,0.807950329419145,0,0.6140007158610314,-1.0,0.8313894360894205,0,0.9839700369239763
A549|chr21_39051789-39052289,0.2426055050612151,0,0.6134296982990709,-1.0,0.955304156434452,0,0.10088566316723399
A549|chr6_71388286-71388786,0.2420943251599414,0,0.612307696799079,-1.0,0.2928798064358135,0,0.4075456494454951
K562|chr4_1856041-1856541,0.9808776740464604,0,0.6119876566358093,3.27461114174569,0.1889644709347176,0,0.3383292639596401
K562|chr12_47836228-47836728,0.2113576321669546,0,0.6107275708244468,-1.0,0.9888787734893396,0,0.29387989029729644
A549|chr3_71062925-71063425,0.2792716680666128,0,0.6102316390620204,-1.0,0.9159603281675716,0,0.33082263685712654
K562|chr11_32434747-32435247,0.9834682715737212,0,0.6098246897713296,4.66038957837444,0.0769944065986242,0,1.3679174357708594
K562|chr19_41868502-41869002,0.2234711110917998,0,0.609100202826467,-1.0,0.5515954458480973,0,0.9712254734999117
A549|chr6_112253845-112254345,0.757987712116508,0,0.6090648928966209,-1.0,0.9999650575203074,0,0.002347178601695977
A549|chr7_130924531-130925031,0.7176473474105931,0,0.6081654583067138,-1.0,0.1628863881941611,0,1.6640408938517521
A549|chr5_17269126-17269626,0.095033682165935,0,0.6079012728360066,-1.0,0.7164730900927517,0,1.6718243385616773
K562|chr19_15323450-15323950,0.1673539049044718,0,0.6078836661839901,-1.0,0.9573909548105384,0,0.8867922301772648
A549|chr9_71743817-71744317,0.8053405802497144,0,0.6075668684444501,-1.0,0.4336140663234537,0,0.8453022064036121
K562|chr14_35300131-35300631,0.7110320863850017,0,0.6056008579744088,-1.0,0.2393875828233266,0,0.2418226406968333
A549|chr2_54524650-54525150,0.7547274706290729,0,0.6030861376347276,-1.0,0.6030134301429699,0,0.4501510556950721
A549|chr11_48092848-48093348,0.0219502548134123,0,0.6017994927805721,-1.0,0.6298761891986051,0,1.4447966890128576
K562|chr19_15333569-15334069,0.7052730900304982,0,0.6017474118161177,-1.0,0.7346406357920592,0,0.5072535756504706
A549|chr15_89117342-89117842,0.2449874164513768,0,0.6009322910509274,-1.0,0.4540803374078274,0,0.6075668684444501
A549|chr20_19885837-19886337,0.735684139648578,0,0.6009322910509274,-1.0,0.7351200275655756,0,0.47550002317409845
A549|chr1_234843506-234844006,0.7536687949621099,0,0.5990477721390968,-1.0,0.3592520288630082,0,0.2368416522211124
K562|chr1_47235194-47235694,0.8581450803007473,0,0.597927856364727,-1.0,0.1150199599138919,0,0.9211083801597769
A549|chr1_67747960-67748460,0.2357814028809714,0,0.5968279845077489,-1.0,0.2230948808565925,0,0.2792124582450323
K562|chr16_87862264-87862764,0.2718324828792352,0,0.596501995548002,-1.0,0.960897748617917,0,1.049839682214073
A549|chr11_20000422-20000922,0.7791900662321826,0,0.5961248400906005,-1.0,0.5772155456532325,0,0.6724775972831791
K562|chr17_82521670-82522170,0.7853164073527943,0,0.5959192569000618,-1.0,0.9942643063210916,0,0.09932160196804567
K562|chr6_37125380-37125880,0.8959736457510465,0,0.5948586246370503,-1.0,0.0911922910038379,0,0.05276729611458542
K562|chr12_6606903-6607403,0.9177497925238852,0,0.5947732025400609,7.200425132620416,0.1134267704424854,0,0.017760435420997044
A549|chr15_63460638-63461138,0.7315243039785901,0,0.5947048769577131,-1.0,0.1264024551740403,0,0.9373428197744361
A549|chr2_28602935-28603435,0.1772440613328792,0,0.5942610224957501,-1.0,0.5800197451628619,0,0.5086803366977443
K562|chr19_41868123-41868623,0.2534692540063472,0,0.5930002216235543,-1.0,0.3171113039982313,0,0.7647241233129476
K562|chr19_16541397-16541897,0.8267134434760125,0,0.5924051694892546,-1.0,0.4357590752186989,0,0.14814261588317995
K562|chr16_81445027-81445527,0.9057805918149312,0,0.5921843576158022,10.967703655260529,0.1762349787068386,0,0.07751328797840083
A549|chr10_33334043-33334543,0.7712675325286075,0,0.5899317087616376,-1.0,0.3197264897914905,0,0.33014407337717366
A549|chr9_21565177-21565677,0.2361084778964551,0,0.5896277346980455,-1.0,0.5026391713624098,0,0.8171860487426341
K562|chr1_8871184-8871684,0.2043486384223023,0,0.5892564995430685,-1.0,0.7586319512814226,0,0.08124120525244521
K562|chr11_340484-340984,0.170299679194272,0,0.5888518773256913,-1.0,0.7104564090336941,0,0.7505814927640124
A549|chr2_42948142-42948642,0.248942695975398,0,0.5887170869826158,-1.0,0.9990318461277164,0,0.4656946130420751
K562|chr16_85319107-85319607,0.7573569729608696,0,0.5877411061018631,-1.0,0.9151867126682204,0,1.5881110476041516
A549|chr22_46071650-46072150,0.907303581902507,0,0.5874218645687277,-1.0,0.943135004286513,0,0.37575916925837227
K562|chr15_92807981-92808481,0.709103448688379,0,0.5855949472411166,-1.0,0.4072882212102152,0,1.1571474738786591
A549|chr1_39187199-39187699,0.1917673590049627,0,0.5841089224972201,-1.0,0.6447344758838129,0,1.3633215774274794
A549|chr7_131198191-131198691,0.2512338177045209,0,0.5829270774868127,-1.0,0.3401493298174818,0,0.3868878983587128
A549|chr4_168878111-168878611,0.8846244116634016,0,0.5787910658649034,-1.0,0.2860063869814108,0,1.1109337208817898
A549|chr1_234538069-234538569,0.7675832576027088,0,0.5774922341319244,-1.0,0.4949937964472551,0,1.2833457027356059
A549|chr7_27144991-27145491,0.9141222700869764,0,0.5774758180943536,-1.0,0.5109890394288747,0,0.002290418069132303
K562|chr17_75103493-75103993,0.140743094883975,0,0.5762791202652049,-1.0,0.963370042631547,0,0.9065432925013963
A549|chr12_52902485-52902985,0.7743301413981839,0,0.5762791202652049,-1.0,0.5256019392192356,0,0.16609465106267288
A549|chr3_66473133-66473633,0.2631109632543543,0,0.5761318102467525,-1.0,0.9254346614010872,0,0.7220013557997116
A549|chr13_33271093-33271593,0.823233473415031,0,0.5757065284331935,-1.0,0.3399272631198577,0,0.6347928997681768
K562|chr11_67280043-67280543,0.1879915922727413,0,0.575657484242529,-1.0,0.2995503084170581,0,1.1836658836256961
A549|chr10_102789212-102789712,0.2834758027047045,0,0.5738467317840209,-1.0,0.3995944503908302,0,1.4751107890053887
A549|chr18_3601874-3602374,0.7456717280995524,0,0.5736188838212664,-1.0,0.4896919912884171,0,0.4697746804593744
K562|chr8_22685560-22686060,0.2416055759286964,0,0.5734887386354247,-1.0,0.3065881884699173,0,0.837286274416922
A549|chr4_168811704-168812204,0.2719106658764845,0,0.5726275104505177,-1.0,0.3251589917409389,0,1.7663187022736546
A549|chr13_110307691-110308191,0.9159437966276756,0,0.5722867409477288,-1.0,0.1971992855018289,0,0.27222295418217163
A549|chr7_130908989-130909489,0.7999268747702136,0,0.5711365917007434,-1.0,0.24795959664255,0,0.15516261487917515
K562|chr17_79817569-79818069,0.2639528766400375,0,0.570021751926688,-1.0,0.9418103810154752,0,0.010950843561779703
A549|chr12_76028955-76029455,0.2512543125088993,0,0.5661022160169344,-1.0,0.3834132230331412,0,0.7996694348752261
K562|chr22_41835441-41835941,0.7053326905669596,0,0.5657185918636989,-1.0,0.25287794129728,0,0.9373428197744361
A549|chr7_131194029-131194529,0.2531513301810234,0,0.5656227387497759,-1.0,0.2387191703152748,0,0.8151666660666466
A549|chr6_71419977-71420477,0.9556913070242168,0,0.5640919591408895,-1.0,0.1993285188142535,0,0.0047597981371845675
A549|chr3_45635261-45635761,0.7131209711634328,0,0.56231284246214,-1.0,0.185804898117404,0,0.5093814450798692
A549|chr15_63465074-63465574,0.2450845345364305,0,0.5622335873052685,-1.0,0.981914658432376,0,0.1867126430420554
A549|chr17_27551760-27552260,0.7567111412630518,0,0.5615209409956836,-1.0,0.9377244630753492,0,1.4067028541799884
A549|chr7_55019652-55020152,0.8548898179286284,0,0.5614418302094649,-1.0,0.2149275718527836,0,1.9171428514035909
K562|chr17_78260999-78261499,0.7508844291877403,0,0.5607304808708311,-1.0,0.5280675142855319,0,0.4543836670868637
A549|chr9_703588-704088,0.2331635690047144,0,0.5605094096103165,-1.0,0.5532788980300368,0,0.28694649129404237
A549|chr11_128521552-128522052,0.884416996114841,0,0.5596735149015961,-1.0,0.6763265929649402,0,1.5852939924389187
A549|chr15_59306537-59307037,0.1886248755542995,0,0.5582263371948156,-1.0,0.5492771325410725,0,0.327855942981009
A549|chr15_98868436-98868936,0.73409304902453,0,0.5580222329933566,-1.0,0.5228738208016026,0,0.12398433820184203
A549|chr4_7818284-7818784,0.295181790511457,0,0.5575829494686814,-1.0,0.2656251043711494,0,0.9671395840478564
A549|chr7_131000337-131000837,0.2487136970174108,0,0.5569405134827163,-1.0,0.377335379536354,0,1.1303635186859722
K562|chr11_330850-331350,0.7000642785183516,0,0.5542246032569145,-1.0,0.9991274649692602,0,0.36754270781527576
A549|chr11_48047569-48048069,0.7485938488589459,0,0.5521600415601482,-1.0,0.5587079159350117,0,0.058563109428640604
K562|chr12_53389598-53390098,0.276430910862889,0,0.5512627705556092,-1.0,0.2994668011005751,0,0.4494292398343805
A549|chr3_71100918-71101418,0.8035450350828377,0,0.5500281894331075,-1.0,0.4964543412962526,0,1.1647978881327907
A549|chr17_77463081-77463581,0.2523235549021989,0,0.5490430452224284,-1.0,0.3259521133757546,0,0.06480521614722203
K562|chr14_35291382-35291882,0.8996621977926358,0,0.5481675286314284,-1.0,0.909786897346318,0,0.3633416288833166
K562|chr16_87857084-87857584,0.736000546686231,0,0.547339716802155,-1.0,0.1146877657834248,0,1.363672611634012
A549|chr18_77112291-77112791,0.8319291053945314,0,0.5470488245361136,-1.0,0.9953718940085003,0,0.4610871060963264
A549|chr5_14164518-14165018,0.7415349708565913,0,0.5466510769113735,-1.0,0.5999309618172914,0,0.8464900106991624
A549|chr2_54561734-54562234,0.176441759412188,0,0.5458108861252315,-1.0,0.988781894235785,0,0.7015617746892402
A549|chr7_55018180-55018680,0.8278803654984193,0,0.5448352513703746,-1.0,0.2263871803703143,0,0.23822246249182186
K562|chr16_89324651-89325151,0.7430650780638932,0,0.5436491522581821,-1.0,0.6469289455142799,0,0.37889645305636044
K562|chr20_32363253-32363753,0.1642177610162946,0,0.5433455453515512,-1.0,0.8583086229719792,0,1.0471204163044627
A549|chr6_112227363-112227863,0.2522213421455185,0,0.5427692763127309,-1.0,0.6780528722454704,0,0.31279219654513307
A549|chr17_77355097-77355597,0.7722491639876096,0,0.5427238139386743,-1.0,0.648451893762568,0,0.4635551958509214
A549|chr5_17218254-17218754,0.8512542689646972,0,0.5412564225799522,-1.0,0.6645366316189892,1,3.5644582172278194
K562|chr11_336768-337268,0.2621251118074351,0,0.5402156177037306,-1.0,0.9803820780377644,1,3.1045995560233415
K562|chr17_82117076-82117576,0.7511023588145282,0,0.5398993454611549,-1.0,0.9734470035204532,0,0.9262083571919865
A549|chr10_33237588-33238088,0.2825647563970423,0,0.5394479271384419,-1.0,0.2445702148980096,0,0.6290060664852561
A549|chr20_54174331-54174831,0.7202208097450762,0,0.5388467650091571,-1.0,0.1067576963210523,0,0.8234457403867101
A549|chr9_696312-696812,0.7369021580651627,0,0.5353316447070957,-1.0,0.3307536965463642,0,0.8062633665303532
A549|chr9_113570061-113570561,0.2846020009141379,0,0.5352869542429368,-1.0,0.9980735728192024,0,0.6202957309755527
A549|chr10_34704498-34704998,0.2824518607961535,0,0.5346468957677242,-1.0,0.9130889237097828,0,0.6661297211739909
A549|chr7_47557802-47558302,0.7489125633876575,0,0.5335921153489493,-1.0,0.9337842999270014,0,0.9413462584276298
A549|chrX_107677896-107678396,0.7450323830972438,0,0.5312392526295386,-1.0,0.1179601415254256,0,1.1214437380504674
A549|chr6_11196359-11196859,0.7104063240115357,0,0.5304725208129861,-1.0,0.4438462434248701,0,0.7779081135457402
K562|chr19_13142739-13143239,0.2236032570265516,0,0.5278434959847536,-1.0,0.7573259462086808,0,1.0819749083492318
A549|chr15_63498541-63499041,0.7514315519255174,0,0.5275946375910778,-1.0,0.570149045441194,0,0.7014088887024305
A549|chr7_47605767-47606267,0.2965175814795477,0,0.5273166703869596,-1.0,0.16981372667836,0,1.5844090569126923
K562|chr1_27524083-27524583,0.2171235128856393,0,0.5271558232848723,-1.0,0.4542493139840731,0,1.6955525591338252
K562|chr6_17844917-17845417,0.1442376658574529,0,0.5271119662303636,-1.0,0.7151566135428,0,1.1523718238051077
A549|chr5_17227813-17228313,0.2183058083175522,0,0.5253904257852899,-1.0,0.4292439964740893,0,0.48855783898835203
A549|chr18_77071525-77072025,0.2697373747578035,0,0.5239948674208208,-1.0,0.3277521137390891,0,0.7521494330264663
A549|chr3_57992775-57993275,0.7005847550878133,0,0.5236321755439987,-1.0,0.7806856869688396,0,0.5914717317237641
A549|chr2_237708515-237709015,0.7781447150910124,0,0.5235306760736163,-1.0,0.3795442289261936,0,0.03721882455106225
K562|chr14_35301641-35302141,0.198810223867673,0,0.5231394001737696,-1.0,0.4214963667286872,0,0.5916752198295852
A549|chr5_59038973-59039473,0.887708560398203,0,0.522574845495525,-1.0,0.7026795415896595,0,0.4415794549987155
A549|chr5_17258984-17259484,0.2602944371846583,0,0.5194182131708311,-1.0,0.9732468529375846,0,0.5155008581045089
A549|chr17_72399161-72399661,0.7035804945779485,0,0.5181848693625801,-1.0,0.9974085264043314,0,0.5514946457405494
A549|chr1_39180351-39180851,0.7517909367388382,0,0.5165125523204073,-1.0,0.947376936517127,0,0.5301338207268577
A549|chr20_19944674-19945174,0.7125188564537804,0,0.5159707890595432,-1.0,0.3991790851118164,0,0.3720506962151288
A549|chr8_109588507-109589007,0.7201681938344022,0,0.5157144000499893,-1.0,0.6040500003261593,0,1.8155641116916295
A549|chr3_57980344-57980844,0.2843030989973076,0,0.5151878530589576,-1.0,0.9942715616949632,0,1.095181707285528
A549|chr5_17277952-17278452,0.2181925208188458,0,0.5149177119441546,-1.0,0.2886617484620031,0,0.7984117189264814
A549|chr11_48101004-48101504,0.764428044730346,0,0.5138813615780992,-1.0,0.1178373319591492,0,0.4703130462270836
A549|chr1_234533963-234534463,0.1793693086820897,0,0.5125646516804521,-1.0,0.995348488622693,0,0.490663041982356
A549|chr10_34703068-34703568,0.1330918371893901,0,0.5123243937400153,-1.0,0.6514993727870633,0,0.665425628245071
K562|chr16_74985837-74986337,0.8540843211596519,0,0.5118583897640805,-1.0,0.8525802770383923,0,0.116719093995083
K562|chr9_123317385-123317885,0.7234481274726928,0,0.5112519217684139,-1.0,0.7183599440027507,0,0.04887142030109156
A549|chr10_95291448-95291948,0.8079361630387815,0,0.5108293055471539,-1.0,0.1370917016015496,0,0.23442084610215932
K562|chr11_117994553-117995053,0.2135119867219801,0,0.5104774392421128,-1.0,0.4054357907249791,0,0.8317382898171246
A549|chr1_67767024-67767524,0.7506246052899529,0,0.510111800449403,-1.0,0.4496317771206782,0,0.34286762622262
A549|chr2_54631032-54631532,0.7478242050897075,0,0.5081062712072738,-1.0,0.9187139248951246,1,2.496522557563005
K562|chr16_85326689-85327189,0.2210294528335563,0,0.5072535756504706,-1.0,0.1995356837085222,0,0.014223357200930827
K562|chr20_32360260-32360760,0.7387383454626989,0,0.5070720698605966,-1.0,0.3151958924466841,0,0.5301927061182097
A549|chr12_53008557-53009057,0.7752727282227825,0,0.5061517472877237,-1.0,0.3461266864833613,0,0.787945635198837
A549|chr10_33192613-33193113,0.29229263271293,0,0.5060681782264538,-1.0,0.3339225045656283,0,0.215582428907505
K562|chr19_45885681-45886181,0.9417543289813052,0,0.5058314865096917,4.263149518836673,0.9525862167503254,1,2.421211849129442
K562|chr1_27527691-27528191,0.7668893344665072,0,0.5055392806091734,3.381585785198744,0.1679747963279736,0,0.12877744324029294
A549|chr11_122202281-122202781,0.7511422732773151,0,0.5048721187570668,-1.0,0.9929625981335471,0,0.4646425763375702
K562|chr19_13162968-13163468,0.8893162060133566,0,0.5031395126056323,3.3144105150147203,0.1528075637643746,0,0.6244644074905006
A549|chr15_98872763-98873263,0.2977160630641967,0,0.5030150313124943,-1.0,0.9377651364354352,0,1.9022569410551224
A549|chr1_39173161-39173661,0.7459465791021794,0,0.5025450903868235,-1.0,0.3255221020969348,0,0.43145801628828623
A549|chr2_28612345-28612845,0.7417114700217764,0,0.5012209367134063,-1.0,0.5764116455812064,0,0.009292728495978146
K562|chr10_100348445-100348945,0.1936779867997395,0,0.5002304642316027,-1.0,0.1485573526776701,0,1.6905188807638967
A549|chr10_3860459-3860959,0.2006005906625845,0,0.5002167235617423,-1.0,0.4936782216749602,0,0.7932280769444173
A549|chr6_71395691-71396191,0.1823101824777841,0,0.4975592231711171,-1.0,0.3923475306527353,0,1.2982421065988972
A549|chr13_33218374-33218874,0.2024752121001789,0,0.496986023155788,-1.0,0.4605939188792155,0,0.9374556186535352
A549|chr1_67689619-67690119,0.2741992330124271,0,0.49697238475291333,-1.0,0.6627228693142452,0,0.46181599914173255
K562|chr5_139711815-139712315,0.7908544269029215,0,0.49584188774480487,-1.0,0.0869767302826266,0,0.12988884463559913
A549|chr1_93581712-93582212,0.2935743417822148,0,0.49501291265477476,-1.0,0.9473392905422172,0,0.4329265583997898
A549|chr16_89358098-89358598,0.1986170506612114,0,0.49444306133617827,-1.0,0.2886632304891914,0,0.7640677460137049
A549|chr10_33318632-33319132,0.7238007237336656,0,0.49405002849638413,-1.0,0.3193842719403004,0,1.0494647720193537
K562|chr1_26694849-26695349,0.7180377733776784,0,0.49402293588989354,4.216046422595962,0.4188429600458749,0,0.4771516563974668
A549|chr4_87117653-87118153,0.0982987425450511,0,0.49380625586075033,-1.0,0.4937887761889135,1,2.0147621953129042
A549|chr17_72460076-72460576,0.730188135627416,0,0.4934679095918231,-1.0,0.800346143646578,0,0.05321379073217742
K562|chr1_28898437-28898937,0.2093101771160687,0,0.4931298267135007,-1.0,0.2778542001102422,0,0.292251033569705
A549|chr7_130925826-130926326,0.7204230580483402,0,0.49291359170948634,-1.0,0.2258772329925192,0,1.948500180867255
K562|chr11_94766859-94767359,0.1026559707723754,0,0.4927920068160216,-1.0,0.2395277644606778,0,1.787013815263332
K562|chr19_5982867-5983367,0.7711486115845679,0,0.49198230957961053,-1.0,0.319912958848391,0,0.15480270401870086
K562|chr11_67282602-67283102,0.2199970803524365,0,0.4916319090476624,-1.0,0.3104219606029128,0,0.6359746031495516
K562|chr2_10304371-10304871,0.7130392735483485,0,0.4899646464502636,-1.0,0.1269006707944158,0,0.03829421599749472
K562|chr17_79803650-79804150,0.9362615092320734,0,0.4892807707836073,-1.0,0.214095416878727,0,0.0022336649539712416
K562|chr17_82121173-82121673,0.2911280803791276,0,0.48861134824231206,-1.0,0.2641568881972049,0,0.1460099236416692
A549|chr21_38990332-38990832,0.7952340145243137,0,0.488223555437693,-1.0,0.343381857059634,0,0.237058988699219
A549|chr14_68666135-68666635,0.2753457228199631,0,0.4868356908680016,-1.0,0.8519313380201508,1,2.0566489535745034
K562|chr6_50826712-50827212,0.810525481825081,0,0.4868090445826355,-1.0,0.2739091371407773,0,0.7806512826864214
A549|chr2_43271161-43271661,0.2433298483457049,0,0.4863429990421627,-1.0,0.1683474918951109,0,0.4836233014738513
A549|chr1_234845790-234846290,0.2155059161329961,0,0.48587745308353525,-1.0,0.9082633038805036,0,0.34037849790113767
K562|chr6_16226960-16227460,0.714540459944371,0,0.4856382236294261,-1.0,0.3789350892236935,0,0.3655126535180674
A549|chr4_57111186-57111686,0.7233064244680095,0,0.4835439565422515,-1.0,0.2910391573695244,0,0.3129975050754204
K562|chr19_3363574-3364074,0.2054107490995167,0,0.48252698123966364,-1.0,0.2109676344649333,1,2.297001116640819
A549|chr22_46060512-46061012,0.210040509171062,0,0.4814860601221125,-1.0,0.404396095337969,0,0.30727642729910976
A549|chr3_45642385-45642885,0.7742991379264047,0,0.47994901193717787,-1.0,0.4432046362198477,1,4.157421960826385
K562|chr10_3094108-3094608,0.2651644344492003,0,0.4786265192389718,-1.0,0.2901592788377341,0,0.2259138928741849
K562|chr1_47227245-47227745,0.1195922966673413,0,0.4780777551164995,-1.0,0.965877550608092,0,0.5332064976564644
A549|chr7_130946157-130946657,0.2592998730976807,0,0.477255906881216,-1.0,0.1302333529423514,0,0.2481745216196536
A549|chr15_89130160-89130660,0.7524401807897204,0,0.47377706707178047,-1.0,0.8241586375770871,1,2.7372642203335134
A549|chr15_89119750-89120250,0.234784022935602,0,0.47284718291193595,-1.0,0.3075843233245903,0,0.9580943607763508
A549|chr2_237699638-237700138,0.7685849193946019,0,0.4723314396195425,-1.0,0.4499399999585805,0,0.1390633792999063
A549|chr20_38167950-38168450,0.292388139662512,0,0.4713789261475927,-1.0,0.4071560142735289,0,0.07558631025512158
K562|chr12_47831870-47832370,0.1826928213066782,0,0.47105760258427065,-1.0,0.1966352711084587,0,1.3083881257855836
A549|chr2_42942260-42942760,0.7478357152737529,0,0.469979693495295,-1.0,0.3320159704821407,0,0.6376117834113015
A549|chr3_58062503-58063003,0.7486203382484575,0,0.46958256859294245,-1.0,0.9586308654180904,0,0.5854444437707851
A549|chr12_62730581-62731081,0.2624738244916105,0,0.46890445312997203,-1.0,0.689656485410428,1,2.2942901988569537
A549|chr8_30383582-30384082,0.7262634386478886,0,0.46838059864366055,-1.0,0.8261378682087154,0,0.6523773005327583
A549|chr2_9250732-9251232,0.7003167550396244,0,0.46680009281230384,-1.0,0.206742195919822,0,1.151090736378137
A549|chr5_59032705-59033205,0.2147707884011599,0,0.4660246915907915,-1.0,0.8624810169991063,0,0.23493525850235603
A549|chr15_89071418-89071918,0.7027462312130354,0,0.4647818564828167,-1.0,0.3406553218457949,0,0.8520764610193936
A549|chr10_102753719-102754219,0.0743826411909861,0,0.4635173130728001,-1.0,0.4512877081291821,0,1.073097037296474
K562|chr5_10352966-10353466,0.8181518901783653,0,0.4632522261102479,3.238666153484297,0.4706819020648636,0,0.9665762445130504
A549|chr13_112745926-112746426,0.8162883764123381,0,0.46301252486939815,-1.0,0.3687999787249442,0,1.6513447267542352
K562|chr19_41866414-41866914,0.717965047405901,0,0.4614639670032642,-1.0,0.3838622758378793,0,1.3451979854315594
K562|chr2_26755410-26755910,0.1684306533199536,0,0.4606227609095434,-1.0,0.5623960471139335,0,1.004233220950026
A549|chr20_5653277-5653777,0.7431612016516025,0,0.4603970426393898,-1.0,0.9856658935243224,0,0.3742863721887987
A549|chr2_54568075-54568575,0.7475720841604917,0,0.4603845061745869,-1.0,0.6998518560888489,0,0.47486445434228286
A549|chr17_27351667-27352167,0.2983131992200942,0,0.4599083884674372,-1.0,0.4796278064543602,0,0.56231284246214
K562|chr6_16262747-16263247,0.7728238143925759,0,0.4589827071543432,-1.0,0.1315041836794335,0,0.14307786439143463
A549|chr9_113485273-113485773,0.7750708282731342,0,0.45865793560994317,-1.0,0.7657680545994243,0,0.9934056138158629
A549|chr15_63486699-63487199,0.1403435724621241,0,0.45756050747660043,-1.0,0.464878152943244,0,0.15091242301721286
K562|chr6_16277910-16278410,0.2093434139234685,0,0.45753559812862094,-1.0,0.2382855698502027,0,0.830943067255148
A549|chr20_38204971-38205471,0.2910488070993306,0,0.4570377109606187,-1.0,0.9312246428129728,0,1.029522947933476
A549|chr13_110420963-110421463,0.2574915259354347,0,0.4562298597303912,-1.0,0.2743566333323948,0,0.2487979054116469
K562|chr8_38104215-38104715,0.7802048233774047,0,0.4556342557761435,-1.0,0.1269406556060965,0,0.3203722648827159
A549|chr4_168842137-168842637,0.7917925275536823,0,0.45541111471353873,-1.0,0.9384456750753856,0,0.3946087501107109
A549|chr1_64945694-64946194,0.2981757882335147,0,0.4546062807343584,-1.0,0.3055709272442604,0,0.2199636657114762
A549|chr1_8427204-8427704,0.2713866259209054,0,0.4542229614998786,-1.0,0.2818558127616823,1,2.064568314037166
A549|chr4_87089323-87089823,0.2755002902221058,0,0.45345733652186904,-1.0,0.6035351077237168,0,0.934009710766224
A549|chr21_38780865-38781365,0.2320069043686591,0,0.45279159982515604,-1.0,0.5327808047168587,0,1.3642147644663483
A549|chr2_43230911-43231411,0.7667576595339812,0,0.45260685393156713,-1.0,0.1297615750689743,0,0.44358893918167797
A549|chr2_54638069-54638569,0.2470337036477413,0,0.45233603536831657,-1.0,0.3015793096138175,0,0.8808761351893829
K562|chr11_118005708-118006208,0.1970316878818882,0,0.45056756290246464,-1.0,0.1629619036143269,0,0.003698521194396425
A549|chr7_130999466-130999966,0.2821867491800263,0,0.4492825765307173,-1.0,0.4999551675728913,0,0.7660145212197886
K562|chr17_75108859-75109359,0.7558494100635974,0,0.4474777897664398,-1.0,0.0649002631539544,0,0.7836757213133324
K562|chr11_67289237-67289737,0.8632829602901408,0,0.44592291862461136,3.230113341428709,0.0871809594073995,0,0.1889883336642128
A549|chr15_59370301-59370801,0.2886360809289314,0,0.44522019619620634,-1.0,0.4298410410999534,0,0.5845091478285314
A549|chr3_45616568-45617068,0.7345123071155144,0,0.44358893918167797,-1.0,0.8565192458699246,0,0.8172430689596009
A549|chr12_3200038-3200538,0.8211022169659531,0,0.44301041010516423,-1.0,0.903700444356386,0,0.8869261064057921
K562|chr2_10311734-10312234,0.1500692188960899,0,0.44299836560729466,-1.0,0.4043194538200372,0,0.8132131232667514
A549|chr10_33289713-33290213,0.7592131911063579,0,0.4423604847532199,-1.0,0.548333335171729,0,1.5967078548417457
A549|chr11_126340226-126340726,0.8067055458331028,0,0.44225225835853177,-1.0,0.2827455953556965,0,1.6316201283761984
A549|chr10_33279270-33279770,0.7203396854163644,0,0.44214405892719444,-1.0,0.8333260907133963,0,1.1823751421198874
A549|chr11_19972675-19973175,0.2865130107898177,0,0.44160346575100373,-1.0,0.5945835239843313,0,0.6498877199016362
A549|chr1_93584189-93584689,0.7361740990087743,0,0.4405123182022349,-1.0,0.3093348824305703,0,0.14419625362789965
A549|chr5_132408906-132409406,0.2158012619400015,0,0.4402130317994435,-1.0,0.5737335088291129,0,0.8021132315988144
K562|chr3_195119741-195120241,0.2314362188769604,0,0.4396389794183647,-1.0,0.3749885876850558,0,0.6612248750664266
A549|chr2_20537949-20538449,0.7505930357435484,0,0.4396150770279845,-1.0,0.9974736238008848,0,1.785421046429501
A549|chr11_122181980-122182480,0.2331388504127482,0,0.43913730527253525,-1.0,0.6163184759655382,0,1.3923734375387433
A549|chr5_95834864-95835364,0.8391280360650498,0,0.43788564941131375,-1.0,0.3636694105506839,0,1.0859902296696866
K562|chr10_131900129-131900629,0.9432697919686216,0,0.43366858996846563,-1.0,0.8418185434724155,0,0.377371573870675
A549|chr4_168694022-168694522,0.2775204073531062,0,0.4332915266075328,-1.0,0.5251318883591312,0,0.34758925790822987
K562|chr6_7173173-7173673,0.746517259411363,0,0.43305602814344646,-1.0,0.583400364841341,0,0.08770884457977689
A549|chr7_130895364-130895864,0.7471286590374321,0,0.43258541397022743,-1.0,0.1903911736001986,0,0.2844311681392185
K562|chr19_45885427-45885927,0.96718724686207,0,0.43145801628828623,4.263149518836673,0.3218560502481529,0,0.010630285013846547
K562|chr6_16217317-16217817,0.8127131296167208,0,0.43139937776668125,-1.0,0.8118697182234895,0,1.1267666146688593
A549|chr1_8418694-8419194,0.2864813686697435,0,0.4309305544017781,-1.0,0.5214832035808495,0,0.31165137965035533
K562|chr1_47230885-47231385,0.9088678341457354,0,0.43016979419690426,3.5936301645307323,0.8182325594195581,0,0.041842412721176135
A549|chr20_19875328-19875828,0.225293854418089,0,0.4296205350412986,-1.0,0.9701932487031504,0,0.651130726288466
A549|chr1_64906440-64906940,0.2244404606337916,0,0.4280467280374486,-1.0,0.5790370239947641,0,1.1672037815875873
A549|chr1_8017494-8017994,0.2631629114872652,0,0.4272096904708179,-1.0,0.3849370200267242,0,0.3134441630894326
A549|chr6_11185067-11185567,0.7774510994983562,0,0.4267801728855781,-1.0,0.2656523525977156,1,2.09417175106335
K562|chr16_85322831-85323331,0.7125589480736674,0,0.4261193137949799,-1.0,0.1635788629587571,0,0.45988334409387027
A549|chr9_113594523-113595023,0.7854169306533908,0,0.42564458006089806,-1.0,0.3000861407320569,0,0.5635193049905051
A549|chr12_104249759-104250259,0.8034537664355775,0,0.4227495419205293,-1.0,0.714598490184155,0,0.44166349844008146
K562|chr14_102507652-102508152,0.9041163814179274,0,0.42235886530447325,-1.0,0.3524556744499741,0,0.3680593090861645
A549|chr17_27363954-27364454,0.161839283866249,0,0.42215217869821753,-1.0,0.2263104429111098,0,0.46639315232922196
A549|chr16_14365423-14365923,0.7278372712532355,0,0.42078821976850084,-1.0,0.4297426119098934,0,0.2908148704497545
A549|chr15_96319993-96320493,0.1672000686256622,0,0.4205594028602028,-1.0,0.164545625350223,0,0.05888627296289844
A549|chr13_110305851-110306351,0.098323054724466,0,0.41850545770910075,-1.0,0.1617211470744786,0,0.23672178898102136
A549|chr17_27558291-27558791,0.2765116768857651,0,0.417970745324122,-1.0,0.1334592582775286,0,0.9578972319626974
A549|chr15_63042031-63042531,0.8450247918913728,0,0.41790253153101264,-1.0,0.1390703517576071,0,0.07034610790420041
A549|chr6_11179756-11180256,0.291920184639028,0,0.41486652466699747,-1.0,0.2518210113573734,0,1.3916023482974866
A549|chr4_168877385-168877885,0.8051345726303498,0,0.41430244717458664,-1.0,1.0,0,0.4046470969533102
A549|chr10_33298814-33299314,0.2936915627738296,0,0.4137841421585343,-1.0,0.9915705893511798,0,0.7521248903753958
A549|chr20_19860626-19861126,0.2815607287035105,0,0.4129179265625024,-1.0,0.1468951599311551,0,0.4048676797763996
K562|chr8_143935975-143936475,0.2164051576979295,0,0.4116274364738098,-1.0,0.6339680316819395,0,0.18258669317853454
A549|chr20_54088387-54088887,0.1229927320372546,0,0.4100727280134526,-1.0,0.9226818445575856,0,0.3350291380351972
A549|chr6_71420242-71420742,0.9210722875844884,0,0.4099387691962575,-1.0,0.7629817688749994,0,0.9492336887669577
K562|chr19_5971912-5972412,0.1896220579994139,0,0.40977137875984215,-1.0,0.2566252716830134,0,0.17511302754096128
K562|chr6_17988398-17988898,0.8126989094546415,0,0.4096152058734719,-1.0,0.5402399811805204,0,1.5138104690881191
K562|chr22_46661104-46661604,0.2491603868944954,0,0.40864595978591167,-1.0,0.979577149695714,0,0.33563071912919756
K562|chr16_87885199-87885699,0.1619730068594789,0,0.40854581629929354,-1.0,0.2571546354980048,0,1.2920978432746764
A549|chr22_45718330-45718830,0.2990845121837402,0,0.4081677047219752,-1.0,0.9888755046161892,1,2.403853925165555
A549|chr1_93585546-93586046,0.1778937843699829,0,0.4079232195926457,-1.0,0.5321873941845605,0,1.1044724845205585
K562|chr19_3376434-3376934,0.718155823294623,0,0.40358985615572995,-1.0,0.2037224042528637,0,0.5474316180119011
A549|chr7_116563852-116564352,0.2733708190853076,0,0.4033039624718821,-1.0,0.5706354173590116,0,1.3420267847558889
A549|chr1_8027227-8027727,0.8142180818459721,0,0.403084172248864,-1.0,0.2531674827115082,0,1.339779805180208
A549|chr6_16752067-16752567,0.2978056770317833,0,0.40262297452562446,-1.0,0.6202395122903465,0,0.8776530337449214
K562|chr11_117984097-117984597,0.1965652778515276,0,0.4007065717959048,-1.0,0.5436371779706439,0,0.308246799887199
K562|chr19_4402632-4403132,0.9530779343318556,0,0.39857019266468563,14.659298161268325,0.1465553473254474,0,0.2924809203762568
A549|chr9_73047752-73048252,0.2064524959609123,0,0.39630363372095173,-1.0,0.911101676654513,0,0.24727565514247676
A549|chr3_71068233-71068733,0.1353449593449558,0,0.39569833008164723,-1.0,0.2562165100965664,0,0.5988752893210294
A549|chr4_168839991-168840491,0.2528905004114201,0,0.39521253598220785,-1.0,0.1984384507183626,0,0.021874287085865737
K562|chr17_75149741-75150241,0.2108453113275948,0,0.39346816287198544,-1.0,0.8158654933017708,0,1.3992121814927032
A549|chr3_58013296-58013796,0.7520160602628531,0,0.3922984104189397,-1.0,0.225900793141259,0,0.3201543640635426
K562|chr19_45878997-45879497,0.2660314467598542,0,0.39182710793826114,-1.0,0.1036393861055346,0,0.6779048071334499
K562|chr7_107002623-107003123,0.1298891498865462,0,0.38826607367547566,-1.0,0.1663075640775826,0,0.17815252734047735
A549|chr2_9244908-9245408,0.7007086528570584,0,0.38755523717366036,-1.0,0.4350762103597277,0,0.32344355766013005
A549|chr6_112222376-112222876,0.7016448967429082,0,0.38739625394462596,-1.0,0.5201842338239716,0,0.17842752159419936
A549|chr1_8420984-8421484,0.2109877697400018,0,0.38715259264016333,-1.0,0.6492904070780109,0,0.007831022858751133
K562|chr1_21784049-21784549,0.8090553879263037,0,0.386443574821955,-1.0,0.5050708073773594,0,0.2443766507864546
K562|chr17_82100048-82100548,0.7049323140035246,0,0.3862004472837192,-1.0,0.1186054759547834,0,0.6343809977454966
A549|chr18_77058172-77058672,0.844497050678629,0,0.38558794675786945,-1.0,0.2002069279017649,0,0.3208811256972321
K562|chr1_61042905-61043405,0.9309340270816214,0,0.3852925657346947,-1.0,0.9908416266785176,0,0.13327563201371745
A549|chr2_42969233-42969733,0.8163723586631407,0,0.38453393575148037,-1.0,0.113204942341354,0,0.4304622365886685
A549|chr4_57046406-57046906,0.2847581794517523,0,0.38380815675186813,-1.0,0.65166072221436,0,0.06001674951060056
A549|chr1_234907548-234908048,0.7365857949233556,0,0.38287379466088833,-1.0,0.2590427864948928,0,0.2327624793842285
K562|chr6_11943429-11943929,0.1891318235546489,0,0.38212984349965284,-1.0,0.6625339001188909,0,0.10682101601729967
K562|chr19_45881252-45881752,0.2797445020592995,0,0.38198329920453744,-1.0,0.5292134026187896,0,0.4775296835242778
A549|chr4_168867076-168867576,0.2834310247503792,0,0.3804788495441356,-1.0,0.510509134742229,0,0.7158400796013188
A549|chr22_45731686-45732186,0.2701547604481046,0,0.37981187446903086,-1.0,0.5197918766091245,0,0.36260034089458537
A549|chr11_128513082-128513582,0.2181076096250684,0,0.37772379134542766,-1.0,0.8133784947486347,0,1.4267569678158762
A549|chr9_71763921-71764421,0.2857907576270209,0,0.37770306476123,-1.0,0.6250606637668575,0,1.2449717002329126
K562|chr1_26055824-26056324,0.2141437343511207,0,0.3776098073713786,-1.0,0.6290065348212006,0,0.43984220286837294
K562|chr15_92831013-92831513,0.2103809553206457,0,0.3770196418166018,-1.0,0.2839409166111925,0,0.38494469582027846
A549|chr7_130915839-130916339,0.7300465008532485,0,0.37621334425826014,-1.0,0.1991997712832718,0,0.7670546872547728
K562|chr12_6607255-6607755,0.7642546995801722,0,0.37308506036701977,7.200425132620416,0.4665617615597281,0,0.5054558293073499
A549|chr3_30599486-30599986,0.1767909113380538,0,0.3693077638465575,-1.0,0.4083550773942022,0,0.7008633062559857
A549|chr11_19959566-19960066,0.722827655967711,0,0.3672391115205612,-1.0,0.7104368017408313,0,1.7922579473930549
K562|chr8_22691604-22692104,0.9094274426669304,0,0.36589571817110744,-1.0,0.2759315773163165,0,0.09016594015495069
A549|chr2_20532476-20532976,0.7578231150331858,0,0.3640741413241375,-1.0,0.2327013195490908,0,0.5058314865096917
A549|chr6_71419743-71420243,0.9200207676813772,0,0.3627805377685518,-1.0,0.9999999790910864,0,0.2571256792208479
K562|chr2_26767784-26768284,0.2726871936211061,0,0.36262035907766815,-1.0,0.3833014173922182,0,1.5054280157698015
A549|chr9_113580887-113581387,0.7558884461411199,0,0.3601948794024453,-1.0,0.9999998505732448,0,0.4469912942726373
K562|chr19_13117951-13118451,0.9029653382985022,0,0.36005555167269,3.1694562385312706,0.0688161858085116,0,0.19139071251980552
K562|chr1_230137382-230137882,0.196918242588855,0,0.3585258894959005,-1.0,0.3579248139287235,0,1.7832536663900251
K562|chr10_131900651-131901151,0.9472523853616522,0,0.3582384380714865,-1.0,0.1098113732527354,0,0.015724785624503888
A549|chr13_33194727-33195227,0.2660331275579496,0,0.35458755642907125,-1.0,0.5774012023790253,0,0.046327272486775255
K562|chr1_8876429-8876929,0.8038728159989462,0,0.3543616197554516,-1.0,0.3199324957150662,0,0.6370465410557145
K562|chr16_87867812-87868312,0.8749035751688207,0,0.35294972513146144,-1.0,0.7700069760381565,0,1.3698875352417186
A549|chr12_3195798-3196298,0.8015794207779288,0,0.35063592963698986,-1.0,0.8783706636163291,0,0.5994965483218502
A549|chr3_58014851-58015351,0.803483173286619,0,0.34976049251536334,-1.0,0.8323979823023101,0,1.3148496625621366
A549|chr2_43222473-43222973,0.2505603921068295,0,0.3496633305654518,-1.0,0.2642429713202261,0,0.6754500522974449
A549|chr13_33228944-33229444,0.7401087530958113,0,0.34866382545690777,-1.0,0.3455536001541346,0,0.4872222458395861
A549|chr6_112298401-112298901,0.248886669102239,0,0.3485475277283087,-1.0,0.9267950614739678,0,0.7480212899366185
A549|chr6_11217814-11218314,0.201088329268482,0,0.3485281478009576,-1.0,0.1801650771419252,0,0.7686323685982888
K562|chr8_22691252-22691752,0.927788888376637,0,0.34674888398633896,-1.0,0.1845415079376571,0,0.8451197552812382
A549|chr5_59049004-59049504,0.2698395439702819,0,0.346208812612188,-1.0,0.242543426593863,0,0.7440042732775981
A549|chr13_112760078-112760578,0.058340783020548,0,0.3457368004637105,-1.0,0.4684149056983892,0,0.8226366752496386
A549|chr1_64948193-64948693,0.2487359190751327,0,0.3452172173189908,-1.0,0.3154789472689654,0,1.7787422928790904
K562|chr11_65467744-65468244,0.1414297142813934,0,0.3443526244088749,-1.0,0.2857806126924412,0,0.6248486984297209
A549|chr1_67742966-67743466,0.2627963999395606,0,0.344141541013904,-1.0,0.1964386349659777,0,1.2832873315024826
A549|chr18_58287579-58288079,0.2294098265619922,0,0.3439209725597624,-1.0,0.666339462426084,1,2.544941854732822
K562|chr3_196070865-196071365,0.1657240486133169,0,0.3421031576536331,-1.0,0.3587628415760684,1,2.1313967010552917
A549|chr4_57080841-57081341,0.2510001885463943,0,0.341711888441015,-1.0,0.2501970989801581,0,0.7260732198994744
A549|chr6_11161214-11161714,0.1177736110814768,0,0.34080664142295086,-1.0,0.6454914706979598,1,2.9580549278547363
A549|chr1_93617589-93618089,0.7536234219036915,0,0.34050214045909827,-1.0,0.4417699609741122,0,0.01049678875310407
A549|chr2_43173842-43174342,0.2214654917279805,0,0.34007429687259194,-1.0,0.2135811513384533,0,0.0489200251988394
A549|chr3_71034911-71035411,0.2410265922989756,0,0.33977980518020795,-1.0,0.3198227649131556,0,1.9744483772174561
A549|chr7_55128303-55128803,0.1712499842152267,0,0.33899230909896855,-1.0,0.6746179133771647,0,1.6084650629119754
K562|chr19_13151647-13152147,0.9104201228385,0,0.337790102522418,4.772679017451155,0.1192424527231352,0,0.10638802048601521
A549|chr9_702595-703095,0.7648379843621158,0,0.33743103306673977,-1.0,0.4471496160322127,0,0.05315979445863689
A549|chr1_64949104-64949604,0.2876741895081406,0,0.3373177043620816,-1.0,0.7167461493859744,0,0.5419214290507175
K562|chr9_131372517-131373017,0.8403474978750168,0,0.33653465610888855,-1.0,0.1985978722951979,0,0.05409340216296018
K562|chr11_65490349-65490849,0.2345076835993622,0,0.33625197364160514,-1.0,0.4504580289555154,0,0.09038514174714149
A549|chr2_20526622-20527122,0.2996423134105546,0,0.3358377052380089,-1.0,0.9706416218680356,0,0.04416798976757825
A549|chr2_43233487-43233987,0.2822194073314792,0,0.33454096623958507,-1.0,0.2045182751107147,0,0.9155667232134553
K562|chr6_17863707-17864207,0.7519287646623555,0,0.33443776940805914,3.031937539923551,0.905798208101574,0,0.7346160750438253
K562|chr6_17985619-17986119,0.2170383837724927,0,0.33327615275875644,-1.0,0.9796405095871216,0,1.379999357699932
A549|chr21_38989063-38989563,0.8683176886273141,0,0.33297688440157414,-1.0,0.3858016491603676,0,0.05554200437371103
A549|chr17_27368106-27368606,0.1780724752599987,0,0.3286419965565084,-1.0,0.2041215410785254,0,0.04969844427540126
A549|chr11_128478759-128479259,0.1341925184964883,0,0.32854944578750533,-1.0,0.3850320907643949,0,0.2957207588154646
A549|chr20_54174062-54174562,0.7762664069109874,0,0.32798531280082277,-1.0,0.9999997976996652,0,0.5708778231491465
K562|chr19_45885948-45886448,0.9508728386270614,0,0.3276711957775835,4.263149518836673,0.9758053228432364,0,0.4190636256686694
A549|chr15_59372967-59373467,0.7879751525171959,0,0.3275511522259067,-1.0,0.3994896915749719,0,0.6532950375669138
K562|chr5_139703715-139704215,0.1625620488590097,0,0.3254235853229742,-1.0,0.3915626442044308,1,2.1605973793458633
K562|chr17_82517535-82518035,0.2387356199316337,0,0.32539602302839,-1.0,0.6878505842232374,0,0.05017104106468636
K562|chr2_38749134-38749634,0.7156361460042726,0,0.3247992691093061,-1.0,0.3819784051766429,0,0.6968039425795111
A549|chr1_234526853-234527353,0.2796824350382194,0,0.32454245835879125,-1.0,0.2921996685435026,0,1.408690475415502
K562|chr11_117985709-117986209,0.8203983372116191,0,0.32403845035783063,3.151773923348828,0.1160985799656643,0,0.21126614117229248
K562|chr11_67289006-67289506,0.9446744279784622,0,0.32389193960940454,3.230113341428709,0.1135912030608455,0,0.41588371410226227
K562|chr11_94740589-94741089,0.8813559962840233,0,0.3222379697981579,-1.0,0.7664957056236057,0,0.2822629435562003
A549|chr20_19889910-19890410,0.2542425478815672,0,0.3187859068777985,-1.0,0.5043340982877998,0,0.15710382149145483
K562|chr1_21763996-21764496,0.2551698838184543,0,0.31843316384727005,-1.0,0.8939043438791645,0,1.227040524969743
A549|chr3_71109434-71109934,0.2885239691236773,0,0.31680882154014484,-1.0,0.2322971385796434,0,0.4385765942561542
A549|chr2_160374681-160375181,0.7995407102727013,0,0.3161697758363068,-1.0,0.453657284649032,0,1.3725317275402904
K562|chr11_65500423-65500923,0.8119833870135047,0,0.3160978295965691,-1.0,0.5667094247135381,1,3.7262581637889522
K562|chr11_32440928-32441428,0.2361555295241318,0,0.3151277201103652,-1.0,0.6932515094749016,0,0.13380721150277913
A549|chr15_98893364-98893864,0.290680771504558,0,0.314482182249257,-1.0,0.3831321266039267,0,1.2582576581663074
A549|chr2_28612067-28612567,0.7469292265925602,0,0.31395391420007346,-1.0,0.6098981457764879,0,0.4513158285169949
A549|chr12_76006442-76006942,0.2588684661743559,0,0.3134262879461183,-1.0,0.1741501789712298,0,0.19926230696249123
A549|chr8_109561592-109562092,0.2877840079854261,0,0.3132833132794816,-1.0,0.4170142727356871,0,1.4999831986650858
A549|chr21_39087066-39087566,0.7842625738600382,0,0.31286359719994306,-1.0,0.986379680875472,1,2.081037037082744
A549|chr11_65508751-65509251,0.9126738447832086,0,0.3123194634696138,-1.0,0.1278683899091343,0,0.258060922270801
K562|chr16_87875048-87875548,0.8572808894508235,0,0.31218576446233826,-1.0,0.2777698070885701,0,0.15577141869837205
K562|chr17_82099227-82099727,0.764310406500826,0,0.31197193162596354,5.07827191745736,0.3174126898526619,0,0.6529042741053313
A549|chr15_98903893-98904393,0.7389215204299959,0,0.3119541169744483,-1.0,0.4360757635649491,0,0.5839089480574473
K562|chr19_19110344-19110844,0.8775886690588515,0,0.31139332917868173,-1.0,0.943810552953017,0,1.0252580954990498
A549|chr4_57109535-57110035,0.8142653998787439,0,0.3110376489049953,-1.0,0.3607493943976806,0,0.8803812502474253
K562|chr17_78260142-78260642,0.2479023201266587,0,0.31101987253554814,-1.0,0.2700498795639967,0,0.336025960071752
A549|chr12_3185610-3186110,0.7732488517756816,0,0.3093255732565399,-1.0,0.3277207304829619,0,0.0023166143162013718
K562|chr12_6611776-6612276,0.2683380134783436,0,0.30922819681933716,-1.0,0.4080239053225002,0,0.15029197150783413
A549|chr4_57068217-57068717,0.1452675217877042,0,0.3084146295122252,-1.0,0.240803104955827,0,1.2831289348339738
A549|chr13_110322057-110322557,0.758378811623573,0,0.3081673242749535,-1.0,0.2784804098558642,0,1.6281381973791047
K562|chr12_56682844-56683344,0.8229517591723008,0,0.3077878080746499,-1.0,0.2097821117386985,0,0.6015391503917767
A549|chr8_133050874-133051374,0.7568749255212712,0,0.3073469267890423,-1.0,0.4279910202277171,0,1.2942645432119886
A549|chr3_58006577-58007077,0.7165260116370428,0,0.30727642729910976,-1.0,0.2441397130299612,0,0.25457385325138937
A549|chr10_95282092-95282592,0.121242879252944,0,0.3068096570125374,-1.0,0.4291698353799039,0,0.4301464073104202
A549|chr3_71045556-71046056,0.7277112253033614,0,0.3062554686597233,-1.0,0.6426793341100111,0,0.11429396944678458
A549|chr2_237616595-237617095,0.1644725178752577,0,0.3059127537345758,-1.0,0.8579059243818143,0,0.39002161802643864
A549|chr2_55104486-55104986,0.7087336460677915,0,0.3029363835385983,-1.0,0.8206346392566362,0,0.789868831815864
A549|chr2_54628865-54629365,0.8583492596251917,0,0.30185594007549627,-1.0,0.1131463657718037,0,0.005243055412371884
A549|chr4_87032171-87032671,0.2799323787573385,0,0.30169932468183963,-1.0,0.8002880308810623,0,1.6190113435678943
A549|chr11_128464392-128464892,0.2771829397880935,0,0.3016732276063336,-1.0,0.9910391490956548,0,1.4912279517290736
A549|chr10_102777583-102778083,0.852733363901363,0,0.30109080114793085,-1.0,0.97022918269244,0,1.7001441852957329
A549|chr2_160387285-160387785,0.2069147466939427,0,0.30070005721846893,-1.0,0.9104206268701625,0,0.6669357990480216
K562|chr20_32358211-32358711,0.9609448327119252,0,0.29868247562009775,3.037147857148407,0.6392963983305122,0,0.030439657491558463
A549|chr10_3875371-3875871,0.1718731452891487,0,0.29761255046178753,-1.0,0.4635259385439763,0,1.1352694539679693
K562|chr6_37161068-37161568,0.1920916487188847,0,0.29727658589526607,-1.0,0.8464741082251942,0,1.425783472812544
A549|chr5_136031225-136031725,0.2847565247720787,0,0.2969064644248191,-1.0,0.1526639081589407,0,0.9318883829726965
A549|chr15_60399901-60400401,0.2979628861155103,0,0.2963733555854452,-1.0,0.2698517661929139,0,1.179279799547926
A549|chr9_21577288-21577788,0.2309206797366039,0,0.2950263058828168,-1.0,0.8780401820561975,0,0.7048068841141408
A549|chr2_42905664-42906164,0.7669443190129517,0,0.2940935442996884,-1.0,0.2100733108216763,0,0.15637485182217026
A549|chr22_46074669-46075169,0.813698309222183,0,0.2933163482367119,-1.0,0.99239044805213,0,1.1839576590780034
K562|chr6_15243044-15243544,0.2242883866927046,0,0.2932992826146925,-1.0,0.1924471139586579,0,0.011954116765761231
K562|chr10_21533380-21533880,0.8300218883280513,0,0.29284728780632824,4.627603567576888,1.0,0,1.1540528143214925
A549|chr7_55020473-55020973,0.8266474839942399,0,0.28862306208138316,-1.0,0.2670135465805902,0,0.21748437850860533
K562|chr10_74004287-74004787,0.213585197985003,0,0.28706422957920114,-1.0,0.3338126438592288,0,0.12881249667119318
A549|chr5_17217932-17218432,0.914118496256142,0,0.28622394125517786,-1.0,0.1375596746515593,0,0.11847269435906824
A549|chr17_72452325-72452825,0.2788021599665928,0,0.2854942106035413,-1.0,0.6351939405506285,0,0.048662481204082314
A549|chr2_237701318-237701818,0.7618585013740373,0,0.28411359754542476,-1.0,0.1838942403836795,0,0.24010562597450072
A549|chr11_128467538-128468038,0.2547946883621298,0,0.2824626344855688,-1.0,0.2465271088945302,0,0.6990351533946059
A549|chr7_55020799-55021299,0.713399117010673,0,0.28189708182283146,-1.0,0.3751763485217559,0,1.610568102417803
A549|chr6_16734989-16735489,0.1884871016993705,0,0.2817807358770038,-1.0,0.4798329302934461,0,0.6345120151091003
A549|chr7_131157794-131158294,0.8018963790238289,0,0.2784614190746857,-1.0,0.3543760449726139,0,1.304562105402264
A549|chr9_113529963-113530463,0.7950056542146214,0,0.2753637336148508,-1.0,0.1171189797930791,0,0.6560402709928591
A549|chr5_135993968-135994468,0.2448897903506338,0,0.27358252973606095,-1.0,0.3156282753671943,0,0.4337746980503022
A549|chr9_71748309-71748809,0.2181893275773704,0,0.27341133100804793,-1.0,0.4675823147380349,0,0.19558112738448297
A549|chr20_38168944-38169444,0.7880583219428958,0,0.27304470368354516,-1.0,0.5343907163945293,0,1.0199511549350433
A549|chr12_62697806-62698306,0.2656187609323162,0,0.2727679014924387,-1.0,0.1710280140964726,0,0.8860566476931632
A549|chr16_81486584-81487084,0.7768312477837814,0,0.27074609185263676,-1.0,0.540712796254547,0,0.04514508477652179
A549|chr5_14182230-14182730,0.2636231301575385,0,0.2683709496240572,-1.0,0.9954304801002382,0,1.1333228571851004
K562|chr10_100339381-100339881,0.238769782178153,0,0.2680890578831276,-1.0,0.63524430995004,0,0.6293019074244232
A549|chr18_58299880-58300380,0.1870366007886435,0,0.26726858687259897,-1.0,0.9761687316584308,0,0.30070873659857233
K562|chr20_32350376-32350876,0.1331470793056746,0,0.26628125251749213,-1.0,0.8096324976451276,0,0.6348865683724227
A549|chr1_64967401-64967901,0.7341656372091592,0,0.2649363147072022,-1.0,0.1909794307914787,0,0.44325137023668376
A549|chr22_45704616-45705116,0.2766982928205335,0,0.2647525100308711,-1.0,0.3996547023300758,0,0.057322409002190745
K562|chr6_42038750-42039250,0.1943128154639974,0,0.2640818834687029,-1.0,0.205800048917472,0,0.06229158176349811
K562|chr1_61043184-61043684,0.8996908638336529,0,0.26320524507563936,-1.0,0.2182168866034143,0,0.5878587805833482
A549|chr7_47571216-47571716,0.757638777911652,0,0.2613859001296284,-1.0,0.9967508996298956,1,2.0688778964954264
A549|chr8_109587757-109588257,0.2415996049669999,0,0.26094215219410044,-1.0,0.3499429573796285,0,0.3864541486726319
K562|chr2_38748838-38749338,0.8213401408033049,0,0.2595741449930416,-1.0,0.8483700503476479,0,0.31265835194860103
A549|chr11_126413725-126414225,0.7774682268844515,0,0.2591322434543231,-1.0,0.9997185788258662,0,0.7224824670308289
A549|chr4_168840356-168840856,0.2784214094648548,0,0.25866715452584477,-1.0,0.2076830569352613,0,1.9338978032332268
A549|chr16_81456444-81456944,0.7741532067909794,0,0.25671763306093637,-1.0,0.8710580773881139,0,0.24906754588093413
A549|chr10_3782021-3782521,0.719436578668189,0,0.25507364376636515,-1.0,0.6043434250932099,0,0.6588623612590361
A549|chr4_87025580-87026080,0.7068485740217323,0,0.2549408308025879,-1.0,0.9639111681879656,0,0.7816483342548668
K562|chr17_82097646-82098146,0.9158398441831382,0,0.25421498375177914,5.07827191745736,0.3936254616190911,0,0.22808196387109556
K562|chr1_61055194-61055694,0.1752769052096974,0,0.25278246386000713,-1.0,0.3180758218164084,0,0.846154659919035
A549|chr5_132417382-132417882,0.7741290542736383,0,0.25224648476781725,-1.0,0.1260050310363859,0,0.20514961155138492
A549|chr10_3867272-3867772,0.21071213494174,0,0.25116101936420454,-1.0,0.8178603119575384,1,2.3238187027657395
A549|chr7_47577265-47577765,0.7409753698027635,0,0.2510061741092739,-1.0,0.2491665645969362,0,0.6021642345133018
A549|chr1_234919157-234919657,0.7904346161310076,0,0.2502945961702952,-1.0,0.8488909956099483,0,0.3336318019890778
A549|chr5_136094485-136094985,0.2304362069458518,0,0.25021732094689186,-1.0,0.5872129170605239,0,1.3183427630472302
K562|chr11_32436164-32436664,0.977096171802581,0,0.2480284252636728,-1.0,0.2289732919311965,0,1.2843475744134965
A549|chr2_43198107-43198607,0.7649237228957301,0,0.2478055307994858,-1.0,0.88333994469513,0,0.7467104677451982
A549|chr4_168695954-168696454,0.2940413678627242,0,0.2472296095363935,-1.0,0.9532818634819912,0,0.9373428197744361
A549|chr3_71079037-71079537,0.279815622237211,0,0.2459805680749988,-1.0,0.2788380291053949,1,3.2210677222628608
K562|chr12_130868119-130868619,0.7305792791811128,0,0.2455905003593112,-1.0,0.3525374607570429,1,2.6474508990837733
A549|chr15_59304023-59304523,0.7962226130556258,0,0.24541470202915755,-1.0,0.1720785143555333,0,0.02317791938312676
A549|chr20_50481271-50481771,0.7466613716917111,0,0.24515495651788416,-1.0,1.0,0,1.4583209297153394
A549|chr22_45717768-45718268,0.2389531190058684,0,0.24494116503528315,-1.0,0.9764874691722304,0,0.6748950170285926
A549|chr11_128515022-128515522,0.203080940978592,0,0.24339431625112773,-1.0,0.9901926191975132,0,0.5467734220018095
A549|chr5_17257700-17258200,0.2220193159176846,0,0.2426723096312433,-1.0,0.3156112637048465,0,0.6557059941016878
A549|chr5_59007414-59007914,0.2671175523629914,0,0.24245973650413788,-1.0,0.2698293270720925,0,1.328595718706616
A549|chr2_9286482-9286982,0.2710591009486685,0,0.2421562409856435,-1.0,0.5015173921000698,0,0.09745865619539114
A549|chr10_33194030-33194530,0.2222665308668155,0,0.24171654886684069,-1.0,0.3418674396581624,0,0.636425622989554
A549|chr2_237680986-237681486,0.2052873982644152,0,0.2407780079944899,-1.0,0.4993356257715115,0,0.6689778289581714
K562|chr22_46603583-46604083,0.76728038892369,0,0.23789186911916219,4.656315751168226,0.9909760709022284,0,0.1191635507163927
A549|chr5_95863294-95863794,0.7137150156809928,0,0.23672178898102136,-1.0,0.4737918496258359,0,1.5963133768775437
K562|chr10_21534264-21534764,0.8940423784530235,0,0.2363698819104776,4.627603567576888,0.1220172887619914,0,1.2083374161504565
A549|chr15_85616531-85617031,0.297507486336918,0,0.23619029460342195,-1.0,0.3922715674664436,0,0.803519832299852
K562|chr11_12121451-12121951,0.1845286668028115,0,0.2353233346380023,-1.0,0.3926740140097574,0,0.8957519530095558
A549|chr11_19952870-19953370,0.1830825405022765,0,0.23369127705960346,-1.0,0.5841310059850625,0,0.7219326691113375
K562|chr10_131924890-131925390,0.2087458285408471,0,0.23214685327033185,-1.0,0.655227262976147,0,0.23940413499122873
A549|chr2_54553674-54554174,0.2402354812381822,0,0.23214685327033185,-1.0,0.2422547642739653,0,0.6880343396316337
K562|chr1_26056461-26056961,0.1717536907668883,0,0.23109563284008844,-1.0,0.5637811144943861,0,1.9520634838619209
A549|chr12_3184772-3185272,0.2830200400577628,0,0.23045283004620004,-1.0,0.3424309672413277,1,2.4115490085761873
K562|chr6_16266254-16266754,0.7637590930741772,0,0.23022401508235107,-1.0,0.1603218211873748,0,0.26960537191832146
A549|chr20_38170663-38171163,0.2890436546590626,0,0.23022401508235107,-1.0,0.9389766227187006,1,2.2390877036358945
A549|chr5_14197007-14197507,0.712661826583474,0,0.22996582041575808,-1.0,0.3772779738104498,0,1.1666233657625367
K562|chr11_96322364-96322864,0.9010597237214366,0,0.2296709286344754,-1.0,0.2187915075956326,0,0.9147451088961233
A549|chr6_71406843-71407343,0.2100053835148328,0,0.2290743853610009,-1.0,0.6529236128994044,0,0.40259005056463304
K562|chr1_8876990-8877490,0.9480492335868717,0,0.2278984307229881,-1.0,0.1656091397213157,0,0.19020468560901646
A549|chr21_39073018-39073518,0.2736422155812475,0,0.22737761911071444,-1.0,0.6333101565704777,0,0.330459984740555
A549|chr9_684933-685433,0.206640403707005,0,0.2269672782445637,-1.0,0.7549150141981408,0,0.39220196602061275
K562|chr15_92807726-92808226,0.7870736469529888,0,0.2266670957610312,-1.0,0.9646815028932352,0,0.5955939490787308
A549|chr11_128493509-128494009,0.2773761744415564,0,0.224091145336102,-1.0,0.4720992100805659,0,1.0837356031291894
A549|chr9_131631183-131631683,0.7747872103711838,0,0.22363301724539808,-1.0,0.3171287498033429,0,0.23556232319832987
A549|chr7_55056006-55056506,0.2256349361518623,0,0.22271095564268653,-1.0,0.1819880270761935,0,0.29426454321198847
A549|chr13_110308317-110308817,0.9176008712323924,0,0.2224789336090043,-1.0,0.9976872637199424,0,1.538696604409534
A549|chr11_48052555-48053055,0.7377842765080046,0,0.22237746293520091,-1.0,0.843532260055539,0,1.5604778371860428
A549|chr1_234851031-234851531,0.720367771426614,0,0.22195009681976743,-1.0,0.9723823075587564,1,2.753575285091256
A549|chr5_95779561-95780061,0.2637007839843264,0,0.22080047077911402,-1.0,0.9926014926898749,0,0.5037208975410554
K562|chr11_32436913-32437413,0.8520086289297799,0,0.21956026720204355,-1.0,0.2015498380843832,0,0.018000285870121653
A549|chr6_112223047-112223547,0.1726187236294498,0,0.21861087922130892,-1.0,0.1508421895499101,0,1.31243536924554
A549|chr18_3704502-3705002,0.2884568239642902,0,0.2184456676665875,-1.0,0.1387726404353867,0,0.6769749063815551
A549|chr5_59064665-59065165,0.2396435413570492,0,0.21824462534753114,-1.0,0.3944170250546787,0,0.6955741041906026
A549|chr5_95834329-95834829,0.7411215912328684,0,0.2176133832568889,-1.0,0.2830040141183177,0,1.1440752077411669
A549|chr9_21553413-21553913,0.1360843689233158,0,0.21581793298279817,-1.0,0.3563512217727331,0,0.4623193977108341
A549|chr1_39174631-39175131,0.7441949410055895,0,0.2148125799706381,-1.0,0.2806610715436446,0,0.9374932247913171
A549|chr13_110307982-110308482,0.7509772407519735,0,0.21469864424967164,-1.0,0.4563358281829537,0,0.3457079184197032
A549|chr9_71736220-71736720,0.2645788528163881,0,0.2145562666193424,-1.0,0.5528109967818158,0,0.30223901564117395
K562|chr12_6604590-6605090,0.232233890968713,0,0.2143854750531759,-1.0,0.7569536394886824,0,0.6519678738175133
A549|chr15_57611082-57611582,0.7101931606283196,0,0.21436413082923036,-1.0,0.8120934982686945,0,0.03650494803416786
K562|chr1_26035235-26035735,0.9051229657479746,0,0.21379533814520119,3.393178113983302,0.1120013320564616,0,0.24494879863341856
A549|chr10_3823844-3824344,0.2253941222004162,0,0.21371718737569392,-1.0,0.1464246032237811,0,0.6987312080339371
A549|chr9_700744-701244,0.2899492289120147,0,0.21339762604423423,-1.0,0.9227432922434826,0,0.3892227634928144
K562|chr19_4398089-4398589,0.2936306031882393,0,0.21132265681840035,-1.0,0.1518526629573513,0,0.27666749131069895
A549|chr7_27117484-27117984,0.8794764709630569,0,0.21049684734679114,-1.0,0.5439304072772376,1,2.000217201545864
A549|chr9_71762862-71763362,0.2708012466995309,0,0.21031354718288242,-1.0,0.4867985638082612,0,0.783253666390025
K562|chr11_67284652-67285152,0.7128510595459694,0,0.2102430677147136,-1.0,0.999932285022955,0,0.6049008626874293
K562|chr6_16299812-16300312,0.1248671303605708,0,0.21007396364252692,-1.0,0.4751311293459221,0,0.23390704229151035
A549|chr12_62732937-62733437,0.7330566244447569,0,0.20956704613831773,-1.0,0.9508534634379894,0,0.29778494085083407
A549|chr13_110347775-110348275,0.7463566638812892,0,0.20951075847756295,-1.0,0.4685697840901045,0,1.5843590201038456
A549|chr12_3200938-3201438,0.8616796217924796,0,0.20926458570220566,-1.0,0.5573860580428917,0,0.22839047427308096
A549|chr15_63469123-63469623,0.2372964508137032,0,0.20733521114827885,-1.0,0.9773936122976058,1,2.148600987118485
A549|chr13_110319363-110319863,0.7331485752845142,0,0.207041296083243,-1.0,0.964491611496062,0,0.008760629781953905
A549|chr9_131674174-131674674,0.7292793100740527,0,0.2067895271048958,-1.0,0.9869384767303476,1,2.6250684460218117
A549|chr4_168876044-168876544,0.108520090786758,0,0.2063772210803115,-1.0,0.9738414029636784,0,0.30708261269050385
A549|chr10_33298377-33298877,0.753393160163848,0,0.20622357998648932,-1.0,0.9988654610873772,0,0.23530840221873583
A549|chr1_64949401-64949901,0.1955548627189203,0,0.20265627383764304,-1.0,0.1724619118757761,0,0.5581164230132964
A549|chr11_122196941-122197441,0.7006325085626043,0,0.20221327861503993,-1.0,0.9632227999500964,0,0.4647818564828167
A549|chr17_72463604-72464104,0.7381986141041702,0,0.20218560641139532,-1.0,0.8266620505211455,1,2.249206283337732
A549|chr7_131174334-131174834,0.2242302437415732,0,0.20110086283892542,-1.0,0.5959112324847704,0,0.42762800759609687
A549|chr5_59560539-59561039,0.1649439854643647,0,0.19990181982522437,-1.0,0.9938384428457752,0,0.17254025835259623
A549|chr1_8399261-8399761,0.1926798567860227,0,0.1998949383319402,-1.0,0.2774910156163736,0,0.9627727654177256
A549|chr7_55053606-55054106,0.1826646322815521,0,0.19946849856060847,-1.0,0.1889549387940063,0,0.014398406266630838
K562|chr5_10354103-10354603,0.7909068947866572,0,0.19730835386193415,3.238666153484297,0.5128837855274789,0,0.6315643458981944
A549|chr13_33233486-33233986,0.1897963742484814,0,0.19577876165268446,-1.0,0.5687800822080675,0,0.8302668020574822
K562|chr10_21524349-21524849,0.7814719978204779,0,0.1943224695419862,-1.0,0.9997635225139296,0,0.2572905758322102
A549|chr10_3889573-3890073,0.2909655505852268,0,0.19298616733836257,-1.0,0.2165470808795811,0,0.8929257685879306
K562|chr1_8872898-8873398,0.2385374066724273,0,0.1926408900560611,-1.0,0.5351369211824523,0,0.37912512757703004
A549|chr1_67771746-67772246,0.2460971694672119,0,0.19247173669538808,-1.0,0.7207202210492187,0,0.8819999665787193
A549|chr13_110365809-110366309,0.7384244633648839,0,0.19224855509253191,-1.0,0.2448961356446274,0,0.5411054266525904
A549|chr9_131595654-131596154,0.7458732796955854,0,0.19212686799666787,-1.0,0.5462157775830737,0,1.2533735841873939
K562|chr3_4982912-4983412,0.8240821491991819,0,0.19208631320711228,-1.0,0.1132883433879289,0,0.2443614038238809
A549|chr1_64964142-64964642,0.2575648253420288,0,0.19139746057145232,-1.0,0.9000275517119128,0,0.09404230090757291
A549|chr3_66424215-66424715,0.161409299386854,0,0.19039988775697295,-1.0,0.9996752832867246,0,0.15673606846545035
K562|chr10_21532258-21532758,0.1476850620075246,0,0.1893105703563497,-1.0,0.8899620850417368,0,0.422726551212112
K562|chr8_38148057-38148557,0.2474417674487737,0,0.189135995803057,-1.0,0.1831369416558639,0,0.6878438085243769
K562|chr11_118006026-118006526,0.208674479441906,0,0.18841159018558054,-1.0,0.4324279671663197,0,0.289163639136257
K562|chr6_44002938-44003438,0.8497561213988779,0,0.1874676532931354,-1.0,0.5375990706088087,0,0.7406211716170358
A549|chr3_66469418-66469918,0.7757814696487478,0,0.1865257635940621,-1.0,0.2354934555949323,0,0.24492589824152824
A549|chr14_68655045-68655545,0.7098387833982215,0,0.18612557821521925,-1.0,0.1892760298810809,0,0.45614294992940874
A549|chr5_14216290-14216790,0.231801346706048,0,0.185545963633683,-1.0,0.555309440600533,0,1.0193785966534612
K562|chr8_22703382-22703882,0.839994736282862,0,0.18529304116964068,-1.0,1.0,0,0.09183679994445211
K562|chr3_4984958-4985458,0.1710729287219454,0,0.18502031623924323,-1.0,0.5277754271033581,0,1.7286463778975154
K562|chr21_34988097-34988597,0.2202304151548104,0,0.18386480016922918,-1.0,0.9862331571716962,0,1.281573052751924
K562|chr1_47229103-47229603,0.8035022566325065,0,0.18311602210662872,13.4910799281386,0.9969954287815432,0,0.5321699948210241
A549|chr11_19952168-19952668,0.2680923038380875,0,0.17935199218262024,-1.0,0.258212331368264,0,1.3675427078152758
A549|chr1_64924347-64924847,0.2989204956897771,0,0.1790108235839504,-1.0,0.2117079263132406,0,0.3433844042748875
A549|chr7_47606631-47607131,0.75421983232289,0,0.17793658251510222,-1.0,0.4750613562686714,0,1.1446201801136635
K562|chr10_131901052-131901552,0.8960037789516433,0,0.1772175409292546,-1.0,0.2357834647682105,0,0.546437055901493
A549|chrX_107675393-107675893,0.2516064399552307,0,0.17706081720990907,-1.0,0.9362321771893592,0,0.47105760258427065
A549|chr4_87114499-87114999,0.7584244604619371,0,0.17412618602312152,-1.0,0.1660079913553551,0,0.0659259506664699
K562|chr12_47814747-47815247,0.1495038094516338,0,0.17389278847248016,-1.0,0.702165979599464,0,0.008578978708306994
A549|chrX_107675096-107675596,0.2335880814293993,0,0.17340047183749632,-1.0,0.5950458227765838,0,1.1631886842726538
K562|chr22_46610327-46610827,0.2801863992388376,0,0.17277939484590935,-1.0,0.3989547860170241,0,0.2232334588838729
A549|chr2_42918620-42919120,0.2799920778581942,0,0.170972976998236,-1.0,0.2276433538424764,0,0.003024510938953994
A549|chr12_62718966-62719466,0.7287360671254193,0,0.170130404596822,-1.0,0.5705662932153586,1,3.6208939952643044
A549|chr1_93623411-93623911,0.1462738282944708,0,0.1700019113026206,-1.0,0.7210989796737723,0,1.289003085083778
K562|chr12_130871110-130871610,0.8775181325406006,0,0.1685397684922565,14.577968569346378,0.3303940195856668,0,0.09130592669468404
A549|chr11_128509891-128510391,0.2834472957671697,0,0.1654839273289022,-1.0,0.9370248746549408,0,0.3058951858982439
K562|chr11_32435102-32435602,0.9479762141831782,0,0.16529325215450755,4.66038957837444,0.0864746729592734,0,0.03985280437063402
A549|chr2_36367773-36368273,0.7007204097915813,0,0.16519794595130077,-1.0,0.5887090022403956,0,0.4329265583997898
K562|chr12_130830746-130831246,0.1904752564383335,0,0.16512806802586696,-1.0,0.2513640488525197,0,0.4281049155962402
A549|chr3_57985206-57985706,0.7072272198870434,0,0.16494389827988373,-1.0,0.2328246410224467,0,0.5711042371986124
A549|chr20_38131488-38131988,0.2838925787761786,0,0.16493754899176583,-1.0,0.3144464332760504,0,0.9178611686065524
A549|chr3_45610106-45610606,0.7151347018114822,0,0.16230426388370495,-1.0,0.9252600096837734,0,0.6904762903468866
K562|chr8_38107387-38107887,0.2064344314815879,0,0.16025178106812277,-1.0,0.6017263244970705,0,0.34070194513383806
K562|chr1_27520625-27521125,0.2048495718461556,0,0.15869685380741866,-1.0,0.2524807335878626,0,0.22839047427308096
A549|chr20_54173126-54173626,0.843774216926473,0,0.15735332282362846,-1.0,0.120322689850682,0,0.25346699256842614
A549|chr3_127820747-127821247,0.2948436842981494,0,0.1559206436964855,-1.0,0.3278262516885628,0,0.4769302071750033
K562|chr18_48973867-48974367,0.2689999507372956,0,0.15585846038258033,-1.0,0.9930265433126608,0,0.17424941865197224
A549|chr10_102806757-102807257,0.1752666755787133,0,0.15556010435064632,-1.0,0.471845326190231,0,1.934084331811408
A549|chr7_47602201-47602701,0.2734444813602512,0,0.15521848985816153,-1.0,0.9000694506515375,0,0.47937238138070354
K562|chr11_118006594-118007094,0.1163681119185442,0,0.1549267775223597,-1.0,0.5009580350663719,0,0.45865793560994317
A549|chr5_17258075-17258575,0.2725401118302193,0,0.1535329901456669,-1.0,0.868680123425732,0,0.8312374243776429
A549|chr1_8019959-8020459,0.2232273191678238,0,0.1531249929083036,-1.0,0.4371405240724391,0,0.2733135334549908
K562|chr1_230133186-230133686,0.7237779788037199,0,0.15257542103727428,-1.0,0.5618165263567051,0,0.07451257557961873
A549|chr13_112771813-112772313,0.2829857852855723,0,0.15217448729591337,-1.0,0.2230863228512929,0,0.9761304986116679
A549|chr11_122197386-122197886,0.7401971478257436,0,0.15153991851775267,-1.0,0.2247406477835922,0,0.557614312132129
A549|chr7_130985332-130985832,0.8010473541744592,0,0.15128758095057696,-1.0,0.880022029191997,0,1.2101866923742066
A549|chr21_38813463-38813963,0.2656052622297156,0,0.15108458642264574,-1.0,0.4832139377570491,0,0.2732972360037016
A549|chr11_20036071-20036571,0.7299053305505685,0,0.14934151408755217,-1.0,0.3665927052948722,0,0.18689960293998428
K562|chr12_6620585-6621085,0.8273080268244172,0,0.14920677886723283,-1.0,0.1698435836901299,0,0.2309182128817811
K562|chr10_100364084-100364584,0.2237583470799602,0,0.1488884798669528,-1.0,0.675250668034142,0,0.6665325730946289
A549|chr11_48043287-48043787,0.737169853303938,0,0.14784340774995905,-1.0,0.289487544211904,0,0.6910729366059466
K562|chr15_92820983-92821483,0.8601268291741522,0,0.14726999303482124,-1.0,0.999985997528189,0,0.6411518099039196
K562|chr1_21761404-21761904,0.1904747260037163,0,0.14597953235804764,-1.0,0.5239920964352065,1,2.646814937136454
K562|chr12_56677675-56678175,0.1652682698469871,0,0.1454996321228976,-1.0,0.3534583454470162,0,0.4505430514179845
A549|chr1_67755597-67756097,0.2071020883654101,0,0.1452629147205572,-1.0,0.2221120024092047,0,1.182765269574502
A549|chr8_30385784-30386284,0.7784462296599589,0,0.14467471498188028,-1.0,0.3463879485205751,0,0.5838423103678152
A549|chr7_27104184-27104684,0.2957129862308879,0,0.1446322983814779,-1.0,0.9973576681517704,0,1.8441783102820333
K562|chr19_4397356-4397856,0.2526432431630222,0,0.1434704838567483,-1.0,0.8747410104694279,0,0.6885852328376416
A549|chr7_47581116-47581616,0.8836442752219992,0,0.14128839784202404,-1.0,0.6117637492041255,0,0.20135625913238128
A549|chr2_237735227-237735727,0.8228427948352512,0,0.14119220459287382,-1.0,0.1907792057618025,0,1.990719115744641
A549|chr1_64909032-64909532,0.7770548472607286,0,0.13958412691662644,-1.0,0.3718110238000103,0,1.1966794764212458
A549|chr13_110326639-110327139,0.7218666354309591,0,0.13916508550829293,-1.0,0.1563798800719169,0,0.7035761514962235
A549|chr3_30581991-30582491,0.2662303827927248,0,0.13886601756876454,-1.0,0.3331407009430142,0,0.9115449549558349
A549|chr2_160403529-160404029,0.1616222595637944,0,0.1381908817329394,-1.0,0.9781959352323536,0,0.2692580881499792
K562|chr1_61051907-61052407,0.8450255700521581,0,0.13723672875110493,-1.0,0.9975448965802158,0,1.2341154691075242
K562|chr8_143934715-143935215,0.717327555282714,0,0.13717716373586938,-1.0,0.3968207359814649,0,0.9326315290847316
A549|chr9_21559008-21559508,0.8634120714107494,0,0.13698065712842664,-1.0,0.1544508104390765,0,0.010536833322833856
A549|chr3_30600497-30600997,0.2426243742153879,0,0.1366771398795441,-1.0,0.1520859031914174,0,0.16793199219147084
K562|chr1_21755048-21755548,0.2009345580805309,0,0.13631438781107513,-1.0,0.5588495394231766,0,0.6043591413038818
A549|chr1_234881895-234882395,0.267691827812872,0,0.13596381727422502,-1.0,0.997381988589598,0,0.27903076925837733
K562|chr19_45884812-45885312,0.917154690026706,0,0.13430985694278966,4.263149518836673,0.2417917766183203,0,0.0836882074527673
A549|chr20_54172876-54173376,0.930067576246986,0,0.1336417614818213,-1.0,0.1642604527490463,0,0.2893749849392032
A549|chr9_131674570-131675070,0.7388683239299628,0,0.12943809178160573,-1.0,0.2233260060016296,0,0.855363532411508
K562|chr1_21782321-21782821,0.8906067760088033,0,0.12877160127686907,-1.0,0.4702046166993677,0,0.18250734945493277
A549|chr21_38812828-38813328,0.769514733253299,0,0.1284796032547463,-1.0,0.2971235578011369,0,0.7941733406406584
K562|chr19_5977637-5978137,0.9556306114269046,0,0.1272902817120938,4.975760693930908,0.8154472294771933,0,0.6272536493951545
A549|chr9_21564540-21565040,0.2226941929887738,0,0.12604615059529914,-1.0,0.6205883084588929,0,0.6491320037134354
A549|chr7_47592735-47593235,0.8010892146672547,0,0.12400745034382711,-1.0,0.8196061509841956,0,0.45260685393156713
K562|chr4_40227217-40227717,0.1603502719352066,0,0.12388612531799573,-1.0,0.5200783713387502,0,0.37113105671636054
A549|chr9_73080059-73080559,0.728383896134886,0,0.12163333737485031,-1.0,0.6680058248334942,0,0.30455334867066697
K562|chr22_39522689-39523189,0.2753967890761166,0,0.12151841881262407,-1.0,0.948516886646166,0,0.4426973616710529
A549|chr5_59496463-59496963,0.8132754079329697,0,0.12112218303423633,-1.0,0.6198081571288772,0,0.04328904043234262
A549|chr6_16723366-16723866,0.2744599466641585,0,0.12106478754048935,-1.0,0.1912386588220987,0,0.898734215008665
A549|chr1_8017039-8017539,0.2774966467335824,0,0.12104757037138941,-1.0,0.931500229592666,0,1.0950249291031762
A549|chr8_109574867-109575367,0.745441509903911,0,0.12100739963101412,-1.0,0.4091733125004192,0,0.22409842110832567
A549|chr13_110298666-110299166,0.7753512529336091,0,0.12050271275057142,-1.0,0.4171242542711295,0,0.5014137911824823
K562|chr17_79840336-79840836,0.934502836329828,0,0.11988412481040303,-1.0,0.4588591842391343,1,2.1043344054792192
A549|chr13_110298330-110298830,0.8280111432515703,0,0.11958660012208334,-1.0,0.9898444867536924,0,0.5014826885383662
A549|chr22_46071957-46072457,0.9648963335927117,0,0.11951225078706613,-1.0,0.17866568175074,0,0.001749382436589391
K562|chr17_82097400-82097900,0.8545145374917676,0,0.11910070016074809,5.07827191745736,0.7493334002326513,0,0.0047597981371845675
K562|chr10_5476448-5476948,0.7206435616495094,0,0.118986449720917,-1.0,0.2481538052764333,0,0.7894407181892762
K562|chr6_12012928-12013428,0.8008017124235179,0,0.1180393292951472,-1.0,0.3043395622151705,0,0.10165334594015482
A549|chr7_130959395-130959895,0.7186774580810853,0,0.1177943273178162,-1.0,0.2640698329542142,0,0.12577918530242144
A549|chr12_106133600-106134100,0.2046485757925298,0,0.11750961498550729,-1.0,0.618472886562121,0,0.86053022441057
A549|chr13_112773014-112773514,0.8290252151410157,0,0.1165316275221127,-1.0,0.4012054841850105,0,0.20070081389536168
A549|chr15_60411996-60412496,0.7105901386026462,0,0.11615693716559064,-1.0,0.3270916135796022,0,1.087448493697372
K562|chr12_130831824-130832324,0.1823958343502348,0,0.11608317261208732,-1.0,0.5203091682982861,0,0.8023335738064346
A549|chr7_47592375-47592875,0.7480668043534331,0,0.11517632572983934,-1.0,0.9906866134158728,0,0.7679700623798666
K562|chr12_56724878-56725378,0.878720142526653,0,0.11510838848754727,5.793957098907479,0.329739415875749,0,1.1687446847953933
K562|chr10_3078377-3078877,0.2378791598841101,0,0.11465008986788586,-1.0,0.2229239895327419,0,0.06578443727649105
A549|chr2_237690916-237691416,0.919519530372879,0,0.11414143575704445,-1.0,0.8209772184645869,0,0.11116927195798186
A549|chr9_71781309-71781809,0.2249214498883888,0,0.11328936317973888,-1.0,0.1815913486327225,0,1.2514476287124423
A549|chr15_96340602-96341102,0.8818278578676606,0,0.11299068726836363,-1.0,0.9936018852019302,0,1.3289197672611506
A549|chr17_77433662-77434162,0.8085953641971734,0,0.11133760097983175,-1.0,0.4213133988171414,0,0.7154339227330264
A549|chr7_27161614-27162114,0.91169791761466,0,0.11094493470318553,-1.0,0.34378727637249,0,0.9149592932578062
A549|chr13_33191388-33191888,0.2295828131615543,0,0.11047980427390011,-1.0,0.7619697315091352,0,1.3803328611940613
A549|chr5_132413369-132413869,0.181493975441941,0,0.11005433817873675,-1.0,0.3174622266034793,0,0.9749400314004211
A549|chr10_119350661-119351161,0.2499526601951273,0,0.10998719740764104,-1.0,0.755357579547402,1,2.46047226902866
K562|chr12_56685176-56685676,0.8608190350638161,0,0.1091879010448756,-1.0,0.4487618493642631,0,0.5023655413927177
K562|chr10_11894072-11894572,0.8438810162924121,0,0.10888645107939668,3.124927155576529,0.1499398338842859,0,0.04683491113323128
A549|chr20_19936423-19936923,0.2925218929361289,0,0.1080111998777423,-1.0,0.8074673741257847,0,1.3281332112274367
K562|chr2_26764014-26764514,0.9522430528159956,0,0.10742682358448151,7.0841834842552736,0.07595510173563,0,0.005748854547133426
A549|chr17_72407849-72408349,0.2442194273618121,0,0.10659336198241194,-1.0,0.3058483877256465,0,0.5466204960232924
A549|chr20_19974509-19975009,0.7160021603730055,0,0.1064268614314071,-1.0,0.2519836149525837,0,1.3918592259559437
A549|chr7_55022854-55023354,0.2175915382584438,0,0.10485381062400788,-1.0,0.5966978368199903,0,0.5887170869826158
K562|chr17_75132284-75132784,0.783685490192405,0,0.10216405779230615,-1.0,0.1401637032618386,0,1.3609320694328944
K562|chr5_10353873-10354373,0.9610675323961532,0,0.10155456781647576,3.238666153484297,0.2221561433031803,0,0.2554488644663325
A549|chr22_46072258-46072758,0.9176949267085764,0,0.09968750301627337,-1.0,0.1196959583570036,0,0.9301469788863753
K562|chr11_12111084-12111584,0.7713145699047085,0,0.09923972604036632,-1.0,0.1974096935150696,0,0.9303688973796574
A549|chr10_33264470-33264970,0.752466887900242,0,0.09883603055399047,-1.0,0.3984473934009557,0,0.19677511643778148
A549|chr10_102758791-102759291,0.8687567593301798,0,0.09882512507150082,-1.0,0.7018434447647132,0,0.3937368994880522
K562|chr10_131905853-131906353,0.1839738547648574,0,0.0979862242121852,-1.0,0.7114934230873781,0,0.6040274522050069
K562|chr18_48974773-48975273,0.8220350101518978,0,0.09706204268346799,-1.0,0.2779253597490739,1,2.5082462172278523
A549|chr4_168695273-168695773,0.2951675660721576,0,0.09672547706435848,-1.0,0.7459227857388437,0,0.384744533409522
K562|chr19_3370630-3371130,0.1996560752228516,0,0.09579314207214942,-1.0,0.9999995289530824,0,1.2988120809455705
A549|chr7_55073119-55073619,0.2811040951725301,0,0.09503033430535313,-1.0,0.5032036072974734,0,0.3316606839304537
K562|chr21_37367236-37367736,0.9287068336963894,0,0.09396680613173128,-1.0,0.0860502283224668,0,0.22064886063186923
A549|chr17_77433941-77434441,0.7647765434931826,0,0.0938158559391283,-1.0,0.6238452786627792,0,0.8941152913307668
K562|chr10_3068104-3068604,0.9622961995431828,0,0.09361646648115653,6.48011952667834,0.2888685349231479,0,0.7119520904078815
A549|chr9_21578699-21579199,0.208831649551618,0,0.09343870983961151,-1.0,0.5927148765827375,0,0.2514476287124422
K562|chr22_46595569-46596069,0.1696652342486735,0,0.09308879576700098,-1.0,0.6835732475108193,0,1.1302697147827705
K562|chr1_61051568-61052068,0.7564808529749792,0,0.0930080863870593,-1.0,0.9799212753537568,0,0.9208187539523752
A549|chr20_19914108-19914608,0.266079313441471,0,0.0927660482025206,-1.0,0.2632876992784544,0,0.20001193854963378
K562|chr16_85305559-85306059,0.8582848780369992,0,0.09201926985537891,-1.0,0.9782771040556564,0,0.7640172965181607
K562|chr10_21535107-21535607,0.7369625519367438,0,0.09068471791396135,4.627603567576888,1.0,0,0.16285365609094005
A549|chr12_62785834-62786334,0.7300329150622442,0,0.0905402536067546,-1.0,0.5090619866976999,0,0.2038768458180214
A549|chr2_160376077-160376577,0.1384470482909554,0,0.09016594015495069,-1.0,0.3349835593877709,0,0.2559105178187351
K562|chr12_6620318-6620818,0.9043815987265506,0,0.08960507418888866,-1.0,0.3129689460949797,0,0.05346913676358269
K562|chr1_8876716-8877216,0.9480646613341436,0,0.08735289378168283,-1.0,0.4501084434197467,0,0.4030621993431217
K562|chr14_102517135-102517635,0.7342175415066498,0,0.08701315330034438,3.7126462272852536,0.5526161895846649,0,0.7322886732733076
K562|chr19_41862529-41863029,0.2475720625052867,0,0.08590553576106984,-1.0,0.1950601290433496,0,1.040853626098126
K562|chr1_27530968-27531468,0.7413029065503427,0,0.08500668153673416,-1.0,0.1745270073567653,0,1.0340789918892657
K562|chr14_68790620-68791120,0.7177451314707592,0,0.08466877079277896,-1.0,0.1893775142626113,0,1.2107648868276453
A549|chr17_72413942-72414442,0.7152538097185142,0,0.08445771001279626,-1.0,0.7365858083627971,0,1.0053617553469214
A549|chr8_109570621-109571121,0.1640633475243887,0,0.08411495486264385,-1.0,0.7521615123814938,0,0.8078229738872478
A549|chrX_107736602-107737102,0.7563430476093433,0,0.08355131565751749,-1.0,0.9062532991495909,0,0.4396270280587342
K562|chr1_8881051-8881551,0.7379052245383342,0,0.08280443626270623,-1.0,0.5176345220418441,0,1.3775269287218768
K562|chr1_28915122-28915622,0.7059280639243686,0,0.08130928264401428,-1.0,0.280319495504425,0,0.9636506119681618
A549|chr22_46078251-46078751,0.8155010827265812,0,0.08058715899426624,-1.0,0.95636712123801,0,0.05345931298575892
A549|chr7_55066870-55067370,0.7018057345101297,0,0.08035194325929881,-1.0,0.4069805277766194,0,0.0615052925073137
A549|chr4_57114931-57115431,0.7211938194520948,0,0.08029446545087897,-1.0,0.2279841865001481,0,1.5058454059815571
K562|chr1_230136424-230136924,0.7374811364189241,0,0.08023177106173617,-1.0,0.9341742532371382,0,1.5038594373157095
A549|chr5_136033818-136034318,0.1763851809791377,0,0.07873502064081059,-1.0,0.2955805431578325,0,0.8038238149600268
K562|chr19_13151922-13152422,0.970039924233622,0,0.07854763852506981,4.772679017451155,0.3478951418847664,0,0.501703233555657
A549|chr9_21559676-21560176,0.8840568855648212,0,0.07735237953394958,-1.0,0.0923316461311038,0,1.2441556222026677
A549|chr17_72440075-72440575,0.2893592049757669,0,0.07707741601866486,-1.0,0.5111719358103614,0,0.4650225365384497
K562|chr1_246573394-246573894,0.1859319146539729,0,0.07603620902337146,-1.0,0.3905650186593336,0,1.8100607450724875
A549|chr13_110411297-110411797,0.2431545248739721,0,0.07570520369787441,-1.0,0.5929262470138494,0,0.7900294832906565
K562|chr15_92844699-92845199,0.2396206444475881,0,0.07557597323292814,-1.0,0.9975936748268508,0,0.007972548807037636
A549|chr2_55097474-55097974,0.2931678711718659,0,0.07537445046189821,-1.0,0.937312720451016,0,0.9064032313917721
A549|chr9_113576029-113576529,0.8185584227477232,0,0.07520400420208784,-1.0,0.0909055979578018,0,0.826580615918198
A549|chr3_58048680-58049180,0.2851822999786198,0,0.07488395262660891,-1.0,0.347306968227782,0,0.27577329859541455
K562|chr11_360228-360728,0.2106038507183184,0,0.0746930664226886,-1.0,0.3104483623907565,0,0.49218459240798307
K562|chr11_86054210-86054710,0.168270484637231,0,0.07269637764762323,-1.0,0.3945186907389653,0,0.558194930304297
A549|chr20_38117186-38117686,0.205041707362352,0,0.07163999900336236,-1.0,0.3163844855066736,0,1.6143579834707673
K562|chr11_65495860-65496360,0.8546839379939989,0,0.07093376238732753,-1.0,0.3278440273632629,0,0.007773541113547913
A549|chr11_65439690-65440190,0.2879861982297539,0,0.0708059437534597,-1.0,0.1332240890705203,0,1.2977418368379057
A549|chr15_67103821-67104321,0.7777784067495834,0,0.07073438174693444,-1.0,0.4177622681709599,0,0.7278101685495593
A549|chr15_89115917-89116417,0.7067727635661597,0,0.07036142792425866,-1.0,0.4689778356335892,1,2.8105658365989723
A549|chr3_30602859-30603359,0.2483946631645516,0,0.061265182212765716,-1.0,0.2339266337969994,0,0.18722697655249634
A549|chr1_8356287-8356787,0.7485751974257828,0,0.060635523566581126,-1.0,0.741862738243163,0,1.2679280590001334
A549|chr7_131163160-131163660,0.1480424921740182,0,0.05917483742976339,-1.0,0.9989650269295376,0,0.20795167894123912
A549|chr7_55032693-55033193,0.1997095311436115,0,0.05812101365745166,-1.0,0.5294008374344757,0,0.23905757933727828
A549|chr12_3200621-3201121,0.943646109884374,0,0.056624214075564595,-1.0,0.3102783855811416,1,2.30947610707241
A549|chr10_33290191-33290691,0.2407544410368687,0,0.05599136225953207,-1.0,0.1406968046650293,0,0.13299238877517464
A549|chr2_237689148-237689648,0.2731444037499686,0,0.05584810981449056,-1.0,0.9578654049547344,0,1.1092940165559282
K562|chr11_354525-355025,0.7925361867856661,0,0.055655534446288964,-1.0,0.2643702925604119,1,2.975268110344751
A549|chr12_106139164-106139664,0.8277767302978088,0,0.053316893173042286,-1.0,0.999863050522718,0,0.15329803583594534
A549|chr1_8358506-8359006,0.8267726010011393,0,0.05127902913866691,-1.0,0.9828340980076036,0,0.6020426198961125
A549|chr21_39029050-39029550,0.7442783281522991,0,0.04992737024984245,-1.0,0.5152757228621936,0,0.9620558447969014
A549|chr1_8364150-8364650,0.7583848352381745,0,0.04953291344087067,-1.0,0.2008467155757007,0,1.4370888549523515
A549|chr22_46061726-46062226,0.8342288924198398,0,0.049216632930063106,-1.0,1.0,0,1.3106289763814354
A549|chr16_89374966-89375466,0.8248075382561214,0,0.04825946420878653,-1.0,0.604473005585357,0,0.1672739943215335
K562|chr1_47235724-47236224,0.1496036327322625,0,0.04781803157833091,-1.0,0.3968754091768019,0,0.22595773295786253
K562|chr19_45885124-45885624,0.8761007435282603,0,0.04717850812930914,4.263149518836673,1.0,0,0.2579822528598617
A549|chr12_104295248-104295748,0.8234812399240531,0,0.046646290362260596,-1.0,0.24022131739888,0,0.6841555552489657
K562|chr10_131898420-131898920,0.2299838098940388,0,0.04571406328381248,-1.0,0.4466450487086999,0,0.12827532138981318
A549|chr12_104304069-104304569,0.8423496683601005,0,0.04545841292139389,-1.0,0.7035899054877018,0,0.14989927242003115
A549|chr12_76029839-76030339,0.8060626882651714,0,0.04480309215421723,-1.0,0.902676592642054,0,0.6730090944796396
A549|chr2_237690664-237691164,0.8312694107351843,0,0.04445174650584478,-1.0,0.2220550327278386,0,0.02935563631455286
A549|chr7_55067114-55067614,0.2311578795192894,0,0.04445174650584478,-1.0,0.3357910408765748,0,0.5612520230977704
A549|chr1_8420217-8420717,0.1151667938883099,0,0.04312593414096658,-1.0,0.3715725161959954,0,0.07733681091241747
K562|chr17_82112893-82113393,0.236636836867147,0,0.041015881057265315,-1.0,0.9729430743273264,0,0.09938165412681765
A549|chr3_58032208-58032708,0.2204307653720829,0,0.04045778754048862,-1.0,0.3248773799253588,0,0.013452186585275798
K562|chr20_32360467-32360967,0.7193072614185503,0,0.03993849877554973,-1.0,0.9944069078459304,0,1.0433322258827737
K562|chr10_5450534-5451034,0.1683482102374219,0,0.03708163136707363,-1.0,0.6990103203429027,0,0.6061616676815251
A549|chr8_17791251-17791751,0.2725033895532524,0,0.036920839358172884,-1.0,0.373074699681738,0,1.216210723789355
A549|chr13_110406578-110407078,0.7627688219450005,0,0.03510424789967042,-1.0,0.986616310028514,0,0.05298803278371473
A549|chr17_27349311-27349811,0.7872414327145557,0,0.034219938627311236,-1.0,0.5396290842912588,0,0.42009070475182636
A549|chr13_110300831-110301331,0.2893721230890082,0,0.03418704696339692,-1.0,0.3218658730210222,0,0.747924056200199
K562|chr10_21533579-21534079,0.9385415429338576,0,0.03325771302236615,4.627603567576888,0.2088251639166318,0,0.4881567295928947
A549|chr2_54581514-54582014,0.2912588933589431,0,0.03284999735249333,-1.0,0.997877309213982,0,0.010754918557393103
K562|chr18_3601317-3601817,0.8554534631935087,0,0.0320029858484203,-1.0,0.3381263543462613,0,0.8072096028793473
A549|chr11_65508214-65508714,0.8770208102095477,0,0.031895472750610256,-1.0,0.7497404066097738,0,0.04308276919791927
A549|chr2_237672076-237672576,0.255773489448006,0,0.030313902609572733,-1.0,0.3710235571313476,0,0.24929879960413154
A549|chr6_112281753-112282253,0.2188385280840507,0,0.028923712732215737,-1.0,0.4877824337316706,0,0.009567901806475848
A549|chr2_54630784-54631284,0.7154337633903863,0,0.028441209652770173,-1.0,0.2107643560995155,0,0.4896024604858461
A549|chr6_16758653-16759153,0.7176049643873744,0,0.028380934442331092,-1.0,0.1869225951194635,0,5.646195275385829e-05
A549|chr15_59372011-59372511,0.9070414458068458,0,0.02718643056753446,-1.0,0.4900375488903856,0,0.42775590712718564
A549|chr17_72423644-72424144,0.7632824548363166,0,0.026881386806729468,-1.0,0.4074736409919158,0,0.20870945098100246
A549|chr20_19996157-19996657,0.8225007260995673,0,0.026761276855750818,-1.0,0.0816995416117102,0,0.7825950255984584
A549|chr2_237738185-237738685,0.213284247405963,0,0.02507401391023757,-1.0,0.8486298345053583,0,0.6484742454521637
K562|chr20_32357876-32358376,0.9850193526812931,0,0.024802635908171836,3.037147857148407,0.5114717351030491,0,0.011614974093402645
A549|chr9_37995507-37996007,0.2038526168105875,0,0.02470608464379367,-1.0,0.53609578657447,0,0.8846891050895005
A549|chrX_107728313-107728813,0.7313462081926673,0,0.02393444629793835,-1.0,0.8855007546095057,0,0.768581386091697
K562|chr6_42042037-42042537,0.7608440388488056,0,0.02386102838564409,-1.0,0.4427081833465239,0,0.35502994669030824
K562|chr1_26035556-26036056,0.9028826469274264,0,0.023466619608062126,3.393178113983302,0.8307034217357072,0,0.047406109290256127
A549|chr5_95845289-95845789,0.2207302043340704,0,0.022788707101758548,-1.0,0.8024492040452444,0,0.2500473638391877
A549|chr16_89319196-89319696,0.7859152795298271,0,0.022413561996148863,-1.0,0.2363795503466245,0,0.17303160026258252
A549|chr20_38152750-38153250,0.7349815684650567,0,0.021769252115834706,-1.0,0.1136910096378428,0,1.4434562915164855
K562|chr1_246566503-246567003,0.9215803656127814,0,0.02038334536778634,3.3514253346910063,0.1940805432598919,0,0.45010208109809274
K562|chr6_11932918-11933418,0.7829157957052515,0,0.020351485074712336,-1.0,0.9998176059655356,0,0.61441159897034
A549|chr16_89405125-89405625,0.8468762768430046,0,0.020310525274866088,-1.0,0.1148724110225944,0,0.12076071799510665
K562|chr12_6620816-6621316,0.8325074485152542,0,0.020305974424445573,-1.0,0.2821369546016948,0,0.5341860427305208
K562|chr11_65503230-65503730,0.2025143052291204,0,0.0199193263309749,-1.0,0.650987432129862,0,1.333453940968213
A549|chr7_130929827-130930327,0.1647072791826347,0,0.01969204697120896,-1.0,0.1696689183881554,0,1.3077701642272443
A549|chr8_133020983-133021483,0.8273123168694156,0,0.019569365555131807,-1.0,0.5891188536586256,0,0.010123217381432188
K562|chr6_7163476-7163976,0.7261472158079447,0,0.019501224184526614,-1.0,0.2947966711433003,1,3.886792230177265
A549|chr5_59003580-59004080,0.1905402253354391,0,0.018888432487670293,-1.0,0.1682635415370434,0,0.8116340739368517
K562|chr22_41830121-41830621,0.1409575033277718,0,0.018213094313485192,-1.0,0.2528653881997432,0,1.4194969850426957
A549|chr15_85584897-85585397,0.1843379488735912,0,0.017941442365946116,-1.0,0.3276784052820436,0,0.8697949304189312
A549|chr20_50406733-50407233,0.7886171392010887,0,0.017905234941190895,-1.0,0.2825121037282626,0,0.8754957751657177
A549|chr9_21568377-21568877,0.2500079903610554,0,0.016761729621553045,-1.0,0.4351065506401499,0,0.2960297613651827
A549|chr14_68616190-68616690,0.232115010107335,0,0.01654963100037986,-1.0,0.4216033107178404,0,0.40815658877521555
A549|chr9_113555464-113555964,0.8372586254169537,0,0.01532869577854767,-1.0,0.1292196362007139,0,0.981257904237618
A549|chr3_127791436-127791936,0.7494451525215504,0,0.014937461744234656,-1.0,0.3537131701777262,0,1.3287716007769115
A549|chr5_59038596-59039096,0.7413139840317605,0,0.014241307704442617,-1.0,0.8236594889686261,0,0.26840317747646636
A549|chr14_68659236-68659736,0.7543655602520396,0,0.013806217015108603,-1.0,0.9149420023690008,0,0.4597080739056556
A549|chr11_126403259-126403759,0.7880294376222776,0,0.010888494199544504,-1.0,0.8980762575062519,0,0.9828831505611867
K562|chr12_6608816-6609316,0.2635616754668967,0,0.010688146139570696,-1.0,0.6315285507301267,0,1.150973902113294
A549|chr15_67110885-67111385,0.2603353251902772,0,0.010621383986374161,-1.0,0.3692249606053425,0,1.2308738692149555
A549|chr4_7832066-7832566,0.7950933232078549,0,0.01030106843510873,-1.0,0.9507641748160626,0,0.06657345688625664
K562|chr6_37171222-37171722,0.8500478265808348,0,0.01010099111992367,-1.0,0.0969133575093925,0,0.11998716163322821
K562|chr16_87866989-87867489,0.7431710069855417,0,0.009350411681145584,-1.0,0.2274969477394654,0,0.8600894441243174
A549|chr5_95866390-95866890,0.1380023168418377,0,0.009168513805270662,-1.0,0.3691321669291989,0,0.4533463095122987
A549|chr10_33264156-33264656,0.7046518706371431,0,0.008703024873521325,-1.0,0.9893075018812888,0,0.018136109008649627
A549|chr12_104255675-104256175,0.2068745844250227,0,0.00662109133857987,-1.0,0.2198144937585636,0,0.03483123696604624
A549|chr2_54618621-54619121,0.2982436736443346,0,0.004435000082076489,-1.0,0.2929325656134308,0,0.47033869934631506
K562|chr11_353666-354166,0.8443622446345269,0,0.004329712316745318,-1.0,0.3347692289777506,0,0.3060533220142901
K562|chr21_37367488-37367988,0.943369491104978,0,0.0037773699350612216,-1.0,0.9919368692298012,0,1.2178930250736653
A549|chr21_39079260-39079760,0.7713891659993517,0,0.0036328248441629594,-1.0,0.2691467624012393,0,0.19169447869425396
K562|chr11_32432983-32433483,0.906188180031992,0,0.0032257291386954146,4.66038957837444,0.348867959176227,0,0.49198230957961053
A549|chr17_27532167-27532667,0.7679172416315664,0,0.003146980479036554,-1.0,0.7064379163039999,0,0.6797498281135664
K562|chr1_234973690-234974190,0.1789800498461824,0,0.0031338570905645353,-1.0,0.3381432673448215,0,0.8270761363714553
K562|chr8_22676778-22677278,0.1313142132720722,0,0.0029457987535272657,-1.0,0.2063718806057,0,0.6712942884311258
K562|chr5_10377613-10378113,0.1973086650388343,0,0.0023035159951501206,-1.0,0.2947820638465857,0,0.017737814856387122
A549|chr20_19975391-19975891,0.7335653658707222,0,0.0022860521815740867,-1.0,1.0,0,0.6427514230637126
A549|chr1_93592291-93592791,0.7251296927767861,0,0.002176919254274547,-1.0,0.2418923138898679,0,0.2522775379644916
A549|chr4_7948769-7949269,0.2904493485859964,0,0.0021681898046827176,-1.0,0.3460249361614502,0,0.9937479486306352
K562|chr4_1857797-1858297,0.217146445718453,0,0.0020983605239529458,-1.0,0.9664443734984935,0,0.09073288336384937
A549|chr8_109574622-109575122,0.7304817106368761,0,0.0013789002210200499,-1.0,0.9069062469353408,0,0.367360524571926
A549|chr4_7867054-7867554,0.7795241808936461,0,0.0010522664027165654,-1.0,0.6396769557835892,0,0.3869619964972954
A549|chr4_57055814-57056314,0.7617312071570411,0,0.0009652055248082998,-1.0,0.6213596461296272,0,0.01721786679110771
A549|chr5_132488782-132489282,0.8051322357581793,0,0.000956500396837119,-1.0,0.4415040373170021,0,1.1443657745687175
K562|chr12_130868404-130868904,0.2410745318759322,0,0.0009086253117218358,-1.0,0.9931432544496954,0,1.5285175933723365
A549|chr9_71756255-71756755,0.2571381357072471,0,0.00029976662389581986,-1.0,0.6549470545600837,0,0.5295454055274009
K562|chr19_4401919-4402419,0.7131847480635891,0,4.3431619807505604e-05,5.670988784292631,0.3372224925887188,0,1.7010160002666157
