id,pred_K562,label_K562,RRA_K562,ReportedRRA,pred_A549,label_A549,RRA_A549
chr16_87867812-87868312@K562,0.8749035751688207,1,8.117782935240122,-1.0,0.7691432024334669,0,0.3322482805787667
chr14_35291050-35291550@K562,0.9306984915398782,1,7.289290434275663,-1.0,0.9181228343645582,0,0.1971784023643519
chr11_78417245-78417745@K562,0.8923236912922442,1,7.271021608008922,3.201321737341793,0.1148584188872328,0,0.03854568248991506
chr16_87868963-87869463@K562,0.980346652565382,1,7.023058829181049,3.531401619503753,0.3239169646802098,0,0.3529693033792684
chr4_57111186-57111686@A549,0.7233064244680095,1,6.76654697795928,-1.0,0.2929865487996664,0,0.009079810772537547
chr19_13151457-13151957@K562,0.9036446331838656,1,6.6845544817754154,4.772679017451155,0.0884117233383661,0,1.6078836661839901
chr15_92806677-92807177@K562,0.832325328868052,1,6.393736899488053,-1.0,0.4236345161792641,0,1.1197467803954269
chr6_11171568-11172068@A549,0.7931196822550556,1,6.371039199781783,-1.0,0.1809016903687595,0,0.8047370416579385
chr1_39136623-39137123@A549,0.0959431753970614,1,6.061545323799241,-1.0,0.5049534325892641,0,0.1836658836256962
chr17_27348940-27349440@A549,0.8918353895631224,1,5.973752818522226,-1.0,0.9289690171712492,1,2.4089465288722156
chr16_87857084-87857584@K562,0.736000546686231,1,5.872247484167027,-1.0,0.1164532934519634,0,0.8633428381261211
chr19_45885948-45886448@K562,0.9508728386270614,1,5.500587874327724,4.263149518836673,0.975284839409527,0,0.003654722523372565
chr19_13117577-13118077@K562,0.9003532299546358,1,5.465466243994884,3.1694562385312706,0.6783506450316676,0,0.13560166028375642
chr19_16542307-16542807@K562,0.993905306247837,1,5.182586693178535,4.162506258384823,0.1841839232671946,0,1.2379895182442286
chr19_13118329-13118829@K562,0.9255326790892572,1,5.093659569959329,3.1694562385312706,0.0701719375104634,0,1.255487968605697
chr10_3875371-3875871@A549,0.1718731452891487,1,5.043260252517583,-1.0,0.464608353607249,0,0.16598007492502262
chr13_110395534-110396034@A549,0.718753079845116,1,5.04131669027325,-1.0,0.273160841049088,0,0.6247205636635252
chr6_16277910-16278410@K562,0.2093434139234685,1,5.032709494445443,-1.0,0.2403371595937869,0,0.00611868047177443
chr4_1855698-1856198@K562,0.9525365637328196,1,5.007782383963778,3.27461114174569,0.1728307038292295,0,0.5497354914401485
chr14_35291382-35291882@K562,0.8996621977926358,1,4.999132278468773,-1.0,0.9087656888124684,0,1.1264236641604062
chr6_37103987-37104487@K562,0.7697334797408115,1,4.893809102736585,-1.0,0.2929098637960494,0,0.5418306863671647
chr1_61042905-61043405@K562,0.9309340270816214,1,4.850472986245652,-1.0,0.9905790091157836,0,0.21427876442192448
chr5_14144588-14145088@A549,0.8319028337260295,1,4.536764173159009,-1.0,0.1070806167008434,0,1.3063082180452295
chr11_128523304-128523804@A549,0.2695073307389697,1,4.480920529623477,-1.0,0.2983941564961567,0,0.2643292560546339
chr12_56689707-56690207@K562,0.8676449950079895,1,4.452693058901957,-1.0,0.1190699263670422,0,0.42354346759437983
chr6_112205405-112205905@A549,0.2556390539818922,1,4.367421243828495,-1.0,0.3636804623663034,0,0.3315208970674144
chr19_45885427-45885927@K562,0.96718724686207,1,4.278725372728912,4.263149518836673,0.3236991177434193,0,0.5794831687713831
chr1_21755048-21755548@K562,0.2009345580805309,1,4.263994139957904,-1.0,0.5592800918756863,0,0.011490093522649559
chr8_22691604-22692104@K562,0.9094274426669304,1,4.157609210534044,-1.0,0.2779191356770649,0,1.4352984362874952
chr9_21610396-21610896@A549,0.8448097125632715,1,4.151866328396498,-1.0,0.9904653478628356,0,1.0561791439124812
chr20_50416429-50416929@A549,0.7776368880932879,1,4.002989525984195,-1.0,0.944986079489586,0,0.8576418242361544
chr11_361827-362327@K562,0.7770483988295,1,3.978397283971758,-1.0,0.300318388084475,0,0.8212532034710421
chr16_81445302-81445802@K562,0.8719590197500557,1,3.9379824011428877,10.967703655260529,0.3297664641019946,0,0.001487832774829887
chr12_56683191-56683691@K562,0.8299566110126013,1,3.929666544146937,-1.0,0.9024302349155012,0,0.05180227851159361
chr9_113569065-113569565@A549,0.7544539549819719,1,3.838392453091603,-1.0,0.3408486445281223,0,0.9298882172177999
chr1_234851031-234851531@A549,0.720367771426614,1,3.792177200998492,-1.0,0.9718156614525268,1,2.496399958238535
chr17_75150945-75151445@K562,0.9125462289286964,1,3.7842831447504763,-1.0,0.3779143124829104,0,0.01796859991563102
chr16_81445027-81445527@K562,0.9057805918149312,1,3.6608269143660763,10.967703655260529,0.1782557532374517,0,0.8419995708535265
chr13_110308317-110308817@A549,0.9176008712323924,1,3.6027380197194883,-1.0,0.9975980121045342,0,0.4507391820405974
chr6_16266254-16266754@K562,0.7637590930741772,1,3.6017300528824503,-1.0,0.1623013536521666,0,1.059209677145951
chr12_56724878-56725378@K562,0.878720142526653,1,3.5810030688442516,5.793957098907479,0.3315513862026251,0,0.8199888809422825
chr15_59372011-59372511@A549,0.9070414458068458,1,3.5629632808865117,-1.0,0.4909442985207275,0,1.3288734598044876
chr6_16217317-16217817@K562,0.8127131296167208,1,3.5447591221290446,-1.0,0.8108596415811248,0,1.1479227694114662
chr6_37171222-37171722@K562,0.8500478265808348,1,3.5197342831375384,-1.0,0.098549517053304,0,0.05888627296289844
chr5_59039697-59040197@A549,0.836068272083333,1,3.5175409082025118,-1.0,0.997581811396537,0,0.7609759533999062
chr22_46071957-46072457@A549,0.9648963335927117,1,3.463757293161681,-1.0,0.1806076974713304,0,0.11567485716830389
chr1_8341579-8342079@A549,0.7860539823277307,1,3.4569755151792383,-1.0,0.2909010954183826,0,0.299529930375613
chr1_64909032-64909532@A549,0.7770548472607286,1,3.4451475656279453,-1.0,0.3734306285246521,0,0.5701670036174873
chr1_26035235-26035735@K562,0.9051229657479746,1,3.3991359636901604,3.393178113983302,0.1137491658646991,0,1.4908243698006685
chr15_77992780-77993280@A549,0.7446188438114472,1,3.396227924612856,-1.0,0.9769248197689734,0,1.2115487929765445
chr11_65495860-65496360@K562,0.8546839379939989,1,3.383839687152417,-1.0,0.3296636282788929,0,0.009572341514736488
chr10_3068585-3069085@K562,0.981174536858632,1,3.3453614836273795,6.48011952667834,0.1986023044110567,0,0.041746779474017726
chr2_54630784-54631284@A549,0.7154337633903863,1,3.279757981712943,-1.0,0.2128255804126516,0,0.43421119273793307
chr22_39513851-39514351@K562,0.2594053816654822,1,3.209968307024641,-1.0,0.3929407855722386,1,5.083888357725701
chr12_47831870-47832370@K562,0.1826928213066782,1,3.2014598409718897,-1.0,0.1986875314549503,0,0.6648832497194136
chr20_19974509-19975009@A549,0.7160021603730055,1,3.162973730816949,-1.0,0.2540182499591643,0,1.5653353062770912
chr17_82097646-82098146@K562,0.9158398441831382,1,3.144905048841378,5.07827191745736,0.3951299830273586,0,0.014209894810178517
chr17_79803650-79804150@K562,0.9362615092320734,1,3.112607781028153,-1.0,0.216283271586573,0,0.42865226005829704
chr4_168877385-168877885@A549,0.8051345726303498,1,3.071517092716761,-1.0,1.0,0,0.03749807556939992
chr18_3626343-3626843@A549,0.763894192814597,1,3.0703512145175065,-1.0,0.1405378260949728,0,1.2117255438161105
chr12_130872540-130873040@K562,0.8503308755212718,1,3.041469562085331,14.577968569346378,0.5829181075491927,0,0.05617914391248125
chr19_5977637-5978137@K562,0.9556306114269046,1,3.022386125073105,4.975760693930908,0.8144276888761579,0,0.5100555756401969
chr19_15317578-15318078@K562,0.1280123819239845,1,2.976459478445146,-1.0,0.5408228453927431,0,1.5281364532503419
chr12_130872209-130872709@K562,0.9134347633417992,1,2.968955283416295,14.577968569346378,0.1949169274169322,0,1.352646375098534
chr11_65498012-65498512@K562,0.7300613379919787,1,2.9453869454431123,-1.0,0.1717372504914268,0,1.8109028909285818
chr12_130871897-130872397@K562,0.9886241524825722,1,2.932408451698488,14.577968569346378,0.3643989438289566,0,0.9789348027974312
chr8_143934715-143935215@K562,0.717327555282714,1,2.9257322574466422,-1.0,0.398307631984485,0,1.3326311122421413
chr10_131901052-131901552@K562,0.8960037789516433,1,2.8872944789691073,-1.0,0.2378373147236651,0,1.2048084505258772
chr6_16257866-16258366@K562,0.2116085954559697,1,2.8829608321223215,-1.0,0.5399822607840438,0,0.28144849053172244
chr1_27530968-27531468@K562,0.7413029065503427,1,2.8775547437180444,-1.0,0.1765440849278196,0,1.1932571652610777
chr17_78260142-78260642@K562,0.2479023201266587,1,2.86053022441057,-1.0,0.2720509502999654,0,0.1266038247300961
chr17_79839284-79839784@K562,0.9096344814553003,1,2.8575792457804403,3.629006066485256,0.1277470920863117,0,1.1740418891043607
chr19_5977967-5978467@K562,0.9518452268530606,1,2.849888574871218,4.975760693930908,0.2207698895059509,0,0.48254017345976774
chr19_45885681-45886181@K562,0.9417543289813052,1,2.8360042453582563,4.263149518836673,0.9518091344600144,0,0.3407685671247716
chr5_95845289-95845789@A549,0.2207302043340704,1,2.80054652090517,-1.0,0.8014665142882913,0,0.1646646173780939
chr10_33319701-33320201@A549,0.7999635970471806,1,2.7965591331695623,-1.0,0.553069608982823,0,0.571379327328061
chr6_12012670-12013170@K562,0.8931591822436221,1,2.753353725109287,-1.0,0.4659692416602812,0,0.05761489492374571
chr7_55020473-55020973@A549,0.8266474839942399,1,2.6851430422204285,-1.0,0.2690211080788166,0,0.7977024438612004
chr22_39521383-39521883@K562,0.7589340002213154,1,2.6729068329514876,-1.0,0.2202475315111655,0,1.8024713444772291
chr8_17803325-17803825@A549,0.7236497124413477,1,2.672477597283179,-1.0,0.2664889893599278,0,0.007269796045857264
chr10_33258999-33259499@A549,0.7207890180361536,1,2.6655864631629,-1.0,0.1936182489623621,0,0.3279391048696926
chr12_130871626-130872126@K562,0.98937415317383,1,2.6306171383648023,14.577968569346378,0.2290176452777918,0,0.008667579496484463
chr19_16542011-16542511@K562,0.9930653009592908,1,2.6213840979687757,4.162506258384823,0.3477169457999107,0,0.007831022858751133
chr17_77457178-77457678@A549,0.8051200288669029,1,2.6122009905376324,-1.0,0.2707750008165515,0,0.6730704629564951
chr7_55066870-55067370@A549,0.7018057345101297,1,2.602268502726016,-1.0,0.4084101714662687,0,1.8807441107220633
chr10_3066946-3067446@K562,0.9275379702309936,1,2.6008283431131636,6.48011952667834,0.0741936478717113,0,0.20372408658960744
chr2_54629348-54629848@A549,0.7573255499523844,1,2.597687021266,-1.0,0.5113853260784512,1,2.14603423819991
chr1_26695721-26696221@K562,0.9190190435620558,1,2.578511242239374,4.216046422595962,0.9225392804376984,0,0.022180403382224403
chr17_27349311-27349811@A549,0.7872414327145557,1,2.573374893581753,-1.0,0.5401942809789209,1,2.8250393770619744
chr5_10353873-10354373@K562,0.9610675323961532,1,2.569199575375819,3.238666153484297,0.2242069486317093,0,2.171526698135886e-05
chr15_59304023-59304523@A549,0.7962226130556258,1,2.546528766277064,-1.0,0.1740899929247573,0,0.9625735020593764
chr12_104311131-104311631@A549,0.2661757928782296,1,2.5229366550719967,-1.0,0.4969809900698508,0,0.0215364390618808
chr11_32435102-32435602@K562,0.9479762141831782,1,2.511505689043099,4.66038957837444,0.0880203136261949,0,0.1686037944512855
chr3_71122623-71123123@A549,0.7172084218550672,1,2.5102523943262876,-1.0,0.6452711691472476,0,1.84961202267472
chr4_1855354-1855854@K562,0.8808141629654274,1,2.49850255438586,3.27461114174569,0.9999999992974862,0,1.1522238130176075
chr10_21534674-21535174@K562,0.922352610700435,1,2.4885712156837747,4.627603567576888,1.0,1,2.3337160773768977
chr1_93613914-93614414@A549,0.7227825151450363,1,2.47230566852519,-1.0,0.5080808473316883,0,1.6462760624110508
chr1_21780648-21781148@K562,0.8516564654872999,1,2.4512912747653615,-1.0,1.0,0,0.025368581916208294
chr11_122158496-122158996@A549,0.7152586576396632,1,2.448684214878519,-1.0,0.6214869130364853,0,0.35662629332617735
chr3_196081948-196082448@K562,0.9538770171539732,1,2.4358549281546775,5.840372659341327,0.1476411883460683,0,0.01545468518548287
chr3_58006577-58007077@A549,0.7165260116370428,1,2.4114481935143575,-1.0,0.2461849917324515,0,0.02326496749490434
chr11_32440928-32441428@K562,0.2361555295241318,1,2.4062488665614756,-1.0,0.6927845183473375,0,1.0399099320950804
chr19_41859905-41860405@K562,0.9882652062484972,1,2.403644857293315,6.877063626983696,0.9999999442167542,0,0.2350322450308199
chr16_85305559-85306059@K562,0.8582848780369992,1,2.3985049587957077,-1.0,0.9777922826776234,0,0.14581545616639338
chr14_68521314-68521814@A549,0.2509736265832127,1,2.382632656820281,-1.0,0.7219072098356678,0,0.03973381240820887
chr17_72440075-72440575@A549,0.2893592049757669,1,2.3815648734844728,-1.0,0.5119346754160339,1,3.4668255392576093
chr6_16266700-16267200@K562,0.9093641403739914,1,2.3755735072041433,-1.0,0.1745529102775175,0,1.5701992883693534
chr19_13123777-13124277@K562,0.2812630347958901,1,2.365411903162235,-1.0,0.5001017413333652,0,0.13954220457652897
chr12_6620585-6621085@K562,0.8273080268244172,1,2.359071579133168,-1.0,0.1718496401701872,0,0.02621657956099636
chr13_110307982-110308482@A549,0.7509772407519735,1,2.357011476927394,-1.0,0.457464688428584,0,0.6701751556870813
chr1_8876716-8877216@K562,0.9480646613341436,1,2.350937878153532,-1.0,0.4512770568206681,0,1.8358554175298223
chr19_13142739-13143239@K562,0.2236032570265516,1,2.3286234848247904,-1.0,0.7565177668498371,0,0.021874287085865737
chr21_37367488-37367988@K562,0.943369491104978,1,2.3249644419619195,-1.0,0.9916981960117628,0,1.288201203943244
chr15_78076390-78076890@A549,0.7475535053009985,1,2.3022651467384794,-1.0,0.2044446505929466,0,0.7013652168755644
chr12_47819141-47819641@K562,0.7918173914500825,1,2.2906706668840213,4.392963387775915,0.0711194359085105,0,0.5365101517100647
chr19_19110344-19110844@K562,0.8775886690588515,1,2.263388395936624,-1.0,0.9429638797160246,0,0.02610587722628817
chr12_6620318-6620818@K562,0.9043815987265506,1,2.2543787786930616,-1.0,0.3148449960895726,0,1.6110821548430854
chr3_57967535-57968035@A549,0.715293434942277,1,2.2186899156654944,-1.0,0.5810999493239515,0,0.5855782220574393
chr4_168878111-168878611@A549,0.8846244116634016,1,2.217033163421884,-1.0,0.2879680095090896,0,0.4165631663780621
chr1_8027227-8027727@A549,0.8142180818459721,1,2.2149051747583104,-1.0,0.2552002989431074,0,0.5341117573734638
chr11_117986057-117986557@K562,0.7997742154265396,1,2.2109060267134857,3.151773923348828,1.0,1,2.3285401917952844
chr12_130871308-130871808@K562,0.9175009848308676,1,2.210496847346791,14.577968569346378,1.0,1,3.3557781194346115
chr6_7162177-7162677@K562,0.1542506236980016,1,2.209032607679309,-1.0,0.391407778454267,0,0.40328197844343383
chr6_71419743-71420243@A549,0.9200207676813772,1,2.201059461372531,-1.0,0.9999999764946744,0,0.5360473182805916
chr4_57109535-57110035@A549,0.8142653998787439,1,2.185432795901954,-1.0,0.3624235909515579,0,1.552733408606746
chr1_246566732-246567232@K562,0.8271960938343352,1,2.1680151113646997,3.3514253346910063,0.1481929619209607,0,0.13020523635018189
chr17_82097400-82097900@K562,0.8545145374917676,1,2.164461616740146,5.07827191745736,0.7485625740704823,0,0.13888395583860474
chr1_93585546-93586046@A549,0.1778937843699829,1,2.163422725159351,-1.0,0.5328045333477194,0,0.20489197538842857
chr11_65508751-65509251@A549,0.9126738447832086,1,2.1124445854114224,-1.0,0.1297118899842884,0,0.2049476675557763
chr17_77394198-77394698@A549,0.7784241672643109,1,2.1079053973095196,-1.0,0.9883898699859248,0,0.8719563261735427
chr20_38110406-38110906@A549,0.7280310429518556,1,2.104942281909874,-1.0,0.1607682571729641,0,0.22704785032175243
chr11_32434373-32434873@K562,0.9590909637246486,1,2.098503536472422,4.66038957837444,0.2367738687823632,0,1.8526328922062134
chr9_113576029-113576529@A549,0.8185584227477232,1,2.089375595110799,-1.0,0.0924910716253016,0,0.5683146553139882
chr19_4402632-4403132@K562,0.9530779343318556,1,2.0821427860970054,14.659298161268325,0.1484862151178188,0,0.003654722523372565
chr6_52284317-52284817@K562,0.9894595870047356,1,2.078349933963202,8.311873960084457,0.9645873733791508,0,1.2610609687965204
chr14_102514700-102515200@K562,0.269447163548849,1,2.077124095667084,-1.0,0.9764488316589855,0,0.7453794256899725
chr20_32357876-32358376@K562,0.9850193526812931,1,2.067439993813924,3.037147857148407,0.5122324120588904,0,0.6299497629251318
chr20_54174331-54174831@A549,0.7202208097450762,1,2.059458613574814,-1.0,0.1084691380776673,0,1.497859772997578
chr13_112755383-112755883@A549,0.8098380141173205,1,2.056812269621791,-1.0,0.9775290945403649,0,0.34046409284578355
chr19_41865513-41866013@K562,0.7325620550662233,1,2.0562434036484807,-1.0,0.2387839521361413,0,0.15213133188454944
chr19_3376434-3376934@K562,0.718155823294623,1,2.0508735778441194,-1.0,0.2057804115085461,0,0.4089242573603182
chr3_45616568-45617068@A549,0.7345123071155144,1,2.026170450158858,-1.0,0.8554332718551392,0,0.2976384046581837
chr19_13117951-13118451@K562,0.9029653382985022,1,2.025391603458136,3.1694562385312706,0.0701803294785027,0,0.12314158567978055
chr10_21533921-21534421@K562,0.9398697060720712,1,2.014088752068727,4.627603567576888,0.1243843791814924,0,0.0025917703532213963
chr2_55104486-55104986@A549,0.7087336460677915,1,2.012964187538755,-1.0,0.8196023320656589,0,0.4759025986365498
chr16_87869828-87870328@K562,0.729372935431379,1,2.012396292282137,-1.0,0.9090108357581476,0,0.37371097070432513
chr18_3626343-3626843@K562,0.7347861899880239,1,2.005608051277231,-1.0,0.1405378260949728,0,0.36194025796064255
chr11_65508214-65508714@A549,0.8770208102095477,1,2.0016011516226753,-1.0,0.7489676371647634,1,2.6168491461038252
chr22_41830898-41831398@K562,0.7141772250899862,0,1.9917831984103096,-1.0,0.5628793821799543,0,0.6187585318041379
chr6_16216360-16216860@K562,0.7777315309014561,0,1.9755964373170343,-1.0,0.9999531743149918,0,0.6255449475900374
chr10_5476448-5476948@K562,0.7206435616495094,0,1.9673006725073825,-1.0,0.2501939450451249,0,0.3689927742105085
chr7_27144991-27145491@A549,0.9141222700869764,0,1.962374330085281,-1.0,0.5117530371414504,0,1.1633910906412248
chr20_54173126-54173626@A549,0.843774216926473,0,1.9621354442256256,-1.0,0.1221233117683167,0,0.847008789961381
chr16_87861020-87861520@K562,0.2722886002208526,0,1.9485387556758165,-1.0,0.5290378349012516,0,1.0549895860192184
chr2_54568075-54568575@A549,0.7475720841604917,0,1.9162824361010524,-1.0,0.6993458485337676,0,0.8940812597136274
chr10_11894539-11895039@K562,0.8193609425303999,0,1.9097066686898898,3.124927155576529,0.4758904398739814,0,0.04563686995667707
chr10_100347125-100347625@K562,0.9450085679297988,0,1.9093187955426092,9.228419867649306,0.0982057517815843,0,0.673336493275321
chr16_85319107-85319607@K562,0.7573569729608696,0,1.9092130720507323,-1.0,0.9141847406688572,0,0.34587160873818756
chr12_6606593-6607093@K562,0.8600102577026301,0,1.8915364587964048,4.5345725315474255,0.8951881910607268,0,0.008694163258048117
chr17_79840336-79840836@K562,0.934502836329828,0,1.8901515792438945,-1.0,0.4599718094412909,0,0.5951149917851867
chr16_89367421-89367921@A549,0.7701508559846643,0,1.8816691259426976,-1.0,0.5922654029810379,0,0.21791454344264802
chr13_110307691-110308191@A549,0.9159437966276756,0,1.8680286547189433,-1.0,0.1992520976020738,0,0.0019849118838941022
chr2_10303041-10303541@K562,0.9545548448797568,0,1.8663333767393155,3.1245335841336144,0.1488585405568775,0,0.053302162754258094
chr1_230136424-230136924@K562,0.7374811364189241,0,1.8645810949721477,-1.0,0.9332641707733774,0,0.8339549121487748
chr1_27520625-27521125@K562,0.2048495718461556,0,1.8577670082052862,-1.0,0.2545146115618575,0,0.7514382586404257
chr11_32434747-32435247@K562,0.9834682715737212,0,1.8282150594458786,4.66038957837444,0.0784473580538195,0,1.200122085202579
chr18_48980420-48980920@K562,0.167525438431015,0,1.8244302072650085,-1.0,0.3176167783864742,0,0.249522461980661
chr15_57598804-57599304@A549,0.2921547427401292,0,1.8107624198331684,-1.0,0.2628009866082831,0,0.1005351739253343
chr1_8005554-8006054@A549,0.764732708996566,0,1.8053191873500554,-1.0,0.3359473510117408,0,0.3546366886547414
chr11_96322364-96322864@K562,0.9010597237214366,0,1.8049864371241717,-1.0,0.2208534817929789,0,0.049391775215769214
chr10_119369392-119369892@A549,0.7642655232539827,0,1.804460103450682,-1.0,0.4531185829095832,0,0.007424392471163037
chr12_47836228-47836728@K562,0.2113576321669546,0,1.7975116829399065,-1.0,0.988575616515076,0,0.5007942063366274
chr21_37368101-37368601@K562,0.8461703495287624,0,1.795798594761847,-1.0,0.9834305634609496,0,0.3251480410607681
chr2_10303697-10304197@K562,0.9030974955190972,0,1.7910214827237465,3.1245335841336144,0.0787229043646411,0,0.0019543730820700883
chr7_131010041-131010541@A549,0.732618323022792,0,1.7771015273905784,-1.0,0.3425582713671466,0,1.0221621217248587
chr6_17988398-17988898@K562,0.8126989094546415,0,1.7755705381773024,-1.0,0.5408009075079577,0,0.02103015930290185
chr7_130908206-130908706@A549,0.7452654606954792,0,1.7735805513513974,-1.0,0.3233295668540745,0,1.5948586246370504
chr2_43170692-43171192@A549,0.791751886298541,0,1.760325212353219,-1.0,0.1887064968109749,0,0.03309364345560473
chr3_57980344-57980844@A549,0.2843030989973076,0,1.747146969020107,-1.0,0.9940878266165788,0,0.4323502979847847
chr7_55022854-55023354@A549,0.2175915382584438,0,1.7363402647825352,-1.0,0.5968637731105922,0,0.5781165038078935
chr10_3067249-3067749@K562,0.9667452932533174,0,1.7337683033101068,6.48011952667834,0.1241569995176728,0,0.6201327109191215
chr9_21559376-21559876@A549,0.8508939116641998,0,1.730253626869233,-1.0,0.1221451009681553,0,0.7306038173050086
chr14_102507255-102507755@K562,0.9188917618256024,0,1.722092954952575,-1.0,0.095350478186601,0,0.09192265858791929
chr8_30383786-30384286@A549,0.7726564474230613,0,1.7178085437244437,-1.0,0.2748182346338779,0,0.00258740143518457
chr16_85319949-85320449@K562,0.75809743711486,0,1.7139254461244264,-1.0,0.1622172018456818,0,0.6538231265784297
chr1_246566503-246567003@K562,0.9215803656127814,0,1.712847958874498,3.3514253346910063,0.1961300964817064,0,0.01760211620554717
chr3_58011162-58011662@A549,0.7187056602092067,0,1.7118626051179335,-1.0,0.46863985849419,0,0.06938712980022212
chr9_131674174-131674674@A549,0.7292793100740527,0,1.7048729147478088,-1.0,0.9865978100579236,1,2.1036446680160035
chr8_143935975-143936475@K562,0.2164051576979295,0,1.7035980983078565,-1.0,0.633879096322396,0,0.1823090535416938
chr17_27540660-27541160@A549,0.7589094993273147,0,1.7011687479819613,-1.0,0.2684475567486863,0,0.14622272219649843
chr1_61051907-61052407@K562,0.8450255700521581,0,1.6984925429615636,-1.0,0.9974512016719052,0,0.230054327010206
chr6_42042037-42042537@K562,0.7608440388488056,0,1.6942618077916825,-1.0,0.4439234274319283,0,0.12473032527170662
chr15_89071418-89071918@A549,0.7027462312130354,0,1.6937894918322385,-1.0,0.34242151047413,0,0.17704123072104597
chr13_110420963-110421463@A549,0.2574915259354347,0,1.6916490514132743,-1.0,0.2763479298914741,0,1.822463500070138
chr3_30600497-30600997@A549,0.2426243742153879,0,1.6861116978861321,-1.0,0.1540378405211006,0,0.2027255326777578
chr1_93584189-93584689@A549,0.7361740990087743,0,1.6858587967394292,-1.0,0.3112237638197266,0,0.2620682542133587
chr1_234972661-234973161@K562,0.7078564194749182,0,1.665546248849069,-1.0,0.3324257736678059,0,0.09076499663169262
chr1_8363935-8364435@A549,0.7693936803719139,0,1.665546248849069,-1.0,0.4914035660215372,0,0.03308426992366308
chr6_50822042-50822542@K562,0.2258059827043328,0,1.665546248849069,-1.0,0.9770305510999012,0,0.15844032464041102
chr19_4395176-4395676@K562,0.1915270179975901,0,1.6569460770871516,-1.0,0.9172727008797068,0,0.199269178438808
chr9_113588999-113589499@A549,0.7558590828342804,0,1.655136350202872,-1.0,0.7117767999585124,0,0.035320895912747216
chr7_27129210-27129710@A549,0.9036199891691056,0,1.655136350202872,-1.0,0.2862959378297882,0,0.2431661844594118
chr2_26788760-26789260@K562,0.7636629376924977,0,1.655136350202872,-1.0,0.1118394338569233,0,0.0002085113980534893
chr13_110347775-110348275@A549,0.7463566638812892,0,1.655136350202872,-1.0,0.469619289286666,0,0.020069395891295624
chr5_132408906-132409406@A549,0.2158012619400015,0,1.64957752339229,-1.0,0.5740597002345217,0,0.4365782485057982
chr9_38067178-38067678@A549,0.8597100159357264,0,1.6268304410962786,-1.0,0.1500931187502443,0,1.0994799392105852
chr2_26763507-26764007@K562,0.9199974809998602,0,1.621039153229108,-1.0,0.3376559968148212,1,2.510196151313692
chr19_2513311-2513811@K562,0.7084387689695975,0,1.6198611467345827,-1.0,0.258700454251935,0,1.7561189977816813
chr6_71419977-71420477@A549,0.9556913070242168,0,1.6189210367571671,-1.0,0.2013832655891571,0,0.13583910618674935
chr12_47812931-47813431@K562,0.7996723042649707,0,1.6102316390620204,3.1119497461776464,0.2345874913064957,0,0.007680702055207112
chr19_3370630-3371130@K562,0.1996560752228516,0,1.590912630552165,-1.0,0.99999948157269,0,0.8176138829629334
chr2_38749134-38749634@K562,0.7156361460042726,0,1.587774724128888,-1.0,0.3835455455598687,0,0.5923202285588065
chr1_8450212-8450712@A549,0.7622715907030806,0,1.5798956590498168,-1.0,0.9660127182108814,0,1.2669713477338993
chr10_95220453-95220953@A549,0.0840857844001735,0,1.5735212712757565,-1.0,0.4148867574736145,0,0.09768157067361695
chr4_57071240-57071740@A549,0.7017352799913955,0,1.5632491472273482,-1.0,0.8006712449516874,0,0.9727727459327448
chr1_26695054-26695554@K562,0.89729152748636,0,1.559153863725443,4.216046422595962,0.1013477028819793,0,0.8416676682910191
chr11_117984097-117984597@K562,0.1965652778515276,0,1.558194930304297,-1.0,0.5441743421103802,0,0.6238064131157152
chr6_71420953-71421453@A549,0.7456901618117059,0,1.5575045527173983,-1.0,0.3049827263705249,0,0.13295109789938278
chr6_50822584-50823084@K562,0.2482478813510305,0,1.5512936800949202,-1.0,0.646440253028544,0,0.01039891756862595
chr20_54174062-54174562@A549,0.7762664069109874,0,1.550259406220714,-1.0,0.9999997760661384,0,0.0875016138561896
chr6_16262747-16263247@K562,0.7728238143925759,0,1.545551519298308,-1.0,0.133366728912827,0,0.9604669123306101
chr15_59372967-59373467@A549,0.7879751525171959,0,1.5452008576063436,-1.0,0.4009617235111034,0,0.5814998407158989
chr2_42905664-42906164@A549,0.7669443190129517,0,1.544713450989025,-1.0,0.2121343268671564,0,0.6046386550589226
chr2_28653844-28654344@A549,0.1807261895586519,0,1.5438010353407623,-1.0,0.9951596222290808,0,0.25841511107545634
chr7_130946157-130946657@A549,0.2592998730976807,0,1.5416341422387387,-1.0,0.1320893578771624,0,0.11736163830396132
chr5_59039260-59039760@A549,0.9082497103221964,0,1.5307082941531434,-1.0,0.9999212957752736,0,0.3715906330431694
chr1_234919157-234919657@A549,0.7904346161310076,0,1.530634601233566,-1.0,0.8478109258301245,0,0.08748567712631436
chr6_71420684-71421184@A549,0.8353720002943588,0,1.5092551620123387,-1.0,0.9999919445644618,1,3.80398971340805
chr17_82097122-82097622@K562,0.7441578410904788,0,1.4997086241589408,5.07827191745736,0.6878491779321141,0,1.8073489293320206
chr11_12111084-12111584@K562,0.7713145699047085,0,1.4959371173213083,-1.0,0.1994627072220489,0,0.2600718222797738
chr1_47230387-47230887@K562,0.8815141109433344,0,1.4911875766551912,3.5936301645307323,0.2434127978894374,0,0.11310337102964119
chr1_8364150-8364650@A549,0.7583848352381745,0,1.4893477698244681,-1.0,0.2029026997021644,0,1.0999607645126752
chr12_6620816-6621316@K562,0.8325074485152542,0,1.4858907474734315,-1.0,0.2841089468849312,0,0.37322863218222246
chr1_8878532-8879032@K562,0.9865241392612072,0,1.4830153604668892,5.946729433318621,0.0888625014996105,0,0.04848763272212452
chr16_87866989-87867489@K562,0.7431710069855417,0,1.4772037785112324,-1.0,0.2295563615441462,0,0.044389207907916214
chr22_39501999-39502499@K562,0.9245352250061324,0,1.4771516563974667,5.913533388728418,0.1337567390601172,0,0.22317537191514694
chr1_8358506-8359006@A549,0.8267726010011393,0,1.4724860983083847,-1.0,0.9824209458049818,0,0.08621262979452278
chr9_113594523-113595023@A549,0.7854169306533908,0,1.4692369812414405,-1.0,0.302005897212625,0,0.5574731979789613
chr11_118006026-118006526@K562,0.208674479441906,0,1.4692113931146455,-1.0,0.4337068101957204,0,0.47063381918051217
chr13_110298952-110299452@A549,0.7296989310333866,0,1.4676406137422366,-1.0,0.998133385946461,0,0.0018758545937660462
chr17_77396573-77397073@A549,0.8764270705014012,0,1.466227941615282,-1.0,0.2216645586784109,0,0.2377642072292989
chr13_112783274-112783774@A549,0.8207595240967082,0,1.4638204678627746,-1.0,0.994039563644354,0,0.8102009893601735
chr7_130915839-130916339@A549,0.7300465008532485,0,1.4596454945482218,-1.0,0.2012544077043042,0,0.31754804636866885
chr20_38152750-38153250@A549,0.7349815684650567,0,1.4590951846829823,-1.0,0.1154500460770363,0,0.49298115358356714
chr17_82098598-82099098@K562,0.9732539065804194,0,1.4545196952005894,5.07827191745736,0.9707142610207484,0,0.38588352881821697
chr19_4402214-4402714@K562,0.9703397326507956,0,1.4478795592161384,14.659298161268325,0.1527221992815289,0,0.24561343582349243
chr8_133003540-133004040@A549,0.1963190054039805,0,1.4478430193581469,-1.0,0.3716806374834167,0,0.049566988161355754
chr7_47558541-47559041@A549,0.7599313220847047,0,1.441219452920764,-1.0,0.999767325146566,0,0.00029107482383341376
chr10_100346798-100347298@K562,0.824535614367713,0,1.4289203610688586,9.228419867649306,0.2339617413417081,0,0.1316142171964002
chr10_119375500-119376000@A549,0.7323889466817213,0,1.4255751503388825,-1.0,0.2659481358210553,0,0.35662629332617735
chr2_42948142-42948642@A549,0.248942695975398,0,1.4236240919265786,-1.0,0.9989884480590718,0,0.1924108576102365
chr10_125161987-125162487@A549,0.9017741504489912,0,1.4155330798082428,-1.0,0.769714435151414,0,0.4908916074162451
chr1_21784730-21785230@K562,0.913982081580054,0,1.4115714151017646,-1.0,0.4494381163555965,0,1.383839687152417
chr20_19936423-19936923@A549,0.2925218929361289,0,1.4109556564818058,-1.0,0.8064696593194101,0,0.25865139752410504
chr14_68659458-68659958@A549,0.7767739871582343,0,1.4016034905762538,-1.0,0.7635218161561712,0,1.0076586004423747
chr15_78058499-78058999@A549,0.7542897062522651,0,1.4004334889983818,-1.0,0.4651083977729985,0,0.5769016473545326
chr10_100346338-100346838@K562,0.8499034467923574,0,1.3975276247655852,9.228419867649306,0.2661737701414133,0,1.2610688910592538
chr2_43198107-43198607@A549,0.7649237228957301,0,1.3923198454163233,-1.0,0.8822610301800755,0,0.9394532448738308
chr1_246566186-246566686@K562,0.9340586255524912,0,1.3911638668152693,3.3514253346910063,0.98354174712529,0,0.9508595368410351
chr22_46610327-46610827@K562,0.2801863992388376,0,1.384449725274334,-1.0,0.4004298072011834,0,0.7105002341261433
chr1_61043184-61043684@K562,0.8996908638336529,0,1.384070980062623,-1.0,0.2202789078619177,0,0.9343829442731275
chr9_21561445-21561945@A549,0.2390369125651294,0,1.3827899054425663,-1.0,0.2655460392926324,0,1.2343388946098812
chr1_67747960-67748460@A549,0.2357814028809714,0,1.3739985761521079,-1.0,0.2251560190193375,0,0.0310876391597737
chr11_128525845-128526345@A549,0.267655787728402,0,1.3739985761521079,-1.0,0.3975972634377541,0,0.052247781595431315
chr8_38107387-38107887@K562,0.2064344314815879,0,1.3739985761521079,-1.0,0.6018574080184348,0,0.6622413285065829
chr10_3779334-3779834@A549,0.7422447994071021,0,1.3739985761521079,-1.0,0.1892226163702259,0,0.49180707397455936
chr19_3376135-3376635@K562,0.8401703439986994,0,1.3716008513762148,-1.0,0.9395695256658052,0,0.361610592334664
chr15_78037714-78038214@A549,0.7502281353313154,0,1.3715497621150474,-1.0,0.4713579264179199,0,1.605670919596969
chr7_47556446-47556946@A549,0.8252410062716714,0,1.3689623034632596,-1.0,0.5463490081372511,0,0.13946435953671785
chr11_94766859-94767359@K562,0.1026559707723754,0,1.3563203652571956,-1.0,0.24157813410763,0,0.1948799110760767
chr6_44002938-44003438@K562,0.8497561213988779,0,1.3559160814231703,-1.0,0.5381784513416317,0,0.3152623280239254
chr1_21794970-21795470@K562,0.2221237507347789,0,1.3444966037502064,-1.0,0.7377869230343458,0,0.7287626455291641
chr5_132498137-132498637@A549,0.2464149550529489,0,1.340825679823844,-1.0,0.5568460141347973,0,0.9027774074800989
chr15_98850310-98850810@A549,0.2695894841332911,0,1.3366477806354098,-1.0,0.9892115906947448,0,0.9980932959591151
chr4_168694022-168694522@A549,0.2775204073531062,0,1.3324349855736475,-1.0,0.5257981145386394,0,0.06938712980022212
chrX_107675096-107675596@A549,0.2335880814293993,0,1.3324349855736475,-1.0,0.5952232324876413,0,0.06121017562880261
chr6_16223195-16223695@K562,0.1744499012121954,0,1.3280962318986447,-1.0,0.9982865026987812,0,0.6338573231851128
chr10_33212292-33212792@A549,0.2593188583697253,0,1.3272742552183099,-1.0,0.9842029531467168,0,0.4606353042538597
chr5_95834611-95835111@A549,0.7956869177686614,0,1.3226577190884612,-1.0,0.3035721230651069,0,0.9308501101512214
chr17_82099227-82099727@K562,0.764310406500826,0,1.3158461115764546,5.07827191745736,0.3192725284931657,0,0.044139143533174656
chr2_237690916-237691416@A549,0.919519530372879,0,1.3113310640990898,-1.0,0.8199441088833633,0,0.36024465014040685
chr5_10377613-10378113@K562,0.1973086650388343,0,1.3096975751604656,-1.0,0.2967183375127494,0,0.009572341514736488
chr8_143935062-143935562@K562,0.2848829801983679,0,1.3052719876706051,-1.0,0.4580379915489003,0,1.1849471752648615
chr7_27184372-27184872@A549,0.9149131779414944,0,1.3048073655990424,-1.0,0.9859062749682228,0,0.008920190954831216
chr8_30385400-30385900@A549,0.7984947059685021,0,1.3027096161211176,-1.0,0.2272083849108437,0,0.45595677318634087
chr10_3867272-3867772@A549,0.21071213494174,0,1.3026398653459335,-1.0,0.8168346897609247,0,0.7610761540075845
chr20_54172876-54173376@A549,0.930067576246986,0,1.3012385070620347,-1.0,0.1662516395383451,0,1.3632113109656252
chr13_112745926-112746426@A549,0.8162883764123381,0,1.2992443782497873,-1.0,0.3704347070453989,0,0.24762115288785794
chr15_96341609-96342109@A549,0.8824888588530659,0,1.2982679983020022,-1.0,0.2582888586945286,0,0.012052339092822913
chr20_38170663-38171163@A549,0.2890436546590626,0,1.2917916246955148,-1.0,0.9380965639066876,0,0.39126008093121206
chr6_16764536-16765036@A549,0.1638592558499095,0,1.2836376766397968,-1.0,0.1620559951547127,1,2.1295317162138585
chr2_43130377-43130877@A549,0.8162722795723553,0,1.2818638369434259,-1.0,0.9985342550316656,0,0.6006032078966878
chr1_8343447-8343947@A549,0.7631061879068751,0,1.2812326672789487,-1.0,0.1569877421468722,0,0.03387704796895982
chr12_52902485-52902985@A549,0.7743301413981839,0,1.2798903330855427,-1.0,0.5262649007569071,1,2.5307082941531434
chr11_117985709-117986209@K562,0.8203983372116191,0,1.2787913862164373,3.151773923348828,0.1178731481344691,0,1.019610255509991
chr7_130929827-130930327@A549,0.1647072791826347,0,1.278304772462902,-1.0,0.1716745384792387,0,0.8237350578858539
chr3_58051140-58051640@A549,0.7333817544858873,0,1.2761258336607273,-1.0,0.1882232617354707,0,0.749921712020355
chr10_11892388-11892888@K562,0.8501354047218951,0,1.275781493835999,-1.0,0.9012704733624848,0,0.45224990122890985
chr19_13151922-13152422@K562,0.970039924233622,0,1.273900649387684,4.772679017451155,0.3496293010629819,0,1.054526490922376
chr1_47229103-47229603@K562,0.8035022566325065,0,1.2669793785498782,13.4910799281386,0.9968851148640928,0,0.35698183528783023
chr15_60391827-60392327@A549,0.2749510962325411,0,1.262656255467936,-1.0,0.7406045650672539,0,0.21321309772845173
chr20_32354963-32355463@K562,0.2011329970565957,0,1.259321574772545,-1.0,0.417385507101294,0,0.2866438821897751
chrX_107675393-107675893@A549,0.2516064399552307,0,1.2577541921211566,-1.0,0.9353345915944798,0,0.17387334433727047
chr8_30384963-30385463@A549,0.8558152773671318,0,1.2455293450424598,-1.0,0.3550493630487403,0,0.07820431448690428
chr10_33290191-33290691@A549,0.2407544410368687,0,1.238688726158108,-1.0,0.1426030352038561,0,0.28413866046698927
chr3_196061715-196062215@K562,0.1977516118017639,0,1.236954054061543,-1.0,0.2835599052242013,0,0.11851833690000205
chr16_81444248-81444748@K562,0.9269200364735872,0,1.236205257376271,10.967703655260529,0.2151581724916563,0,0.04165116728101705
chr21_38812828-38813328@A549,0.769514733253299,0,1.2328292864970252,-1.0,0.2990526490020131,0,1.0592246093085098
chr20_32358211-32358711@K562,0.9609448327119252,0,1.2319467773206876,3.037147857148407,0.6391718488621123,0,0.011945188564747335
chr10_131900405-131900905@K562,0.9766086233884308,0,1.2285448116968818,-1.0,0.0776099499332199,0,0.05516707244279146
chr19_45878997-45879497@K562,0.2660314467598542,0,1.2267549325742282,-1.0,0.1053279872840811,1,3.1407115576799796
chr11_67280043-67280543@K562,0.1879915922727413,0,1.2240256688706308,-1.0,0.301471773521793,0,1.527799569434398
chr5_59038973-59039473@A549,0.887708560398203,0,1.2225731776106885,-1.0,0.7021570513818812,0,1.0546397558024398
chr21_39079260-39079760@A549,0.7713891659993517,0,1.2114993156294431,-1.0,0.2711497986031885,0,0.5846593274675944
chr6_42038750-42039250@K562,0.1943128154639974,0,1.2105321062494843,-1.0,0.207859259671278,0,1.48759579808494
chr3_71132624-71133124@A549,0.1611903301100463,0,1.21005283026249,-1.0,0.2208641301561124,0,0.8800845897420089
chr12_3200938-3201438@A549,0.8616796217924796,0,1.2054561887693742,-1.0,0.5578268752642349,0,0.9978771537748383
chr14_68616456-68616956@A549,0.2639943735085203,0,1.2045579722775568,-1.0,0.4583189010167957,0,0.5767213503579652
chr11_67289006-67289506@K562,0.9446744279784622,0,1.2038074031440802,3.230113341428709,0.1153495847496492,0,0.14023744029538016
chr4_168832999-168833499@A549,0.7913461994838269,0,1.2001565117613957,-1.0,0.1521128245613013,0,0.670785234194275
chr12_106138289-106138789@A549,0.8260255857021742,0,1.1978217003278433,-1.0,0.0731170644384478,0,0.8372265611648132
chr17_72399161-72399661@A549,0.7035804945779485,0,1.1941254967283377,-1.0,0.9973106311452417,0,1.0860643503909033
chr5_17258984-17259484@A549,0.2602944371846583,0,1.1915729467270686,-1.0,0.9726915344314008,0,1.8143445410797843
chr20_38153025-38153525@A549,0.8279624753485387,0,1.182474293847882,-1.0,0.6502742102842001,0,0.36506952667481474
chr5_10353461-10353961@K562,0.9677274211617568,0,1.1677210687846566,3.238666153484297,0.0854084086894848,0,0.20986971736705878
chr14_68789631-68790131@K562,0.7866772994354765,0,1.1651979459513009,-1.0,0.1742791758333478,0,0.9950341128931764
chr6_16226960-16227460@K562,0.714540459944371,0,1.1634163980713794,-1.0,0.3805181547686113,0,1.1568108404678565
chr12_76029839-76030339@A549,0.8060626882651714,0,1.15755302714416,-1.0,0.9016341681488428,0,0.22237746293520091
chr9_71756255-71756755@A549,0.2571381357072471,0,1.1490231163592854,-1.0,0.6547194871508605,0,0.998136537307476
chr10_34719704-34720204@A549,0.2780700803288922,0,1.1464234563803584,-1.0,0.207130566999869,0,0.270551715041573
chr12_52885287-52885787@A549,0.2060175474424966,0,1.1433677644846845,-1.0,0.1362750431543136,0,1.0855933696411844
chr3_66424215-66424715@A549,0.161409299386854,0,1.1418539638705114,-1.0,0.9996581840225712,0,1.8339252826429198
chr6_112204637-112205137@A549,0.2653845221553625,0,1.1406335027761003,-1.0,0.3792360115139319,0,0.676005797818026
chr6_50820315-50820815@K562,0.8173833807047185,0,1.1406154920980351,-1.0,0.9757084519889976,0,0.027436171291340856
chr2_54638069-54638569@A549,0.2470337036477413,0,1.140315424041779,-1.0,0.3034942578700421,0,0.48329279318412693
chr6_71388286-71388786@A549,0.2420943251599414,0,1.13796408051412,-1.0,0.2948217867630878,0,0.44331163116476663
chr20_19996856-19997356@A549,0.7809495132556533,0,1.135566054592719,-1.0,0.2902624143914785,0,0.7424654140193213
chr3_127734317-127734817@A549,0.7402253789833327,0,1.1353109658631488,-1.0,0.1870463381611917,0,1.9188327852865275
chr6_7175416-7175916@K562,0.1784762046748557,0,1.1349612040463575,-1.0,0.3051584329083636,0,0.018648091170371972
chr19_13151647-13152147@K562,0.9104201228385,0,1.134617644739448,4.772679017451155,0.121036554946137,0,0.03634909140880831
chr13_33191388-33191888@A549,0.2295828131615543,0,1.1345169978046523,-1.0,0.7611406549694338,0,1.0593391062811504
chr11_78424235-78424735@K562,0.1217794930252644,0,1.1332756320137174,-1.0,0.3458180741999536,0,0.027778641995257244
chr5_135993968-135994468@A549,0.2448897903506338,0,1.1316436196270276,-1.0,0.3174946919380643,0,0.4242119499840102
chr10_100348445-100348945@K562,0.1936779867997395,0,1.131138174940592,-1.0,0.150496088783553,0,0.706747966852175
chr22_46072258-46072758@A549,0.9176949267085764,0,1.1271854977767528,-1.0,0.1214928095464629,0,0.3844076261581799
chr14_35292053-35292553@K562,0.9240159182300052,0,1.126632889887073,5.054437869442936,1.0,1,2.174476517702702
chr20_19880997-19881497@A549,0.2663961700842333,0,1.1242906739484329,-1.0,0.2961005599816421,0,1.2957207588154647
chr10_3821512-3822012@A549,0.7223786426720696,0,1.1186381713974212,-1.0,0.3536394773855358,0,0.4788880794022039
chr3_196081621-196082121@K562,0.9712328378302808,0,1.1180336300046883,5.840372659341327,0.7131705619319088,0,0.33261242969538185
chr14_68539916-68540416@A549,0.2761587075848629,0,1.1174583865820438,-1.0,0.2238979632045039,0,1.5400348625061004
chr12_3200351-3200851@A549,0.8450735033386064,0,1.1115172238778415,-1.0,0.9998332294112758,0,0.03984328381377585
chr1_234933373-234933873@A549,0.7553482077424203,0,1.1087023346089544,-1.0,0.4168551131982053,0,0.9584494182823541
chr17_78260999-78261499@K562,0.7508844291877403,0,1.0999279640533188,-1.0,0.5287133379829292,0,0.009572341514736488
chr1_8872898-8873398@K562,0.2385374066724273,0,1.0998405082709297,-1.0,0.5357334911659618,0,0.4514877436589645
chr6_11205726-11206226@A549,0.7101116458822933,0,1.0991360386859517,-1.0,0.98801541379824,0,0.6174966757888493
chr11_126352435-126352935@A549,0.2765036502378747,0,1.098443605604509,-1.0,0.3983170808646203,0,1.1867259946516762
chr5_95834864-95835364@A549,0.8391280360650498,0,1.0962807421205165,-1.0,0.3653294569605717,0,0.2106026326436865
chr18_77132984-77133484@A549,0.913964785223304,0,1.095138452478585,-1.0,0.5650680061623329,0,0.05541863577307369
chr18_77063686-77064186@A549,0.7421511938876714,0,1.0918528971472155,-1.0,0.6796369873933708,0,0.33503853133418215
chr6_71417795-71418295@A549,0.2157998830402735,0,1.086329170566615,-1.0,0.4956072618959195,0,1.359488749786412
chr6_11215692-11216192@A549,0.7419843470205822,0,1.0852655722737117,-1.0,0.7917344052805558,0,0.43663759051339246
chr11_67289237-67289737@K562,0.8632829602901408,0,1.078813120390199,3.230113341428709,0.088733093199207,0,0.0412163973825697
chr3_127791436-127791936@A549,0.7494451525215504,0,1.0767456164699747,-1.0,0.3554206681398016,0,1.6488223463157152
chr14_35281298-35281798@K562,0.209899015970427,0,1.0748891128778153,-1.0,0.2636700619121975,0,0.5617108656992512
chr5_14176904-14177404@A549,0.2856906059625656,0,1.0739715526815607,-1.0,0.3526489325175286,0,0.019751128163474102
chr1_234861719-234862219@A549,0.2548015393165679,0,1.0733077887491271,-1.0,0.2780773411627455,0,0.06938712980022212
chr1_234894225-234894725@A549,0.7409580682398605,0,1.0705146578554843,-1.0,0.9962060079256052,0,1.823041019413092
chr18_48935418-48935918@K562,0.837111541992054,0,1.0672219299394494,-1.0,0.8358601199362722,0,0.9823407257162353
chr20_19996157-19996657@A549,0.8225007260995673,0,1.0644876959854634,-1.0,0.0831998076611484,0,0.3359035851478409
chr15_57684707-57685207@A549,0.2842620658443489,0,1.063984171932928,-1.0,0.7252863150226523,1,2.4628738109118333
chr19_41868123-41868623@K562,0.2534692540063472,0,1.0633153882179003,-1.0,0.3189722600191264,0,0.04320268241219266
chr21_37367236-37367736@K562,0.9287068336963894,0,1.0631044071456817,-1.0,0.0875919402771429,0,0.9169634575880354
chr19_13119987-13120487@K562,0.1981917032464347,0,1.0616854623861152,-1.0,0.999064994104536,0,0.6940041172291953
chr11_67282602-67283102@K562,0.2199970803524365,0,1.0607803641451818,-1.0,0.3123070443339815,0,0.05456588405204719
chr10_33279270-33279770@A549,0.7203396854163644,0,1.0563323943672733,-1.0,0.8322675763487158,0,0.5117172751014459
chr2_28612345-28612845@A549,0.7417114700217764,0,1.055778970369875,-1.0,0.5767190821334258,0,0.009572341514736488
chr14_102517135-102517635@K562,0.7342175415066498,0,1.0546545316604727,3.7126462272852536,0.5530904549279733,0,1.6573207664125231
chr4_57118978-57119478@A549,0.7352884099413735,0,1.0504002163564417,-1.0,0.8978450558804344,0,0.36507959271989404
chr7_27104184-27104684@A549,0.2957129862308879,0,1.0481381468004456,-1.0,0.9972582197796398,0,1.7267208683734232
chr2_10311734-10312234@K562,0.1500692188960899,0,1.0477356158585809,-1.0,0.4057642669306352,0,0.686280380504907
chr6_52284056-52284556@K562,0.9311758826954,0,1.0433082334357113,8.290594343199944,0.2588252901850205,0,1.8030780551805412
chr1_8880576-8881076@K562,0.2252231253467222,0,1.0430204274088295,-1.0,0.5374435940186222,1,2.1846148714489493
chr2_55135773-55136273@A549,0.2611896914617513,0,1.0405579053759273,-1.0,0.5263863733238271,0,0.627898454352369
chr1_93617589-93618089@A549,0.7536234219036915,0,1.038973034904308,-1.0,0.4429910676149223,0,0.003654722523372565
chr11_336768-337268@K562,0.2621251118074351,0,1.0347183171066194,-1.0,0.9799293402512228,0,0.2577856416554973
chr14_68655045-68655545@A549,0.7098387833982215,0,1.0338300977216839,-1.0,0.1913195561071415,0,0.0007041275581228869
chr8_30383366-30383866@A549,0.7950007192050685,0,1.0306213677423464,-1.0,0.3576204648006311,0,0.36401388819916697
chr10_119358057-119358557@A549,0.785596187618032,0,1.0301137014608472,-1.0,0.9079660732823428,0,1.321308665987287
chr22_45718330-45718830@A549,0.2990845121837402,0,1.0293138184792379,-1.0,0.98857228242602,0,0.22862567700397923
chr20_50406733-50407233@A549,0.7886171392010887,0,1.024632536180373,-1.0,0.2844831127090182,0,0.8287124493471394
chr6_37125380-37125880@K562,0.8959736457510465,0,1.021659677484873,-1.0,0.0927802690176219,0,0.02677975314776622
chr5_59039469-59039969@A549,0.8557222379223262,0,1.0205017040667588,-1.0,0.1055234005800581,0,0.7219326691113375
chr21_39029050-39029550@A549,0.7442783281522991,0,1.0202877714996192,-1.0,0.5160101869484973,0,0.6266281828186995
chrX_107715948-107716448@A549,0.7633141259858588,0,1.0192060683953528,-1.0,0.385496527383576,0,0.8310313534452342
chr11_122196941-122197441@A549,0.7006325085626043,0,1.0145959822618882,-1.0,0.9625481739835636,0,0.7544873321858502
chr5_17218254-17218754@A549,0.8512542689646972,0,1.0115882109479666,-1.0,0.6642472738718604,0,0.5437098991173089
chr11_65439690-65440190@A549,0.2879861982297539,0,1.0112003305609736,-1.0,0.1350952886336608,0,1.1563250524061277
chr17_72460076-72460576@A549,0.730188135627416,0,1.0100209859956133,-1.0,0.7993700386073516,0,1.215282881029045
chr8_17790723-17791223@A549,0.8030833939686345,0,1.0066696003408382,-1.0,0.9105162797109588,0,0.09228774730727378
chr2_20537949-20538449@A549,0.7505930357435484,0,1.0037729890738887,-1.0,0.997377726997272,0,0.35569930368521807
chr12_62720585-62721085@A549,0.7198521355020087,0,1.0021900137576671,-1.0,0.9913058254380092,0,0.23212461805694531
chr2_160376077-160376577@A549,0.1384470482909554,0,0.999826316941535,-1.0,0.3367739211322711,0,0.1514537379849948
chr7_116500148-116500648@A549,0.8156861020406118,0,0.9993056841336455,-1.0,0.2275095646180445,0,0.06938712980022212
chr19_4405487-4405987@K562,0.2272817872396278,0,0.9993056841336455,-1.0,0.8087671320981671,0,0.06938712980022212
chr7_131198191-131198691@A549,0.2512338177045209,0,0.9916127698858412,-1.0,0.3419177082512261,0,0.9556954808240854
chr10_3068104-3068604@K562,0.9622961995431828,0,0.9890643352956149,6.48011952667834,0.2908221661808322,0,1.613162292045993
chr6_11943429-11943929@K562,0.1891318235546489,0,0.9884295564027218,-1.0,0.6622573555738795,0,1.0396624328768116
chr20_54172591-54173091@A549,0.9086311575311656,0,0.9863203027088074,-1.0,0.1945806707564943,0,0.46158966001233304
chr4_57080841-57081341@A549,0.2510001885463943,0,0.9852275259269363,-1.0,0.2522343742255538,0,0.7181034497539397
chr11_117985176-117985676@K562,0.7913864528240198,0,0.9843469014645347,-1.0,0.332596479711344,0,0.34083519933727335
chr11_126403259-126403759@A549,0.7880294376222776,0,0.9796801596426908,-1.0,0.8970224504770021,0,1.075358952582837
chr17_27354983-27355483@A549,0.2543055418270363,0,0.9793901466222955,-1.0,0.2166365467029198,0,0.829591588274682
chr12_106133600-106134100@A549,0.2046485757925298,0,0.9778191605863347,-1.0,0.6184888328542614,0,0.4523852625475926
chr7_130895364-130895864@A549,0.7471286590374321,0,0.9773242380462726,-1.0,0.1924362088316354,0,0.9291866402972846
chr5_95863294-95863794@A549,0.7137150156809928,0,0.9716728015324313,-1.0,0.4748070135731586,0,0.07771061195276836
chr8_109588507-109589007@A549,0.7201681938344022,0,0.9694812351564575,-1.0,0.6041650172212917,0,0.5257691625279312
chr14_68520209-68520709@A549,0.2989167944326125,0,0.9689957186364632,-1.0,0.5057241066594429,0,0.37420412528716734
chr18_48974773-48975273@K562,0.8220350101518978,0,0.9672603947905066,-1.0,0.2799080615264138,0,0.06826252148763877
chr12_56682844-56683344@K562,0.8229517591723008,0,0.9657727392294493,-1.0,0.2118430330938498,0,1.289121382314827
chr7_130999466-130999966@A549,0.2821867491800263,0,0.9643301653483193,-1.0,0.5007947044413561,0,0.9452337821610087
chr10_102758791-102759291@A549,0.8687567593301798,0,0.9588047663031908,-1.0,0.701325813296439,0,0.21479121474600488
chr3_127792788-127793288@A549,0.7716117349301862,0,0.9557347000846804,-1.0,0.4967052808647458,0,0.12686548119613678
chr22_46061726-46062226@A549,0.8342288924198398,0,0.9520245947209142,-1.0,1.0,0,1.5826445770964213
chr5_132488782-132489282@A549,0.8051322357581793,0,0.9503169109117515,-1.0,0.4427268035298851,0,0.5669025230320122
chr2_20526622-20527122@A549,0.2996423134105546,0,0.9491177893359706,-1.0,0.9700528090193256,0,0.0485361946841238
chr11_19972675-19973175@A549,0.2865130107898177,0,0.9489633048587869,-1.0,0.594764146331424,0,0.344362221546755
chr3_66500066-66500566@A549,0.9185272015549344,0,0.9479990198987,-1.0,0.0665478948898519,0,0.1560512576439504
chr11_122186459-122186959@A549,0.1356223794554971,0,0.9473060580750321,-1.0,0.575430990177548,0,0.8739985432123255
chr10_131899720-131900220@K562,0.7711488373014264,0,0.9432094517256172,-1.0,0.1476258666372444,0,0.05060511366922133
chr7_130985332-130985832@A549,0.8010473541744592,0,0.9413462584276298,-1.0,0.8789396828368323,0,0.09725758764197734
chr11_65490349-65490849@K562,0.2345076835993622,0,0.94127037924828,-1.0,0.4516244228697379,0,0.1366117031753235
chr9_113570061-113570561@A549,0.2846020009141379,0,0.9404365820987324,-1.0,0.9979967076992824,0,0.4848284801950502
chr10_3068844-3069344@K562,0.7766021566004377,0,0.9394532448738308,6.48011952667834,0.0780931617358616,0,0.29262572637523204
chr1_93592291-93592791@A549,0.7251296927767861,0,0.9391511269611926,-1.0,0.2439401831770711,0,0.025368581916208294
chr22_39502703-39503203@K562,0.8565596902306978,0,0.934270940537651,4.114322222306394,0.2803515509327215,0,0.05472841849229014
chr16_14365423-14365923@A549,0.7278372712532355,0,0.9284493606330679,-1.0,0.4310378289715217,0,0.5883466291026881
chr5_139711815-139712315@K562,0.7908544269029215,0,0.926098441685793,-1.0,0.0885269922050673,0,0.0453523380859896
chr12_52965216-52965716@A549,0.7663213466305714,0,0.9232139664919208,-1.0,0.2234811707961048,0,1.8641997166978888
chr20_38165852-38166352@A549,0.7411199365531949,0,0.9205654893662563,-1.0,0.3614769439884429,0,1.4630882057063768
chr2_10303217-10303717@K562,0.7315109255141702,0,0.917933065714887,3.1245335841336144,0.1104425510294409,0,0.2054492187013753
chr15_59371716-59372216@A549,0.8121595442141295,0,0.917933065714887,-1.0,0.1147382436998752,0,1.28521773665347
chr1_8379431-8379931@A549,0.2968147416283006,0,0.914067554449364,-1.0,0.3385497792124582,0,0.017321806616515806
chr20_32350376-32350876@K562,0.1331470793056746,0,0.9138181953502506,-1.0,0.808628605804947,0,0.97138808493377
chr1_47230885-47231385@K562,0.9088678341457354,0,0.9120412105392671,3.5936301645307323,0.8172060210544785,0,0.003313244399828524
chr6_16751509-16752009@A549,0.2461313226362646,0,0.910837000635068,-1.0,0.8670594693057981,0,0.45043276685446054
chr1_234862228-234862728@A549,0.795594516972151,0,0.9064732563003248,-1.0,0.240142552636473,0,1.6384421385594774
chr11_65495860-65496360@A549,0.8594415659307841,0,0.9059133729168071,-1.0,0.3296636282788929,0,0.4054417199977183
chr6_42050547-42051047@K562,0.7935566527025051,0,0.9053891369678629,3.646276062411051,0.1546137335201133,0,1.2080007537445252
chr19_41860591-41861091@K562,0.7737489826517971,0,0.9032984983899971,5.190965796506689,0.1981438452530558,0,0.511674949642281
chr11_32428333-32428833@K562,0.8303070815786433,0,0.9019796137903324,-1.0,0.2876488164385685,0,0.23547268707577712
chr12_47820910-47821410@K562,0.7633118351192522,0,0.9010103605988227,4.392963387775915,0.6290691585048259,0,0.15914144595812058
chr5_139703715-139704215@K562,0.1625620488590097,0,0.9006647223140423,-1.0,0.3930784442654045,0,0.7812807330995069
chr16_81486584-81487084@A549,0.7768312477837814,0,0.9000087664553156,-1.0,0.5412704168755823,0,1.3495370525192978
chr2_38749639-38750139@K562,0.7172617588184896,0,0.8955128886876049,-1.0,0.1705850985651021,0,1.2132272894310183
chr20_38204971-38205471@A549,0.2910488070993306,0,0.8921797327519521,-1.0,0.9302975775923482,0,0.4491603949342149
chr19_16539212-16539712@K562,0.8191848495233169,0,0.888838340422412,-1.0,0.8156320101714908,0,0.7375963767412177
chr3_30598609-30599109@A549,0.2820468271444684,0,0.8879650488265701,-1.0,0.3225000469543841,0,0.8186710129102662
chr2_28588336-28588836@A549,0.1863534358044522,0,0.8859898382965384,-1.0,0.3501352061344215,1,2.1087692770219375
chr15_67103821-67104321@A549,0.7777784067495834,0,0.8752676022799706,-1.0,0.419129247362597,0,0.7201962200058964
chr15_92807981-92808481@K562,0.709103448688379,0,0.8699558577123956,-1.0,0.4087161031283297,0,0.6349615178042947
chr7_116495648-116496148@A549,0.134446787606333,0,0.8665249631619079,-1.0,0.5404237501923945,0,0.4436733724316786
chr3_30602859-30603359@A549,0.2483946631645516,0,0.8631843422731509,-1.0,0.2359819889609742,0,0.029783338637064356
chr1_47230690-47231190@K562,0.8732013427670189,0,0.8630259042421706,3.5936301645307323,0.9597451157760968,0,0.15674229897398148
chr4_168662216-168662716@A549,0.2680787180470831,0,0.8618552558205128,-1.0,0.6367367437803099,0,0.4830813998024942
chr7_107118397-107118897@K562,0.1410734315062475,0,0.861634136321004,-1.0,0.6428017037944306,0,0.8124792791635369
chr10_131900129-131900629@K562,0.9432697919686216,0,0.8610345217101731,-1.0,0.8407467450933439,0,0.9363664547692153
chr19_2497093-2497593@K562,0.2910862099018938,0,0.8602468143046469,-1.0,0.9730506498682112,0,1.64103777695541
chr17_79838919-79839419@K562,0.9224196486073806,0,0.8591150197341338,3.629006066485256,0.0887903879756211,0,0.009270544695415365
chr16_89358098-89358598@A549,0.1986170506612114,0,0.858174105488925,-1.0,0.2906174439572092,0,1.1130864666014542
chr15_57551652-57552152@A549,0.7199666132089013,0,0.857391564497527,-1.0,0.3543161034085126,0,0.7213149772743161
chr3_71134069-71134569@A549,0.2797099549738436,0,0.8557372262380094,-1.0,0.6537378527522899,0,0.08387255303426082
chr11_32438059-32438559@K562,0.8907571034364997,0,0.8533759111759944,-1.0,0.47869360082581,0,0.19704165330961335
chr11_20000767-20001267@A549,0.8204858778170014,0,0.8497656410421038,-1.0,0.1558544755208772,0,0.2423231372740633
chr4_7965210-7965710@A549,0.8115860380451497,0,0.8482012774071386,-1.0,0.3332549139061048,0,0.4372790014010558
chr6_11212583-11213083@A549,0.237815105802976,0,0.843390281834301,-1.0,0.2406705544096677,0,0.26405795166215756
chr9_38018178-38018678@A549,0.1596211712490407,0,0.843208631996071,-1.0,0.8398004939120146,0,1.8757240679936624
chr10_100341031-100341531@K562,0.189262942477695,0,0.8413360191860106,-1.0,0.2701993834138804,0,0.44597142417912683
chr1_8871184-8871684@K562,0.2043486384223023,0,0.8406433883777733,-1.0,0.7578178336604079,0,0.8875290606618607
chr5_17257700-17258200@A549,0.2220193159176846,0,0.8395914999104179,-1.0,0.3174777425480533,0,0.025368581916208294
chr13_112760078-112760578@A549,0.058340783020548,0,0.8373758596921536,-1.0,0.4694654253056625,0,0.18901517759177347
chr10_33194030-33194530@A549,0.2222665308668155,0,0.8366596943817484,-1.0,0.3436283563700243,0,0.06361696765821905
chr10_21533579-21534079@K562,0.9385415429338576,0,0.8363318462173313,4.627603567576888,0.2108857450680739,0,0.8723445802247929
chr12_3200038-3200538@A549,0.8211022169659531,0,0.8360935665422484,-1.0,0.9026607984113288,0,0.19795184448735997
chr10_34743069-34743569@A549,0.2997775907312393,0,0.8354984386904314,-1.0,0.2596800531509856,0,0.6982106532312814
chr1_26035875-26036375@K562,0.8730917120888926,0,0.8352606157085676,3.393178113983302,0.1235753555021454,0,0.1688792136837512
chr20_54114942-54115442@A549,0.7939727857446733,0,0.8351714656555186,-1.0,0.5058759932380648,0,0.6472002574366869
chr19_4401919-4402419@K562,0.7131847480635891,0,0.8351714656555186,5.670988784292631,0.3390034102880509,0,0.025368581916208294
chr5_132491887-132492387@A549,0.8315283535893702,0,0.8351714656555186,-1.0,0.5165339269370702,0,0.04519809365128386
chr1_47226032-47226532@K562,0.8154229733602757,0,0.8351714656555186,-1.0,0.2551355725335363,0,0.009572341514736488
chr1_21781789-21782289@K562,0.8202447368894761,0,0.8351714656555186,-1.0,0.2514477237463139,0,0.06296883056000803
chr19_4399021-4399521@K562,0.7623794439205619,0,0.8351714656555186,-1.0,0.3604342587322435,0,0.05683206968023804
chr1_27527691-27528191@K562,0.7668893344665072,0,0.8351714656555186,3.381585785198744,0.1699760879434846,0,0.9022916194183701
chr13_112741125-112741625@A549,0.8039280063388746,0,0.8344885892144467,-1.0,0.1052307259795453,0,1.264960294966279
chr7_130959395-130959895@A549,0.7186774580810853,0,0.8330669051288462,-1.0,0.2660833659058187,0,1.7088310242847382
chr6_15243856-15244356@K562,0.780469329677924,0,0.8305019053150321,-1.0,0.470311905822101,0,0.278420190803843
chr2_9286482-9286982@A549,0.2710591009486685,0,0.8284197980679365,-1.0,0.5023462794811474,0,0.19081077197457763
chr3_45565293-45565793@A549,0.2583864463736461,0,0.8282443019117621,-1.0,0.8617684581378954,0,0.025368581916208294
chr16_87875048-87875548@K562,0.8572808894508235,0,0.8275722228485349,-1.0,0.2797528927366572,0,0.6170648820764215
chr19_13116215-13116715@K562,0.9201340848425656,0,0.8271053022478239,3.3707739443874694,0.1620827289249932,0,1.2615682851797143
chr11_126349191-126349691@A549,0.2868949805292101,0,0.8236193077567295,-1.0,0.9356005242726596,0,0.10207065699377854
chr15_57618301-57618801@A549,0.2945242730622068,0,0.8234746634650001,-1.0,0.3140390413315264,0,0.11407366019856895
chr9_38022470-38022970@A549,0.767268099183822,0,0.8104816138736227,-1.0,0.5290067889004384,1,3.310407032937944
chr6_12012928-12013428@K562,0.8008017124235179,0,0.8103974074784189,-1.0,0.306245441695215,0,0.6648230272299732
chr10_3741791-3742291@A549,0.2691675408165205,0,0.805902114421048,-1.0,0.4154759784276979,0,0.006775456974910387
chr8_17791251-17791751@A549,0.2725033895532524,0,0.805346928047066,-1.0,0.3746879000372138,0,1.359846643851499
chr13_33194727-33195227@A549,0.2660331275579496,0,0.8039620592654765,-1.0,0.577701712173799,0,0.2456822494843811
chr18_58287579-58288079@A549,0.2294098265619922,0,0.8011230727564471,-1.0,0.6660386134317162,0,0.18378522261849745
chr17_77433941-77434441@A549,0.7647765434931826,0,0.8002722411929439,-1.0,0.6238246568190678,0,0.4680742450593828
chr13_110406578-110407078@A549,0.7627688219450005,0,0.8000255374695093,-1.0,0.9862696346957648,0,0.1353228271334634
chr1_64945694-64946194@A549,0.2981757882335147,0,0.7973210057722734,-1.0,0.3074726862723175,0,1.7837549022941777
chr10_21534264-21534764@K562,0.8940423784530235,0,0.7970759723621981,4.627603567576888,0.1238279431386756,0,0.1452204406358518
chr5_95864395-95864895@A549,0.1774115903924653,0,0.796695083861517,-1.0,0.4494229349653017,0,0.06594111555069604
chr5_59585423-59585923@A549,0.1757560543495505,0,0.7905922319036243,-1.0,0.7207999880776887,0,0.15088783381542256
chr7_131165420-131165920@A549,0.7920771034280754,0,0.7877591111984656,-1.0,0.4602173871211322,0,1.216603870170991
chr10_33277275-33277775@A549,0.2499778287438469,0,0.7877324714510625,-1.0,0.4875319385870248,0,0.14731266804974696
chr12_3184772-3185272@A549,0.2830200400577628,0,0.7847855709127725,-1.0,0.3441894204517716,0,0.6864491286664951
chr17_75149741-75150241@K562,0.2108453113275948,0,0.783939714076858,-1.0,0.8148448809701293,0,0.04866733911136268
chr11_19952870-19953370@A549,0.1830825405022765,0,0.7822792324691811,-1.0,0.584384462069769,0,0.43820715939985055
chr6_16216654-16217154@K562,0.8004555079060998,0,0.7820162468235627,-1.0,0.1559937560555444,0,8.252379157010987e-05
chr10_33334043-33334543@A549,0.7712675325286075,0,0.7801274366764599,-1.0,0.3215776643806656,0,1.0818805056260041
chr5_95779561-95780061@A549,0.2637007839843264,0,0.7773615528335656,-1.0,0.9923778777475354,0,0.06251721403630425
chr17_75108859-75109359@K562,0.7558494100635974,0,0.7752080435073185,-1.0,0.0662187290540187,0,0.04770653169119913
chr15_63498541-63499041@A549,0.7514315519255174,0,0.7751821626049598,-1.0,0.5705003545105234,0,0.0688829858739462
chr10_33264470-33264970@A549,0.752466887900242,0,0.7734516461585887,-1.0,0.3999252453590892,0,0.5216499841723253
chr20_5669988-5670488@A549,0.206167470129766,0,0.7733743214041953,-1.0,0.2699718621356171,0,0.15855918517132925
chr2_9258407-9258907@A549,0.153265764343714,0,0.7727819552288128,-1.0,0.3007133582315231,0,0.7889328807829681
chr1_230137382-230137882@K562,0.196918242588855,0,0.7703949401586246,-1.0,0.3596125153553441,0,0.34915843853561684
chr17_82520830-82521330@K562,0.7575551975059189,0,0.7699344487939532,-1.0,0.1514025913236906,0,0.8952057135137217
chr19_19100761-19101261@K562,0.2289036418681523,0,0.7666738496501426,-1.0,0.9831084100353008,0,0.49182055112647594
chr6_15243044-15243544@K562,0.2242883866927046,0,0.765103254268412,-1.0,0.1944947562635449,0,0.69411146971569
chr21_38841383-38841883@A549,0.2420173680403846,0,0.7634879303371724,-1.0,0.2548042918549416,0,0.10367223649257983
chr10_102753719-102754219@A549,0.0743826411909861,0,0.7634879303371724,-1.0,0.4524488286200873,0,0.10216405779230615
chr7_55056006-55056506@A549,0.2256349361518623,0,0.7634879303371724,-1.0,0.1840200157540724,0,1.4406680286790947
chr17_79828286-79828786@K562,0.1319501140914075,0,0.7604752968433325,-1.0,0.9948383548549222,0,0.6627804155818195
chr7_55019947-55020447@A549,0.9355219229816282,0,0.7597004179972875,-1.0,0.9261153988822504,0,0.06938712980022212
chr6_42025717-42026217@K562,0.2242563010412826,0,0.758827213229953,-1.0,0.1249349513378105,0,0.32670256024036426
chr12_6611776-6612276@K562,0.2683380134783436,0,0.7580552667557334,-1.0,0.40944756843423,0,0.7131619499409871
chr12_6607255-6607755@K562,0.7642546995801722,0,0.7566394523262334,7.200425132620416,0.4676243999516005,0,0.39354339236384833
chr11_32447186-32447686@K562,0.2309017439279485,0,0.7562676354473511,-1.0,0.2681425145296901,0,0.06938712980022212
chr2_160351917-160352417@A549,0.2748154705582409,0,0.755500221166157,-1.0,0.9925158308570916,0,0.6867445958149627
chr2_20536653-20537153@A549,0.7476545278494926,0,0.7528371909606689,-1.0,0.209557295850009,0,0.06938712980022212
chr19_13162968-13163468@K562,0.8893162060133566,0,0.7519040689058701,3.3144105150147203,0.1547620975811695,0,1.0279638737996106
chr17_27532167-27532667@A549,0.7679172416315664,0,0.7505081342747353,-1.0,0.7058937427245039,0,1.2577384682079795
chr17_82109036-82109536@K562,0.2441938937156871,0,0.7498484648833882,-1.0,0.9399362757091216,0,0.3334539409682129
chr10_100373496-100373996@K562,0.8645947589561204,0,0.7489948265063651,10.284121951691906,0.1146641441086709,0,1.3033204137331134
chr7_131248963-131249463@A549,0.2942726891781481,0,0.7480942295278723,-1.0,0.9993038056886951,0,0.8105939144707713
chr3_30620390-30620890@A549,0.1986925708221043,0,0.7475110555150116,-1.0,0.9262408695437736,0,0.5802424539090135
chr1_8017494-8017994@A549,0.2631629114872652,0,0.7472197619049162,-1.0,0.3864885018483994,0,0.5787252087896535
chr11_122157501-122158001@A549,0.2214960742724743,0,0.7451137061110329,-1.0,0.2045644475560895,0,0.401910180260961
chr16_89374966-89375466@A549,0.8248075382561214,0,0.7417938739311727,-1.0,0.604585100512524,0,1.0446201644293283
chr2_237701318-237701818@A549,0.7618585013740373,0,0.7388323294722242,-1.0,0.1859295307607384,0,0.48965609861008796
chr21_38990332-38990832@A549,0.7952340145243137,0,0.7349226219964058,-1.0,0.3451361354471999,0,0.5730660359280952
chr2_38746099-38746599@K562,0.2191980201020048,0,0.7334390607131582,-1.0,0.3422909699046846,0,0.1941934082971866
chr19_16541799-16542299@K562,0.9586757575636168,0,0.732570119185995,4.162506258384823,0.4668410985443459,0,0.6377814996739477
chr1_8399261-8399761@A549,0.1926798567860227,0,0.7324293734306624,-1.0,0.2794747871648007,0,0.10113775213766188
chr3_4982912-4983412@K562,0.8240821491991819,0,0.7316560860489353,-1.0,0.1150447329192417,0,0.3869302386041243
chr12_52901912-52902412@A549,0.2407482577601936,0,0.7297405244733757,-1.0,0.3698749876562695,0,0.0943066360184687
chr11_65482964-65483464@A549,0.8581846044829337,0,0.7287859027911668,-1.0,0.1808455105405172,0,0.527521471076104
chr1_8881051-8881551@K562,0.7379052245383342,0,0.7282977616462994,-1.0,0.5183526953683679,0,0.12961365415203804
chr6_11932918-11933418@K562,0.7829157957052515,0,0.7268366215876544,-1.0,0.999807244238162,0,0.5870860741766923
chr14_68789942-68790442@K562,0.7291910753585639,0,0.7224824670308289,-1.0,0.1216995449144469,0,0.09324487644501628
chr1_26051193-26051693@K562,0.1503705396162147,0,0.7211092750713215,-1.0,0.4397102349072888,0,0.10631589651642272
chr2_237671652-237672152@A549,0.256631382799837,0,0.7210178831345568,-1.0,0.5040713686837669,0,1.605670919596969
chr1_234881895-234882395@A549,0.267691827812872,0,0.7209036702523988,-1.0,0.9972832820288556,0,1.4786265192389718
chr1_67726163-67726663@A549,0.2309402746274756,0,0.7190121109953532,-1.0,0.1569321404308828,0,0.3738444781190881
chr3_4984958-4985458@K562,0.1710729287219454,0,0.7185802598460098,-1.0,0.5284232822254886,0,0.08335658246638052
chr3_45642385-45642885@A549,0.7742991379264047,0,0.7182623282930825,-1.0,0.4444167735932899,0,0.6629802473995924
chr20_19885837-19886337@A549,0.735684139648578,0,0.717876581190089,-1.0,0.7344196861572309,0,0.681269033111902
chr11_48092848-48093348@A549,0.0219502548134123,0,0.717740516916018,-1.0,0.6298147692733337,0,0.6595955485675445
chr11_48043287-48043787@A549,0.737169853303938,0,0.7175138378138922,-1.0,0.2914394116977307,0,0.008596697419959663
chr10_119350661-119351161@A549,0.2499526601951273,0,0.7168571366967582,-1.0,0.7545584391828477,0,0.6416653290253184
chr2_54561734-54562234@A549,0.176441759412188,0,0.7145552170925845,-1.0,0.9884768075088964,0,1.6526699846830497
chr4_7832066-7832566@A549,0.7950933232078549,0,0.7132741446461768,-1.0,0.9499716232119084,0,0.8698914796390635
chr7_116573950-116574450@A549,0.2421381306270901,0,0.7122430450048003,-1.0,0.4686079639356383,0,0.8966410601334371
chr7_55077727-55078227@A549,0.735785887933771,0,0.7119073454581301,-1.0,0.4094899335631571,0,0.11700328838402187
chr12_47814747-47815247@K562,0.1495038094516338,0,0.7102327290472187,-1.0,0.7016464723203782,0,0.9846821669308833
chr14_35292375-35292875@K562,0.7623496492952527,0,0.7080542498299344,5.054437869442936,0.4301506177905287,0,0.929999096197655
chr2_10289279-10289779@K562,0.1771214859482509,0,0.7079655640052637,-1.0,0.8743225941494484,0,0.7265125903028163
chr12_3185610-3186110@A549,0.7732488517756816,0,0.7060852589688978,-1.0,0.3295408244343474,0,1.4661263047128983
chr4_40230100-40230600@K562,0.8209868374906898,0,0.7056881190979872,-1.0,0.9724555409400922,0,0.17966058687315822
chr12_6620031-6620531@K562,0.960313039939413,0,0.7051371377220327,-1.0,0.8296268599382528,0,1.8038791074016194
chr2_54581205-54581705@A549,0.2962648799609728,0,0.7028525281987308,-1.0,0.2098948278914217,0,0.1008637493008737
chr5_136079145-136079645@A549,0.8085529811739545,0,0.702633486240235,-1.0,0.9888861948104372,1,2.4827249066301964
chr20_32360467-32360967@K562,0.7193072614185503,0,0.7013433826088544,-1.0,0.994226548871347,0,0.3534688471396369
chr15_60411996-60412496@A549,0.7105901386026462,0,0.7010160002666159,-1.0,0.3289142168400012,0,0.43391621583200407
chr2_43206621-43207121@A549,0.7804891784675083,0,0.696652722075418,-1.0,0.3295069596365511,0,0.697063300295134
chr12_56724407-56724907@K562,0.8302604710473832,0,0.6952941017872346,-1.0,0.532787896516651,0,0.025520546649867512
chr1_47227245-47227745@K562,0.1195922966673413,0,0.6946916321358564,-1.0,0.9652321201788387,0,0.9461535731477474
chr10_95291448-95291948@A549,0.8079361630387815,0,0.6940685255366871,-1.0,0.1389815471937587,0,0.6349053045178086
chr22_46617582-46618082@K562,0.2523682297427443,0,0.6934891943566176,-1.0,0.984151166450274,0,0.5705868927075166
chr10_131898753-131899253@K562,0.2103337466397108,0,0.6931462513069913,-1.0,0.2714557004081783,0,0.8377941688229902
chr15_59282554-59283054@A549,0.7525520893886989,0,0.6923756181518818,-1.0,0.9138538053351128,0,0.4433477917355736
chr15_60423455-60423955@A549,0.1850264262504189,0,0.6919480787573381,-1.0,0.7869954544544684,0,0.2860896458710447
chr12_130847619-130848119@K562,0.1932564605666723,0,0.6916917570017744,-1.0,0.9986227754957826,0,1.257942923497652
chr8_133031622-133032122@A549,0.7893347476490121,0,0.6901782743197702,-1.0,0.9961421736556922,0,0.4456198815873895
chr6_71420242-71420742@A549,0.9210722875844884,0,0.689859198203806,-1.0,0.7621482193414499,0,0.7125117915987124
chr3_71100918-71101418@A549,0.8035450350828377,0,0.6885640317108389,-1.0,0.4973176835013218,0,0.6974093516934459
chr12_62711884-62712384@A549,0.2238982917754727,0,0.6876956754312938,-1.0,0.1963230988957056,0,0.12248468115297398
chr10_102773268-102773768@A549,0.2169232218471131,0,0.6847435749467893,-1.0,0.2453603916906231,0,1.719285080508993
chr5_139708270-139708770@K562,0.1541117288291835,0,0.6804567419226878,-1.0,0.1874882521703957,0,0.025368581916208294
chr8_30385784-30386284@A549,0.7784462296599589,0,0.6787123348301369,-1.0,0.3481288818643664,0,0.17068979322430933
chr12_75976861-75977361@A549,0.7207098111328298,0,0.6784222803042017,-1.0,0.2101907897919689,0,1.3639837647711648
chr10_125162574-125163074@A549,0.7812041742633155,0,0.6782566217957693,-1.0,0.8473355608192477,0,0.6539209913470577
chr19_45884812-45885312@K562,0.917154690026706,0,0.6779048071334499,4.263149518836673,0.2438397569372626,0,0.003794893821675538
chr22_41830121-41830621@K562,0.1409575033277718,0,0.6769336236360959,-1.0,0.2548986737558097,0,0.4489283445580151
chr1_39187199-39187699@A549,0.1917673590049627,0,0.6749155612459101,-1.0,0.6445738495919716,0,0.5177125378369812
chr17_82521670-82522170@K562,0.7853164073527943,0,0.6747923105170808,-1.0,0.994080390928474,0,0.2507817465095435
chr5_136007167-136007667@A549,0.7408778888493603,0,0.6739100357364399,-1.0,0.5027756875153139,0,1.1778188396698905
chr6_42011641-42012141@K562,0.2253247995055897,0,0.6738075618722276,-1.0,0.964834469670076,0,1.1750545336379057
chr10_119370344-119370844@A549,0.8045627356557778,0,0.6733160236181209,-1.0,0.8800183754782619,0,0.29417903533970924
chr8_132981547-132982047@A549,0.7438538447570822,0,0.6730295496750797,-1.0,0.1823702533666599,0,1.6064247967304124
chr22_46068019-46068519@A549,0.2564393964134963,0,0.667581740297515,-1.0,0.2002034458113074,0,0.3347943715653994
chr5_17217932-17218432@A549,0.914118496256142,0,0.6669963152443019,-1.0,0.1394517008741897,0,1.4473317838878068
chr17_78255007-78255507@K562,0.7052046752507164,0,0.6665728788470386,-1.0,0.2842916813543192,0,0.08817680571686964
chr11_128493509-128494009@A549,0.2773761744415564,0,0.6662102616688026,-1.0,0.4731255341286085,0,0.2106026326436865
chr11_122181980-122182480@A549,0.2331388504127482,0,0.6634202013259618,-1.0,0.6163491416700337,0,0.04591193383467232
chr15_60353405-60353905@A549,0.2884040629062763,0,0.658664414819008,-1.0,0.5756477266692489,0,0.5185430385829926
chr13_33229234-33229734@A549,0.7403639801780986,0,0.6561386367113615,-1.0,0.7088269913020407,0,0.531416383139194
chr6_37056719-37057219@K562,0.2328147507321267,0,0.6557256503275349,-1.0,0.2034439805279737,1,2.3089273530685697
chr21_39051789-39052289@A549,0.2426055050612151,0,0.6538231265784297,-1.0,0.9545512182985856,0,0.4561801948573423
chr22_46071650-46072150@A549,0.907303581902507,0,0.6535883410709391,-1.0,0.9422834653615944,0,1.1716817453376402
chr1_234973690-234974190@K562,0.1789800498461824,0,0.6532950375669138,-1.0,0.3399202637427835,0,0.8899492838523462
chr4_168839991-168840491@A549,0.2528905004114201,0,0.6522212829346357,-1.0,0.2004924171821808,0,0.8943876403132147
chr13_110298666-110299166@A549,0.7753512529336091,0,0.6515393641804765,-1.0,0.4184949937968181,0,0.7395231416725769
chr14_102507652-102508152@K562,0.9041163814179274,0,0.6511112769285621,-1.0,0.3541690030103343,0,1.443890561908443
chr22_45768424-45768924@A549,0.2146092248972392,0,0.6491320037134354,-1.0,0.4909133685861158,0,0.7451620066707116
chr21_38806902-38807402@A549,0.1860727353640316,0,0.6463337670170977,-1.0,0.2256568841379148,0,0.2325027715953806
chr19_4397356-4397856@K562,0.2526432431630222,0,0.6449893199088536,-1.0,0.8736547696995826,0,0.5137112390394336
chr21_39097413-39097913@A549,0.7557577699911068,0,0.6442420722538207,-1.0,0.7501654430459108,0,0.10077062770280296
chr1_234843506-234844006@A549,0.7536687949621099,0,0.6421985094971318,-1.0,0.3609334071906612,0,0.10492569217089119
chr12_130815246-130815746@K562,0.2199354596500926,0,0.6417604918282285,-1.0,0.8729104166287822,0,1.5419516808257299
chr5_59032705-59033205@A549,0.2147707884011599,0,0.6402972917258863,-1.0,0.8613927294835603,0,0.4592201938896552
chr15_92844699-92845199@K562,0.2396206444475881,0,0.6398801384191946,-1.0,0.9975014954258328,0,1.2866102719678876
chr15_98903893-98904393@A549,0.7389215204299959,0,0.6378758151523958,-1.0,0.4373322025962043,0,0.3570608841562508
chr16_75026823-75027323@K562,0.2220322564062253,0,0.637385598180598,-1.0,0.2036474173421625,0,0.8296209235769259
chr7_131157794-131158294@A549,0.8018963790238289,0,0.6373479120922454,-1.0,0.3560804544630588,0,0.009572341514736488
chr9_703588-704088@A549,0.2331635690047144,0,0.6359370392969222,-1.0,0.5537485171717645,0,0.2106026326436865
chr11_128521552-128522052@A549,0.884416996114841,0,0.6336330843873579,-1.0,0.6759628613844679,0,0.2671239586372934
chr3_71153646-71154146@A549,0.2277945543911352,0,0.6318247254506236,-1.0,0.5302868666016899,0,0.5333992637031186
chr18_77110910-77111410@A549,0.7582499062711053,0,0.6286365484829559,-1.0,0.526967463871145,0,0.9903791591856751
chr18_48977894-48978394@K562,0.7212732665410816,0,0.6275667208045502,-1.0,0.2905075750917724,0,0.5373624574276221
chr15_60399163-60399663@A549,0.7501813978879028,0,0.6274561992409297,-1.0,0.178678406516323,0,0.018145165395055843
chr15_60399901-60400401@A549,0.2979628861155103,0,0.6252150062128267,-1.0,0.2718532706022955,0,1.7256804754413786
chr20_19991251-19991751@A549,0.2569800267100134,0,0.6250684460218119,-1.0,0.2452878467478107,0,0.21676838243192423
chr1_47235194-47235694@K562,0.8581450803007473,0,0.6240073612043924,-1.0,0.1167876317602418,0,0.5659743036437535
chr7_55078123-55078623@A549,0.729270746381005,0,0.6223295606656769,-1.0,0.5933727715005814,1,2.3509281346012987
chr22_41836446-41836946@K562,0.1402890541374549,0,0.6206038248058358,-1.0,0.3743247463318652,0,1.3178910410931859
chr17_72397083-72397583@A549,0.2649942209586662,0,0.6205313124740894,-1.0,0.1503401092099007,0,0.148864004988426
chr9_71743817-71744317@A549,0.8053405802497144,0,0.6202413841572988,-1.0,0.4348856447756397,0,0.04227781008662755
chr11_32428875-32429375@K562,0.8880287509105559,0,0.6157720708229492,-1.0,0.3199767735086845,0,0.6624608758032888
chr2_9250732-9251232@A549,0.7003167550396244,0,0.6105681024178029,-1.0,0.2088018817746441,0,1.3582186208466642
chr17_27363954-27364454@A549,0.161839283866249,0,0.609718591770337,-1.0,0.2283704069308471,0,0.0805035121369385
chr4_7857945-7858445@A549,0.2984163989786853,0,0.6088883862971974,-1.0,0.2672609517550964,0,1.134031851680827
chr6_71393779-71394279@A549,0.2424774125338502,0,0.6060038667416543,-1.0,0.6640211115474033,1,2.0668519790185127
chr14_68784132-68784632@K562,0.201294915044971,0,0.6056008579744088,-1.0,0.080155679891519,0,0.8250103495926656
chr11_96316826-96317326@K562,0.149659102650215,0,0.6055132968374152,-1.0,0.7116232273353815,0,0.9578972319626974
chr21_38810907-38811407@A549,0.7221977165130208,0,0.6028250230416743,-1.0,0.9362418549214492,0,0.6436681399885784
chr3_58014851-58015351@A549,0.803483173286619,0,0.6022511229520414,-1.0,0.8313411323758088,0,0.2938884344396137
chr7_47557802-47558302@A549,0.7489125633876575,0,0.6018515799913691,-1.0,0.9328719102204328,0,0.788238906292638
chr7_27117484-27117984@A549,0.8794764709630569,0,0.5998939295714547,-1.0,0.5444655192968462,0,0.446189766240935
chr19_5982867-5983367@K562,0.7711486115845679,0,0.597497887335781,-1.0,0.3217634286306344,0,0.028793755313955508
chr6_112227363-112227863@A549,0.2522213421455185,0,0.5956281805347192,-1.0,0.6776784108671735,0,0.05869731739238968
chr22_46065877-46066377@A549,0.2416860256931112,0,0.5952859873311012,-1.0,0.4575613649654907,0,1.3323696296948746
chr10_131900651-131901151@K562,0.9472523853616522,0,0.5930342492410522,-1.0,0.1115443105363231,0,1.4617531153280172
chr15_59371341-59371841@A549,0.8505342946151352,0,0.5923881799740679,-1.0,0.1042607811967009,0,0.7643705661179457
chr17_79840071-79840571@K562,0.9674334588112158,0,0.5916921814762472,3.629006066485256,0.1345367951169176,0,0.06938712980022212
chr7_130908989-130909489@A549,0.7999268747702136,0,0.5915056397876401,-1.0,0.25,0,0.06938712980022212
chr18_3618172-3618672@K562,0.790646767393191,0,0.591251393815756,-1.0,0.2605688994566506,0,1.5203383289427657
chr6_16723366-16723866@A549,0.2744599466641585,0,0.5885823384609319,-1.0,0.1932847961184065,0,0.23908017236534443
chr11_122208267-122208767@A549,0.1835161101209642,0,0.5880605824759564,-1.0,0.7721686859480218,0,0.06938712980022212
chr13_110347380-110347880@A549,0.2915900470146748,0,0.5853775700774776,-1.0,0.9991754340218798,0,0.03493477263548474
chr15_60379898-60380398@A549,0.2870475158685958,0,0.5853441370919412,-1.0,0.708952906572296,0,0.7386181627142538
chr12_56725159-56725659@K562,0.9652380237879612,0,0.5838423103678152,5.793957098907479,0.2949914931546732,0,0.19568334077710406
chr5_14184697-14185197@A549,0.7483174157503152,0,0.583209761758011,-1.0,0.5802465790120503,0,0.025368581916208294
chr4_57102034-57102534@A549,0.2966933549080339,0,0.582893832607407,-1.0,0.8825372036233134,0,0.06938712980022212
chr14_102502656-102503156@K562,0.7694987793514443,0,0.577754975158218,-1.0,0.4016774899753831,0,0.23468170378011996
chr7_55020799-55021299@A549,0.713399117010673,0,0.5777056991064374,-1.0,0.3767788235374507,0,0.5327767891659514
chr10_21529395-21529895@K562,0.2060159524261092,0,0.575853694244844,-1.0,0.4499051334467486,0,0.41031842654655387
chr5_17227813-17228313@A549,0.2183058083175522,0,0.5706353675823026,-1.0,0.4305422425597858,0,0.6478560875584174
chr16_89300368-89300868@A549,0.2909685986793625,0,0.5683789523726448,-1.0,0.157751162314477,0,1.6491320037134354
chr4_87117653-87118153@A549,0.0982987425450511,0,0.5657984856224376,-1.0,0.4946701866957944,0,0.8705356902176228
chr18_48973867-48974367@K562,0.2689999507372956,0,0.562788677375418,-1.0,0.9928127872344774,0,0.6628803199971351
chr13_110298330-110298830@A549,0.8280111432515703,0,0.5579437569117742,-1.0,0.9895609204319769,0,0.16042140403893046
chr7_131194029-131194529@A549,0.2531513301810234,0,0.5575202309355514,-1.0,0.2407703415228383,0,0.850442208138421
chr1_26694849-26695349@K562,0.7180377733776784,0,0.5550344766513345,4.216046422595962,0.4202035553012682,0,0.2106026326436865
chr2_9288668-9289168@A549,0.1425157749757567,0,0.5534783659109213,-1.0,0.3623459862086406,0,1.1238283634066888
chr15_98872763-98873263@A549,0.2977160630641967,0,0.5534783659109213,-1.0,0.9368772172269236,0,1.1010007291102109
chr17_82517235-82517735@K562,0.8004612975435178,0,0.5534783659109213,-1.0,0.1930164830725946,0,0.7484591113500222
chr11_117986523-117987023@K562,0.758081907795002,0,0.5534783659109213,3.151773923348828,0.3504445551458863,0,1.1528779082688692
chr11_122202281-122202781@A549,0.7511422732773151,0,0.5534783659109213,-1.0,0.992747346961128,0,0.03408838691548294
chr2_237690664-237691164@A549,0.8312694107351843,0,0.5518968562319848,-1.0,0.2241164505789412,0,0.9905066117124601
chr2_160374681-160375181@A549,0.7995407102727013,0,0.5476308040396564,-1.0,0.4548032992058746,0,0.16478519391783872
chr1_8876990-8877490@K562,0.9480492335868717,0,0.5470794356009301,-1.0,0.1676040939948975,0,0.30260499415881775
chr20_38110711-38111211@A549,0.7944149045416747,0,0.5470794356009301,-1.0,0.6636300293804585,1,3.2376515955407497
chr21_34994600-34995100@K562,0.735989531703541,0,0.5464981939999826,-1.0,0.3384308121219608,0,0.3390965940032764
chr9_37995507-37996007@A549,0.2038526168105875,0,0.5460856787621503,-1.0,0.5366856642779289,0,1.0432890404323427
chr3_195115869-195116369@K562,0.1541665554540895,0,0.544485167303971,-1.0,0.9956799504819068,0,0.08116790307077182
chr4_7968455-7968955@A549,0.7586823872847446,0,0.5430573152501124,-1.0,0.7624654136448045,0,0.4312469546535295
chr12_62790967-62791467@A549,0.1256346603719168,0,0.5417853221344079,-1.0,0.1585381110769153,0,0.06979494679561248
chr1_67679657-67680157@A549,0.1918600500961528,0,0.541120523883117,-1.0,0.2984431977922155,0,0.003654722523372565
chr15_63484735-63485235@A549,0.1659576654559927,0,0.5397789213553185,-1.0,0.2909939132246394,0,0.0034533055094527784
chr12_130868404-130868904@K562,0.2410745318759322,0,0.5397789213553185,-1.0,0.992932238330184,0,0.1575093339764565
chr2_42971902-42972402@A549,0.2878136035280093,0,0.5397789213553185,-1.0,0.1689171270435437,0,0.026821327678988365
chr12_62732937-62733437@A549,0.7330566244447569,0,0.5376918654283094,-1.0,0.9500616568919475,0,0.5384564553897478
chr17_82117076-82117576@K562,0.7511023588145282,0,0.5369136669754667,-1.0,0.9728943385207212,0,1.0446346032908038
chr2_54524650-54525150@A549,0.7547274706290729,0,0.5367641731590089,-1.0,0.6031356110065539,0,0.025368581916208294
chr4_87089323-87089823@A549,0.2755002902221058,0,0.5355253565445439,-1.0,0.6036536825022129,0,0.5683628772155389
chr8_22685560-22686060@K562,0.2416055759286964,0,0.5329249164847936,-1.0,0.308486508961917,0,0.8502883503120684
chr10_100372804-100373304@K562,0.7823375881149239,0,0.5319334268204021,10.284121951691906,0.1650544055880187,0,0.3761720359896312
chr9_21579845-21580345@A549,0.2090564392367514,0,0.5317265354748995,-1.0,0.3961908354120736,0,0.48329279318412693
chr2_9244908-9245408@A549,0.7007086528570584,0,0.5310769464356935,-1.0,0.4363388066720839,0,1.5509692395995849
chr10_33341326-33341826@A549,0.2876531431438709,0,0.5297512601746275,-1.0,0.537112168268181,0,0.3259108078441157
chr4_87105407-87105907@A549,0.2831534304630302,0,0.5276970914250124,-1.0,0.31926267673841,0,0.09013921582078827
chr12_3199527-3200027@A549,0.8218518594317684,0,0.5247647773958717,-1.0,0.1073396254525725,0,0.13335827943396011
chr15_57611082-57611582@A549,0.7101931606283196,0,0.5238352456771747,-1.0,0.811082814175567,0,1.6210935999767382
chr11_122157766-122158266@A549,0.2812804491903753,0,0.521563379316567,-1.0,0.3144189501375983,0,0.5816821328713213
chr18_77112291-77112791@A549,0.8319291053945314,0,0.5213036683229717,-1.0,0.9952163363694496,0,0.8656316153966213
chr22_46661104-46661604@K562,0.2491603868944954,0,0.5208135264537548,-1.0,0.9791119467965624,0,1.01619786598023
chr1_26046223-26046723@K562,0.8715813728742621,0,0.5208135264537548,-1.0,0.4740956192674417,0,0.17918137438182075
chr1_246573394-246573894@K562,0.1859319146539729,0,0.5204390849751447,-1.0,0.3920862447992282,0,0.49946165543923265
chr19_4402902-4403402@K562,0.8989785014285336,0,0.5174408222295155,14.659298161268325,0.76816154995002,0,0.10484275298038966
chr11_118006594-118007094@K562,0.1163681119185442,0,0.5173836405991625,-1.0,0.5017907373467565,0,1.4918340286966325
chr5_59038596-59039096@A549,0.7413139840317605,0,0.5165125523204073,-1.0,0.822620274853065,0,0.012306927599756014
chr6_16752067-16752567@A549,0.2978056770317833,0,0.5160277849560656,-1.0,0.6202434116071854,0,0.7228493860362033
chr17_78304673-78305173@K562,0.2205306185764861,0,0.5150598705319717,-1.0,0.2407397993117633,0,0.12108774482776322
chr1_21761404-21761904@K562,0.1904747260037163,0,0.5137537634269446,-1.0,0.5246662351989981,0,0.21744138544002561
chr15_85584897-85585397@A549,0.1843379488735912,0,0.5136828917608163,-1.0,0.3294986683876864,0,1.00746857298818
chr10_131901374-131901874@K562,0.8719334460299988,0,0.5062353324328549,-1.0,0.311319405456513,0,1.4303803328671805
chr2_43230911-43231411@A549,0.7667576595339812,0,0.5058036489042784,-1.0,0.1316151202519625,0,0.9879646408504706
chr21_37372208-37372708@K562,0.1320686492995977,0,0.5008079652899433,-1.0,0.6740928391842727,0,0.7296239947879779
chr11_19959566-19960066@A549,0.722827655967711,0,0.5004641221593009,-1.0,0.7098698468438379,0,1.2430977682833726
chr15_89133210-89133710@A549,0.1737010728275325,0,0.5002991741027892,-1.0,0.2377572948348901,1,2.437124501070638
chr15_78050285-78050785@A549,0.1443279540277733,0,0.4976958109448883,-1.0,0.8266992382756517,0,0.030095082789123026
chr3_45583351-45583851@A549,0.2431174977875916,0,0.495583512675541,-1.0,0.881737294063535,0,0.5097183795582425
chr17_77432099-77432599@A549,0.7816297462635808,0,0.4937656403878742,-1.0,0.5933997327037509,0,1.2325769579746635
chr14_68655427-68655927@A549,0.754120914410823,0,0.49308927444848194,-1.0,0.3040963680248449,0,0.8282735463467689
chr20_19944674-19945174@A549,0.7125188564537804,0,0.49142988342095417,-1.0,0.4006528534515514,0,0.45870788465763074
chr12_47814494-47814994@K562,0.1318633259593516,0,0.4898304682794854,-1.0,0.9946353242968334,0,0.5225025197368849
chrX_107742824-107743324@K562,0.7208602949769478,0,0.485213251929535,-1.0,0.8988500536126938,0,0.3511230471920997
chrX_107729164-107729664@K562,0.2500148267761363,0,0.4826589214770083,-1.0,0.606143140900875,0,0.05839913377521288
chr11_65503230-65503730@K562,0.2025143052291204,0,0.48238189326051717,-1.0,0.6507856873694605,0,0.17783846126078112
chr1_21784484-21784984@K562,0.9319921087129132,0,0.4799096718871575,-1.0,0.4784121271155878,0,0.02982055005700856
chr9_71769750-71770250@A549,0.8362574861554838,0,0.479752347313112,-1.0,0.4511009118520765,0,0.4107207787640327
chr9_113575610-113576110@A549,0.772066858928833,0,0.47827366271259053,-1.0,0.1753234655832276,0,0.7274390361384432
chr5_139701167-139701667@K562,0.7574394724726159,0,0.4777122972151091,-1.0,0.9426339863785036,0,0.7761926624072208
chr1_8420217-8420717@A549,0.1151667938883099,0,0.4773732185957559,-1.0,0.3731933259088865,0,1.1663047858551279
chr4_1857797-1858297@K562,0.217146445718453,0,0.477047430932583,-1.0,0.9658053864408638,0,0.7300903012502385
chr1_67683751-67684251@A549,0.2581251811620234,0,0.4761105256194992,-1.0,0.2083133239958014,0,0.8874620243906921
chr3_71164869-71165369@A549,0.2692622784852017,0,0.4757467187023893,-1.0,0.8727510244799151,0,0.06938712980022212
chr3_71164231-71164731@A549,0.7038595113092275,0,0.47560387789615804,-1.0,0.22595071964997,0,0.038963533613929284
chr15_98893364-98893864@A549,0.290680771504558,0,0.4751496967278017,-1.0,0.3846931814155694,0,0.7057542838618818
chr15_59347283-59347783@A549,0.2995976080298992,0,0.47499408674784904,-1.0,0.1260069271275909,0,0.3167727939585651
chr17_27558291-27558791@A549,0.2765116768857651,0,0.4742298142754748,-1.0,0.1353316236910579,0,0.6274377817145003
chr16_89359323-89359823@A549,0.2941068293129697,0,0.4722025994376603,-1.0,0.3848524927393668,0,0.6617826333989055
chr22_46078251-46078751@A549,0.8155010827265812,0,0.47212531367130917,-1.0,0.955623987128242,0,0.14808764383096873
chr13_33271093-33271593@A549,0.823233473415031,0,0.4720222873725955,-1.0,0.3416966005627344,0,0.324221658325915
chr7_47571216-47571716@A549,0.757638777911652,0,0.4716361562803256,-1.0,0.9966334317413738,0,0.6468149371364541
chr2_20532476-20532976@A549,0.7578231150331858,0,0.47044132697883684,-1.0,0.2347575869390974,0,0.269783159431306
chr5_136025845-136026345@A549,0.2370095235524056,0,0.46736025931343195,-1.0,0.7544054999912225,0,0.18002198697881266
chr10_131898420-131898920@K562,0.2299838098940388,0,0.4645539667689832,-1.0,0.4478355705863407,0,0.593340617833247
chr11_20042705-20043205@A549,0.8446293524788481,0,0.4640732586044307,-1.0,0.7298512727541071,0,0.2954719998840208
chr20_19889910-19890410@A549,0.2542425478815672,0,0.4604722690286601,-1.0,0.5051437449835717,0,0.843390281834301
chr6_16762221-16762721@A549,0.9480927712125216,0,0.4594202834955457,-1.0,0.56220006159374,0,1.2754292380617176
chr10_3078377-3078877@K562,0.2378791598841101,0,0.4591576847884198,-1.0,0.2249851770353984,0,0.06284333441049568
chr21_37372861-37373361@K562,0.2153924225834908,0,0.45753559812862094,-1.0,0.5919772231268451,0,0.28090084079435895
chr11_117952441-117952941@K562,0.754586637099263,0,0.4562174429796605,-1.0,0.886988568962893,0,0.5333992637031186
chr6_71406843-71407343@A549,0.2100053835148328,0,0.4538029355139397,-1.0,0.652709219800631,1,2.3149214023074007
chr11_20000422-20000922@A549,0.7791900662321826,0,0.45338331536180515,-1.0,0.5775173548832686,0,0.10996481945702986
chr5_17235671-17236171@A549,0.1756313872994045,0,0.45193012390627274,-1.0,0.7188237893913131,0,0.9350555739613825
chr7_55057042-55057542@A549,0.7438969535169998,0,0.4512667224018473,-1.0,0.9774949557640756,0,0.6949497310827772
chr20_54132132-54132632@A549,0.2642575401502942,0,0.4505920757704456,-1.0,0.2840790590328249,0,0.2831122648605757
chr19_45884638-45885138@K562,0.954476261555504,0,0.4499796687623414,-1.0,0.1809258126639222,0,0.034290429153714816
chr19_15333569-15334069@K562,0.7052730900304982,0,0.448196366831598,-1.0,0.7339427572928802,0,0.38458657559275095
chr10_33289713-33290213@A549,0.7592131911063579,0,0.44758732639703513,-1.0,0.5488376163010688,0,0.6322528310497929
chr10_131924890-131925390@K562,0.2087458285408471,0,0.4474777897664398,-1.0,0.6549978747846433,0,0.5006428866125411
chr17_27534045-27534545@A549,0.2869874974435925,0,0.4472952900865246,-1.0,0.1548798906556376,0,1.1854860476317617
chr3_71039269-71039769@A549,0.244254814283253,0,0.4460320637416185,-1.0,0.2434093655008569,0,0.1323793280805175
chr13_33218374-33218874@A549,0.2024752121001789,0,0.4444098435197529,-1.0,0.4616953419090509,0,1.2352860045524618
chr6_16767297-16767797@A549,0.2852371076141247,0,0.4429381481279754,-1.0,0.8532089027017682,0,0.9996961002151875
chr7_27161614-27162114@A549,0.91169791761466,0,0.44273347113009587,-1.0,0.3455397679651121,0,0.4286406072461604
chr2_28614028-28614528@A549,0.8200442234914873,0,0.4420599224466622,-1.0,0.5488383471852901,0,0.5912175055958564
chr3_57985206-57985706@A549,0.7072272198870434,0,0.43985416015095247,-1.0,0.234880819532722,0,0.19228236311549038
chr6_50826712-50827212@K562,0.810525481825081,0,0.43900601013196217,-1.0,0.2759014799429687,0,0.1763497411784732
chr8_133016471-133016971@A549,0.7056240675190588,0,0.4353102691185539,-1.0,0.6762843813749871,0,1.957188308192852
chr16_81461730-81462230@A549,0.2294129907739996,0,0.43421119273793307,-1.0,0.3359369564412324,0,0.28993343253511034
chr11_67284652-67285152@K562,0.7128510595459694,0,0.4329736338409397,-1.0,0.9999279532117348,0,1.2891974475539922
chr9_21559676-21560176@A549,0.8840568855648212,0,0.4310945850171213,-1.0,0.0939294907335083,0,0.14028542863597077
chr17_72463604-72464104@A549,0.7381986141041702,0,0.42967893385832207,-1.0,0.8256163826898508,0,0.2989935934044519
chr19_41862529-41863029@K562,0.2475720625052867,0,0.42774427834050066,-1.0,0.1971107607070089,0,0.07741465960172968
chr13_110300371-110300871@A549,0.1521567370645778,0,0.4275815080128834,-1.0,0.1883732572667923,0,0.4118964396972573
chr20_54068939-54069439@A549,0.2566578431598808,0,0.4258760926640153,-1.0,0.2512868399666413,0,0.06938712980022212
chr11_126365991-126366491@A549,0.807950329419145,0,0.4242926985233167,-1.0,0.8303344411458494,0,0.3995607761741956
chr5_59560539-59561039@A549,0.1649439854643647,0,0.42149831929319304,-1.0,0.993644058608507,0,0.34302068154822296
chr5_136094485-136094985@A549,0.2304362069458518,0,0.42009070475182636,-1.0,0.5874448625191608,0,0.14781899169452514
chr4_168842137-168842637@A549,0.7917925275536823,0,0.4197138269975117,-1.0,0.9375621470529502,1,2.2433410747800617
chr10_21531127-21531627@K562,0.120479544494351,0,0.41926884725902225,-1.0,0.4715073411561863,0,0.09950178336127784
chr8_38145816-38146316@K562,0.2330181103357047,0,0.41686926705017113,-1.0,0.3704735026631814,0,0.003654722523372565
chr18_48938773-48939273@K562,0.2335891514157779,0,0.4147423647425378,-1.0,0.984841983723446,0,0.3540180284476959
chr22_46595569-46596069@K562,0.1696652342486735,0,0.41210951881364544,-1.0,0.6831647660328802,0,0.26943573352286126
chr6_11210816-11211316@A549,0.7566245608748667,0,0.40648133751817483,-1.0,0.2014071177232893,0,0.22460802830338805
chr17_27351667-27352167@A549,0.2983131992200942,0,0.406149274232115,-1.0,0.4806042876558108,0,0.509774560727352
chr2_42918620-42919120@A549,0.2799920778581942,0,0.4053533567161696,-1.0,0.2297026954175408,0,0.006171538464464453
chr13_110411297-110411797@A549,0.2431545248739721,0,0.40433846910109716,-1.0,0.5931183928578726,0,1.7529109439508952
chr4_168695954-168696454@A549,0.2940413678627242,0,0.40194305271920644,-1.0,0.9525108369313436,0,0.7915317697343827
chr9_71763921-71764421@A549,0.2857907576270209,0,0.4013736153583456,-1.0,0.625031797784309,0,0.6945411452213331
chr17_27551760-27552260@A549,0.7567111412630518,0,0.4002697217043475,-1.0,0.936836283381686,0,0.040987243423956946
chr22_46060512-46061012@A549,0.210040509171062,0,0.3998224059309892,-1.0,0.4058404732501651,0,1.8566416493845332
chr19_3363574-3364074@K562,0.2054107490995167,0,0.39931019546899926,-1.0,0.2130289156474699,0,0.1545980602009307
chr9_131631183-131631683@A549,0.7747872103711838,0,0.3962387393917126,-1.0,0.3189896412148244,0,0.9057036025946302
chr19_15323450-15323950@K562,0.1673539049044718,0,0.39481351195814984,-1.0,0.9566574624998808,0,0.6004820295651263
chr10_3889573-3890073@A549,0.2909655505852268,0,0.3947919535326352,-1.0,0.2186091515961035,0,0.2820467152809329
chr4_7948769-7949269@A549,0.2904493485859964,0,0.39062973175273275,-1.0,0.3477674928176947,0,0.5393276281225685
chr4_1856041-1856541@K562,0.9808776740464604,0,0.38963798446003617,3.27461114174569,0.1910075635539451,0,1.3617204530741553
chr13_110320090-110320590@A549,0.2702630403635883,0,0.3894356477312396,-1.0,0.2364933769912129,0,0.2106026326436865
chr11_32436913-32437413@K562,0.8520086289297799,0,0.3893717715019873,-1.0,0.2036063554859968,1,2.8968122511490573
chr7_107002623-107003123@K562,0.1298891498865462,0,0.38913763900754306,-1.0,0.1683044251242269,0,0.13172595702430923
chr5_59007414-59007914@A549,0.2671175523629914,0,0.3879158147720813,-1.0,0.2718308805120036,0,0.05450187203072097
chr17_82121173-82121673@K562,0.2911280803791276,0,0.3875764393354974,-1.0,0.2661702491364888,0,0.16618378673921053
chr9_21564540-21565040@A549,0.2226941929887738,0,0.3864647227807585,-1.0,0.6205898317787302,0,0.4916319090476624
chr9_38070312-38070812@A549,0.2655189721362103,0,0.38572515626784465,-1.0,0.3632198791650629,0,1.2243313102016316
chr11_118005708-118006208@K562,0.1970316878818882,0,0.38220313419458735,-1.0,0.1649493559159186,0,1.2847573374988257
chr17_77463081-77463581@A549,0.2523235549021989,0,0.38043713357917275,-1.0,0.3277792344003056,0,0.15087553973658624
chr6_17844917-17845417@K562,0.1442376658574529,0,0.37757872602432974,-1.0,0.7145631680977625,0,0.03602810856968266
chr8_109575295-109575795@A549,0.7369059899549332,0,0.3768127561029413,-1.0,0.1848535180525868,0,0.9471522165991396
chr2_38748838-38749338@K562,0.8213401408033049,0,0.37653361662986934,-1.0,0.8472904999295386,0,0.6093297873738197
chr2_160387285-160387785@A549,0.2069147466939427,0,0.3741527288821909,-1.0,0.9094015322893212,0,0.06308934099037139
chr15_59370301-59370801@A549,0.2886360809289314,0,0.3738444781190881,-1.0,0.4311356597959555,0,0.24517023136601124
chr12_6604590-6605090@K562,0.232233890968713,0,0.37244981223247864,-1.0,0.7561471616340331,0,0.870890413779273
chr10_33292399-33292899@A549,0.7072293970971403,0,0.37223485803173734,-1.0,0.5073173294501672,0,1.6226391012188877
chr6_16224880-16225380@K562,0.2272107880018172,0,0.37183593941744086,-1.0,0.2963486367236274,0,0.2839047960942921
chr12_106147949-106148449@A549,0.2625063665251915,0,0.37067196620541887,-1.0,0.9725735678391084,0,1.0694075115574018
chr11_48044515-48045015@A549,0.2371813925174514,0,0.37029485500418724,-1.0,0.2976959869114426,0,0.10807246577932499
chr8_133006988-133007488@A549,0.7588022789874115,0,0.36889121336586084,-1.0,0.2875470872179105,0,0.7844153058183851
chr10_33192613-33193113@A549,0.29229263271293,0,0.36774522331528636,-1.0,0.3357172966208083,0,0.21932272556663196
chr18_3671654-3672154@A549,0.1749324738288459,0,0.3648682547528236,-1.0,0.355296880414342,0,0.6865757328308073
chr19_5974808-5975308@K562,0.2361055106683098,0,0.3645866306781713,-1.0,0.153669061243984,0,0.44380608642715347
chr12_3256096-3256596@A549,0.8143413119374542,0,0.3630409542092302,-1.0,0.9347627928680884,0,1.2668187904390766
chr2_10304371-10304871@K562,0.7130392735483485,0,0.3630409542092302,-1.0,0.1287389275099536,0,0.1395122625252983
chr21_38780865-38781365@A549,0.2320069043686591,0,0.3630409542092302,-1.0,0.5333938077063786,0,0.21824462534753114
chr18_77097184-77097684@A549,0.2655398588384061,0,0.36131111330987653,-1.0,0.1758263120110411,0,0.8621081017526402
chr5_132417382-132417882@A549,0.7741290542736383,0,0.3595086250544538,-1.0,0.1278383688218222,0,0.05246335369470696
chr15_96319993-96320493@A549,0.1672000686256622,0,0.3503050015083665,-1.0,0.1665376181700663,0,1.2733379807786993
chr22_41835441-41835941@K562,0.7053326905669596,0,0.34859598133056174,-1.0,0.2549112074223307,0,1.5432241619927891
chr12_62785834-62786334@A549,0.7300329150622442,0,0.3471543787191281,-1.0,0.509839229032496,0,0.6971497872976907
chr7_131000337-131000837@A549,0.2487136970174108,0,0.34642090341979215,-1.0,0.3789267410667234,0,0.5587763257573874
chr7_130952964-130953464@A549,0.2488232542294846,0,0.3441703190727284,-1.0,0.4803967199719829,0,0.6949067039383517
chr12_75995603-75996103@A549,0.2774857897125662,0,0.3429058849974237,-1.0,0.3930102917830906,0,0.7319605500657593
chr19_45887609-45888109@K562,0.1587494766895711,0,0.3421604461420402,-1.0,0.6172213744480904,0,0.5099712520721558
chr19_45881252-45881752@K562,0.2797445020592995,0,0.34184545293278973,-1.0,0.5298512538948856,0,1.5157286399136527
chr1_8011874-8012374@A549,0.2276856358273565,0,0.341006586270004,-1.0,0.7346303466806219,1,2.0905670026309564
chr2_43222473-43222973@A549,0.2505603921068295,0,0.3408923208001866,-1.0,0.2662561618920828,0,1.1798511058111927
chr10_95288595-95289095@A549,0.2928131891323542,0,0.3399127767011297,-1.0,0.2022513932754486,0,1.1132104476907665
chr11_128499674-128500174@A549,0.7559298131329604,0,0.33857541971547755,-1.0,0.4997497513887746,0,1.0293463431142764
chr8_22676778-22677278@K562,0.1313142132720722,0,0.33741214289549637,-1.0,0.2084313849539675,0,0.2544880096504066
chr9_21565177-21565677@A549,0.2361084778964551,0,0.3363838692291226,-1.0,0.5034604019684756,0,0.1030936656686516
chr15_63055452-63055952@A549,0.053824509028237,0,0.3353392242238805,-1.0,0.974520970574814,0,1.062542291526446
chr12_62730581-62731081@A549,0.2624738244916105,0,0.3352828284464737,-1.0,0.6892110531294421,0,0.30760258341796426
chr7_55073119-55073619@A549,0.2811040951725301,0,0.33383783737132766,-1.0,0.5040209822848725,0,0.3256349543814506
chr10_21524563-21525063@K562,0.8253102181965369,0,0.33310778893346377,-1.0,0.2926255419933837,0,0.2106026326436865
chr19_4403093-4403593@K562,0.8176298070848796,0,0.33310778893346377,-1.0,0.3083148171246227,0,0.05817066490330748
chr12_130868119-130868619@K562,0.7305792791811128,0,0.3327432244033069,-1.0,0.3542504112330709,0,0.4378618433222926
chr10_119335817-119336317@A549,0.7093108680086699,0,0.3309994232926249,-1.0,0.7554811505858581,0,0.721429298389484
chr11_128506495-128506995@A549,0.7248745818123706,0,0.3308784563784626,-1.0,0.3124187645474381,0,0.0034445503666347198
chr4_7805486-7805986@A549,0.7455596162942983,0,0.3305529435974571,-1.0,0.3407607812385873,0,1.2620126736665693
chr13_112733080-112733580@A549,0.2745708972906943,0,0.32993049886204984,-1.0,0.441544464992492,0,0.5449113939590479
chr10_33178302-33178802@A549,0.1757135697231938,0,0.32978198720806784,-1.0,0.9943374815043272,0,0.03790544131278335
chr20_19889136-19889636@A549,0.7571947721992331,0,0.32509295318087056,-1.0,0.4954723642280618,0,0.2050521096226788
chr11_32432983-32433483@K562,0.906188180031992,0,0.32445077702387126,4.66038957837444,0.3505977167453506,0,1.0646590272369278
chr13_110322057-110322557@A549,0.758378811623573,0,0.3239194066101349,-1.0,0.2804617350672028,0,1.1714561026444035
chr8_109587757-109588257@A549,0.2415996049669999,0,0.3237454782702192,-1.0,0.3516678245157012,0,0.8339549121487748
chr5_59049004-59049504@A549,0.2698395439702819,0,0.32345270368634743,-1.0,0.2445905667044013,0,0.1015820039306468
chr4_57147306-57147806@A549,0.2445423511633776,0,0.323324676843563,-1.0,0.805133459754849,0,1.1116576059772592
chr19_15324159-15324659@K562,0.725893216627184,0,0.32197355359534574,-1.0,0.2861557109727093,0,0.3242674723965206
chr1_8003629-8004129@A549,0.7345130328522134,0,0.3217001888970123,-1.0,0.2342050509124758,0,0.7934169651622089
chr12_62718966-62719466@A549,0.7287360671254193,0,0.3195828940346612,-1.0,0.5709146776864995,0,1.7750786544159687
chr15_92822394-92822894@K562,0.2393523799613764,0,0.3187587626244128,-1.0,0.451701755182788,0,0.25685883642683943
chr16_89319196-89319696@A549,0.7859152795298271,0,0.3179271615641098,-1.0,0.2384328859053236,0,0.5494276012554029
chr6_16722677-16723177@A549,0.2290128921318674,0,0.3176473064603345,-1.0,0.4897987799962337,0,1.2624972576877262
chr8_133020983-133021483@A549,0.8273123168694156,0,0.31549574728596785,-1.0,0.5893375103113097,0,0.7447998833428826
chr17_78313838-78314338@K562,0.7920830263348937,0,0.3147779346653795,3.447562982535936,0.1291810985273403,0,0.3304971658956569
chr1_234969896-234970396@K562,0.8398636286456587,0,0.3143388596047524,-1.0,0.1723998854823684,0,1.4436854356646531
chr1_61051568-61052068@K562,0.7564808529749792,0,0.3141418681659316,-1.0,0.9794613710407308,0,0.6029294500405913
chr9_71719553-71720053@A549,0.257509277455091,0,0.3137749860161387,-1.0,0.641000851052787,0,0.17581556958181985
chr21_38844046-38844546@A549,0.2998124260927888,0,0.3136050724954613,-1.0,0.2606876558614702,0,0.24074776622563526
chr19_41866414-41866914@K562,0.717965047405901,0,0.3119363030536557,-1.0,0.3854194657133179,0,0.6017474118161177
chr1_93615088-93615588@A549,0.7311551072050994,0,0.31075331427076414,-1.0,0.2281745329309178,0,0.7025896911026087
chr1_234907548-234908048@A549,0.7365857949233556,0,0.3095646807555986,-1.0,0.2610657723772394,0,0.8755936002549709
chr6_52284674-52285174@K562,0.9349657816064122,0,0.3093698424921677,8.311873960084457,0.1637139381611207,0,1.1171966468502061
chr3_71065575-71066075@A549,0.7414420765591255,0,0.30928130853297836,-1.0,0.9752015708566814,0,0.003654722523372565
chr17_82100048-82100548@K562,0.7049323140035246,0,0.3072323709287317,-1.0,0.1203956879619537,0,1.109774653417716
chr4_87025580-87026080@A549,0.7068485740217323,0,0.3050352312968372,-1.0,0.9632439605043758,0,0.061370214132432
chr1_28898437-28898937@K562,0.2093101771160687,0,0.3047022371257144,-1.0,0.2798370775983341,0,0.2342495106153484
chr2_43295149-43295649@A549,0.2950546995007366,0,0.3044745460306159,-1.0,0.2325498695809038,0,0.7364822839080333
chr1_8418694-8419194@A549,0.2864813686697435,0,0.29878615678606996,-1.0,0.5221747407315357,0,0.03509483087200398
chr20_5653277-5653777@A549,0.7431612016516025,0,0.29610704636745544,-1.0,0.9853018285616773,0,0.40309515911863963
chr2_26787016-26787516@K562,0.827518180505433,0,0.2960898707339122,-1.0,0.9999871294846896,0,0.30909544594503335
chr18_3650685-3651185@A549,0.7280389389671402,0,0.29581515293751165,-1.0,0.6854100279318389,0,1.319301970302365
chr21_38813463-38813963@A549,0.2656052622297156,0,0.2953348145454708,-1.0,0.484166498385372,0,1.1611320273044408
chr10_119375817-119376317@A549,0.2545146991436742,0,0.29387134632306994,-1.0,0.819018569353042,0,0.4197480751001964
chr17_72445534-72446034@A549,0.7827836676149141,0,0.2931542518963959,-1.0,0.3512308004117129,0,0.34658486274157113
chr16_89354250-89354750@K562,0.189446382568519,0,0.2920638083237839,-1.0,0.1707861440230265,0,0.6906253750833296
chr1_246575871-246576371@K562,0.7311898997123069,0,0.2916810988046303,-1.0,0.1641296144087718,0,0.20429373520151234
chr15_59306537-59307037@A549,0.1886248755542995,0,0.2909166900380382,-1.0,0.5497748010666317,0,0.8723445802247929
chr10_3782021-3782521@A549,0.719436578668189,0,0.2903908789273513,-1.0,0.6044564150213874,0,0.17473620497071518
chr5_95801483-95801983@A549,0.1909319634907993,0,0.28901153381746164,-1.0,0.2942911146156185,0,1.7372167901492361
chr18_3610114-3610614@K562,0.1873041377229468,0,0.28562832196103205,-1.0,0.976739622585059,0,0.5476461298264036
chr21_39073018-39073518@A549,0.2736422155812475,0,0.2844311681392185,-1.0,0.6332256356144202,0,1.1630811942459371
chr5_132413369-132413869@A549,0.181493975441941,0,0.2840133603203521,-1.0,0.3193218813405951,0,0.5774265737044034
chr15_63042031-63042531@A549,0.8450247918913728,0,0.28383800082634864,-1.0,0.1409693075549172,0,0.09787195408942766
chr8_133050874-133051374@A549,0.7568749255212712,0,0.2827789996929321,-1.0,0.4292968621799593,0,0.3653615367477257
chr7_116563852-116564352@A549,0.2733708190853076,0,0.28182228442256946,-1.0,0.5709833173391539,0,1.532673130095531
chr4_57108206-57108706@A549,0.7258138737923561,0,0.27987378695802756,-1.0,0.3777492209535639,1,2.397375792506662
chr22_39522689-39523189@K562,0.2753967890761166,0,0.27959259919689144,-1.0,0.94770601316927,0,1.1352931745650614
chr12_104304069-104304569@A549,0.8423496683601005,0,0.2795016656506534,-1.0,0.7030621393294261,0,0.48591733747416865
chr2_10301477-10301977@K562,0.7727728700976344,0,0.2777116764582584,-1.0,0.7065685032679477,0,0.2168542396609162
chr11_48091118-48091618@A549,0.7382946290694415,0,0.27766228833266887,-1.0,0.5241282545351551,0,1.7589269192470134
chr11_48052555-48053055@A549,0.7377842765080046,0,0.2775552999908246,-1.0,0.842458218536204,0,0.29506057380265965
chr11_128509891-128510391@A549,0.2834472957671697,0,0.2771933810471017,-1.0,0.936132248933932,0,0.6997524388059152
chr15_89130160-89130660@A549,0.7524401807897204,0,0.2771029484173004,-1.0,0.8231183225734495,0,0.19741781686992474
chr17_78265308-78265808@K562,0.7549210817683584,0,0.275994624390097,-1.0,0.1638508082846449,0,0.23925342463908275
chr9_708734-709234@A549,0.2982728482596326,0,0.27069748949328765,-1.0,0.3201493838643153,0,0.6034693899099751
chr10_102789212-102789712@A549,0.2834758027047045,0,0.27048694209909335,-1.0,0.401065896299591,0,0.42477750529915437
chr22_46661394-46661894@K562,0.2881694628000842,0,0.2695892130255358,-1.0,0.1616037961640902,0,0.43542861516444065
chr7_47581116-47581616@A549,0.8836442752219992,0,0.2689514171907852,-1.0,0.6118256300893778,0,0.9018410165394664
chr2_20502008-20502508@A549,0.2647408517623281,0,0.26548019265392414,-1.0,0.4520013158641997,0,0.4373622166582275
chr21_38989063-38989563@A549,0.8683176886273141,0,0.264880365918128,-1.0,0.3873485224844528,0,1.287316633438707
chr5_59064665-59065165@A549,0.2396435413570492,0,0.2623303726433581,-1.0,0.395917197570234,0,1.1409578227704669
chr3_196057666-196058166@K562,0.2057699774796647,0,0.2617190088833115,-1.0,0.2488966199192072,0,0.5097043354014704
chr18_58314258-58314758@A549,0.7234717472880307,0,0.2613859001296284,-1.0,0.3390413482965081,0,0.9540514618946657
chr6_71395691-71396191@A549,0.1823101824777841,0,0.2590849235187175,-1.0,0.3938590486102143,0,0.11462181567162043
chr6_16734989-16735489@A549,0.1884871016993705,0,0.25626295648600633,-1.0,0.480808046269657,0,0.9553426667651339
chr13_33233486-33233986@A549,0.1897963742484814,0,0.25475339926639906,-1.0,0.5691409879288495,0,0.14603423819990996
chr18_3704502-3705002@A549,0.2884568239642902,0,0.2545426354332076,-1.0,0.14067024382449,0,0.39786401378706304
chr12_53008557-53009057@A549,0.7752727282227825,0,0.2545426354332076,-1.0,0.3478687884590047,0,0.2161178502599998
chr10_100357298-100357798@K562,0.2317347519938839,0,0.2545426354332076,-1.0,0.6052072536727918,0,0.16137755681867755
chr4_57114931-57115431@A549,0.7211938194520948,0,0.25445679800197585,-1.0,0.2300433562445726,0,0.6363316218892318
chr20_38131488-38131988@A549,0.2838925787761786,0,0.25417599405978686,-1.0,0.3163171562768576,0,0.633932095187519
chr15_63041290-63041790@A549,0.8232010620140556,0,0.2514708756001677,-1.0,0.699666526767098,0,0.9350929728403639
chr15_85613992-85614492@A549,0.2425727017624225,0,0.2508513840438711,-1.0,0.5159827537248536,0,0.24414038299772903
chr22_46073773-46074273@A549,0.8416158469543225,0,0.2498620319095316,-1.0,0.1296733808257358,0,0.9403230064152441
chr5_59040158-59040658@A549,0.8251804217720429,0,0.24919857453840816,-1.0,0.6136478932406513,0,0.5840255886234341
chr18_3623241-3623741@A549,0.7380499832282248,0,0.24845916616871086,-1.0,0.1616576983068675,0,0.8094722131126466
chr13_112773014-112773514@A549,0.8290252151410157,0,0.24789006350965265,-1.0,0.4026678933751334,0,0.4736477973714859
chr12_76025160-76025660@A549,0.2578795047746943,0,0.2475366724981747,-1.0,0.335931923832971,0,1.9584888870406765
chr17_27596012-27596512@A549,0.2074570606996015,0,0.24746756440044632,-1.0,0.2569343292101189,1,2.1772306037924714
chr12_6606903-6607403@K562,0.9177497925238852,0,0.24652418755334854,7.200425132620416,0.1151840715198568,0,0.08385674891795913
chr11_128466169-128466669@A549,0.7201013534844287,0,0.24613363149206005,-1.0,0.9866410243853352,0,1.1581651935055184
chr4_168832360-168832860@A549,0.8327610899462098,0,0.24554463306435353,-1.0,0.3908031391042914,0,0.2106026326436865
chr19_5971912-5972412@K562,0.1896220579994139,0,0.24547584120351065,-1.0,0.2586524633095964,0,0.28940035334844566
chr8_109574622-109575122@A549,0.7304817106368761,0,0.24517786899154498,-1.0,0.9058758963342012,0,1.774483960602104
chr20_19913312-19913812@A549,0.2183506588455474,0,0.24486483643269236,-1.0,0.1635297621529484,0,0.003654722523372565
chr12_106142597-106143097@A549,0.2148189773179702,0,0.2427330639261162,-1.0,0.503832243393149,0,1.1478556162924471
chr4_168876044-168876544@A549,0.108520090786758,0,0.24192117775038746,-1.0,0.9732940014949696,0,0.1213173844703299
chr20_38118050-38118550@A549,0.2696866312478128,0,0.24141357208080924,-1.0,0.8169269388886842,0,0.37660596889690934
chr7_50303208-50303708@K562,0.83116792053322,0,0.24117134274329538,-1.0,0.2335173872167454,0,0.763462738511306
chr20_19975391-19975891@A549,0.7335653658707222,0,0.2409897593611675,-1.0,1.0,1,2.882496700570769
chr7_130951625-130952125@A549,0.7267766070677174,0,0.24056635982228622,-1.0,0.995228676562973,0,0.06938712980022212
chr12_3195798-3196298@A549,0.8015794207779288,0,0.24000749994513218,-1.0,0.877286895552171,0,1.038232557767965
chr10_11891445-11891945@K562,0.2358633390509294,0,0.23570428490583575,-1.0,0.9749098909711356,0,0.7887192320358708
chr17_79817569-79818069@K562,0.2639528766400375,0,0.23365408698945536,-1.0,0.9409494929285448,0,1.624500991980616
chr4_87114499-87114999@A549,0.7584244604619371,0,0.23338641245567715,-1.0,0.1680040382208382,0,0.11049100638078778
chr9_21577288-21577788@A549,0.2309206797366039,0,0.23307433387258042,-1.0,0.8769561519699373,0,0.2533891508558032
chr15_63465074-63465574@A549,0.2450845345364305,0,0.2327031039102366,-1.0,0.9814863667527066,0,0.39221268100727563
chr6_112223047-112223547@A549,0.1726187236294498,0,0.23109563284008844,-1.0,0.1527895700429633,0,0.38209843698767176
chr7_27111887-27112387@A549,0.2408467982891772,0,0.23109563284008844,-1.0,0.3829136495584698,0,0.014021465144199689
chr15_60444200-60444700@A549,0.2206567597801366,0,0.23109563284008844,-1.0,0.481381514895085,0,0.4727826814961391
chr6_16758653-16759153@A549,0.7176049643873744,0,0.23109563284008844,-1.0,0.1894221317350631,0,0.1830961606243397
chr20_19860626-19861126@A549,0.2815607287035105,0,0.23109563284008844,-1.0,0.1488273827701234,0,0.3332106701817442
chr11_65500423-65500923@K562,0.8119833870135047,0,0.23109563284008844,-1.0,0.567084849150449,0,0.1441054660500854
chr3_66469418-66469918@A549,0.7757814696487478,0,0.23109563284008844,-1.0,0.2375475503485969,0,0.003654722523372565
chr21_39087066-39087566@A549,0.7842625738600382,0,0.23109563284008844,-1.0,0.9860286296109264,0,0.49426683021410767
chr11_340484-340984@K562,0.170299679194272,0,0.23109563284008844,-1.0,0.7098893431874268,0,0.02599981396135313
chr15_85582048-85582548@A549,0.2859009244579218,0,0.23109563284008844,-1.0,0.244823527826525,0,1.0472027153498755
chr11_126413725-126414225@A549,0.7774682268844515,0,0.23000269597145964,-1.0,0.9997034699846916,0,1.2206127707773644
chr7_131174334-131174834@A549,0.2242302437415732,0,0.22837577833094697,-1.0,0.5960826304750925,0,0.03034650223076796
chr16_89405125-89405625@A549,0.8468762768430046,0,0.2282435372250387,-1.0,0.1166391316814736,0,0.08182282517313258
chr4_168631318-168631818@A549,0.7032656699979433,0,0.22766362141403926,-1.0,0.9999899065190904,1,2.385355844757887
chr3_66468553-66469053@A549,0.075503672155123,0,0.22576048742243354,-1.0,0.1127674669133587,0,0.5727573977689642
chr4_168840356-168840856@A549,0.2784214094648548,0,0.22531518817098065,-1.0,0.2097431735510281,0,0.878276054362633
chr3_71168219-71168719@A549,0.0699304932933945,0,0.22198629798193323,-1.0,0.3321623606742203,0,1.7745356407927881
chr3_66467699-66468199@A549,0.2325921384426938,0,0.22020876917035415,-1.0,0.4723644196989769,0,1.5665982326109287
chr12_130871110-130871610@K562,0.8775181325406006,0,0.21928674574126003,14.577968569346378,0.3322033322567831,0,0.03037444671099613
chr14_68666135-68666635@A549,0.2753457228199631,0,0.21849594279126758,-1.0,0.8508485298379506,0,0.02078863014341896
chr10_34728214-34728714@A549,0.2781849209041344,0,0.2182805189367001,-1.0,0.6753207561681095,0,0.6131801140080326
chr20_5662691-5663191@A549,0.1674630175464264,0,0.2176922383604924,-1.0,0.8499557299699743,0,0.11014947204280584
chr15_89117342-89117842@A549,0.2449874164513768,0,0.21748437850860533,-1.0,0.4552236480965561,0,0.5195762194005895
chr11_128462780-128463280@A549,0.7351502296738931,0,0.2173124317650336,-1.0,0.9918712010283152,0,0.6215112519681918
chr1_26695402-26695902@K562,0.9671329619576242,0,0.21610356378735454,4.216046422595962,0.0908248361758926,0,0.3234069754812466
chr2_26754957-26755457@K562,0.2111212501869922,0,0.21573941743391617,-1.0,0.2582655537872401,0,0.2135112209135361
chr2_54631032-54631532@A549,0.7478242050897075,0,0.2157180065657211,-1.0,0.9177260643211008,0,1.7626573706738258
chr6_37105850-37106350@K562,0.1701323327154522,0,0.2148054581123078,-1.0,0.9672847518483488,0,0.21503341552623348
chr1_67675769-67676269@A549,0.260735670582887,0,0.21363905066679337,-1.0,0.9224038454646132,0,0.2173052687945498
chr18_58313935-58314435@A549,0.7061190925214139,0,0.21266706950485822,-1.0,0.4052316359861428,0,0.48678239993206096
chr17_82112893-82113393@K562,0.236636836867147,0,0.21158413739014711,-1.0,0.972383750916163,0,0.9272355789492495
chr9_131323613-131324113@K562,0.2459927555045711,0,0.21148518027981622,-1.0,0.206751541328908,0,0.41780023092628316
chr14_68659236-68659736@A549,0.7543655602520396,0,0.20990492538986696,-1.0,0.913939097565978,1,2.225213052730452
chr10_33298377-33298877@A549,0.753393160163848,0,0.20847776921437502,-1.0,0.998815892772716,0,1.3707229523032132
chr1_61055194-61055694@K562,0.1752769052096974,0,0.20809891999042873,-1.0,0.3199331928282163,0,0.04568993889515015
chr19_19110697-19111197@K562,0.8102244319651863,0,0.2070762755432926,-1.0,0.3677392725323005,0,0.004250763240366621
chr9_21568377-21568877@A549,0.2500079903610554,0,0.20402965879704466,-1.0,0.4363689602564753,0,0.12092133198292729
chr1_39165491-39165991@A549,0.2613388884123217,0,0.20318985203083867,-1.0,0.5262979104861911,0,0.41386297476920686
chr8_30383582-30384082@A549,0.7262634386478886,0,0.20039068476225955,-1.0,0.8250932977886032,0,1.4125023068520126
chr10_3823844-3824344@A549,0.2253941222004162,0,0.19908368672886906,-1.0,0.1483549475225433,0,0.06938712980022212
chr13_33228944-33229444@A549,0.7401087530958113,0,0.19908368672886906,-1.0,0.3472982597135951,0,0.2106026326436865
chr6_16299812-16300312@K562,0.1248671303605708,0,0.19908368672886906,-1.0,0.4761374437776745,0,0.656768705435961
chr11_126390348-126390848@A549,0.2333178170827097,0,0.19828765951941107,-1.0,0.3476219343449115,0,0.06361696765821905
chr4_87032171-87032671@A549,0.2799323787573385,0,0.19611289991628408,-1.0,0.7993121101672266,0,0.06647222038100714
chr15_92811888-92812388@K562,0.23308278950148,0,0.19600376527497146,-1.0,0.9747483488959464,0,0.6627804155818195
chr3_30620075-30620575@A549,0.7411593295412138,0,0.19482549502765276,-1.0,0.1186735953840113,0,0.1212427382668296
chr8_22690965-22691465@K562,0.9099758782036348,0,0.19428850233783432,-1.0,0.1047500085131248,0,0.9009066402269004
chr3_195119741-195120241@K562,0.2314362188769604,0,0.1938878898309088,-1.0,0.376592024640707,0,0.7760889131277253
chr1_8356287-8356787@A549,0.7485751974257828,0,0.192634122656519,-1.0,0.7411283362441233,0,0.7237450519782747
chr9_71762862-71763362@A549,0.2708012466995309,0,0.19169447869425396,-1.0,0.4877271054839575,0,0.8680286547189433
chr15_60421473-60421973@A549,0.2380356281563196,0,0.19111413264018787,-1.0,0.3705072350660328,0,1.035066581014108
chr1_234526853-234527353@A549,0.2796824350382194,0,0.19106692928359523,-1.0,0.2941436610675202,0,1.6064598926520368
chr5_14153963-14154463@A549,0.7727586311502738,0,0.19083772878801228,-1.0,0.2168357494218001,0,0.03828472954623444
chr17_77433662-77434162@A549,0.8085953641971734,0,0.18935758318991824,-1.0,0.4226593325469795,0,1.801755413771764
chr7_47592375-47592875@A549,0.7480668043534331,0,0.18925684763462078,-1.0,0.9904206882856108,0,0.2106026326436865
chr20_38167950-38168450@A549,0.292388139662512,0,0.18817708811080477,-1.0,0.4085846533697667,0,0.337790102522418
chr1_21782321-21782821@K562,0.8906067760088033,0,0.18802975159011778,-1.0,0.4712433996065603,0,0.6227119663642963
chr12_75978645-75979145@A549,0.1577637497712115,0,0.18784230464482368,-1.0,0.4240393495684343,0,1.0056432478152466
chr9_21559925-21560425@A549,0.8805566574657767,0,0.18676605194354357,-1.0,0.5742802270442655,0,1.5303988678861746
chr12_56677675-56678175@K562,0.1652682698469871,0,0.1865190908151068,-1.0,0.3551670279516002,0,0.02532254249308017
chr9_113529963-113530463@A549,0.7950056542146214,0,0.185632523565663,-1.0,0.1188999801040063,0,0.41432499621311214
chr19_45885124-45885624@K562,0.8761007435282603,0,0.18481422322515753,4.263149518836673,1.0,1,2.8962988804104857
chr10_11894072-11894572@K562,0.8438810162924121,0,0.18440897070198803,3.124927155576529,0.15188384285962,0,1.1616043227181312
chr1_26035556-26036056@K562,0.9028826469274264,0,0.18300348571511182,3.393178113983302,0.8296497159266583,0,0.13112055376291204
chr17_75109666-75110166@K562,0.905698927455561,0,0.1829306835859867,3.52620657727172,0.6548815195754135,0,1.6607274811440602
chr22_46074669-46075169@A549,0.813698309222183,0,0.18118708370724487,-1.0,0.9921620055497824,0,1.6940685255366872
chr1_8877242-8877742@K562,0.8321371938665731,0,0.18008115382097,-1.0,0.9160538278830598,0,0.035825256498910135
chr5_59496463-59496963@A549,0.8132754079329697,0,0.17894524495311182,-1.0,0.619814995989702,0,0.522531448594974
chr6_112223702-112224202@A549,0.7007125718352327,0,0.17858473938202538,-1.0,0.9623545672381988,0,0.7268366215876544
chr3_57992775-57993275@A549,0.7005847550878133,0,0.17555523629649694,-1.0,0.7797788634193625,0,0.49716336137899686
chr5_14197007-14197507@A549,0.712661826583474,0,0.17436619761735006,-1.0,0.3788696320729621,0,0.6942618077916825
chr8_109574867-109575367@A549,0.745441509903911,0,0.1737178225873889,-1.0,0.4105903661165899,0,1.3358094740499142
chr10_34736985-34737485@A549,0.7736846276339342,0,0.17294104813258515,-1.0,0.1765010006033531,0,0.2659125814580834
chr12_62717606-62718106@A549,0.1362117792581838,0,0.17292811365514002,-1.0,0.5643479345220483,0,1.0082822977017651
chr15_78047822-78048322@A549,0.2894393263073311,0,0.1727147503752617,-1.0,0.3064565065866927,0,0.5453075507605232
chr16_85326689-85327189@K562,0.2210294528335563,0,0.1726888952810033,-1.0,0.2015906062676576,0,1.3034776149227776
chr1_39180351-39180851@A549,0.7517909367388382,0,0.1720881978538807,-1.0,0.9465570789037232,0,0.6358994786930585
chr6_17985619-17986119@K562,0.2170383837724927,0,0.17134010346468015,-1.0,0.9791762788689083,0,0.2106026326436865
chr20_50439274-50439774@A549,0.7487802906169067,0,0.16875108998807373,-1.0,0.9892057390184864,0,0.2520679719634564
chr13_112771813-112772313@A549,0.2829857852855723,0,0.16863581097078834,-1.0,0.2251474635164352,0,0.14962949762836344
chr20_54102544-54103044@A549,0.2983399934190195,0,0.16667436024177146,-1.0,0.9121392148202648,0,1.7318200016885121
chr1_64910509-64911009@A549,0.7865271626554473,0,0.166292047518438,-1.0,0.8084020759010002,0,0.5323623012521085
chr13_110399763-110400263@A549,0.2199427800157078,0,0.16494389827988373,-1.0,0.8922098833539089,0,0.00135276047329009
chr10_33196675-33197175@A549,0.7235675155028244,0,0.16358093232364584,-1.0,0.2650168801016059,0,0.06373765809652239
chr8_22691252-22691752@K562,0.927788888376637,0,0.16284101857709812,-1.0,0.1865778732784874,0,0.7772055188862931
chr9_750562-751062@A549,0.2564389174272749,0,0.16220961129263142,-1.0,0.7499999999999999,0,0.2773249530419438
chr14_35301641-35302141@K562,0.198810223867673,0,0.15897232206909762,-1.0,0.4228412108554479,0,0.4737899961583357
chr6_112298401-112298901@A549,0.248886669102239,0,0.1588345660974436,-1.0,0.9258444592161044,0,0.26588053789051835
chr10_21535107-21535607@K562,0.7369625519367438,0,0.1574781272620709,4.627603567576888,1.0,1,2.876475019057268
chr1_21763996-21764496@K562,0.2551698838184543,0,0.15666130933424138,-1.0,0.892841722545035,0,1.2892650722861145
chr6_37023432-37023932@K562,0.2098375306981981,0,0.15600149531766347,-1.0,0.9628720812571238,0,0.7496043969428837
chr10_102777583-102778083@A549,0.852733363901363,0,0.15463526099602265,-1.0,0.9696352389481908,0,0.012463327863479543
chr10_102795379-102795879@A549,0.7335570053839503,0,0.1542881774339064,-1.0,0.4993016735487249,0,0.6464491992358786
chr1_8027821-8028321@A549,0.2612575623578372,0,0.1522299791267461,-1.0,0.4040710623630917,0,0.6390659484516135
chr10_3068369-3068869@K562,0.9524828769780485,0,0.1512752755505845,6.48011952667834,0.159292237545301,0,0.4695313531110702
chr11_32433965-32434465@K562,0.9476726814378412,0,0.1498502099917473,4.66038957837444,0.1789800662851839,0,0.6533341332577989
chr4_57064949-57065449@A549,0.2798548120189544,0,0.14938439315235316,-1.0,0.5781619449565935,0,1.6443760989879748
chr13_33217537-33218037@A549,0.188715882936348,0,0.14907820695671564,-1.0,0.4907931271524401,0,0.4591826873492732
chr1_64948193-64948693@A549,0.2487359190751327,0,0.14813650753375046,-1.0,0.3173459101819686,0,0.12074351287608123
chr11_122197386-122197886@A549,0.7401971478257436,0,0.14813650753375046,-1.0,0.226801243129682,0,0.049893267243174715
chr12_56685176-56685676@K562,0.8608190350638161,0,0.14813650753375046,-1.0,0.4499389983683768,0,0.6872938544021099
chr2_54581514-54582014@A549,0.2912588933589431,0,0.14733705565543073,-1.0,0.9977940878983296,0,0.46084859655450694
chr9_113580887-113581387@A549,0.7558884461411199,0,0.14730047476043884,-1.0,0.999999834252336,0,0.21073666435387098
chrX_107677896-107678396@A549,0.7450323830972438,0,0.14683129323887117,-1.0,0.1197463774280977,0,0.2106026326436865
chr6_7173173-7173673@K562,0.746517259411363,0,0.1463261191284457,-1.0,0.5836589243189216,0,0.16578918184252156
chr20_50481271-50481771@A549,0.7466613716917111,0,0.14604639598953048,-1.0,1.0,1,2.160848896398068
chr7_130905557-130906057@A549,0.7767115012284544,0,0.14450507343103194,-1.0,0.845974041617963,0,1.2406721710153656
chr16_87858965-87859465@K562,0.2905483604858487,0,0.14321071124668375,-1.0,0.4977298568875918,0,0.5966735381824174
chr2_42969233-42969733@A549,0.8163723586631407,0,0.14289677505281212,-1.0,0.1149607818629922,0,1.6717835424992828
chr6_112253845-112254345@A549,0.757987712116508,0,0.14244438178496957,-1.0,0.999962654261525,0,0.4566149551901567
chr12_47820038-47820538@K562,0.7032791073033681,0,0.14228766205350504,4.392963387775915,0.3999179593583688,0,0.8269594924489376
chr14_68519753-68520253@A549,0.2453097741783172,0,0.14155905564039653,-1.0,0.3393436978238581,1,2.0363774248170845
chr12_62697806-62698306@A549,0.2656187609323162,0,0.14145077227892444,-1.0,0.1730369813520671,0,0.500945578802899
chr11_94740589-94741089@K562,0.8813559962840233,0,0.14102391765774538,-1.0,0.7656468558856464,0,0.23807216157947098
chr6_112214595-112215095@A549,0.2714546419643311,0,0.14048343660992849,-1.0,0.9913753254196974,0,1.7278797911989034
chr12_3200621-3201121@A549,0.943646109884374,0,0.1395122625252983,-1.0,0.3121639728838465,0,0.08207982433662521
chr10_33341865-33342365@A549,0.2978814729726218,0,0.13937455567195595,-1.0,0.8893508757866476,0,1.4984888682759747
chr10_100364084-100364584@K562,0.2237583470799602,0,0.13909329041820065,-1.0,0.6748936453568422,0,0.1480632140410958
chr1_8876429-8876929@K562,0.8038728159989462,0,0.13720098876162642,-1.0,0.3217828915963002,0,0.12046259237371824
chr1_47235724-47236224@K562,0.1496036327322625,0,0.13671878655268122,-1.0,0.3983620019779377,1,2.1036115881539628
chr12_130830746-130831246@K562,0.1904752564383335,0,0.135625399032961,-1.0,0.2533996137612324,0,0.7225283149571743
chr10_102806757-102807257@A549,0.1752666755787133,0,0.13545925503108103,-1.0,0.4728733218046512,0,1.0315871045927452
chr2_28612067-28612567@A549,0.7469292265925602,0,0.13486640191614696,-1.0,0.6099728479940171,0,0.6590802065998373
chr2_54632716-54633216@A549,0.8000500177732918,0,0.13349409149219624,-1.0,0.5728426670572928,0,0.7005362854715499
chr10_33326848-33327348@A549,0.2718270464940313,0,0.13316349280856943,-1.0,0.3386865221546175,0,0.383398469721566
chr5_10354103-10354603@K562,0.7909068947866572,0,0.13154365948344493,3.238666153484297,0.5136347409723119,0,0.22706250139645753
chr14_102500337-102500837@K562,0.1629850648233424,0,0.1304162922865762,-1.0,0.6913200382308912,0,0.5522684583640252
chr11_48101004-48101504@A549,0.764428044730346,0,0.13013490715806525,-1.0,0.1196228072077734,0,1.1028514459262337
chr2_28590428-28590928@A549,0.7866307978560576,0,0.12978928752178634,-1.0,0.3436005856492772,0,0.548766375573211
chr2_55097474-55097974@A549,0.2931678711718659,0,0.12976586563490597,-1.0,0.936421916203499,0,0.7106340484799682
chr6_7163476-7163976@K562,0.7261472158079447,0,0.12829282749930518,-1.0,0.296732900541152,0,0.5104633705179047
chr17_77355097-77355597@A549,0.7722491639876096,0,0.12807113556906843,-1.0,0.6482667734746854,0,1.3034950852346148
chr9_131674570-131675070@A549,0.7388683239299628,0,0.1270167323734674,-1.0,0.2253870753263092,0,0.23475626333288915
chr10_21533380-21533880@K562,0.8300218883280513,0,0.1265689491091739,4.627603567576888,1.0,1,2.7607505865232755
chr6_112222376-112222876@A549,0.7016448967429082,0,0.1264933948702731,-1.0,0.5208847683911716,0,0.13486047747006974
chr15_63469123-63469623@A549,0.2372964508137032,0,0.1260345399955951,-1.0,0.9768958051026264,0,0.28943418019935574
chr2_54628865-54629365@A549,0.8583492596251917,0,0.12594166637075474,-1.0,0.114901818630145,0,0.4116386416154414
chr1_93623411-93623911@A549,0.1462738282944708,0,0.1257965910809874,-1.0,0.72047281953526,0,0.16240524939056827
chr1_8026945-8027445@A549,0.7726521510618035,0,0.1254833937487691,-1.0,0.2344509314344836,0,1.5131446447230568
chr8_17802935-17803435@A549,0.2610314663466457,0,0.12488662439714168,-1.0,0.984782562773422,0,0.1946826853317882
chr6_37161068-37161568@K562,0.1920916487188847,0,0.12305509408408914,-1.0,0.845396570121805,0,0.5132579044660126
chr15_78056735-78057235@A549,0.1446313409974031,0,0.1227265830243803,-1.0,0.8179488449624374,0,1.2095177940362096
chr16_87885199-87885699@K562,0.1619730068594789,0,0.12192076688837533,-1.0,0.2591809252987541,1,2.0025611888498833
chr21_38818945-38819445@A549,0.2915114061859764,0,0.12135758389479537,-1.0,0.2025560986211833,0,0.14677039774508072
chr20_32360260-32360760@K562,0.7387383454626989,0,0.11933500756707276,-1.0,0.3170638892067828,0,0.8668764245973803
chr6_11196359-11196859@A549,0.7104063240115357,0,0.11888936047301148,-1.0,0.4450543610617963,0,0.06938712980022212
chr11_353666-354166@K562,0.8443622446345269,0,0.11858110322715701,-1.0,0.3365604879932297,0,0.46699097750451457
chr19_41868502-41869002@K562,0.2234711110917998,0,0.11842135223358884,-1.0,0.5520768667633057,0,0.2161178502599998
chr13_112774773-112775273@A549,0.805137954563367,0,0.11746407832847286,-1.0,0.2930661284679703,0,0.8312374243776429
chr3_30581991-30582491@A549,0.2662303827927248,0,0.11642940717938176,-1.0,0.3349387385435279,0,0.009572341514736488
chr4_168811704-168812204@A549,0.2719106658764845,0,0.11642940717938176,-1.0,0.326989236412963,0,0.025368581916208294
chr15_96319130-96319630@A549,0.231821377038939,0,0.11642940717938176,-1.0,0.6953588916572461,0,1.0606005692836185
chr15_92807726-92808226@K562,0.7870736469529888,0,0.11642940717938176,-1.0,0.964022721695283,0,0.02805188659029693
chr3_58062503-58063003@A549,0.7486203382484575,0,0.11642940717938176,-1.0,0.9579093171663718,0,0.009572341514736488
chr12_62702172-62702672@A549,0.7150100202466023,0,0.11642940717938176,-1.0,1.0,0,0.05180227851159361
chr19_16548293-16548793@K562,0.1967083259105403,0,0.11642940717938176,-1.0,0.2844707959491703,0,0.15398470669329659
chr9_131372517-131373017@K562,0.8403474978750168,0,0.11506310289613979,-1.0,0.2006519815165924,0,0.06938712980022212
chr9_113488436-113488936@A549,0.7540893448644185,0,0.11485937615057054,-1.0,0.9138906292449592,0,0.29224252158001607
chr12_130873077-130873577@K562,0.1961902154337626,0,0.11407930775781072,-1.0,0.2293830722343982,0,0.10636582721960848
chr5_17277952-17278452@A549,0.2181925208188458,0,0.11346415566671673,-1.0,0.290615966127783,0,0.4517211659685444
chr20_54088387-54088887@A549,0.1229927320372546,0,0.11168007132478341,-1.0,0.9217113942990716,1,3.6520068502125946
chr19_41866699-41867199@K562,0.7106794037937474,0,0.11146108374126942,-1.0,0.3496666964464797,0,0.2498234310436285
chr9_21557071-21557571@A549,0.2009723565439895,0,0.11032860410459765,-1.0,0.6802898222112068,0,0.9391133769953378
chr1_234845790-234846290@A549,0.2155059161329961,0,0.10996481945702986,-1.0,0.9072371654182826,0,0.5071418708028873
chr14_35291696-35292196@K562,0.7536586022359398,0,0.1098529469967821,5.054437869442936,0.5740587722894268,0,0.1667062348322037
chr12_56684109-56684609@K562,0.2897942066043962,0,0.10929401655592824,-1.0,0.6210672302902147,0,1.1815695477457864
chr12_104255675-104256175@A549,0.2068745844250227,0,0.10878601423758025,-1.0,0.2218763463149105,1,2.9586467979530258
chr15_89119750-89120250@A549,0.234784022935602,0,0.10717661711237919,-1.0,0.3094792465815407,0,0.27261329472209667
chr15_85581410-85581910@A549,0.7945042572440497,0,0.10470455618490065,-1.0,0.1557669367308446,0,0.9886410462933893
chr11_126347245-126347745@A549,0.778717611641165,0,0.10313772013968696,-1.0,0.954038250454534,0,0.9279340085852542
chr10_3805156-3805656@A549,0.1577870604339818,0,0.10009745976478837,-1.0,0.1998200793495328,0,0.06938712980022212
chr14_68790620-68791120@K562,0.7177451314707592,0,0.09993889726451959,-1.0,0.1914211805934442,0,1.125118282102779
chr16_81433712-81434212@A549,0.8324163650142077,0,0.0998569048886941,-1.0,0.985757749724644,1,2.106099596446257
chr14_68800320-68800820@K562,0.1659477678775228,0,0.09973121330309322,-1.0,0.2228881676829796,0,0.22017271586739193
chr11_126373326-126373826@A549,0.2699921663980714,0,0.0993106842858031,-1.0,0.8156171402032673,1,2.120542836834111
chr2_237699638-237700138@A549,0.7685849193946019,0,0.09900510055994333,-1.0,0.4511096822663791,0,0.3789276288563741
chr9_131595654-131596154@A549,0.7458732796955854,0,0.09838368300567023,-1.0,0.5467348905243837,0,0.010132108204543277
chr16_85322831-85323331@K562,0.7125589480736674,0,0.09715437238664712,-1.0,0.1655681027179976,0,0.4651365894515847
chr3_196051055-196051555@K562,0.2269147039128073,0,0.09707290398273714,-1.0,0.2314434407550073,0,0.5374073619907499
chr16_89324651-89325151@K562,0.7430650780638932,0,0.09691544172300975,-1.0,0.6467538428816614,0,0.1177886312416152
chr17_75103493-75103993@K562,0.140743094883975,0,0.09584729282868186,-1.0,0.962696994687968,0,0.7399524750046783
chr3_4973171-4973671@K562,0.2258221214597086,0,0.09512223303659534,-1.0,0.9551968569961669,0,0.5305461862328732
chr18_77058172-77058672@A549,0.844497050678629,0,0.09501411890063666,-1.0,0.202262404939722,0,0.7400956804847305
chr7_47577265-47577765@A549,0.7409753698027635,0,0.09490603167212872,-1.0,0.2512053053583219,0,1.4822500371457408
chr15_67110885-67111385@A549,0.2603353251902772,0,0.09490603167212872,-1.0,0.3708575661115946,0,0.497081503970046
chr3_127736756-127737256@A549,0.8124755009433852,0,0.09490603167212872,-1.0,0.949098962038891,0,0.6231858880318026
chr13_33277376-33277876@A549,0.2573596450625011,0,0.09490603167212872,-1.0,0.5221032497864768,0,1.6211662062599306
chr10_119379728-119380228@A549,0.2766809477134286,0,0.09468453691660417,-1.0,0.4743769682476986,0,0.10866328963267805
chr2_9251208-9251708@A549,0.7305677830093718,0,0.09440377913292908,-1.0,0.3034724647655493,0,0.4267105613957964
chr9_21580946-21581446@A549,0.7146884463152968,0,0.09410162743935352,-1.0,0.4538454695046947,0,0.4599710057205848
chr7_47602201-47602701@A549,0.2734444813602512,0,0.09389132447710319,-1.0,0.8990203567570827,0,0.052968407202713494
chr6_112292309-112292809@A549,0.2486021222573139,0,0.09371884422784696,-1.0,0.4191861220865392,0,0.6446634384876192
chr5_95866390-95866890@A549,0.1380023168418377,0,0.09368112330276944,-1.0,0.3707652362774902,0,0.000408428804615366
chr1_8427204-8427704@A549,0.2713866259209054,0,0.09316413805649157,-1.0,0.2838285388180869,0,1.2772591620619618
chr5_59542737-59543237@A549,0.1150304860215128,0,0.09268002267812352,-1.0,0.7399811353551384,0,1.657814271706307
chr2_26786143-26786643@K562,0.9718373075770836,0,0.09176705229289367,9.810004660035682,0.138564746589578,0,0.9904641233807818
chr2_237689148-237689648@A549,0.2731444037499686,0,0.09165440666651757,-1.0,0.9571364480443176,0,0.8329486412621194
chr1_64964142-64964642@A549,0.2575648253420288,0,0.09143456366312522,-1.0,0.8989783553343066,0,0.21191651555459137
chr10_119342236-119342736@A549,0.725262067150675,0,0.0892315655442175,-1.0,0.405865842471024,0,0.4520161946409247
chr5_95773609-95774109@A549,0.1934300217822613,0,0.08919956545957307,-1.0,0.2306445829389337,0,1.1948731086971418
chr3_127820747-127821247@A549,0.2948436842981494,0,0.0886399453196762,-1.0,0.3296459237102772,0,0.7236990754292265
chr14_35286112-35286612@K562,0.1962127871196029,0,0.08834177583800612,-1.0,0.3561591589432807,0,0.19162695673608016
chr4_7811179-7811679@A549,0.7630312193058735,0,0.08830451904245248,-1.0,0.4060487800961985,0,0.8151099178002776
chr16_81456444-81456944@A549,0.7741532067909794,0,0.08821937265256034,-1.0,0.8699702204734172,0,0.90678850818634
chr15_78040789-78041289@A549,0.274796093388379,0,0.08816084419155795,-1.0,0.3918804753685736,0,0.4250432242354932
chr18_3659120-3659620@A549,0.2275138539507146,0,0.08813424295292539,-1.0,0.1339254354546405,0,0.7335566187037262
chr7_131231298-131231798@A549,0.7531509673126738,0,0.08752286373910044,-1.0,0.9639277448780618,0,0.2122916303899828
chr2_55134295-55134795@A549,0.7253093851834466,0,0.08700784696354824,-1.0,0.555553110930444,0,0.9104481171135459
chr15_63047286-63047786@A549,0.2178258350943334,0,0.0865464436715162,-1.0,0.8996419340289143,0,1.3207174982609844
chr1_26056461-26056961@K562,0.1717536907668883,0,0.08636625828064477,-1.0,0.5641770757878921,0,0.13954819323450246
chr15_92831013-92831513@K562,0.2103809553206457,0,0.08604846631424516,-1.0,0.2859081369997893,0,0.22625742536400292
chr5_59588888-59589388@A549,0.2574724245455183,0,0.08563039457009139,-1.0,0.5097785844488477,0,1.0172856508122279
chr12_104295248-104295748@A549,0.8234812399240531,0,0.08489049506083783,-1.0,0.2422709777523695,0,1.4173117937000217
chr7_55128303-55128803@A549,0.1712499842152267,0,0.08444715966584443,-1.0,0.674264843821253,0,0.06938712980022212
chr3_30629635-30630135@A549,0.7072484113986528,0,0.08420984459359995,-1.0,0.204545161001567,0,0.6786708866069804
chr1_39174631-39175131@A549,0.7441949410055895,0,0.08403589592118745,-1.0,0.2826368858700185,0,0.487075581035032
chr2_160403529-160404029@A549,0.1616222595637944,0,0.08386201689282473,-1.0,0.9777099093440604,0,0.4386958338598639
chr7_47605767-47606267@A549,0.2965175814795477,0,0.08354078730644052,-1.0,0.1718197086931801,0,1.184150072858071
chr2_54553674-54554174@A549,0.2402354812381822,0,0.08246298292181867,-1.0,0.2443022298126317,0,0.016892650676969895
chr3_71160670-71161170@A549,0.2747394278669248,0,0.08221100497287454,-1.0,0.4721010049478112,0,0.5314459119158094
chr6_37183852-37184352@K562,0.7355387638514677,0,0.08134594412160032,-1.0,0.949649521807588,0,0.5238207375182964
chr2_26785657-26786157@K562,0.97216143698575,0,0.08014296950030607,9.810004660035682,0.1426464385072187,0,0.3522748154957113
chr6_42041087-42041587@K562,0.2292283919981793,0,0.07952186646209333,-1.0,0.8145436483258442,0,0.6343061484227376
chr10_33273226-33273726@A549,0.7606148789667135,0,0.07882353475135917,-1.0,0.2192601306461142,0,0.13528724429432598
chr20_32363253-32363753@K562,0.1642177610162946,0,0.078334329540805,-1.0,0.8572217372292372,0,0.2106026326436865
chr14_68667305-68667805@A549,0.24402141736087,0,0.07826671685524297,-1.0,0.3638359732964615,0,0.3056229752695397
chr4_87009049-87009549@A549,0.7378167314531817,0,0.07809513191304884,-1.0,0.4215725147697302,0,0.4131877305566241
chr6_112281753-112282253@A549,0.2188385280840507,0,0.07788204501264201,-1.0,0.4887043646434097,0,0.27739075399006735
chr7_50324043-50324543@K562,0.156133802019342,0,0.0776846431490926,-1.0,0.4084647805491574,0,0.0004736391655395783
chr1_26055824-26056324@K562,0.2141437343511207,0,0.07723303436244734,-1.0,0.6289509805196553,0,0.025368581916208294
chr3_30616549-30617049@A549,0.2696342040286805,0,0.07337463374093853,-1.0,0.98892854866181,0,0.13042802062430503
chr2_26755410-26755910@K562,0.1684306533199536,0,0.07315357033129144,-1.0,0.5628017233380878,0,0.38240212845020405
chr3_58032208-58032708@A549,0.2204307653720829,0,0.07305592698376699,-1.0,0.32670872957409,0,1.8699236674828361
chr17_72422484-72422984@A549,0.7315467582720557,0,0.07299940665713585,-1.0,0.2149991740023372,0,0.6628403554731442
chr18_77069344-77069844@A549,0.7668206534794503,0,0.0724859226157823,-1.0,0.1975822327439801,0,0.13700447137614136
chr1_26056788-26057288@K562,0.225601043082746,0,0.07245000145906103,-1.0,0.6823233800397653,0,0.06938712980022212
chr4_40227217-40227717@K562,0.1603502719352066,0,0.07145565261452992,-1.0,0.5207796388436342,0,1.2209738043514293
chr11_32436164-32436664@K562,0.977096171802581,0,0.07133791670838895,-1.0,0.2310319339366536,0,0.5192028427315534
chr10_33318632-33319132@A549,0.7238007237336656,0,0.07116393077027025,-1.0,0.3212367374868021,0,0.37645094308160715
chr7_130925826-130926326@A549,0.7204230580483402,0,0.07089796937771371,-1.0,0.2279373822629648,0,1.010612483141328
chr9_131660656-131661156@A549,0.7213194299599495,0,0.07055041928656014,-1.0,0.5066271354616114,0,0.3132922478173077
chr1_230133186-230133686@K562,0.7237779788037199,0,0.07041760595521676,-1.0,0.5622262674857906,0,0.49383333495303394
chr3_71109434-71109934@A549,0.2885239691236773,0,0.06969805557824366,-1.0,0.2343536926583977,0,0.9321111933146012
chr14_68522702-68523202@A549,0.7181074644777286,0,0.06947885524115277,-1.0,0.4455422799171212,0,0.8325054383642785
chr1_234538069-234538569@A549,0.7675832576027088,0,0.06942279850303427,-1.0,0.4958670451241412,0,0.15077719963270655
chr10_95282092-95282592@A549,0.121242879252944,0,0.06881174000143299,-1.0,0.4304685316797306,0,0.6196078399429726
chr9_753976-754476@A549,0.7340058880469859,0,0.06875576929984194,-1.0,0.4248698261061054,0,0.3134799155833838
chr15_85616531-85617031@A549,0.297507486336918,0,0.06875576929984194,-1.0,0.3937835003589697,0,0.454866140959511
chr2_43336266-43336766@A549,0.8247405382440741,0,0.06875576929984194,-1.0,0.1725539579026564,0,0.5575202309355514
chr15_78067755-78068255@A549,0.2738498488508176,0,0.06875576929984194,-1.0,0.4130540587730032,0,0.3184241229204348
chr10_102764821-102765321@A549,0.2455139964854023,0,0.06875576929984194,-1.0,0.4429299406657142,0,0.05167018414244894
chr18_3609543-3610043@A549,0.7250381048053784,0,0.06875576929984194,-1.0,0.9577255493366256,0,0.9318512590267063
chr22_45704616-45705116@A549,0.2766982928205335,0,0.06809484316116926,-1.0,0.4011258110973138,0,0.518056000719933
chr1_8380878-8381378@A549,0.7411217363802083,0,0.06798309356579868,-1.0,0.6228001445500294,0,0.1481853767349445
chr10_95221565-95222065@A549,0.1942353427676201,0,0.06777490965363868,-1.0,0.3008696197366344,0,0.08925823408268195
chr5_136033818-136034318@A549,0.1763851809791377,0,0.06756682548894981,-1.0,0.2975143870296508,0,1.705027025279592
chr11_117994553-117995053@K562,0.2135119867219801,0,0.06587035062099283,-1.0,0.4068742548978787,0,0.8125074810195749
chr5_17269126-17269626@A549,0.095033682165935,0,0.0658450802259582,-1.0,0.7158723347211361,0,0.4723443257402141
chr11_128521238-128521738@A549,0.7423828780714447,0,0.0653955130495677,-1.0,0.9824463647195322,0,1.0820745779352587
chr8_133033674-133034174@A549,0.2810239738409658,0,0.06506747127711365,-1.0,0.2125108842556727,0,0.7870138152633318
chr6_17863707-17864207@K562,0.7519287646623555,0,0.062236445033018034,3.031937539923551,0.9047645415163914,0,0.6133405445858058
chr12_75990356-75990856@A549,0.2775877992629708,0,0.06183065360967974,-1.0,0.4202866683985369,0,1.0326533060076897
chr2_20541235-20541735@A549,0.728316692916563,0,0.061560336485068305,-1.0,0.9552522338633352,0,0.6818322798710339
chr1_67771746-67772246@A549,0.2460971694672119,0,0.061410232974811275,-1.0,0.7200961243023901,0,0.036481329798351746
chr9_73080059-73080559@A549,0.728383896134886,0,0.06072042425385717,-1.0,0.6676943914069319,0,0.34056873180413477
chr8_22703382-22703882@K562,0.839994736282862,0,0.05963793619826275,-1.0,1.0,0,0.13489010050867442
chr12_76006442-76006942@A549,0.2588684661743559,0,0.05946359375911509,-1.0,0.1761664178821365,0,0.18597893592080364
chr19_4398089-4398589@K562,0.2936306031882393,0,0.05896088332504098,-1.0,0.1538037536448013,0,0.06570864549571839
chr14_35300131-35300631@K562,0.7110320863850017,0,0.058786812414678716,-1.0,0.241438093393501,0,0.12100739963101412
chr3_71076627-71077127@A549,0.2080153409126371,0,0.05822032182625153,-1.0,0.1694383828553787,0,0.7298570854343543
chr7_107006225-107006725@K562,0.7965088034935551,0,0.058106119390533034,-1.0,0.3227113430493507,0,0.07389431868553578
chr13_110304578-110305078@A549,0.2995941244937441,0,0.05803165571703079,-1.0,0.8882721853870937,0,0.13318709865613285
chr5_17218602-17219102@A549,0.9307237873701784,0,0.05716880886209637,-1.0,0.9462425046921098,1,2.3611315249713973
chr17_72423644-72424144@A549,0.7632824548363166,0,0.05709945885970604,-1.0,0.4089004604732022,0,0.15404662227755145
chr2_20532216-20532716@A549,0.7247319890657605,0,0.05705488256240655,-1.0,0.3076336992182004,0,1.9446599004558185
chr4_168695273-168695773@A549,0.2951675660721576,0,0.05645602284654561,-1.0,0.7451684125071307,0,0.36506952667481474
chr1_39176964-39177464@A549,0.8234587420863855,0,0.05642634880178646,-1.0,0.9693603550547052,0,0.23108823889455354
chr1_8017039-8017539@A549,0.2774966467335824,0,0.05570490460582275,-1.0,0.9305747057884048,0,0.3412542646388465
chr6_11217814-11218314@A549,0.201088329268482,0,0.0553594312904105,-1.0,0.1821937169815112,0,0.14102391765774538
chr11_360228-360728@K562,0.2106038507183184,0,0.05396552672852986,-1.0,0.3123333534547247,0,1.4313641984536865
chr5_136031225-136031725@A549,0.2847565247720787,0,0.05384752127572599,-1.0,0.1546179278886084,0,0.14313220592064427
chr12_76018640-76019140@A549,0.2705518255108351,0,0.05296350094603369,-1.0,0.728042881030989,0,0.6426178967038896
chr2_43173842-43174342@A549,0.2214654917279805,0,0.052487857296213386,-1.0,0.2156429867851099,0,0.011860379808189955
chr11_126340226-126340726@A549,0.8067055458331028,0,0.05194420241514808,-1.0,0.2847159899271327,0,0.4419277409008544
chr1_39173161-39173661@A549,0.7459465791021794,0,0.0519050463608088,-1.0,0.3273509188152294,0,0.2106026326436865
chr3_71026584-71027084@A549,0.2938667556129565,0,0.0516065974765163,-1.0,0.9779115373741812,0,0.28984030805398975
chr11_12121451-12121951@K562,0.1845286668028115,0,0.050927290599355024,-1.0,0.3941837473875051,0,1.923250359376
chr8_109570621-109571121@A549,0.1640633475243887,0,0.05065391299529893,-1.0,0.7513772732648409,0,0.3814498770512094
chr10_33325882-33326382@A549,0.2345516420445976,0,0.050024822170346324,-1.0,0.6174933601129209,0,0.6501399178076688
chr2_43132683-43133183@A549,0.7733847967741293,0,0.048949190748763256,-1.0,0.5000076559662605,0,0.9365165219724718
chr1_64949104-64949604@A549,0.2876741895081406,0,0.048754790735712955,-1.0,0.7161438822005528,0,0.0036065490864518354
chr3_58013296-58013796@A549,0.7520160602628531,0,0.048497344680125794,-1.0,0.2279609325525429,0,1.2197259033911947
chr11_128468726-128469226@A549,0.2254215985918385,0,0.04777924576197495,-1.0,0.262516875084498,0,0.5183424274290148
chr20_38117186-38117686@A549,0.205041707362352,0,0.04730440041308324,-1.0,0.3182481255444249,0,0.11758362223805066
chr10_3860459-3860959@A549,0.2006005906625845,0,0.045752665093239865,-1.0,0.4945603804609657,0,0.8019755744668802
chr10_34688215-34688715@A549,0.2775915585790713,0,0.045434302729141965,-1.0,0.9876041152311128,0,0.0030332576180118133
chr3_71062925-71063425@A549,0.2792716680666128,0,0.045313771841234335,-1.0,0.9149613441109952,0,1.9366291064142958
chr6_37093376-37093876@K562,0.2342419019985929,0,0.045299310382351854,-1.0,0.3239170108520953,0,0.7819373821736253
chr8_133001305-133001805@A549,0.7400019972273956,0,0.04527520902093701,-1.0,0.3975786298239627,0,0.8927561024210254
chr2_10303918-10304418@K562,0.8979755849974356,0,0.0452511089969635,3.1245335841336144,0.0697066592998021,0,0.8783088696924233
chr8_30389651-30390151@A549,0.1986378502750034,0,0.04511617357168013,-1.0,0.5555782549085116,0,1.0890609256660242
chr3_71079037-71079537@A549,0.279815622237211,0,0.04499573093042601,-1.0,0.2808184617595964,0,0.5008767665957766
chr17_78237374-78237874@K562,0.2406248023214075,0,0.044418070757157764,-1.0,0.1720533654963839,1,2.8024437868464633
chr1_64967401-64967901@A549,0.7341656372091592,0,0.04430744025042345,-1.0,0.1930252350790178,0,0.2821049199961447
chr5_10367519-10368019@K562,0.1195152820752543,0,0.044110299214636974,-1.0,0.3756099245128888,0,0.08867723090277527
chr3_71027091-71027591@A549,0.24102354420484,0,0.04319788524786963,-1.0,0.9830890936215186,0,0.23794444668900394
chr7_27110496-27110996@A549,0.887089594082401,0,0.04314991651880364,-1.0,0.1025247698321364,0,0.09347640971467408
chr6_11214014-11214514@A549,0.29467435541155,0,0.04217729502167787,-1.0,0.9993555360897152,0,0.822002036903434
chr7_55018180-55018680@A549,0.8278803654984193,0,0.04092997382186474,-1.0,0.2284471107014238,0,1.4370888549523515
chr9_702595-703095@A549,0.7648379843621158,0,0.04066758473179054,-1.0,0.4483369553254889,0,0.35983669836613974
chr4_168817284-168817784@A549,0.2875345577672623,0,0.04066758473179054,-1.0,0.4261433517259068,0,0.22534437413775316
chr13_33195256-33195756@A549,0.750441647068147,0,0.040615125931828505,-1.0,0.3508136640119706,0,1.5287082889410615
chr4_7956158-7956658@A549,0.7791494685212432,0,0.03931046545388646,-1.0,0.5657674472631191,0,1.5962619496361445
chr22_45717768-45718268@A549,0.2389531190058684,0,0.038745061286236934,-1.0,0.975976622069596,0,1.1734652184656058
chr11_128467538-128468038@A549,0.2547946883621298,0,0.038118750183477185,-1.0,0.2485694096880752,0,0.33014407337717366
chr2_43233487-43233987@A549,0.2822194073314792,0,0.03791491948264009,-1.0,0.2065767688123932,0,0.7824107850349049
chr5_14156070-14156570@A549,0.2300291412314096,0,0.037417594994999505,-1.0,0.1330383761183513,1,2.11339084702642
chr2_43161114-43161614@A549,0.8427340185158655,0,0.03729453589819011,-1.0,0.2058035130283745,0,0.05426560165051568
chr15_63460638-63461138@A549,0.7315243039785901,0,0.03729453589819011,-1.0,0.1282379835183373,0,0.025368581916208294
chr2_42942260-42942760@A549,0.7478357152737529,0,0.03729453589819011,-1.0,0.3338186491354602,0,0.025368581916208294
chr1_61058252-61058752@K562,0.1912842369446921,0,0.03729453589819011,-1.0,0.4813975688345807,0,0.1634860011093286
chr1_8410963-8411463@A549,0.2210169138743583,0,0.036556912674601136,-1.0,0.2627184848716515,0,0.5905233791930291
chr7_47592735-47593235@A549,0.8010892146672547,0,0.03593846457564196,-1.0,0.8185762833374752,1,2.6639607546289565
chr13_112755867-112756367@A549,0.8169969276662586,0,0.03535858486276517,-1.0,0.3756606086958283,0,0.3745332063907608
chr8_38148057-38148557@K562,0.2474417674487737,0,0.03526907894637064,-1.0,0.1851709446943322,0,1.2447351085877534
chr6_11185067-11185567@A549,0.7774510994983562,0,0.03423403581731381,-1.0,0.2676627149398848,0,0.48936117087305064
chr4_57149813-57150313@A549,0.2638164083552033,0,0.03400383899531263,-1.0,0.2297341824451861,0,0.20139768890364496
chr2_237672076-237672576@A549,0.255773489448006,0,0.0331827021008267,-1.0,0.3726471357168803,0,0.027366784461186996
chr3_195118670-195119170@K562,0.7104647470614063,0,0.03296243241526255,-1.0,0.3498705817334743,0,0.6688359920486444
chr11_122192851-122193351@A549,0.2916728535720252,0,0.03286405014357361,-1.0,0.1800838291734327,0,0.44508704943166516
chr15_92846715-92847215@K562,0.1653367523418265,0,0.032489464574462855,-1.0,0.9894743507481856,0,0.8534998713543452
chr10_33264156-33264656@A549,0.7046518706371431,0,0.03237247281098972,-1.0,0.9890129614133096,0,0.9393776956900439
chr19_19105483-19105983@K562,0.8215227118842239,0,0.03208714510319997,4.249591897869657,0.3381905325925288,0,1.2096233410953003
chr10_34703068-34703568@A549,0.1330918371893901,0,0.031773968246207686,-1.0,0.6512942797559889,0,0.18699979314549547
chr9_73047752-73048252@A549,0.2064524959609123,0,0.03084045295979995,-1.0,0.9100848958195508,0,0.8469477249328913
chr13_110319363-110319863@A549,0.7331485752845142,0,0.030402392989414835,-1.0,0.9638307407423437,0,1.009843249580072
chr13_110365809-110366309@A549,0.7384244633648839,0,0.03034650223076796,-1.0,0.2469404958942843,0,0.39783144862100284
chr6_12001087-12001587@K562,0.2065383966665682,0,0.030248710707379372,-1.0,0.2014265021052334,0,0.4568014143623532
chr18_3618172-3618672@A549,0.8297165519204371,0,0.0291790995052981,-1.0,0.2605688994566506,0,0.08338289266054627
chr11_94746662-94747162@K562,0.1139506392216786,0,0.029169810081816065,-1.0,0.5283476785870418,0,1.2870726406782342
chrX_107736602-107737102@A549,0.7563430476093433,0,0.028807677463114502,-1.0,0.905220981186998,0,0.14084968919301621
chr15_89087202-89087702@A549,0.786054475828686,0,0.02791292717723964,-1.0,0.2243075459435778,0,1.4210858620958187
chr2_54560976-54561476@A549,0.2815499442561642,0,0.027750864037404302,-1.0,0.4779343898499861,0,0.16811743372874902
chr15_89162779-89163279@A549,0.2241822435163046,0,0.027625885209154342,-1.0,0.3788416493953866,0,0.34563090902471416
chr2_26786473-26786973@K562,0.7962828609182939,0,0.027459302698470824,9.810004660035682,0.1513803424848337,0,0.003151355029986215
chr2_20521727-20522227@A549,0.8032193970260181,0,0.026784372343591663,-1.0,0.4545982717509515,0,1.5617425278931123
chr1_67750876-67751376@A549,0.1880844194345901,0,0.02668737954709824,-1.0,0.130053965489311,0,0.6331476304877361
chr9_684933-685433@A549,0.206640403707005,0,0.02626271386337604,-1.0,0.75411792076014,0,0.4474656207349049
chr1_93623802-93624302@A549,0.274910295315326,0,0.025907606085784463,-1.0,0.9196356209989776,0,1.9492336887669577
chr4_57055814-57056314@A549,0.7617312071570411,0,0.02583385387835742,-1.0,0.6213559180971808,0,1.1460099236416692
chr11_65502125-65502625@K562,0.2479098477838865,0,0.025548182315285915,-1.0,0.8026168974245519,0,1.2550970855649783
chr14_35297626-35298126@K562,0.2022689961474082,0,0.024894609453746563,-1.0,0.5185673492263052,0,0.6807898058181499
chr1_246565054-246565554@K562,0.7690261508216348,0,0.023994107491870812,-1.0,0.3236951022106071,0,1.225862751702557
chr17_72413942-72414442@A549,0.7152538097185142,0,0.02391609065626598,-1.0,0.7358779699410662,0,0.10855732810279821
chr15_96319668-96320168@A549,0.2709765266270617,0,0.02345286762560652,-1.0,0.9391920603891292,0,1.028492218288744
chr14_102516501-102517001@K562,0.91960999286904,0,0.02334286743963848,3.7126462272852536,1.0,1,2.4009579597173
chr22_45738148-45738648@A549,0.2577844768113336,0,0.023315371745934906,-1.0,0.7403093880295748,0,1.3798431160541802
chr6_12022358-12022858@K562,0.2031824158441497,0,0.02301303395124652,-1.0,0.1688745694393532,0,0.7788466780452948
chr12_6608816-6609316@K562,0.2635616754668967,0,0.02287109941931779,-1.0,0.6314560028490638,0,0.07165024276413982
chr19_16541397-16541897@K562,0.8267134434760125,0,0.02198848435130361,-1.0,0.4370174665370753,0,0.3242491461883187
chr1_234918799-234919299@A549,0.7928934701259922,0,0.021773818325474124,-1.0,0.1749908324756056,0,0.42110876611090214
chr9_696312-696812@A549,0.7369021580651627,0,0.021636852916117073,-1.0,0.3325615440980894,0,0.8541822855081724
chr3_127799412-127799912@A549,0.2910777494788847,0,0.021294628253479324,-1.0,0.9815834253694125,0,0.49946165543923265
chr2_54618621-54619121@A549,0.2982436736443346,0,0.021185173291957425,-1.0,0.2948743892297751,0,0.9302579239583553
chr16_87862264-87862764@K562,0.2718324828792352,0,0.020888871224511014,-1.0,0.9601988206835004,0,0.7441729172967656
chr1_93603543-93604043@A549,0.101892822914004,0,0.02075218457688939,-1.0,0.5155607123426476,0,1.059892103396152
chr10_33298814-33299314@A549,0.2936915627738296,0,0.020579109890925217,-1.0,0.991323792709126,0,0.01708233047949358
chr7_55032693-55033193@A549,0.1997095311436115,0,0.020565449037063126,-1.0,0.5300373842114507,0,1.0521841103112548
chr12_106131711-106132211@A549,0.7819295480939178,0,0.020287771499619314,-1.0,0.6380355268771155,0,0.2692742347269935
chr10_131908174-131908674@K562,0.227914449022045,0,0.020224067270314405,-1.0,0.6314577201401756,0,0.7862963463198207
chr4_7818284-7818784@A549,0.295181790511457,0,0.020042106659334473,-1.0,0.2676355220865383,0,1.1642840689862743
chr13_110302176-110302676@A549,0.749412116987014,0,0.01957845187906598,-1.0,0.191650802884622,0,0.6194269969331128
chr8_38104215-38104715@K562,0.7802048233774047,0,0.01957845187906598,-1.0,0.1287791304362921,0,0.029481113985544004
chr9_21553413-21553913@A549,0.1360843689233158,0,0.01957845187906598,-1.0,0.3580463678012764,0,0.17112107840130325
chr10_21527708-21528208@K562,0.8562641817196769,0,0.01957845187906598,-1.0,0.7598254948884269,0,0.003654722523372565
chr17_72411916-72412416@A549,0.7372762027598024,0,0.01957845187906598,-1.0,0.3090151823549384,0,0.23940413499122873
chr12_104276407-104276907@A549,0.2741485330466383,0,0.01957845187906598,-1.0,0.2407367818463977,0,0.5648247844557243
chr13_33260731-33261231@A549,0.2712830923234329,0,0.01957845187906598,-1.0,0.2276010790698545,0,0.9308130748480904
chr9_21578699-21579199@A549,0.208831649551618,0,0.01957845187906598,-1.0,0.592908492871941,0,0.1418359025084285
chr9_21558589-21559089@A549,0.7304874729862657,0,0.019333187834827143,-1.0,0.8758157518396695,0,1.188921231103565
chr4_57068217-57068717@A549,0.1452675217877042,0,0.018756908496886663,-1.0,0.2428521548641699,0,0.2996424721773399
chr6_11179756-11180256@A549,0.291920184639028,0,0.018326332793771515,-1.0,0.2538558918764884,0,0.5964333974619482
chr3_45610106-45610606@A549,0.7151347018114822,0,0.017977652809590527,-1.0,0.9243017798619602,0,1.4014940110118073
chr9_700744-701244@A549,0.2899492289120147,0,0.017810204810825528,-1.0,0.921773124784946,1,2.194947940726101
chr11_48047569-48048069@A549,0.7485938488589459,0,0.01775138705376744,-1.0,0.5591394617518332,0,1.21127320522587
chr11_32435886-32436386@K562,0.9582714309551598,0,0.01730372833811734,4.66038957837444,0.2955065272965614,0,0.12506614834429322
chr15_60371654-60372154@A549,0.7152928398381838,0,0.016612798481807755,-1.0,0.7570617905700792,0,0.9765417623563248
chr18_3623241-3623741@K562,0.7191345880218721,0,0.01652256203490714,-1.0,0.1616576983068675,0,0.30191686131791
chr10_34696359-34696859@A549,0.2622577581615986,0,0.016342145368836332,-1.0,0.3232285082232118,0,0.1438392652560084
chr16_74985837-74986337@K562,0.8540843211596519,0,0.01608067426030724,-1.0,0.851496949795307,0,0.1527914618451379
chr1_234538854-234539354@A549,0.7918359266082796,0,0.015949997715292815,-1.0,0.6177078187986659,0,0.4134239466263688
chr1_28915122-28915622@K562,0.7059280639243686,0,0.015882421824443695,-1.0,0.2822961838186753,0,1.3840184026746454
chr15_98868436-98868936@A549,0.73409304902453,0,0.015711276612203486,-1.0,0.523555717692823,0,0.09478716678289476
chr9_71781309-71781809@A549,0.2249214498883888,0,0.015634733478722584,-1.0,0.183622624588485,0,0.11705446313007806
chr1_234932612-234933112@A549,0.7508574941966465,0,0.014295163667049244,-1.0,0.3028614592176279,0,0.1600947818104235
chr5_14212755-14213255@A549,0.2840974687610266,0,0.01355522895884911,-1.0,0.2455832304622542,0,0.6828772622854618
chr2_26767784-26768284@K562,0.2726871936211061,0,0.013187972238711789,-1.0,0.3848615770241478,0,0.018249327414854903
chr4_7867054-7867554@A549,0.7795241808936461,0,0.013022360468593596,-1.0,0.6395498725266509,0,1.034187046963397
chr12_104302599-104303099@A549,0.8460571668603657,0,0.012955238548812078,-1.0,0.310246442146906,0,0.5144631169132489
chr3_127735056-127735556@A549,0.2656165111485494,0,0.01293286688067734,-1.0,0.8668623499940106,0,0.09063120701173702
chr7_131163160-131163660@A549,0.1480424921740182,0,0.012686854561177048,-1.0,0.9989191281634688,0,0.620313848093045
chr12_104249759-104250259@A549,0.8034537664355775,0,0.012405229761828798,-1.0,0.71400815431459,0,0.06938712980022212
chrX_107728313-107728813@A549,0.7313462081926673,0,0.01211039000225464,-1.0,0.8844244971169787,0,1.2911713434952319
chr17_82517535-82518035@K562,0.2387356199316337,0,0.011713119739448196,-1.0,0.6874160606408333,0,0.6297275321504717
chr3_58048680-58049180@A549,0.2851822999786198,0,0.011601592314526673,-1.0,0.349043777552566,0,1.2088148017465092
chr9_715316-715816@A549,0.2293250460008206,0,0.011200330560973568,-1.0,0.7923424136016554,0,0.8110434074736015
chr13_110361317-110361817@A549,0.8151967232697747,0,0.011160224768868122,-1.0,0.1817571823180327,0,1.9080166677626882
chr1_64906440-64906940@A549,0.2244404606337916,0,0.010901854023644702,-1.0,0.5793260873172305,0,0.3975710151624544
chr1_234533963-234534463@A549,0.1793693086820897,0,0.010803891522697496,-1.0,0.9951923132077688,0,0.4582211263179329
chr2_160367815-160368315@A549,0.7893868555439969,0,0.010599132215791231,-1.0,0.5852819013154195,0,0.3075496765939847
chr1_64949401-64949901@A549,0.1955548627189203,0,0.010590231826777626,-1.0,0.1744742906059227,0,1.308229137383103
chr5_17258075-17258575@A549,0.2725401118302193,0,0.010492339584381725,-1.0,0.867591687781092,0,0.13592818188053377
chr8_132978373-132978873@A549,0.1486923458437277,0,0.01043895311464328,-1.0,0.9985913984751444,0,0.46074821065821403
chr13_110340615-110341115@A549,0.7319960328329088,0,0.010376677193254132,-1.0,0.5418990717595242,0,1.3776823391661557
chr1_234973332-234973832@K562,0.140080299900961,0,0.010376677193254132,-1.0,0.5821257584661912,0,0.3589524610829399
chr9_113485273-113485773@A549,0.7750708282731342,0,0.010376677193254132,-1.0,0.7649223434887433,0,0.4874356649203407
chr12_56689498-56689998@K562,0.8163792566884277,0,0.010376677193254132,-1.0,0.3899264122692385,0,0.2798489689486735
chr17_72452325-72452825@A549,0.2788021599665928,0,0.010376677193254132,-1.0,0.6350967891459387,0,1.3396468743598116
chr20_19941125-19941625@A549,0.2727770648624271,0,0.010376677193254132,-1.0,0.3720593510383471,0,0.5848095590569519
chr2_43193133-43193633@A549,0.7592278509876768,0,0.00993655212850031,-1.0,0.4579231126433083,0,0.7881055766990133
chr2_43271161-43271661@A549,0.2433298483457049,0,0.00990100593692285,-1.0,0.170349750696712,0,0.4436613095337706
chr7_55109735-55110235@A549,0.2338087053858807,0,0.009541264509981795,-1.0,0.2733045286090516,0,0.36190028516032874
chr22_45731686-45732186@A549,0.2701547604481046,0,0.009363724273509936,-1.0,0.5204951274062135,0,0.18036395115545983
chr11_340293-340793@K562,0.1002153620975235,0,0.009177385105074948,-1.0,0.9946944783387331,0,0.3307389210248895
chr11_126378705-126379205@A549,0.2874556847028202,0,0.0091507717492837,-1.0,0.8585447132403405,0,0.38297867897610416
chr13_110388541-110389041@A549,0.2404737841406501,0,0.008654288225888441,-1.0,0.1559330577414293,0,0.00606142490528184
chr7_50305176-50305676@K562,0.7088464136158729,0,0.008596697419959663,-1.0,0.335050288754207,0,1.3411304077980377
chr12_3225728-3226228@A549,0.7837334682623003,0,0.008543543453562868,-1.0,0.200812327822181,0,0.4894817989221907
chr2_36367773-36368273@A549,0.7007204097915813,0,0.008530255978400684,-1.0,0.5889305155566288,0,1.2345698884461538
chr13_110300831-110301331@A549,0.2893721230890082,0,0.008485967330401542,-1.0,0.3237089028286766,0,0.21029945037419825
chr13_33283465-33283965@A549,0.2686169243830258,0,0.008477110142754065,-1.0,0.9983854273405164,0,0.3031981854686639
chr17_75132284-75132784@K562,0.783685490192405,0,0.008463824699968562,-1.0,0.1420675704781585,0,0.5663261533629387
chr9_21579143-21579643@A549,0.7170203544469008,0,0.008406259143764916,-1.0,0.172687685913135,0,0.3210902949540951
chr3_45564144-45564644@A549,0.2809956701097067,0,0.008105271282828619,-1.0,0.4620309782866393,0,0.6575773191777937
chr5_14167498-14167998@A549,0.2476416387657192,0,0.008100846546763404,-1.0,0.7324236307779792,0,0.9394532448738308
chr10_3094108-3094608@K562,0.2651644344492003,0,0.008078723542622072,-1.0,0.2921092181465495,1,2.244765629300504
chr11_86054210-86054710@K562,0.168270484637231,0,0.007954855541117313,-1.0,0.3960183038612675,0,0.025368581916208294
chr2_237735227-237735727@A549,0.8228427948352512,0,0.007671861275101284,-1.0,0.1928247503712779,0,0.09950178336127784
chr5_14216290-14216790@A549,0.231801346706048,0,0.007437646154356512,-1.0,0.5557648216139845,0,1.521101778202898
chr13_110326639-110327139@A549,0.7218666354309591,0,0.006912226659430527,-1.0,0.1583467578626952,0,0.8554257923903836
chr22_41834533-41835033@K562,0.1434179750861632,0,0.006898989000909259,-1.0,0.4574492780396492,0,1.5668544629996604
chr11_20036071-20036571@A549,0.7299053305505685,0,0.006497638322111285,-1.0,0.3682383963764718,0,0.9043774049783777
chr1_67689619-67690119@A549,0.2741992330124271,0,0.006374220388557402,-1.0,0.6624451136491787,0,0.2500241930223385
chr18_58299880-58300380@A549,0.1870366007886435,0,0.006202375264750505,-1.0,0.975653362968023,0,0.7392133313450238
chr5_14174924-14175424@A549,0.2252658264667755,0,0.0060526170265226545,-1.0,0.3222515236519001,0,0.2106026326436865
chr1_8028557-8029057@A549,0.2596482267131776,0,0.006048213154129039,-1.0,0.8356477201216799,0,0.4052981387936399
chr10_34704498-34704998@A549,0.2824518607961535,0,0.006012983782523297,-1.0,0.9120791456530232,0,0.19734939925680473
chr18_58315683-58316183@A549,0.7451322299522857,0,0.00588970348188209,-1.0,0.743935869535813,0,0.42211774049174444
chr10_74004287-74004787@K562,0.213585197985003,0,0.0057972662162834015,-1.0,0.3356078929497844,0,0.22300115760928446
chr9_727699-728199@A549,0.2966499558534366,0,0.005524470929688765,-1.0,0.4928620804673456,0,0.7319839792180809
chr11_94738665-94739165@K562,0.0914608886009995,0,0.005524470929688765,-1.0,0.3709043003124405,0,0.26198091654748057
chr14_68547030-68547530@A549,0.8437626777129598,0,0.005524470929688765,-1.0,0.5392755274743789,0,0.16749747402428247
chr1_47231562-47232062@K562,0.8958930084033822,0,0.005295806933610489,3.5936301645307323,0.6727304811134802,0,0.09337408909523529
chr4_168867076-168867576@A549,0.2834310247503792,0,0.005295806933610489,-1.0,0.511276432754896,0,0.7471712319594077
chr9_123317385-123317885@K562,0.7234481274726928,0,0.005295806933610489,-1.0,0.7177487729663922,0,1.1726307269461747
chr1_67767024-67767524@A549,0.7506246052899529,0,0.005045294254504521,-1.0,0.4508034144592655,0,0.0925402675339713
chr20_19875328-19875828@A549,0.225293854418089,0,0.004913503494267024,-1.0,0.9695988600765744,0,0.8145428425980741
chr11_128515022-128515522@A549,0.203080940978592,0,0.0047334541086724285,-1.0,0.9899162800490506,0,0.37884449836238365
chr22_46603583-46604083@K562,0.76728038892369,0,0.004663211177476789,4.656315751168226,0.9907163377906124,0,0.465174613746308
chr2_237708515-237709015@A549,0.7781447150910124,0,0.0044525505248625636,-1.0,0.3811241218561181,0,0.3925128080151302
chr3_71034911-71035411@A549,0.2410265922989756,0,0.004334098797384714,-1.0,0.3216735757280625,0,0.9800533183211576
chr9_113555464-113555964@A549,0.8372586254169537,0,0.004136751016956334,-1.0,0.131070334491509,0,0.3579412746063504
chr1_93596301-93596801@A549,0.2261316593780929,0,0.0037379437752966985,-1.0,0.717341974962474,0,1.552469875690364
chr12_76021237-76021737@A549,0.2584216591182792,0,0.0037072814586785,-1.0,0.4485985347063947,0,1.6642413066296065
chr10_5450534-5451034@K562,0.1683482102374219,0,0.003343878908044544,-1.0,0.6985092455097697,0,0.016044621630756036
chr2_28602935-28603435@A549,0.1772440613328792,0,0.003321996895962422,-1.0,0.5803019346082058,0,0.3086002009010063
chr18_77132578-77133078@A549,0.8737684066784612,0,0.003195102963166814,-1.0,0.1166551709692701,0,0.2264475814191364
chr1_64924347-64924847@A549,0.2989204956897771,0,0.003160104264079417,-1.0,0.2137693977620416,0,0.0026922676003084353
chr15_89115917-89116417@A549,0.7067727635661597,0,0.003151355029986215,-1.0,0.4700246670548708,0,1.643305041458873
chr9_683185-683685@A549,0.2205059226646264,0,0.0029501712784776525,-1.0,0.2306292704500699,0,0.2973110318408666
chr12_104263573-104264073@A549,0.0415483969855219,0,0.0028321285541660227,-1.0,0.330671159808229,0,1.1149782051377024
chr13_110305851-110306351@A549,0.098323054724466,0,0.0027796754180779175,-1.0,0.1637049322146301,0,1.196283477715157
chr11_19952168-19952668@A549,0.2680923038380875,0,0.002421415108675012,-1.0,0.2602367871425557,0,0.4745016893233297
chr9_71748309-71748809@A549,0.2181893275773704,0,0.002198743645942408,-1.0,0.4686382834482452,0,1.5476001540885584
chr8_17800464-17800964@A549,0.8284304739162247,0,0.002198743645942408,-1.0,0.9876051243993728,0,0.0193468099819011
chr8_109561592-109562092@A549,0.2877840079854261,0,0.002107088570053931,-1.0,0.4183856598249612,0,0.9937479486306352
chr3_66473133-66473633@A549,0.2631109632543543,0,0.0018453234594209666,-1.0,0.9244772860292828,0,0.39575234076235005
chr15_85617368-85617868@A549,0.717504145045156,0,0.0017406615763012698,-1.0,0.3012762314145435,0,0.5053167794288198
chr1_8420984-8421484@A549,0.2109877697400018,0,0.0017319408911290674,-1.0,0.6490997814937222,0,0.003654722523372565
chr1_21784049-21784549@K562,0.8090553879263037,0,0.001487832774829887,-1.0,0.5058754135203432,0,1.850534549004548
chr11_128513082-128513582@A549,0.2181076096250684,0,0.0013963275936171129,-1.0,0.8123643622799573,0,0.010554632094648212
chr18_77071525-77072025@A549,0.2697373747578035,0,0.0013876138199028624,-1.0,0.3295720822349393,0,0.6871036478082946
chr4_7970529-7971029@A549,0.7673764226435075,0,0.00135276047329009,-1.0,0.1466844553276326,0,0.8225500790281752
chr11_128464392-128464892@A549,0.2771829397880935,0,0.00131790992353144,-1.0,0.9907807744157984,0,1.917573699139228
chr12_52888301-52888801@A549,0.8060513667726676,0,0.0012961297500102976,-1.0,0.7859457216935488,0,1.1133570164425404
chr14_68616190-68616690@A549,0.232115010107335,0,0.0012482172127811157,-1.0,0.4229475177396674,0,0.025368581916208294
chr13_110319702-110320202@A549,0.8083942625578937,0,0.0012395064102475046,-1.0,0.5172864858886067,0,0.20480149084571045
chr17_72407849-72408349@A549,0.2442194273618121,0,0.0011654716420109814,-1.0,0.3077492119752134,0,1.8073210604654597
chr1_21754503-21755003@K562,0.1830693621698658,0,0.0011524079929281067,-1.0,0.4983255107135402,0,0.36750221604498834
chr12_62792454-62792954@A549,0.2185033538470068,0,0.001148053530556035,-1.0,0.207516866837685,0,1.5856618544176322
chr10_131905853-131906353@K562,0.1839738547648574,0,0.0010087337821792083,-1.0,0.7109204998255674,0,0.30737336704851914
chr11_128478759-128479259@A549,0.1341925184964883,0,0.0009739108272711564,-1.0,0.3865830665694044,0,1.1890353116263728
chr3_30599486-30599986@A549,0.1767909113380538,0,0.0009521478982837452,-1.0,0.4097768384180371,0,1.0885281077730582
chr6_11161214-11161714@A549,0.1177736110814768,0,0.0008999213177760641,-1.0,0.6453258452369133,0,1.3008649951089784
chr11_117980170-117980670@K562,0.1206505927296487,0,0.0007128276288765798,-1.0,0.6921059813184373,0,0.2106026326436865
chr1_27524083-27524583@K562,0.2171235128856393,0,0.0006606298184449671,-1.0,0.4553915441072432,0,1.9954207060977882
chr21_39005450-39005950@A549,0.7874200220014337,0,0.0006388825822271238,-1.0,0.2799103988078762,0,1.927897221114824
chr5_10376501-10377001@K562,0.7711445486811167,0,0.0005606015474449064,-1.0,0.382031053653252,0,0.4014721184103204
chr15_63486699-63487199@A549,0.1403435724621241,0,0.0005040740184948285,-1.0,0.4659517709493252,0,0.16256940093827887
chr1_67755597-67756097@A549,0.2071020883654101,0,0.000495378128583066,-1.0,0.2241734062115894,0,1.2083093509798821
chr10_3755699-3756199@A549,0.7156884389127826,0,0.0004866824127858513,-1.0,0.984237279314078,0,0.10660446428910146
chrX_107673425-107673925@A549,0.7358044087343282,0,0.00046929150350717594,-1.0,0.2486974496375385,0,0.5357042441927959
chr7_47559279-47559779@A549,0.7460670949384074,0,0.00044320644527402444,-1.0,0.982927945715547,0,1.414234807082782
chr11_117987023-117987523@K562,0.7595518436919785,0,0.0003214968851322945,-1.0,0.3527095320142984,0,0.025368581916208294
chr3_196070865-196071365@K562,0.1657240486133169,0,0.0002693460846969808,-1.0,0.3604465551574111,0,1.0226239693450732
chr18_3622908-3623408@K562,0.2065089744740755,0,0.0002519638760934004,-1.0,0.5094082827589874,0,0.13190244688690306
chr2_237616595-237617095@A549,0.1644725178752577,0,0.00012596366536634995,-1.0,0.8568192277651723,0,0.327080532302941
chr3_71045556-71046056@A549,0.7277112253033614,0,9.989921968843114e-05,-1.0,0.6425323084480649,0,0.31704307369879153
