Editing effect,Group
4.991,Pred top 1%
4.991,Pred top 1%
4.991,Pred top 1%
3.839,Pred top 1%
3.839,Pred top 1%
3.6405,Pred top 1%
3.6405,Pred top 1%
3.6405,Pred top 1%
3.6405,Pred top 1%
5.6972,Pred top 1%
1.1557,Pred top 1%
0.12141,Pred top 1%
5.8426,Pred top 1%
5.8426,Pred top 1%
4.9199,Pred top 1%
4.9199,Pred top 1%
4.9199,Pred top 1%
4.9199,Pred top 1%
5.4457,Pred top 1%
1.3427,Pred top 1%
1.3427,Pred top 1%
1.3427,Pred top 1%
1.3427,Pred top 1%
1.3427,Pred top 1%
1.3427,Pred top 1%
3.4159,Pred top 1%
3.4159,Pred top 1%
3.4159,Pred top 1%
3.4159,Pred top 1%
3.4159,Pred top 1%
3.4159,Pred top 1%
5.506,Pred top 1%
3.3981,Pred top 1%
3.3981,Pred top 1%
3.3981,Pred top 1%
3.3981,Pred top 1%
3.3981,Pred top 1%
4.0203,Pred top 1%
0.91583,Pred top 1%
7.5811,Pred top 1%
0.96958,Pred top 1%
1.1899,Pred top 1%
1.1899,Pred top 1%
1.1899,Pred top 1%
1.1899,Pred top 1%
1.1899,Pred top 1%
1.1899,Pred top 1%
0.53526,Pred top 1%
0.53526,Pred top 1%
0.53526,Pred top 1%
3.8309,Pred top 1%
3.8309,Pred top 1%
3.8309,Pred top 1%
4.7223,Pred top 1%
4.7223,Pred top 1%
4.7223,Pred top 1%
3.7063,Pred top 1%
3.7063,Pred top 1%
3.7063,Pred top 1%
5.5022,Pred top 1%
0.60667,Pred top 1%
3.4275,Pred top 1%
1.2281,Pred top 1%
1.2281,Pred top 1%
0.32393,Pred top 1%
0.32393,Pred top 1%
3.6667,Pred top 1%
3.6667,Pred top 1%
3.6667,Pred top 1%
3.6667,Pred top 1%
3.6667,Pred top 1%
4.6053,Pred top 1%
4.6053,Pred top 1%
4.6053,Pred top 1%
1.1948,Pred top 1%
4.644,Pred top 1%
4.644,Pred top 1%
4.644,Pred top 1%
4.1157,Pred top 1%
4.1157,Pred top 1%
4.1157,Pred top 1%
4.1157,Pred top 1%
4.1157,Pred top 1%
4.1157,Pred top 1%
0.45924,Pred top 1%
0.90302,Pred top 1%
0.90302,Pred top 1%
0.90302,Pred top 1%
3.9499,Pred top 1%
3.9499,Pred top 1%
6.2114,Pred top 1%
6.2114,Pred top 1%
6.2114,Pred top 1%
5.2366,Pred top 1%
5.2366,Pred top 1%
5.2366,Pred top 1%
5.6005,Pred top 1%
1.3077,Pred top 1%
1.3077,Pred top 1%
3.7321,Pred top 1%
0.72778,Pred top 1%
0.83587,Pred top 1%
0.83587,Pred top 1%
0.83587,Pred top 1%
0.83587,Pred top 1%
0.83587,Pred top 1%
0.83587,Pred top 1%
0.83587,Pred top 1%
0.83587,Pred top 1%
0.83587,Pred top 1%
0.83587,Pred top 1%
0.83587,Pred top 1%
6.493,Pred top 1%
1.3011,Pred top 1%
3.4262,Pred top 1%
4.5062,Pred top 1%
5.5289,Pred top 1%
5.5289,Pred top 1%
5.5289,Pred top 1%
5.5289,Pred top 1%
5.5289,Pred top 1%
5.5289,Pred top 1%
5.5289,Pred top 1%
5.5289,Pred top 1%
5.5289,Pred top 1%
5.5289,Pred top 1%
5.5289,Pred top 1%
5.3534,Pred top 1%
5.3534,Pred top 1%
5.3534,Pred top 1%
5.3534,Pred top 1%
5.5447,Pred top 1%
5.5447,Pred top 1%
5.6308,Pred top 1%
6.6837,Pred top 1%
6.6837,Pred top 1%
6.6837,Pred top 1%
6.6837,Pred top 1%
7.3381,Pred top 1%
7.3381,Pred top 1%
7.3381,Pred top 1%
4.4996,Pred top 1%
4.4996,Pred top 1%
4.4996,Pred top 1%
5.1963,Pred top 1%
5.1963,Pred top 1%
4.0566,Pred top 1%
4.241,Pred top 1%
4.241,Pred top 1%
4.2702,Pred top 1%
4.2702,Pred top 1%
0.55672,Pred top 1%
0.55672,Pred top 1%
0.55672,Pred top 1%
0.55672,Pred top 1%
4.1401,Pred top 1%
4.1401,Pred top 1%
4.1401,Pred top 1%
4.1401,Pred top 1%
4.1401,Pred top 1%
6.2144,Pred top 1%
6.2144,Pred top 1%
6.2144,Pred top 1%
6.2144,Pred top 1%
0.99829,Pred top 1%
0.88422,Pred top 1%
4.2768,Pred top 1%
4.2768,Pred top 1%
4.6923,Pred top 1%
1.0527,Pred top 1%
0.66432,Pred top 1%
0.66432,Pred top 1%
1.2953,Pred top 1%
1.2953,Pred top 1%
6.7753,Pred top 1%
6.7753,Pred top 1%
6.7753,Pred top 1%
6.7753,Pred top 1%
6.7753,Pred top 1%
6.7753,Pred top 1%
6.7753,Pred top 1%
6.7753,Pred top 1%
6.7753,Pred top 1%
6.7753,Pred top 1%
0.88389,Pred top 1%
1.1349,Pred top 1%
5.3359,Pred top 1%
1.1593,Pred top 1%
1.1978,Pred top 1%
1.1978,Pred top 1%
3.6253,Pred top 1%
3.6253,Pred top 1%
1.1639,Pred top 1%
0.79331,Pred top 1%
0.79331,Pred top 1%
3.5763,Pred top 1%
6.2124,Pred top 1%
6.2124,Pred top 1%
6.2124,Pred top 1%
6.2124,Pred top 1%
6.2124,Pred top 1%
6.2124,Pred top 1%
6.2124,Pred top 1%
6.2124,Pred top 1%
6.2124,Pred top 1%
6.2124,Pred top 1%
6.2124,Pred top 1%
6.2124,Pred top 1%
6.2124,Pred top 1%
6.2124,Pred top 1%
6.2124,Pred top 1%
6.2124,Pred top 1%
6.2124,Pred top 1%
6.2124,Pred top 1%
6.2124,Pred top 1%
6.2124,Pred top 1%
6.2124,Pred top 1%
3.3964,Pred top 1%
1.0563,Pred top 1%
1.0563,Pred top 1%
3.6678,Pred top 1%
3.6678,Pred top 1%
3.6678,Pred top 1%
3.6678,Pred top 1%
3.6678,Pred top 1%
3.6678,Pred top 1%
3.6678,Pred top 1%
3.6678,Pred top 1%
3.6678,Pred top 1%
3.6678,Pred top 1%
3.6678,Pred top 1%
3.6678,Pred top 1%
3.6678,Pred top 1%
3.6678,Pred top 1%
1.3112,Pred top 1%
3.6822,Pred top 1%
3.6822,Pred top 1%
3.6822,Pred top 1%
5.1461,Pred top 1%
5.1461,Pred top 1%
0.53043,Pred top 1%
5.463,Pred top 10%
1.3164,Pred top 10%
1.3164,Pred top 10%
1.3164,Pred top 10%
0.56267,Pred top 10%
0.96515,Pred top 10%
4.991,Pred top 10%
4.991,Pred top 10%
4.991,Pred top 10%
3.839,Pred top 10%
3.839,Pred top 10%
5.9792,Pred top 10%
5.9792,Pred top 10%
5.9792,Pred top 10%
4.2128,Pred top 10%
4.2128,Pred top 10%
4.2128,Pred top 10%
4.2128,Pred top 10%
4.2128,Pred top 10%
4.2128,Pred top 10%
4.2128,Pred top 10%
4.057,Pred top 10%
4.057,Pred top 10%
1.0217,Pred top 10%
1.0217,Pred top 10%
1.0217,Pred top 10%
1.0217,Pred top 10%
1.0217,Pred top 10%
1.0217,Pred top 10%
1.0217,Pred top 10%
1.0217,Pred top 10%
1.0217,Pred top 10%
1.0217,Pred top 10%
1.0217,Pred top 10%
1.0217,Pred top 10%
1.0217,Pred top 10%
1.0217,Pred top 10%
1.0217,Pred top 10%
1.0217,Pred top 10%
1.0217,Pred top 10%
1.0217,Pred top 10%
1.0217,Pred top 10%
4.0806,Pred top 10%
4.0806,Pred top 10%
4.0806,Pred top 10%
6.304,Pred top 10%
6.304,Pred top 10%
0.6229,Pred top 10%
0.6229,Pred top 10%
0.6229,Pred top 10%
1.3489,Pred top 10%
0.79917,Pred top 10%
0.79917,Pred top 10%
0.79917,Pred top 10%
0.79917,Pred top 10%
0.79917,Pred top 10%
0.79917,Pred top 10%
0.79917,Pred top 10%
0.79917,Pred top 10%
0.79917,Pred top 10%
0.79917,Pred top 10%
0.79917,Pred top 10%
0.79917,Pred top 10%
0.79917,Pred top 10%
0.79917,Pred top 10%
0.79917,Pred top 10%
0.79917,Pred top 10%
0.79917,Pred top 10%
0.79917,Pred top 10%
0.79917,Pred top 10%
0.79917,Pred top 10%
0.79917,Pred top 10%
0.79917,Pred top 10%
0.79917,Pred top 10%
0.79917,Pred top 10%
0.79917,Pred top 10%
0.79917,Pred top 10%
0.79917,Pred top 10%
0.79917,Pred top 10%
0.79917,Pred top 10%
0.79917,Pred top 10%
5.5499,Pred top 10%
3.8124,Pred top 10%
5.1927,Pred top 10%
5.1927,Pred top 10%
5.1927,Pred top 10%
0.69364,Pred top 10%
5.561,Pred top 10%
5.561,Pred top 10%
5.561,Pred top 10%
5.561,Pred top 10%
5.561,Pred top 10%
5.561,Pred top 10%
5.561,Pred top 10%
5.561,Pred top 10%
5.561,Pred top 10%
5.561,Pred top 10%
5.561,Pred top 10%
5.561,Pred top 10%
5.561,Pred top 10%
5.561,Pred top 10%
5.561,Pred top 10%
5.561,Pred top 10%
5.561,Pred top 10%
5.561,Pred top 10%
5.561,Pred top 10%
5.561,Pred top 10%
0.66725,Pred top 10%
0.66725,Pred top 10%
0.66725,Pred top 10%
0.66725,Pred top 10%
0.66725,Pred top 10%
0.66725,Pred top 10%
0.66725,Pred top 10%
4.9628,Pred top 10%
1.0343,Pred top 10%
1.0343,Pred top 10%
1.0343,Pred top 10%
1.0343,Pred top 10%
0.4709,Pred top 10%
0.059004,Pred top 10%
0.059004,Pred top 10%
0.059004,Pred top 10%
0.059004,Pred top 10%
0.059004,Pred top 10%
0.059004,Pred top 10%
0.059004,Pred top 10%
0.059004,Pred top 10%
0.92424,Pred top 10%
5.3088,Pred top 10%
5.3088,Pred top 10%
3.4126,Pred top 10%
3.4126,Pred top 10%
3.4126,Pred top 10%
6.4389,Pred top 10%
3.6405,Pred top 10%
3.6405,Pred top 10%
3.6405,Pred top 10%
3.6405,Pred top 10%
5.0881,Pred top 10%
1.1213,Pred top 10%
1.1213,Pred top 10%
1.1213,Pred top 10%
1.1213,Pred top 10%
1.1213,Pred top 10%
1.1213,Pred top 10%
5.6972,Pred top 10%
1.2862,Pred top 10%
1.0781,Pred top 10%
1.0781,Pred top 10%
1.0781,Pred top 10%
3.9699,Pred top 10%
3.9699,Pred top 10%
1.3094,Pred top 10%
1.3094,Pred top 10%
1.3094,Pred top 10%
0.89261,Pred top 10%
0.89261,Pred top 10%
5.3469,Pred top 10%
1.1904,Pred top 10%
1.1904,Pred top 10%
1.1904,Pred top 10%
1.1904,Pred top 10%
1.1904,Pred top 10%
1.1904,Pred top 10%
5.2382,Pred top 10%
5.2382,Pred top 10%
5.2382,Pred top 10%
6.2271,Pred top 10%
6.2271,Pred top 10%
6.2271,Pred top 10%
6.0575,Pred top 10%
5.4371,Pred top 10%
5.4371,Pred top 10%
5.4371,Pred top 10%
5.4371,Pred top 10%
5.4371,Pred top 10%
5.4371,Pred top 10%
5.4371,Pred top 10%
5.4371,Pred top 10%
5.4371,Pred top 10%
5.4371,Pred top 10%
5.4371,Pred top 10%
5.4371,Pred top 10%
5.4371,Pred top 10%
5.4371,Pred top 10%
5.4371,Pred top 10%
3.6987,Pred top 10%
3.6987,Pred top 10%
3.6987,Pred top 10%
3.6987,Pred top 10%
3.6987,Pred top 10%
4.0875,Pred top 10%
1.176,Pred top 10%
1.176,Pred top 10%
1.176,Pred top 10%
1.176,Pred top 10%
1.176,Pred top 10%
1.176,Pred top 10%
4.5937,Pred top 10%
3.3726,Pred top 10%
1.2867,Pred top 10%
1.2867,Pred top 10%
1.2479,Pred top 10%
1.2479,Pred top 10%
4.3725,Pred top 10%
1.1557,Pred top 10%
3.6997,Pred top 10%
3.6997,Pred top 10%
3.6997,Pred top 10%
3.6997,Pred top 10%
3.6997,Pred top 10%
3.6997,Pred top 10%
3.6997,Pred top 10%
3.6997,Pred top 10%
3.6997,Pred top 10%
3.6997,Pred top 10%
3.6997,Pred top 10%
3.6997,Pred top 10%
3.8675,Pred top 10%
8.7984,Pred top 10%
0.12141,Pred top 10%
0.078977,Pred top 10%
0.72077,Pred top 10%
0.64269,Pred top 10%
0.64269,Pred top 10%
0.64269,Pred top 10%
6.465,Pred top 10%
6.465,Pred top 10%
0.64422,Pred top 10%
0.64422,Pred top 10%
0.64422,Pred top 10%
0.64422,Pred top 10%
0.64422,Pred top 10%
0.64422,Pred top 10%
0.64422,Pred top 10%
0.64422,Pred top 10%
0.64422,Pred top 10%
0.64422,Pred top 10%
0.64422,Pred top 10%
0.64422,Pred top 10%
0.64422,Pred top 10%
4.3501,Pred top 10%
4.3501,Pred top 10%
4.3501,Pred top 10%
4.3501,Pred top 10%
4.3501,Pred top 10%
0.48616,Pred top 10%
5.8426,Pred top 10%
5.8426,Pred top 10%
5.0471,Pred top 10%
5.0471,Pred top 10%
4.4879,Pred top 10%
6.62,Pred top 10%
0.59558,Pred top 10%
0.59558,Pred top 10%
0.59558,Pred top 10%
0.59558,Pred top 10%
3.4375,Pred top 10%
3.4375,Pred top 10%
3.4375,Pred top 10%
3.4375,Pred top 10%
3.4375,Pred top 10%
0.84787,Pred top 10%
1.0716,Pred top 10%
1.0716,Pred top 10%
1.0146,Pred top 10%
1.0146,Pred top 10%
1.0146,Pred top 10%
4.7572,Pred top 10%
4.7572,Pred top 10%
4.7572,Pred top 10%
4.7677,Pred top 10%
4.9287,Pred top 10%
4.9287,Pred top 10%
4.9199,Pred top 10%
4.9199,Pred top 10%
4.9199,Pred top 10%
4.9199,Pred top 10%
4.9346,Pred top 10%
4.9346,Pred top 10%
4.9346,Pred top 10%
4.9346,Pred top 10%
4.9346,Pred top 10%
4.9346,Pred top 10%
4.9346,Pred top 10%
4.9346,Pred top 10%
4.9346,Pred top 10%
4.9346,Pred top 10%
4.9346,Pred top 10%
4.9346,Pred top 10%
4.9346,Pred top 10%
4.9346,Pred top 10%
4.9346,Pred top 10%
4.9346,Pred top 10%
4.9346,Pred top 10%
4.9346,Pred top 10%
4.9346,Pred top 10%
4.9346,Pred top 10%
4.9346,Pred top 10%
4.9346,Pred top 10%
4.9346,Pred top 10%
4.9346,Pred top 10%
4.9346,Pred top 10%
4.9346,Pred top 10%
4.9346,Pred top 10%
4.9346,Pred top 10%
4.9346,Pred top 10%
4.9346,Pred top 10%
4.9346,Pred top 10%
0.66641,Pred top 10%
0.66641,Pred top 10%
0.66641,Pred top 10%
3.8034,Pred top 10%
3.8034,Pred top 10%
3.8034,Pred top 10%
3.8034,Pred top 10%
3.9056,Pred top 10%
3.9056,Pred top 10%
6.7232,Pred top 10%
4.2329,Pred top 10%
4.2329,Pred top 10%
1.1659,Pred top 10%
1.1659,Pred top 10%
1.1659,Pred top 10%
1.1659,Pred top 10%
3.7691,Pred top 10%
5.4457,Pred top 10%
3.9208,Pred top 10%
3.3769,Pred top 10%
5.1813,Pred top 10%
1.2053,Pred top 10%
1.2053,Pred top 10%
1.2053,Pred top 10%
1.2053,Pred top 10%
1.2053,Pred top 10%
1.2053,Pred top 10%
1.2053,Pred top 10%
5.7032,Pred top 10%
4.6505,Pred top 10%
4.6505,Pred top 10%
4.6505,Pred top 10%
4.6505,Pred top 10%
4.6505,Pred top 10%
4.6505,Pred top 10%
4.6505,Pred top 10%
4.6505,Pred top 10%
4.6505,Pred top 10%
4.4622,Pred top 10%
1.3427,Pred top 10%
1.3427,Pred top 10%
1.3427,Pred top 10%
1.3427,Pred top 10%
1.3427,Pred top 10%
1.3427,Pred top 10%
5.6346,Pred top 10%
3.691,Pred top 10%
1.2581,Pred top 10%
0.81412,Pred top 10%
0.81412,Pred top 10%
1.3122,Pred top 10%
1.3122,Pred top 10%
1.3122,Pred top 10%
1.3122,Pred top 10%
1.3122,Pred top 10%
5.3874,Pred top 10%
5.3874,Pred top 10%
3.4222,Pred top 10%
3.4159,Pred top 10%
3.4159,Pred top 10%
3.4159,Pred top 10%
3.4159,Pred top 10%
3.4159,Pred top 10%
3.4159,Pred top 10%
4.7642,Pred top 10%
4.7642,Pred top 10%
5.3279,Pred top 10%
0.86944,Pred top 10%
6.0884,Pred top 10%
1.1448,Pred top 10%
5.506,Pred top 10%
0.78781,Pred top 10%
0.78781,Pred top 10%
0.78781,Pred top 10%
0.78781,Pred top 10%
0.78781,Pred top 10%
0.78781,Pred top 10%
3.3981,Pred top 10%
3.3981,Pred top 10%
3.3981,Pred top 10%
3.3981,Pred top 10%
3.3981,Pred top 10%
5.1127,Pred top 10%
5.1127,Pred top 10%
3.4388,Pred top 10%
4.0203,Pred top 10%
4.8824,Pred top 10%
5.7819,Pred top 10%
5.7819,Pred top 10%
5.7819,Pred top 10%
5.7819,Pred top 10%
5.7819,Pred top 10%
5.7819,Pred top 10%
5.7819,Pred top 10%
5.7819,Pred top 10%
5.7819,Pred top 10%
5.7819,Pred top 10%
5.7819,Pred top 10%
5.7819,Pred top 10%
5.7819,Pred top 10%
5.7819,Pred top 10%
5.7819,Pred top 10%
5.7819,Pred top 10%
5.7819,Pred top 10%
5.7819,Pred top 10%
5.7819,Pred top 10%
5.7819,Pred top 10%
5.7819,Pred top 10%
5.7819,Pred top 10%
5.7819,Pred top 10%
5.7819,Pred top 10%
5.7819,Pred top 10%
5.7819,Pred top 10%
5.7819,Pred top 10%
5.7819,Pred top 10%
5.7819,Pred top 10%
5.7819,Pred top 10%
5.7819,Pred top 10%
5.7819,Pred top 10%
5.7819,Pred top 10%
5.7819,Pred top 10%
5.7819,Pred top 10%
5.7819,Pred top 10%
5.7819,Pred top 10%
5.7819,Pred top 10%
5.7819,Pred top 10%
5.7819,Pred top 10%
5.7819,Pred top 10%
5.7819,Pred top 10%
5.7819,Pred top 10%
5.7819,Pred top 10%
5.7819,Pred top 10%
5.7819,Pred top 10%
5.7819,Pred top 10%
5.7819,Pred top 10%
5.7819,Pred top 10%
5.7819,Pred top 10%
5.7819,Pred top 10%
5.7819,Pred top 10%
5.7819,Pred top 10%
5.7819,Pred top 10%
5.7819,Pred top 10%
5.7819,Pred top 10%
5.7819,Pred top 10%
5.7819,Pred top 10%
5.7819,Pred top 10%
5.7819,Pred top 10%
5.7819,Pred top 10%
5.7819,Pred top 10%
5.7819,Pred top 10%
5.7819,Pred top 10%
5.7819,Pred top 10%
5.7819,Pred top 10%
5.7819,Pred top 10%
5.7819,Pred top 10%
5.7819,Pred top 10%
5.7819,Pred top 10%
5.7819,Pred top 10%
5.7819,Pred top 10%
5.2369,Pred top 10%
5.2369,Pred top 10%
0.79854,Pred top 10%
0.79854,Pred top 10%
0.79854,Pred top 10%
5.0545,Pred top 10%
5.0545,Pred top 10%
5.0545,Pred top 10%
5.0545,Pred top 10%
5.0545,Pred top 10%
5.0545,Pred top 10%
0.99462,Pred top 10%
4.3766,Pred top 10%
4.3766,Pred top 10%
4.3766,Pred top 10%
4.3766,Pred top 10%
4.3766,Pred top 10%
6.8255,Pred top 10%
6.8255,Pred top 10%
0.35652,Pred top 10%
0.72242,Pred top 10%
0.72242,Pred top 10%
0.72242,Pred top 10%
5.0633,Pred top 10%
5.6565,Pred top 10%
5.6565,Pred top 10%
3.4915,Pred top 10%
3.4915,Pred top 10%
3.4915,Pred top 10%
3.4915,Pred top 10%
3.4915,Pred top 10%
4.3351,Pred top 10%
4.3351,Pred top 10%
8.4548,Pred top 10%
0.91583,Pred top 10%
0.83333,Pred top 10%
0.83333,Pred top 10%
1.1434,Pred top 10%
7.6645,Pred top 10%
7.6645,Pred top 10%
7.6645,Pred top 10%
7.6645,Pred top 10%
4.4224,Pred top 10%
4.4224,Pred top 10%
4.4224,Pred top 10%
4.4224,Pred top 10%
4.4224,Pred top 10%
4.4224,Pred top 10%
4.4224,Pred top 10%
4.4224,Pred top 10%
7.5811,Pred top 10%
4.4429,Pred top 10%
4.4429,Pred top 10%
1.0612,Pred top 10%
0.96958,Pred top 10%
0.52013,Pred top 10%
0.52013,Pred top 10%
0.3854,Pred top 10%
0.3854,Pred top 10%
0.3854,Pred top 10%
0.3854,Pred top 10%
0.3854,Pred top 10%
0.3854,Pred top 10%
0.3854,Pred top 10%
0.3854,Pred top 10%
0.3854,Pred top 10%
0.3854,Pred top 10%
0.3854,Pred top 10%
3.7749,Pred top 10%
7.0903,Pred top 10%
7.0903,Pred top 10%
1.0206,Pred top 10%
1.0206,Pred top 10%
1.0206,Pred top 10%
1.0206,Pred top 10%
1.0206,Pred top 10%
1.0206,Pred top 10%
1.0206,Pred top 10%
1.0206,Pred top 10%
4.7572,Pred top 10%
5.7424,Pred top 10%
4.3485,Pred top 10%
4.3485,Pred top 10%
4.3485,Pred top 10%
4.3485,Pred top 10%
4.3485,Pred top 10%
4.3485,Pred top 10%
7.2044,Pred top 10%
7.2044,Pred top 10%
7.2044,Pred top 10%
7.2044,Pred top 10%
5.6478,Pred top 10%
5.6478,Pred top 10%
5.6478,Pred top 10%
3.4806,Pred top 10%
3.4806,Pred top 10%
0.93705,Pred top 10%
4.8922,Pred top 10%
4.6262,Pred top 10%
4.6262,Pred top 10%
4.6262,Pred top 10%
1.2175,Pred top 10%
1.2012,Pred top 10%
1.1899,Pred top 10%
1.1899,Pred top 10%
1.1899,Pred top 10%
1.1899,Pred top 10%
1.1899,Pred top 10%
1.1899,Pred top 10%
4.4688,Pred top 10%
4.4688,Pred top 10%
4.4688,Pred top 10%
4.6418,Pred top 10%
4.9976,Pred top 10%
6.613,Pred top 10%
6.613,Pred top 10%
6.613,Pred top 10%
6.613,Pred top 10%
6.613,Pred top 10%
6.613,Pred top 10%
6.613,Pred top 10%
0.031926,Pred top 10%
0.031926,Pred top 10%
0.031926,Pred top 10%
0.031926,Pred top 10%
0.031926,Pred top 10%
0.031926,Pred top 10%
0.38736,Pred top 10%
0.53526,Pred top 10%
0.53526,Pred top 10%
0.53526,Pred top 10%
3.8309,Pred top 10%
3.8309,Pred top 10%
3.8309,Pred top 10%
0.97882,Pred top 10%
0.97882,Pred top 10%
0.97882,Pred top 10%
0.97882,Pred top 10%
0.97882,Pred top 10%
0.97882,Pred top 10%
0.97882,Pred top 10%
5.4203,Pred top 10%
5.4203,Pred top 10%
5.4203,Pred top 10%
5.4203,Pred top 10%
5.4203,Pred top 10%
5.4203,Pred top 10%
5.4203,Pred top 10%
5.4203,Pred top 10%
5.4203,Pred top 10%
5.4203,Pred top 10%
5.4203,Pred top 10%
5.4203,Pred top 10%
5.4203,Pred top 10%
5.4203,Pred top 10%
5.4203,Pred top 10%
5.4203,Pred top 10%
5.4203,Pred top 10%
5.4203,Pred top 10%
5.4203,Pred top 10%
5.4203,Pred top 10%
5.4203,Pred top 10%
5.4203,Pred top 10%
5.4203,Pred top 10%
5.4203,Pred top 10%
5.4203,Pred top 10%
0.50137,Pred top 10%
0.50137,Pred top 10%
0.50137,Pred top 10%
0.50137,Pred top 10%
0.50137,Pred top 10%
0.50137,Pred top 10%
0.50137,Pred top 10%
0.50137,Pred top 10%
0.50137,Pred top 10%
0.50137,Pred top 10%
0.50137,Pred top 10%
0.50137,Pred top 10%
0.50137,Pred top 10%
0.50137,Pred top 10%
0.50137,Pred top 10%
0.50137,Pred top 10%
0.50137,Pred top 10%
0.50137,Pred top 10%
0.50137,Pred top 10%
4.596,Pred top 10%
4.7223,Pred top 10%
4.7223,Pred top 10%
4.7223,Pred top 10%
4.4197,Pred top 10%
4.4197,Pred top 10%
4.4197,Pred top 10%
4.4197,Pred top 10%
1.3234,Pred top 10%
1.3234,Pred top 10%
1.3234,Pred top 10%
1.3234,Pred top 10%
1.3234,Pred top 10%
1.2507,Pred top 10%
1.2507,Pred top 10%
3.8615,Pred top 10%
1.3345,Pred top 10%
1.3345,Pred top 10%
1.3345,Pred top 10%
3.5389,Pred top 10%
3.5389,Pred top 10%
3.5389,Pred top 10%
3.6674,Pred top 10%
4.2444,Pred top 10%
4.7676,Pred top 10%
3.7063,Pred top 10%
3.7063,Pred top 10%
3.7063,Pred top 10%
5.5022,Pred top 10%
5.3229,Pred top 10%
0.99958,Pred top 10%
0.99958,Pred top 10%
0.99958,Pred top 10%
0.99958,Pred top 10%
0.99958,Pred top 10%
0.60667,Pred top 10%
1.1814,Pred top 10%
1.1814,Pred top 10%
1.1814,Pred top 10%
1.1814,Pred top 10%
1.1814,Pred top 10%
1.079,Pred top 10%
1.079,Pred top 10%
1.079,Pred top 10%
1.079,Pred top 10%
1.079,Pred top 10%
1.079,Pred top 10%
1.079,Pred top 10%
3.4275,Pred top 10%
4.4704,Pred top 10%
4.4704,Pred top 10%
1.0051,Pred top 10%
1.0051,Pred top 10%
1.0051,Pred top 10%
1.0051,Pred top 10%
5.0358,Pred top 10%
6.678,Pred top 10%
5.427,Pred top 10%
5.427,Pred top 10%
3.4358,Pred top 10%
3.4358,Pred top 10%
3.4358,Pred top 10%
3.4358,Pred top 10%
3.4358,Pred top 10%
3.4358,Pred top 10%
3.4358,Pred top 10%
3.4358,Pred top 10%
3.4358,Pred top 10%
3.4358,Pred top 10%
3.4358,Pred top 10%
1.2281,Pred top 10%
1.2281,Pred top 10%
1.0605,Pred top 10%
1.2787,Pred top 10%
5.1271,Pred top 10%
5.1271,Pred top 10%
5.1271,Pred top 10%
5.1271,Pred top 10%
5.1271,Pred top 10%
5.1271,Pred top 10%
1.2092,Pred top 10%
1.2092,Pred top 10%
4.1429,Pred top 10%
4.1429,Pred top 10%
4.1429,Pred top 10%
4.1429,Pred top 10%
4.1429,Pred top 10%
4.1429,Pred top 10%
4.1429,Pred top 10%
7.7502,Pred top 10%
7.7502,Pred top 10%
4.2081,Pred top 10%
4.2081,Pred top 10%
4.2081,Pred top 10%
4.2081,Pred top 10%
4.2081,Pred top 10%
0.32393,Pred top 10%
0.32393,Pred top 10%
0.90978,Pred top 10%
0.90978,Pred top 10%
3.5243,Pred top 10%
3.6554,Pred top 10%
1.1258,Pred top 10%
1.1258,Pred top 10%
1.1258,Pred top 10%
1.1258,Pred top 10%
1.1258,Pred top 10%
1.1258,Pred top 10%
1.1258,Pred top 10%
1.1258,Pred top 10%
1.1258,Pred top 10%
1.1258,Pred top 10%
1.1258,Pred top 10%
1.1258,Pred top 10%
1.1258,Pred top 10%
1.1258,Pred top 10%
1.1258,Pred top 10%
1.1258,Pred top 10%
1.1258,Pred top 10%
0.49311,Pred top 10%
4.9258,Pred top 10%
5.6232,Pred top 10%
5.6232,Pred top 10%
5.6232,Pred top 10%
3.4826,Pred top 10%
3.4826,Pred top 10%
3.4826,Pred top 10%
3.4826,Pred top 10%
1.0557,Pred top 10%
4.7402,Pred top 10%
6.5141,Pred top 10%
6.5141,Pred top 10%
6.5141,Pred top 10%
6.5141,Pred top 10%
6.5141,Pred top 10%
6.5141,Pred top 10%
6.5141,Pred top 10%
6.5141,Pred top 10%
6.5141,Pred top 10%
6.5141,Pred top 10%
6.5141,Pred top 10%
6.5141,Pred top 10%
1.068,Pred top 10%
1.3395,Pred top 10%
1.3395,Pred top 10%
1.3395,Pred top 10%
1.3395,Pred top 10%
1.3395,Pred top 10%
4.8141,Pred top 10%
4.8141,Pred top 10%
0.19941,Pred top 10%
0.19941,Pred top 10%
0.19941,Pred top 10%
4.9065,Pred top 10%
6.1213,Pred top 10%
6.1213,Pred top 10%
6.1213,Pred top 10%
4.3968,Pred top 10%
4.3968,Pred top 10%
4.0519,Pred top 10%
4.0519,Pred top 10%
3.6667,Pred top 10%
3.6667,Pred top 10%
3.6667,Pred top 10%
3.6667,Pred top 10%
3.6667,Pred top 10%
3.4778,Pred top 10%
3.4778,Pred top 10%
3.4778,Pred top 10%
3.4547,Pred top 10%
0.40809,Pred top 10%
3.8119,Pred top 10%
0.24208,Pred top 10%
0.24208,Pred top 10%
0.24208,Pred top 10%
0.24208,Pred top 10%
0.24208,Pred top 10%
0.24208,Pred top 10%
0.24208,Pred top 10%
0.24208,Pred top 10%
0.24208,Pred top 10%
0.24208,Pred top 10%
0.24208,Pred top 10%
0.24208,Pred top 10%
0.24208,Pred top 10%
0.24208,Pred top 10%
0.24208,Pred top 10%
0.24208,Pred top 10%
0.24208,Pred top 10%
5.8209,Pred top 10%
1.0699,Pred top 10%
0.28278,Pred top 10%
0.28278,Pred top 10%
4.6053,Pred top 10%
4.6053,Pred top 10%
4.6053,Pred top 10%
6.0179,Pred top 10%
6.0179,Pred top 10%
0.5464,Pred top 10%
5.1983,Pred top 10%
1.2586,Pred top 10%
1.1948,Pred top 10%
0.62063,Pred top 10%
0.62063,Pred top 10%
4.644,Pred top 10%
4.644,Pred top 10%
4.644,Pred top 10%
1.1832,Pred top 10%
1.0968,Pred top 10%
1.0968,Pred top 10%
5.35,Pred top 10%
5.35,Pred top 10%
6.0208,Pred top 10%
6.0208,Pred top 10%
6.0208,Pred top 10%
4.1157,Pred top 10%
4.1157,Pred top 10%
4.1157,Pred top 10%
4.1157,Pred top 10%
4.1157,Pred top 10%
4.1157,Pred top 10%
0.45924,Pred top 10%
1.1174,Pred top 10%
0.7325,Pred top 10%
3.9641,Pred top 10%
3.9641,Pred top 10%
3.9641,Pred top 10%
3.9641,Pred top 10%
3.9641,Pred top 10%
3.9641,Pred top 10%
3.9641,Pred top 10%
3.9641,Pred top 10%
3.9641,Pred top 10%
3.9641,Pred top 10%
3.9641,Pred top 10%
3.9641,Pred top 10%
0.90302,Pred top 10%
0.90302,Pred top 10%
0.90302,Pred top 10%
3.9499,Pred top 10%
3.9499,Pred top 10%
3.6016,Pred top 10%
0.87732,Pred top 10%
3.5194,Pred top 10%
3.5194,Pred top 10%
4.5485,Pred top 10%
4.5485,Pred top 10%
4.5485,Pred top 10%
4.5485,Pred top 10%
4.5485,Pred top 10%
4.5485,Pred top 10%
4.5485,Pred top 10%
0.47839,Pred top 10%
0.47839,Pred top 10%
0.47839,Pred top 10%
0.47839,Pred top 10%
0.47839,Pred top 10%
0.47839,Pred top 10%
0.47839,Pred top 10%
0.47839,Pred top 10%
0.47839,Pred top 10%
0.47839,Pred top 10%
0.47839,Pred top 10%
0.47839,Pred top 10%
0.47839,Pred top 10%
0.51141,Pred top 10%
0.51141,Pred top 10%
0.51141,Pred top 10%
0.51141,Pred top 10%
5.3068,Pred top 10%
5.3068,Pred top 10%
5.3068,Pred top 10%
5.3068,Pred top 10%
5.3068,Pred top 10%
1.2059,Pred top 10%
1.2059,Pred top 10%
1.2059,Pred top 10%
1.2059,Pred top 10%
1.2059,Pred top 10%
1.2059,Pred top 10%
1.2059,Pred top 10%
0.3965,Pred top 10%
1.0616,Pred top 10%
4.1419,Pred top 10%
4.1419,Pred top 10%
0.0050131,Pred top 10%
0.0050131,Pred top 10%
0.0050131,Pred top 10%
0.0050131,Pred top 10%
0.0050131,Pred top 10%
0.0050131,Pred top 10%
0.0050131,Pred top 10%
0.0050131,Pred top 10%
0.0050131,Pred top 10%
0.0050131,Pred top 10%
0.0050131,Pred top 10%
0.0050131,Pred top 10%
0.0050131,Pred top 10%
0.0050131,Pred top 10%
0.0050131,Pred top 10%
0.0050131,Pred top 10%
0.0050131,Pred top 10%
0.0050131,Pred top 10%
0.0050131,Pred top 10%
0.0050131,Pred top 10%
0.0050131,Pred top 10%
0.0050131,Pred top 10%
0.0050131,Pred top 10%
0.0050131,Pred top 10%
0.0050131,Pred top 10%
0.0050131,Pred top 10%
0.0050131,Pred top 10%
0.0050131,Pred top 10%
0.0050131,Pred top 10%
0.0050131,Pred top 10%
0.0050131,Pred top 10%
0.0050131,Pred top 10%
0.0050131,Pred top 10%
7.9043,Pred top 10%
7.9043,Pred top 10%
3.4365,Pred top 10%
3.4365,Pred top 10%
6.2114,Pred top 10%
6.2114,Pred top 10%
6.2114,Pred top 10%
5.2366,Pred top 10%
5.2366,Pred top 10%
5.2366,Pred top 10%
4.8481,Pred top 10%
1.2912,Pred top 10%
1.2912,Pred top 10%
1.2912,Pred top 10%
1.2912,Pred top 10%
1.2912,Pred top 10%
1.2912,Pred top 10%
1.2912,Pred top 10%
1.2912,Pred top 10%
1.2912,Pred top 10%
1.2912,Pred top 10%
1.2912,Pred top 10%
1.2912,Pred top 10%
1.2912,Pred top 10%
1.2912,Pred top 10%
1.2912,Pred top 10%
1.2912,Pred top 10%
1.2912,Pred top 10%
1.2912,Pred top 10%
1.2912,Pred top 10%
1.2912,Pred top 10%
1.2912,Pred top 10%
1.2912,Pred top 10%
1.2912,Pred top 10%
1.2912,Pred top 10%
1.2912,Pred top 10%
1.2912,Pred top 10%
1.2912,Pred top 10%
1.2912,Pred top 10%
1.2912,Pred top 10%
1.2912,Pred top 10%
1.2912,Pred top 10%
1.2912,Pred top 10%
1.2912,Pred top 10%
3.5933,Pred top 10%
6.8961,Pred top 10%
4.5698,Pred top 10%
4.5698,Pred top 10%
4.5698,Pred top 10%
4.5698,Pred top 10%
4.5698,Pred top 10%
4.5698,Pred top 10%
4.5698,Pred top 10%
4.5698,Pred top 10%
4.5698,Pred top 10%
1.0018,Pred top 10%
1.0018,Pred top 10%
5.6005,Pred top 10%
1.2218,Pred top 10%
4.9096,Pred top 10%
4.9096,Pred top 10%
5.8155,Pred top 10%
5.8155,Pred top 10%
0.95496,Pred top 10%
0.96223,Pred top 10%
4.9499,Pred top 10%
3.8532,Pred top 10%
3.8532,Pred top 10%
3.8532,Pred top 10%
3.8532,Pred top 10%
3.8532,Pred top 10%
3.8532,Pred top 10%
3.9736,Pred top 10%
3.9736,Pred top 10%
0.93256,Pred top 10%
0.94548,Pred top 10%
6.2319,Pred top 10%
5.2027,Pred top 10%
5.2027,Pred top 10%
5.2027,Pred top 10%
5.2027,Pred top 10%
5.2027,Pred top 10%
5.2027,Pred top 10%
5.2027,Pred top 10%
5.2027,Pred top 10%
5.2027,Pred top 10%
5.2027,Pred top 10%
1.3077,Pred top 10%
1.3077,Pred top 10%
0.52506,Pred top 10%
0.52506,Pred top 10%
0.52506,Pred top 10%
0.52506,Pred top 10%
0.52506,Pred top 10%
0.52506,Pred top 10%
0.52506,Pred top 10%
0.52506,Pred top 10%
0.52506,Pred top 10%
0.52506,Pred top 10%
1.1246,Pred top 10%
4.0255,Pred top 10%
4.0255,Pred top 10%
4.0255,Pred top 10%
4.0255,Pred top 10%
4.0255,Pred top 10%
4.0255,Pred top 10%
4.0255,Pred top 10%
5.2831,Pred top 10%
1.2537,Pred top 10%
0.97699,Pred top 10%
0.9365,Pred top 10%
6.7232,Pred top 10%
6.7232,Pred top 10%
4.5983,Pred top 10%
4.5983,Pred top 10%
4.5983,Pred top 10%
4.5983,Pred top 10%
4.5983,Pred top 10%
4.5983,Pred top 10%
4.5983,Pred top 10%
4.5983,Pred top 10%
4.5983,Pred top 10%
4.5983,Pred top 10%
4.5983,Pred top 10%
4.5983,Pred top 10%
4.5983,Pred top 10%
4.5983,Pred top 10%
4.5983,Pred top 10%
4.5983,Pred top 10%
4.5983,Pred top 10%
4.5983,Pred top 10%
4.5983,Pred top 10%
4.5983,Pred top 10%
4.5983,Pred top 10%
4.5983,Pred top 10%
4.5983,Pred top 10%
4.5983,Pred top 10%
4.5983,Pred top 10%
4.5983,Pred top 10%
4.5983,Pred top 10%
4.5983,Pred top 10%
4.5983,Pred top 10%
4.5983,Pred top 10%
4.5983,Pred top 10%
5.2343,Pred top 10%
5.2343,Pred top 10%
5.2343,Pred top 10%
5.2343,Pred top 10%
5.2343,Pred top 10%
5.2343,Pred top 10%
5.2343,Pred top 10%
5.2343,Pred top 10%
5.2343,Pred top 10%
0.92446,Pred top 10%
5.1442,Pred top 10%
5.1442,Pred top 10%
5.1442,Pred top 10%
5.1442,Pred top 10%
5.1442,Pred top 10%
5.1442,Pred top 10%
5.1442,Pred top 10%
5.1442,Pred top 10%
3.4463,Pred top 10%
3.4463,Pred top 10%
3.4463,Pred top 10%
3.5047,Pred top 10%
1.2222,Pred top 10%
4.0031,Pred top 10%
4.0031,Pred top 10%
4.0031,Pred top 10%
5.2087,Pred top 10%
5.2087,Pred top 10%
5.2087,Pred top 10%
5.2087,Pred top 10%
5.2087,Pred top 10%
1.1243,Pred top 10%
1.1243,Pred top 10%
1.1243,Pred top 10%
1.1243,Pred top 10%
1.2767,Pred top 10%
1.2767,Pred top 10%
1.2767,Pred top 10%
1.2767,Pred top 10%
4.4878,Pred top 10%
4.4878,Pred top 10%
4.4878,Pred top 10%
4.4878,Pred top 10%
3.7321,Pred top 10%
3.8013,Pred top 10%
0.72778,Pred top 10%
1.1201,Pred top 10%
0.93561,Pred top 10%
0.93561,Pred top 10%
0.93561,Pred top 10%
0.93561,Pred top 10%
0.93561,Pred top 10%
0.93561,Pred top 10%
3.4852,Pred top 10%
3.4852,Pred top 10%
3.4852,Pred top 10%
3.4852,Pred top 10%
3.4852,Pred top 10%
3.4852,Pred top 10%
3.4852,Pred top 10%
3.4852,Pred top 10%
3.4852,Pred top 10%
3.4852,Pred top 10%
3.4852,Pred top 10%
3.4852,Pred top 10%
3.4852,Pred top 10%
3.4852,Pred top 10%
3.4852,Pred top 10%
3.4852,Pred top 10%
3.4852,Pred top 10%
3.4852,Pred top 10%
3.4852,Pred top 10%
3.4852,Pred top 10%
3.4852,Pred top 10%
3.4852,Pred top 10%
3.4852,Pred top 10%
3.4852,Pred top 10%
3.4852,Pred top 10%
3.4852,Pred top 10%
3.4852,Pred top 10%
3.4852,Pred top 10%
3.4852,Pred top 10%
3.4852,Pred top 10%
3.4852,Pred top 10%
3.4852,Pred top 10%
3.4852,Pred top 10%
3.4852,Pred top 10%
3.4852,Pred top 10%
3.4852,Pred top 10%
3.4852,Pred top 10%
3.4852,Pred top 10%
3.4852,Pred top 10%
3.4852,Pred top 10%
3.4852,Pred top 10%
3.4852,Pred top 10%
3.4852,Pred top 10%
3.4852,Pred top 10%
3.4852,Pred top 10%
3.4852,Pred top 10%
3.4852,Pred top 10%
3.4852,Pred top 10%
3.4852,Pred top 10%
3.4852,Pred top 10%
3.4852,Pred top 10%
3.4852,Pred top 10%
3.4852,Pred top 10%
3.4852,Pred top 10%
3.4852,Pred top 10%
3.4852,Pred top 10%
3.4852,Pred top 10%
3.4852,Pred top 10%
3.4852,Pred top 10%
3.4852,Pred top 10%
3.4852,Pred top 10%
3.4852,Pred top 10%
3.4852,Pred top 10%
3.4852,Pred top 10%
3.4852,Pred top 10%
3.7089,Pred top 10%
1.3489,Pred top 10%
1.3489,Pred top 10%
0.83587,Pred top 10%
0.83587,Pred top 10%
0.83587,Pred top 10%
0.83587,Pred top 10%
0.83587,Pred top 10%
0.83587,Pred top 10%
0.83587,Pred top 10%
0.83587,Pred top 10%
0.83587,Pred top 10%
0.83587,Pred top 10%
0.83587,Pred top 10%
3.5846,Pred top 10%
4.3386,Pred top 10%
4.3386,Pred top 10%
4.3386,Pred top 10%
4.3386,Pred top 10%
5.1577,Pred top 10%
0.81849,Pred top 10%
0.81849,Pred top 10%
0.81849,Pred top 10%
0.81849,Pred top 10%
0.81849,Pred top 10%
0.81849,Pred top 10%
0.81849,Pred top 10%
0.81849,Pred top 10%
0.81849,Pred top 10%
0.81849,Pred top 10%
0.81849,Pred top 10%
0.81849,Pred top 10%
0.81849,Pred top 10%
0.81849,Pred top 10%
0.81849,Pred top 10%
0.81849,Pred top 10%
0.81849,Pred top 10%
0.81849,Pred top 10%
0.81849,Pred top 10%
0.81849,Pred top 10%
0.81849,Pred top 10%
0.81849,Pred top 10%
0.81849,Pred top 10%
0.81849,Pred top 10%
0.81849,Pred top 10%
0.81849,Pred top 10%
0.81849,Pred top 10%
0.81849,Pred top 10%
0.81849,Pred top 10%
0.81849,Pred top 10%
0.81849,Pred top 10%
0.81849,Pred top 10%
0.81849,Pred top 10%
0.81849,Pred top 10%
0.81849,Pred top 10%
1.1306,Pred top 10%
1.1306,Pred top 10%
0.46685,Pred top 10%
4.1399,Pred top 10%
4.1399,Pred top 10%
4.1399,Pred top 10%
0.73591,Pred top 10%
7.9211,Pred top 10%
1.1941,Pred top 10%
1.1941,Pred top 10%
1.1941,Pred top 10%
1.1941,Pred top 10%
1.1039,Pred top 10%
1.1039,Pred top 10%
1.1039,Pred top 10%
1.1039,Pred top 10%
1.1039,Pred top 10%
1.1039,Pred top 10%
3.5011,Pred top 10%
3.5011,Pred top 10%
3.5011,Pred top 10%
3.5011,Pred top 10%
3.5722,Pred top 10%
0.5571,Pred top 10%
0.5571,Pred top 10%
0.5571,Pred top 10%
0.5571,Pred top 10%
0.5571,Pred top 10%
4.7343,Pred top 10%
4.7343,Pred top 10%
1.3448,Pred top 10%
3.799,Pred top 10%
3.5429,Pred top 10%
3.5429,Pred top 10%
3.5429,Pred top 10%
3.5429,Pred top 10%
3.5429,Pred top 10%
3.5429,Pred top 10%
3.5429,Pred top 10%
3.5429,Pred top 10%
3.5429,Pred top 10%
3.5429,Pred top 10%
8.1169,Pred top 10%
8.1169,Pred top 10%
8.1169,Pred top 10%
8.1169,Pred top 10%
8.1169,Pred top 10%
8.1169,Pred top 10%
7.6134,Pred top 10%
7.6134,Pred top 10%
7.6134,Pred top 10%
7.6134,Pred top 10%
7.6134,Pred top 10%
7.6134,Pred top 10%
7.6134,Pred top 10%
7.6134,Pred top 10%
7.6134,Pred top 10%
7.6134,Pred top 10%
3.7673,Pred top 10%
3.7673,Pred top 10%
1.1449,Pred top 10%
1.1449,Pred top 10%
1.1449,Pred top 10%
1.1449,Pred top 10%
1.1449,Pred top 10%
1.1449,Pred top 10%
1.1449,Pred top 10%
1.1449,Pred top 10%
5.5656,Pred top 10%
5.5656,Pred top 10%
5.5656,Pred top 10%
1.3178,Pred top 10%
1.0913,Pred top 10%
1.0913,Pred top 10%
6.493,Pred top 10%
1.3011,Pred top 10%
3.4262,Pred top 10%
0.39796,Pred top 10%
4.4168,Pred top 10%
1.3139,Pred top 10%
4.5062,Pred top 10%
0.90017,Pred top 10%
0.90017,Pred top 10%
4.7385,Pred top 10%
4.7385,Pred top 10%
5.5289,Pred top 10%
5.5289,Pred top 10%
5.5289,Pred top 10%
5.5289,Pred top 10%
5.5289,Pred top 10%
5.5289,Pred top 10%
5.5289,Pred top 10%
5.5289,Pred top 10%
5.5289,Pred top 10%
5.5289,Pred top 10%
5.5289,Pred top 10%
5.5882,Pred top 10%
7.4203,Pred top 10%
5.3534,Pred top 10%
5.3534,Pred top 10%
5.3534,Pred top 10%
5.3534,Pred top 10%
4.132,Pred top 10%
4.132,Pred top 10%
4.7183,Pred top 10%
4.7183,Pred top 10%
4.7183,Pred top 10%
4.7183,Pred top 10%
4.7183,Pred top 10%
5.934,Pred top 10%
5.934,Pred top 10%
5.934,Pred top 10%
5.934,Pred top 10%
5.934,Pred top 10%
3.8873,Pred top 10%
3.5463,Pred top 10%
3.5463,Pred top 10%
3.5463,Pred top 10%
0.62604,Pred top 10%
6.3117,Pred top 10%
6.3117,Pred top 10%
6.3117,Pred top 10%
6.3117,Pred top 10%
6.3117,Pred top 10%
6.3117,Pred top 10%
1.1225,Pred top 10%
1.1225,Pred top 10%
1.1225,Pred top 10%
1.1225,Pred top 10%
1.1225,Pred top 10%
1.1225,Pred top 10%
1.1225,Pred top 10%
1.1225,Pred top 10%
1.1225,Pred top 10%
4.2943,Pred top 10%
4.2943,Pred top 10%
4.2943,Pred top 10%
4.2943,Pred top 10%
4.2943,Pred top 10%
3.7613,Pred top 10%
3.7613,Pred top 10%
3.7613,Pred top 10%
3.7613,Pred top 10%
3.7613,Pred top 10%
3.7613,Pred top 10%
3.7613,Pred top 10%
3.7613,Pred top 10%
3.7613,Pred top 10%
3.7613,Pred top 10%
3.7613,Pred top 10%
4.744,Pred top 10%
4.744,Pred top 10%
4.0291,Pred top 10%
4.0291,Pred top 10%
6.0174,Pred top 10%
6.0174,Pred top 10%
6.0174,Pred top 10%
6.0174,Pred top 10%
6.0174,Pred top 10%
6.0174,Pred top 10%
6.0174,Pred top 10%
5.5447,Pred top 10%
5.5447,Pred top 10%
1.2989,Pred top 10%
1.2989,Pred top 10%
1.2989,Pred top 10%
1.2989,Pred top 10%
1.2989,Pred top 10%
1.2989,Pred top 10%
1.2989,Pred top 10%
1.2989,Pred top 10%
1.2989,Pred top 10%
1.2989,Pred top 10%
1.2989,Pred top 10%
1.2989,Pred top 10%
1.2989,Pred top 10%
1.2989,Pred top 10%
1.2989,Pred top 10%
1.2989,Pred top 10%
1.2989,Pred top 10%
1.2989,Pred top 10%
1.2989,Pred top 10%
1.2989,Pred top 10%
1.2989,Pred top 10%
1.2989,Pred top 10%
1.2989,Pred top 10%
1.2989,Pred top 10%
1.2989,Pred top 10%
1.2989,Pred top 10%
1.2989,Pred top 10%
1.2989,Pred top 10%
1.2989,Pred top 10%
1.2989,Pred top 10%
1.2989,Pred top 10%
1.2989,Pred top 10%
0.93319,Pred top 10%
0.11518,Pred top 10%
5.8925,Pred top 10%
3.8173,Pred top 10%
3.8173,Pred top 10%
3.8173,Pred top 10%
3.8173,Pred top 10%
3.8173,Pred top 10%
3.8173,Pred top 10%
3.8173,Pred top 10%
5.6308,Pred top 10%
6.9217,Pred top 10%
6.6837,Pred top 10%
6.6837,Pred top 10%
6.6837,Pred top 10%
6.6837,Pred top 10%
1.1101,Pred top 10%
1.1101,Pred top 10%
0.25696,Pred top 10%
0.25696,Pred top 10%
0.25696,Pred top 10%
0.25696,Pred top 10%
0.25696,Pred top 10%
0.25696,Pred top 10%
0.25696,Pred top 10%
0.25696,Pred top 10%
0.25696,Pred top 10%
3.7095,Pred top 10%
3.7095,Pred top 10%
3.7095,Pred top 10%
3.7095,Pred top 10%
3.7095,Pred top 10%
3.7095,Pred top 10%
3.7095,Pred top 10%
3.7095,Pred top 10%
7.3381,Pred top 10%
7.3381,Pred top 10%
7.3381,Pred top 10%
0.19756,Pred top 10%
3.3919,Pred top 10%
3.3919,Pred top 10%
3.3919,Pred top 10%
3.3919,Pred top 10%
3.3919,Pred top 10%
3.3919,Pred top 10%
3.3919,Pred top 10%
3.3919,Pred top 10%
4.7385,Pred top 10%
5.1755,Pred top 10%
5.0551,Pred top 10%
5.0551,Pred top 10%
5.0551,Pred top 10%
5.0551,Pred top 10%
5.0551,Pred top 10%
5.0551,Pred top 10%
5.0551,Pred top 10%
5.0551,Pred top 10%
5.0551,Pred top 10%
5.0551,Pred top 10%
1.0484,Pred top 10%
1.0484,Pred top 10%
5.886,Pred top 10%
5.886,Pred top 10%
5.886,Pred top 10%
5.886,Pred top 10%
5.886,Pred top 10%
5.886,Pred top 10%
5.886,Pred top 10%
5.886,Pred top 10%
0.82142,Pred top 10%
0.82142,Pred top 10%
0.82142,Pred top 10%
0.82142,Pred top 10%
0.82142,Pred top 10%
0.82142,Pred top 10%
0.82142,Pred top 10%
0.82142,Pred top 10%
0.82142,Pred top 10%
0.82142,Pred top 10%
0.37287,Pred top 10%
0.37287,Pred top 10%
0.92793,Pred top 10%
0.92793,Pred top 10%
0.92793,Pred top 10%
0.92793,Pred top 10%
0.92793,Pred top 10%
0.92793,Pred top 10%
0.92793,Pred top 10%
4.4996,Pred top 10%
4.4996,Pred top 10%
4.4996,Pred top 10%
7.3803,Pred top 10%
1.3466,Pred top 10%
1.3466,Pred top 10%
1.3466,Pred top 10%
1.3466,Pred top 10%
1.2315,Pred top 10%
1.2315,Pred top 10%
1.2315,Pred top 10%
1.2315,Pred top 10%
1.2315,Pred top 10%
1.2315,Pred top 10%
1.2315,Pred top 10%
1.2315,Pred top 10%
1.2315,Pred top 10%
1.2315,Pred top 10%
1.2315,Pred top 10%
1.2315,Pred top 10%
1.2315,Pred top 10%
0.62104,Pred top 10%
0.62104,Pred top 10%
4.2581,Pred top 10%
4.2581,Pred top 10%
4.2581,Pred top 10%
4.2581,Pred top 10%
4.2581,Pred top 10%
4.2581,Pred top 10%
4.2581,Pred top 10%
4.2581,Pred top 10%
0.63694,Pred top 10%
0.63694,Pred top 10%
0.63694,Pred top 10%
0.63694,Pred top 10%
0.63694,Pred top 10%
0.63694,Pred top 10%
0.63694,Pred top 10%
0.63694,Pred top 10%
0.63694,Pred top 10%
0.63694,Pred top 10%
0.63694,Pred top 10%
0.63694,Pred top 10%
0.63694,Pred top 10%
0.63694,Pred top 10%
0.63694,Pred top 10%
0.63694,Pred top 10%
0.63694,Pred top 10%
0.63694,Pred top 10%
0.63694,Pred top 10%
0.63694,Pred top 10%
0.63694,Pred top 10%
0.63694,Pred top 10%
0.63694,Pred top 10%
0.63694,Pred top 10%
0.63694,Pred top 10%
0.63694,Pred top 10%
0.63694,Pred top 10%
0.63694,Pred top 10%
0.63694,Pred top 10%
0.63694,Pred top 10%
0.63694,Pred top 10%
0.63694,Pred top 10%
0.63694,Pred top 10%
0.63694,Pred top 10%
0.63694,Pred top 10%
0.63694,Pred top 10%
0.63694,Pred top 10%
0.63694,Pred top 10%
1.1204,Pred top 10%
1.1204,Pred top 10%
1.1204,Pred top 10%
1.1204,Pred top 10%
1.1204,Pred top 10%
1.1204,Pred top 10%
1.1204,Pred top 10%
1.1204,Pred top 10%
1.1204,Pred top 10%
0.42343,Pred top 10%
5.1963,Pred top 10%
5.1963,Pred top 10%
4.0566,Pred top 10%
4.241,Pred top 10%
4.241,Pred top 10%
5.2045,Pred top 10%
1.0494,Pred top 10%
1.2794,Pred top 10%
1.2794,Pred top 10%
5.756,Pred top 10%
5.756,Pred top 10%
5.756,Pred top 10%
5.756,Pred top 10%
5.756,Pred top 10%
1.3487,Pred top 10%
1.3487,Pred top 10%
1.3487,Pred top 10%
1.3487,Pred top 10%
1.3487,Pred top 10%
1.2638,Pred top 10%
1.2638,Pred top 10%
1.2638,Pred top 10%
1.2638,Pred top 10%
1.2638,Pred top 10%
1.2638,Pred top 10%
1.0726,Pred top 10%
4.2702,Pred top 10%
4.2702,Pred top 10%
6.9111,Pred top 10%
6.9111,Pred top 10%
6.9111,Pred top 10%
6.9111,Pred top 10%
6.9111,Pred top 10%
6.9111,Pred top 10%
6.9111,Pred top 10%
6.9111,Pred top 10%
6.9111,Pred top 10%
6.9111,Pred top 10%
6.9111,Pred top 10%
5.7216,Pred top 10%
5.7216,Pred top 10%
1.0029,Pred top 10%
1.0029,Pred top 10%
1.0029,Pred top 10%
4.6282,Pred top 10%
4.6282,Pred top 10%
4.6282,Pred top 10%
4.6282,Pred top 10%
4.6282,Pred top 10%
4.6282,Pred top 10%
4.6282,Pred top 10%
0.69376,Pred top 10%
3.838,Pred top 10%
0.55672,Pred top 10%
0.55672,Pred top 10%
0.55672,Pred top 10%
0.55672,Pred top 10%
1.0675,Pred top 10%
1.0675,Pred top 10%
1.0675,Pred top 10%
1.0675,Pred top 10%
4.7411,Pred top 10%
4.7411,Pred top 10%
5.331,Pred top 10%
5.331,Pred top 10%
5.331,Pred top 10%
6.1717,Pred top 10%
6.1717,Pred top 10%
6.1717,Pred top 10%
6.1717,Pred top 10%
6.1717,Pred top 10%
4.272,Pred top 10%
4.272,Pred top 10%
4.272,Pred top 10%
4.272,Pred top 10%
6.0958,Pred top 10%
6.0958,Pred top 10%
6.0958,Pred top 10%
6.0958,Pred top 10%
7.4703,Pred top 10%
4.1401,Pred top 10%
4.1401,Pred top 10%
4.1401,Pred top 10%
4.1401,Pred top 10%
4.1401,Pred top 10%
1.2965,Pred top 10%
4.3418,Pred top 10%
4.3418,Pred top 10%
1.2669,Pred top 10%
1.2669,Pred top 10%
1.0849,Pred top 10%
5.6111,Pred top 10%
5.6111,Pred top 10%
5.6111,Pred top 10%
5.6111,Pred top 10%
5.6111,Pred top 10%
5.6111,Pred top 10%
5.6111,Pred top 10%
5.6111,Pred top 10%
3.3888,Pred top 10%
4.302,Pred top 10%
4.4112,Pred top 10%
1.2455,Pred top 10%
1.3517,Pred top 10%
6.2144,Pred top 10%
6.2144,Pred top 10%
6.2144,Pred top 10%
6.2144,Pred top 10%
9.0064,Pred top 10%
6.0507,Pred top 10%
6.0507,Pred top 10%
6.0507,Pred top 10%
0.5471,Pred top 10%
3.5281,Pred top 10%
3.5281,Pred top 10%
3.5281,Pred top 10%
3.5281,Pred top 10%
3.5281,Pred top 10%
3.5281,Pred top 10%
3.5281,Pred top 10%
3.5281,Pred top 10%
3.5281,Pred top 10%
3.5281,Pred top 10%
3.5281,Pred top 10%
3.5281,Pred top 10%
3.5281,Pred top 10%
3.5281,Pred top 10%
3.5281,Pred top 10%
3.5281,Pred top 10%
3.5281,Pred top 10%
3.5281,Pred top 10%
3.5281,Pred top 10%
3.5281,Pred top 10%
3.5281,Pred top 10%
3.5281,Pred top 10%
3.5281,Pred top 10%
3.5281,Pred top 10%
3.5281,Pred top 10%
3.5281,Pred top 10%
3.5281,Pred top 10%
3.5281,Pred top 10%
3.5281,Pred top 10%
3.5281,Pred top 10%
3.5281,Pred top 10%
3.5281,Pred top 10%
3.5281,Pred top 10%
3.5281,Pred top 10%
3.5281,Pred top 10%
3.5281,Pred top 10%
3.5281,Pred top 10%
3.5281,Pred top 10%
3.5281,Pred top 10%
3.5281,Pred top 10%
3.5281,Pred top 10%
3.5281,Pred top 10%
3.5281,Pred top 10%
3.5281,Pred top 10%
3.5281,Pred top 10%
3.5281,Pred top 10%
3.5281,Pred top 10%
3.5281,Pred top 10%
3.5281,Pred top 10%
3.5281,Pred top 10%
3.5281,Pred top 10%
3.5281,Pred top 10%
3.5281,Pred top 10%
3.5281,Pred top 10%
3.5281,Pred top 10%
3.5281,Pred top 10%
3.5281,Pred top 10%
3.5281,Pred top 10%
3.5281,Pred top 10%
3.5281,Pred top 10%
3.5281,Pred top 10%
3.5281,Pred top 10%
3.5281,Pred top 10%
3.5281,Pred top 10%
7.4178,Pred top 10%
4.2717,Pred top 10%
4.2717,Pred top 10%
0.99829,Pred top 10%
3.4236,Pred top 10%
3.4236,Pred top 10%
3.4236,Pred top 10%
6.1308,Pred top 10%
6.1308,Pred top 10%
6.1308,Pred top 10%
0.10371,Pred top 10%
0.10371,Pred top 10%
0.10371,Pred top 10%
0.10371,Pred top 10%
0.10371,Pred top 10%
0.88422,Pred top 10%
4.2347,Pred top 10%
4.2347,Pred top 10%
4.2347,Pred top 10%
4.2347,Pred top 10%
4.2347,Pred top 10%
4.2347,Pred top 10%
4.2347,Pred top 10%
4.2347,Pred top 10%
4.2347,Pred top 10%
4.2347,Pred top 10%
4.2347,Pred top 10%
4.2347,Pred top 10%
4.2347,Pred top 10%
4.2347,Pred top 10%
4.2347,Pred top 10%
4.2347,Pred top 10%
4.2347,Pred top 10%
4.2347,Pred top 10%
4.2347,Pred top 10%
4.2347,Pred top 10%
4.2347,Pred top 10%
4.2347,Pred top 10%
4.2347,Pred top 10%
4.2347,Pred top 10%
4.2347,Pred top 10%
4.2347,Pred top 10%
4.2347,Pred top 10%
4.2347,Pred top 10%
4.2347,Pred top 10%
4.2347,Pred top 10%
4.2347,Pred top 10%
4.2347,Pred top 10%
4.2347,Pred top 10%
4.2347,Pred top 10%
4.2347,Pred top 10%
4.2347,Pred top 10%
4.2347,Pred top 10%
4.2347,Pred top 10%
4.2347,Pred top 10%
4.2347,Pred top 10%
4.2347,Pred top 10%
4.2347,Pred top 10%
4.2347,Pred top 10%
4.2347,Pred top 10%
0.25809,Pred top 10%
4.2768,Pred top 10%
4.2768,Pred top 10%
3.6992,Pred top 10%
3.6992,Pred top 10%
8.3888,Pred top 10%
8.3888,Pred top 10%
8.3888,Pred top 10%
0.78279,Pred top 10%
0.78279,Pred top 10%
0.78279,Pred top 10%
4.6923,Pred top 10%
1.0527,Pred top 10%
3.8408,Pred top 10%
3.8408,Pred top 10%
3.8408,Pred top 10%
3.8408,Pred top 10%
3.8408,Pred top 10%
3.8408,Pred top 10%
4.2361,Pred top 10%
4.2361,Pred top 10%
4.2975,Pred top 10%
0.66432,Pred top 10%
0.66432,Pred top 10%
1.2953,Pred top 10%
1.2953,Pred top 10%
3.4292,Pred top 10%
3.4292,Pred top 10%
4.7818,Pred top 10%
1.2087,Pred top 10%
3.9542,Pred top 10%
3.9542,Pred top 10%
3.9542,Pred top 10%
3.9542,Pred top 10%
3.9542,Pred top 10%
3.9542,Pred top 10%
3.9542,Pred top 10%
3.9542,Pred top 10%
3.9542,Pred top 10%
3.5179,Pred top 10%
3.5234,Pred top 10%
3.5234,Pred top 10%
3.5234,Pred top 10%
1.0021,Pred top 10%
1.0021,Pred top 10%
1.0021,Pred top 10%
1.0021,Pred top 10%
0.53621,Pred top 10%
0.53621,Pred top 10%
0.53621,Pred top 10%
6.7753,Pred top 10%
6.7753,Pred top 10%
6.7753,Pred top 10%
6.7753,Pred top 10%
6.7753,Pred top 10%
6.7753,Pred top 10%
6.7753,Pred top 10%
6.7753,Pred top 10%
6.7753,Pred top 10%
6.7753,Pred top 10%
1.0863,Pred top 10%
0.79111,Pred top 10%
0.88389,Pred top 10%
1.2639,Pred top 10%
1.1349,Pred top 10%
4.1691,Pred top 10%
4.1691,Pred top 10%
4.1691,Pred top 10%
0.35326,Pred top 10%
1.1962,Pred top 10%
1.1962,Pred top 10%
1.1962,Pred top 10%
1.1962,Pred top 10%
1.1962,Pred top 10%
1.1962,Pred top 10%
1.1962,Pred top 10%
3.5583,Pred top 10%
3.5583,Pred top 10%
3.5583,Pred top 10%
3.5583,Pred top 10%
3.5583,Pred top 10%
3.5583,Pred top 10%
4.1152,Pred top 10%
4.1152,Pred top 10%
4.1152,Pred top 10%
4.1152,Pred top 10%
4.3175,Pred top 10%
4.1911,Pred top 10%
4.1911,Pred top 10%
4.1911,Pred top 10%
4.1911,Pred top 10%
4.1911,Pred top 10%
4.1911,Pred top 10%
4.1911,Pred top 10%
4.1911,Pred top 10%
3.7718,Pred top 10%
5.2359,Pred top 10%
4.0943,Pred top 10%
4.0943,Pred top 10%
4.0943,Pred top 10%
4.0943,Pred top 10%
4.0943,Pred top 10%
4.0943,Pred top 10%
4.0943,Pred top 10%
4.0943,Pred top 10%
4.0943,Pred top 10%
4.0943,Pred top 10%
4.0943,Pred top 10%
0.10729,Pred top 10%
4.2378,Pred top 10%
4.2378,Pred top 10%
4.2378,Pred top 10%
4.2378,Pred top 10%
4.2378,Pred top 10%
4.2378,Pred top 10%
4.2378,Pred top 10%
5.5189,Pred top 10%
5.5189,Pred top 10%
5.5189,Pred top 10%
5.5189,Pred top 10%
5.5189,Pred top 10%
5.5189,Pred top 10%
5.5189,Pred top 10%
0.055502,Pred top 10%
0.055502,Pred top 10%
0.055502,Pred top 10%
1.2269,Pred top 10%
1.2269,Pred top 10%
1.2269,Pred top 10%
1.2269,Pred top 10%
1.2269,Pred top 10%
1.2269,Pred top 10%
1.2269,Pred top 10%
1.2269,Pred top 10%
1.2269,Pred top 10%
1.2269,Pred top 10%
0.92902,Pred top 10%
0.92902,Pred top 10%
0.92902,Pred top 10%
0.92902,Pred top 10%
0.92902,Pred top 10%
0.92902,Pred top 10%
0.92902,Pred top 10%
0.92902,Pred top 10%
0.92902,Pred top 10%
0.1849,Pred top 10%
4.443,Pred top 10%
4.443,Pred top 10%
4.443,Pred top 10%
4.443,Pred top 10%
5.3359,Pred top 10%
4.2014,Pred top 10%
4.2014,Pred top 10%
1.1593,Pred top 10%
0.61263,Pred top 10%
1.1978,Pred top 10%
1.1978,Pred top 10%
4.3083,Pred top 10%
4.3083,Pred top 10%
4.3083,Pred top 10%
4.3083,Pred top 10%
4.3083,Pred top 10%
4.3083,Pred top 10%
5.1758,Pred top 10%
5.1758,Pred top 10%
5.1758,Pred top 10%
5.1758,Pred top 10%
5.1758,Pred top 10%
5.1758,Pred top 10%
5.1758,Pred top 10%
5.1758,Pred top 10%
5.1758,Pred top 10%
5.1758,Pred top 10%
5.1758,Pred top 10%
6.6705,Pred top 10%
3.4391,Pred top 10%
6.1659,Pred top 10%
6.1659,Pred top 10%
6.1659,Pred top 10%
1.0839,Pred top 10%
1.0839,Pred top 10%
0.97354,Pred top 10%
6.311,Pred top 10%
6.311,Pred top 10%
6.311,Pred top 10%
5.4117,Pred top 10%
5.4117,Pred top 10%
5.4117,Pred top 10%
3.4291,Pred top 10%
0.89145,Pred top 10%
4.4671,Pred top 10%
4.0194,Pred top 10%
4.0194,Pred top 10%
4.0194,Pred top 10%
0.85098,Pred top 10%
0.85098,Pred top 10%
3.6253,Pred top 10%
3.6253,Pred top 10%
1.1639,Pred top 10%
4.3919,Pred top 10%
4.3919,Pred top 10%
4.3919,Pred top 10%
4.3919,Pred top 10%
4.3919,Pred top 10%
4.3919,Pred top 10%
4.3919,Pred top 10%
4.3919,Pred top 10%
4.3919,Pred top 10%
4.3919,Pred top 10%
4.3919,Pred top 10%
4.3919,Pred top 10%
4.3919,Pred top 10%
0.3167,Pred top 10%
0.63814,Pred top 10%
0.63814,Pred top 10%
0.63814,Pred top 10%
0.63814,Pred top 10%
0.63814,Pred top 10%
0.63814,Pred top 10%
0.63814,Pred top 10%
0.63814,Pred top 10%
0.63814,Pred top 10%
0.63814,Pred top 10%
0.63814,Pred top 10%
0.63814,Pred top 10%
0.63814,Pred top 10%
0.63814,Pred top 10%
0.63814,Pred top 10%
0.63814,Pred top 10%
0.63814,Pred top 10%
5.4292,Pred top 10%
0.79331,Pred top 10%
0.79331,Pred top 10%
5.2467,Pred top 10%
3.4887,Pred top 10%
3.4887,Pred top 10%
3.4887,Pred top 10%
3.4887,Pred top 10%
3.4887,Pred top 10%
3.4887,Pred top 10%
4.4381,Pred top 10%
3.5831,Pred top 10%
6.4841,Pred top 10%
5.5299,Pred top 10%
5.5299,Pred top 10%
5.5299,Pred top 10%
5.5299,Pred top 10%
5.5299,Pred top 10%
5.5299,Pred top 10%
5.5299,Pred top 10%
5.5299,Pred top 10%
5.5299,Pred top 10%
5.5299,Pred top 10%
5.5299,Pred top 10%
5.5299,Pred top 10%
5.5299,Pred top 10%
5.5299,Pred top 10%
5.5299,Pred top 10%
5.5299,Pred top 10%
6.3168,Pred top 10%
6.3168,Pred top 10%
6.3168,Pred top 10%
6.3168,Pred top 10%
6.3168,Pred top 10%
6.3168,Pred top 10%
6.3168,Pred top 10%
6.3168,Pred top 10%
6.3168,Pred top 10%
6.3168,Pred top 10%
6.3168,Pred top 10%
6.3168,Pred top 10%
6.3168,Pred top 10%
6.3168,Pred top 10%
6.3168,Pred top 10%
6.3168,Pred top 10%
6.3168,Pred top 10%
6.3168,Pred top 10%
6.3168,Pred top 10%
6.3168,Pred top 10%
6.3168,Pred top 10%
6.3168,Pred top 10%
6.3168,Pred top 10%
6.3168,Pred top 10%
6.3168,Pred top 10%
6.3168,Pred top 10%
6.3168,Pred top 10%
6.3168,Pred top 10%
6.3168,Pred top 10%
6.3168,Pred top 10%
6.3168,Pred top 10%
6.3168,Pred top 10%
6.3168,Pred top 10%
6.3168,Pred top 10%
3.5763,Pred top 10%
3.6843,Pred top 10%
3.6843,Pred top 10%
3.6843,Pred top 10%
3.6843,Pred top 10%
3.6843,Pred top 10%
3.6843,Pred top 10%
5.1747,Pred top 10%
5.1747,Pred top 10%
5.1747,Pred top 10%
5.1747,Pred top 10%
5.1747,Pred top 10%
5.1747,Pred top 10%
1.1328,Pred top 10%
3.4772,Pred top 10%
3.4772,Pred top 10%
1.2985,Pred top 10%
1.2985,Pred top 10%
3.8706,Pred top 10%
3.8706,Pred top 10%
3.8706,Pred top 10%
3.8706,Pred top 10%
3.8706,Pred top 10%
3.8706,Pred top 10%
3.9087,Pred top 10%
4.0635,Pred top 10%
4.0635,Pred top 10%
0.40791,Pred top 10%
0.40791,Pred top 10%
0.40791,Pred top 10%
0.40791,Pred top 10%
0.40791,Pred top 10%
0.40791,Pred top 10%
6.2124,Pred top 10%
6.2124,Pred top 10%
6.2124,Pred top 10%
6.2124,Pred top 10%
6.2124,Pred top 10%
6.2124,Pred top 10%
6.2124,Pred top 10%
6.2124,Pred top 10%
6.2124,Pred top 10%
6.2124,Pred top 10%
6.2124,Pred top 10%
6.2124,Pred top 10%
6.2124,Pred top 10%
6.2124,Pred top 10%
6.2124,Pred top 10%
6.2124,Pred top 10%
6.2124,Pred top 10%
6.2124,Pred top 10%
6.2124,Pred top 10%
6.2124,Pred top 10%
6.2124,Pred top 10%
1.292,Pred top 10%
1.292,Pred top 10%
1.292,Pred top 10%
1.292,Pred top 10%
1.292,Pred top 10%
1.292,Pred top 10%
1.292,Pred top 10%
1.292,Pred top 10%
6.1206,Pred top 10%
6.1206,Pred top 10%
3.3964,Pred top 10%
4.8933,Pred top 10%
3.5127,Pred top 10%
3.5127,Pred top 10%
3.5127,Pred top 10%
3.5127,Pred top 10%
3.5127,Pred top 10%
3.5127,Pred top 10%
3.5127,Pred top 10%
5.5847,Pred top 10%
5.5847,Pred top 10%
5.5847,Pred top 10%
5.5847,Pred top 10%
5.5847,Pred top 10%
7.3615,Pred top 10%
7.3615,Pred top 10%
3.8961,Pred top 10%
3.8961,Pred top 10%
3.8961,Pred top 10%
3.8961,Pred top 10%
3.8961,Pred top 10%
3.8961,Pred top 10%
4.7199,Pred top 10%
4.7199,Pred top 10%
4.7199,Pred top 10%
1.1287,Pred top 10%
3.4562,Pred top 10%
3.4562,Pred top 10%
3.4562,Pred top 10%
3.4562,Pred top 10%
3.4572,Pred top 10%
3.4572,Pred top 10%
3.4572,Pred top 10%
3.4572,Pred top 10%
4.2383,Pred top 10%
1.0563,Pred top 10%
1.0563,Pred top 10%
3.6678,Pred top 10%
3.6678,Pred top 10%
3.6678,Pred top 10%
3.6678,Pred top 10%
3.6678,Pred top 10%
3.6678,Pred top 10%
3.6678,Pred top 10%
3.6678,Pred top 10%
3.6678,Pred top 10%
3.6678,Pred top 10%
3.6678,Pred top 10%
3.6678,Pred top 10%
3.6678,Pred top 10%
3.6678,Pred top 10%
5.7811,Pred top 10%
1.2754,Pred top 10%
1.2754,Pred top 10%
1.2754,Pred top 10%
1.2754,Pred top 10%
1.2754,Pred top 10%
5.8322,Pred top 10%
5.8322,Pred top 10%
1.3112,Pred top 10%
1.1858,Pred top 10%
1.1858,Pred top 10%
1.1858,Pred top 10%
1.1858,Pred top 10%
1.1858,Pred top 10%
1.1858,Pred top 10%
1.1858,Pred top 10%
1.1858,Pred top 10%
1.1858,Pred top 10%
1.1858,Pred top 10%
1.1858,Pred top 10%
1.1858,Pred top 10%
1.1858,Pred top 10%
5.4472,Pred top 10%
3.5924,Pred top 10%
3.5924,Pred top 10%
3.5924,Pred top 10%
3.6822,Pred top 10%
3.6822,Pred top 10%
3.6822,Pred top 10%
4.42,Pred top 10%
0.86831,Pred top 10%
0.86831,Pred top 10%
0.86831,Pred top 10%
0.86831,Pred top 10%
4.9684,Pred top 10%
4.9684,Pred top 10%
4.9684,Pred top 10%
4.9684,Pred top 10%
0.9475,Pred top 10%
0.9475,Pred top 10%
3.9195,Pred top 10%
4.7917,Pred top 10%
4.7917,Pred top 10%
4.7917,Pred top 10%
5.1461,Pred top 10%
5.1461,Pred top 10%
0.53043,Pred top 10%
5.463,All SNPs
1.3164,All SNPs
1.3164,All SNPs
1.3164,All SNPs
0.44114,All SNPs
0.44114,All SNPs
0.44114,All SNPs
0.44114,All SNPs
0.44114,All SNPs
0.56267,All SNPs
4.4852,All SNPs
4.4852,All SNPs
4.4852,All SNPs
4.4852,All SNPs
4.4852,All SNPs
0.22206,All SNPs
4.2713,All SNPs
0.96515,All SNPs
0.44335,All SNPs
7.9762,All SNPs
7.9762,All SNPs
7.9762,All SNPs
7.9762,All SNPs
7.9762,All SNPs
7.9762,All SNPs
7.9762,All SNPs
4.991,All SNPs
4.991,All SNPs
4.991,All SNPs
1.1714,All SNPs
1.1714,All SNPs
1.1714,All SNPs
1.1714,All SNPs
1.1714,All SNPs
1.1714,All SNPs
1.1714,All SNPs
6.8821,All SNPs
6.8821,All SNPs
6.8821,All SNPs
6.8821,All SNPs
5.5694,All SNPs
5.5694,All SNPs
5.5694,All SNPs
0.67954,All SNPs
3.839,All SNPs
3.839,All SNPs
8.0912,All SNPs
8.0912,All SNPs
8.0912,All SNPs
8.0912,All SNPs
8.0912,All SNPs
8.0912,All SNPs
4.4218,All SNPs
4.4218,All SNPs
4.4218,All SNPs
4.4218,All SNPs
4.4218,All SNPs
0.20396,All SNPs
0.20396,All SNPs
0.20396,All SNPs
0.20396,All SNPs
0.20396,All SNPs
0.20396,All SNPs
0.20396,All SNPs
0.20396,All SNPs
3.7119,All SNPs
3.568,All SNPs
3.568,All SNPs
3.568,All SNPs
3.568,All SNPs
3.568,All SNPs
3.568,All SNPs
3.568,All SNPs
3.568,All SNPs
3.568,All SNPs
3.568,All SNPs
3.568,All SNPs
0.91923,All SNPs
4.7303,All SNPs
4.7303,All SNPs
5.9792,All SNPs
5.9792,All SNPs
5.9792,All SNPs
0.21565,All SNPs
0.21565,All SNPs
0.21565,All SNPs
0.85127,All SNPs
0.85127,All SNPs
0.65248,All SNPs
1.0751,All SNPs
1.0909,All SNPs
1.0909,All SNPs
1.2726,All SNPs
1.2726,All SNPs
1.2726,All SNPs
1.2726,All SNPs
1.2726,All SNPs
1.2726,All SNPs
1.2726,All SNPs
4.0079,All SNPs
4.0079,All SNPs
4.0079,All SNPs
4.0079,All SNPs
4.0079,All SNPs
4.0079,All SNPs
3.5135,All SNPs
3.6315,All SNPs
3.6315,All SNPs
3.6315,All SNPs
3.6315,All SNPs
3.6315,All SNPs
3.6315,All SNPs
1.3385,All SNPs
1.3385,All SNPs
1.3385,All SNPs
1.3385,All SNPs
1.3385,All SNPs
1.3385,All SNPs
1.3385,All SNPs
1.3385,All SNPs
1.3385,All SNPs
1.3385,All SNPs
1.3385,All SNPs
1.3385,All SNPs
1.3385,All SNPs
1.3385,All SNPs
1.3385,All SNPs
1.3385,All SNPs
1.3385,All SNPs
1.3385,All SNPs
1.3385,All SNPs
1.3385,All SNPs
1.3385,All SNPs
1.3385,All SNPs
1.3385,All SNPs
1.3385,All SNPs
1.3385,All SNPs
1.3385,All SNPs
1.3385,All SNPs
1.3385,All SNPs
1.3385,All SNPs
1.3385,All SNPs
1.3385,All SNPs
1.3385,All SNPs
1.3385,All SNPs
1.3441,All SNPs
0.26634,All SNPs
0.26634,All SNPs
0.26634,All SNPs
0.26634,All SNPs
0.26634,All SNPs
0.26634,All SNPs
0.26634,All SNPs
0.26634,All SNPs
0.26634,All SNPs
0.26634,All SNPs
0.26634,All SNPs
0.26634,All SNPs
0.26634,All SNPs
0.26634,All SNPs
0.26634,All SNPs
0.26634,All SNPs
0.26634,All SNPs
0.26634,All SNPs
0.26634,All SNPs
0.26634,All SNPs
0.26634,All SNPs
0.26634,All SNPs
0.26634,All SNPs
0.26634,All SNPs
0.26634,All SNPs
0.26634,All SNPs
0.26634,All SNPs
0.26634,All SNPs
0.26634,All SNPs
0.26634,All SNPs
0.26634,All SNPs
0.26634,All SNPs
0.26634,All SNPs
0.26634,All SNPs
0.26634,All SNPs
0.26634,All SNPs
0.26634,All SNPs
0.26634,All SNPs
0.26634,All SNPs
0.26634,All SNPs
0.26634,All SNPs
5.1637,All SNPs
5.1637,All SNPs
1.0739,All SNPs
1.0739,All SNPs
1.0739,All SNPs
1.0739,All SNPs
1.0739,All SNPs
5.9263,All SNPs
5.1739,All SNPs
5.1739,All SNPs
5.1739,All SNPs
0.63091,All SNPs
0.54859,All SNPs
3.8398,All SNPs
3.8398,All SNPs
1.2089,All SNPs
3.7712,All SNPs
3.7712,All SNPs
3.7712,All SNPs
3.7712,All SNPs
3.7712,All SNPs
4.461,All SNPs
4.461,All SNPs
1.013,All SNPs
6.5606,All SNPs
6.5606,All SNPs
6.5606,All SNPs
6.5606,All SNPs
6.5606,All SNPs
6.5606,All SNPs
6.5606,All SNPs
6.5606,All SNPs
6.5606,All SNPs
5.9135,All SNPs
5.9135,All SNPs
5.9135,All SNPs
5.9135,All SNPs
5.9135,All SNPs
5.9135,All SNPs
4.037,All SNPs
4.037,All SNPs
4.037,All SNPs
4.037,All SNPs
4.037,All SNPs
4.037,All SNPs
4.037,All SNPs
4.037,All SNPs
1.1008,All SNPs
1.1008,All SNPs
1.1008,All SNPs
1.1008,All SNPs
1.1008,All SNPs
1.1008,All SNPs
1.1008,All SNPs
5.3486,All SNPs
5.3486,All SNPs
5.3486,All SNPs
6.3904,All SNPs
6.3904,All SNPs
3.5946,All SNPs
3.5946,All SNPs
3.5946,All SNPs
3.5946,All SNPs
4.8327,All SNPs
4.8327,All SNPs
4.8327,All SNPs
0.61653,All SNPs
1.232,All SNPs
1.232,All SNPs
3.4781,All SNPs
3.4781,All SNPs
3.4781,All SNPs
1.081,All SNPs
3.9961,All SNPs
0.3697,All SNPs
0.3697,All SNPs
0.3697,All SNPs
0.3697,All SNPs
0.3697,All SNPs
0.3697,All SNPs
0.11059,All SNPs
0.64476,All SNPs
3.6311,All SNPs
3.6311,All SNPs
3.6311,All SNPs
7.5417,All SNPs
7.5417,All SNPs
7.5417,All SNPs
7.1008,All SNPs
7.1008,All SNPs
7.1008,All SNPs
7.1008,All SNPs
3.6449,All SNPs
3.6449,All SNPs
3.6449,All SNPs
3.6449,All SNPs
3.6449,All SNPs
3.6449,All SNPs
7.0338,All SNPs
0.020317,All SNPs
0.020317,All SNPs
0.020317,All SNPs
0.020317,All SNPs
0.7622,All SNPs
0.7622,All SNPs
0.7622,All SNPs
0.7622,All SNPs
0.7622,All SNPs
0.7622,All SNPs
0.7622,All SNPs
0.7622,All SNPs
0.46768,All SNPs
1.1916,All SNPs
1.1916,All SNPs
1.1916,All SNPs
1.1916,All SNPs
1.1916,All SNPs
1.1916,All SNPs
1.1916,All SNPs
1.1916,All SNPs
1.1916,All SNPs
1.1916,All SNPs
1.1916,All SNPs
1.1916,All SNPs
1.1916,All SNPs
1.1916,All SNPs
1.1916,All SNPs
1.1916,All SNPs
1.1916,All SNPs
1.1916,All SNPs
1.1916,All SNPs
1.1916,All SNPs
1.1916,All SNPs
1.1916,All SNPs
1.1916,All SNPs
1.1916,All SNPs
1.1916,All SNPs
1.1916,All SNPs
1.1916,All SNPs
1.1916,All SNPs
1.1916,All SNPs
1.1916,All SNPs
1.1916,All SNPs
1.1916,All SNPs
1.1916,All SNPs
1.1916,All SNPs
1.1916,All SNPs
1.1916,All SNPs
1.1916,All SNPs
1.1916,All SNPs
1.1916,All SNPs
1.1916,All SNPs
1.1916,All SNPs
1.1916,All SNPs
1.1916,All SNPs
1.1916,All SNPs
1.1916,All SNPs
1.1916,All SNPs
1.1916,All SNPs
4.3251,All SNPs
4.3251,All SNPs
3.4933,All SNPs
3.4933,All SNPs
5.4,All SNPs
6.6108,All SNPs
0.18909,All SNPs
0.18909,All SNPs
0.18909,All SNPs
4.2128,All SNPs
4.2128,All SNPs
4.2128,All SNPs
4.2128,All SNPs
4.2128,All SNPs
4.2128,All SNPs
4.2128,All SNPs
0.96598,All SNPs
4.057,All SNPs
4.057,All SNPs
1.088,All SNPs
1.088,All SNPs
1.088,All SNPs
1.088,All SNPs
1.088,All SNPs
1.088,All SNPs
1.088,All SNPs
1.088,All SNPs
1.0217,All SNPs
1.0217,All SNPs
1.0217,All SNPs
1.0217,All SNPs
1.0217,All SNPs
1.0217,All SNPs
1.0217,All SNPs
1.0217,All SNPs
1.0217,All SNPs
1.0217,All SNPs
1.0217,All SNPs
1.0217,All SNPs
1.0217,All SNPs
1.0217,All SNPs
1.0217,All SNPs
1.0217,All SNPs
1.0217,All SNPs
1.0217,All SNPs
1.0217,All SNPs
0.48332,All SNPs
0.73907,All SNPs
0.73907,All SNPs
0.73907,All SNPs
0.73907,All SNPs
5.4454,All SNPs
5.4454,All SNPs
5.4454,All SNPs
5.4454,All SNPs
5.4454,All SNPs
8.1045,All SNPs
8.1045,All SNPs
8.1045,All SNPs
8.1045,All SNPs
8.1045,All SNPs
8.1045,All SNPs
8.1045,All SNPs
8.1045,All SNPs
8.1045,All SNPs
1.2034,All SNPs
1.2034,All SNPs
1.2034,All SNPs
1.2034,All SNPs
1.2034,All SNPs
1.2034,All SNPs
1.2034,All SNPs
1.2034,All SNPs
1.2034,All SNPs
1.2034,All SNPs
1.2034,All SNPs
1.1119,All SNPs
1.1119,All SNPs
1.1119,All SNPs
1.1119,All SNPs
1.1119,All SNPs
1.1119,All SNPs
8.5025,All SNPs
8.5025,All SNPs
8.5025,All SNPs
8.5025,All SNPs
8.5025,All SNPs
8.5025,All SNPs
8.5025,All SNPs
8.5025,All SNPs
8.5025,All SNPs
8.5025,All SNPs
8.5025,All SNPs
8.5025,All SNPs
8.5025,All SNPs
8.5025,All SNPs
8.5025,All SNPs
0.5009,All SNPs
4.7389,All SNPs
4.7389,All SNPs
4.7389,All SNPs
4.7389,All SNPs
4.7389,All SNPs
4.7389,All SNPs
4.7389,All SNPs
4.7389,All SNPs
4.7389,All SNPs
0.60109,All SNPs
0.60109,All SNPs
1.293,All SNPs
1.293,All SNPs
3.7262,All SNPs
4.181,All SNPs
1.2091,All SNPs
1.2091,All SNPs
1.2091,All SNPs
0.8222,All SNPs
0.8222,All SNPs
0.8222,All SNPs
4.7017,All SNPs
4.7017,All SNPs
4.7017,All SNPs
4.7017,All SNPs
4.7017,All SNPs
4.7017,All SNPs
4.7017,All SNPs
4.7017,All SNPs
4.7017,All SNPs
8.004,All SNPs
8.004,All SNPs
8.004,All SNPs
8.004,All SNPs
8.004,All SNPs
8.004,All SNPs
8.004,All SNPs
1.1446,All SNPs
1.1446,All SNPs
1.1446,All SNPs
1.1446,All SNPs
1.1446,All SNPs
1.1446,All SNPs
1.1446,All SNPs
3.454,All SNPs
5.1168,All SNPs
5.1168,All SNPs
1.1679,All SNPs
4.0479,All SNPs
4.0479,All SNPs
4.0479,All SNPs
4.0479,All SNPs
5.5929,All SNPs
4.7972,All SNPs
4.7972,All SNPs
1.3169,All SNPs
1.3169,All SNPs
1.3169,All SNPs
1.3169,All SNPs
1.3169,All SNPs
1.3169,All SNPs
1.3169,All SNPs
1.3169,All SNPs
1.3169,All SNPs
1.3169,All SNPs
1.3169,All SNPs
1.3169,All SNPs
1.3169,All SNPs
1.3169,All SNPs
4.0806,All SNPs
4.0806,All SNPs
4.0806,All SNPs
6.3591,All SNPs
0.23931,All SNPs
0.23931,All SNPs
0.23931,All SNPs
0.23931,All SNPs
0.23931,All SNPs
0.23931,All SNPs
0.23931,All SNPs
0.23931,All SNPs
5.2488,All SNPs
5.2488,All SNPs
5.2488,All SNPs
4.3828,All SNPs
4.3828,All SNPs
4.3828,All SNPs
4.1266,All SNPs
1.151,All SNPs
1.151,All SNPs
3.366,All SNPs
4.9133,All SNPs
7.5104,All SNPs
7.5104,All SNPs
4.2882,All SNPs
6.6839,All SNPs
0.77866,All SNPs
0.77866,All SNPs
1.2425,All SNPs
1.2425,All SNPs
6.7827,All SNPs
6.7827,All SNPs
0.91243,All SNPs
0.91243,All SNPs
0.98102,All SNPs
0.98102,All SNPs
0.98102,All SNPs
6.0571,All SNPs
0.8507,All SNPs
5.8223,All SNPs
5.8223,All SNPs
5.4221,All SNPs
1.1465,All SNPs
1.1465,All SNPs
1.1465,All SNPs
1.1465,All SNPs
1.1465,All SNPs
1.1465,All SNPs
6.304,All SNPs
6.304,All SNPs
1.0653,All SNPs
9.381,All SNPs
9.381,All SNPs
9.381,All SNPs
9.381,All SNPs
9.381,All SNPs
4.3896,All SNPs
4.3896,All SNPs
4.479,All SNPs
4.479,All SNPs
4.479,All SNPs
4.479,All SNPs
6.3592,All SNPs
3.428,All SNPs
1.2457,All SNPs
6.2751,All SNPs
6.5002,All SNPs
6.5002,All SNPs
6.5002,All SNPs
7.9036,All SNPs
7.9036,All SNPs
4.4294,All SNPs
1.2936,All SNPs
1.2936,All SNPs
4.793,All SNPs
4.793,All SNPs
4.793,All SNPs
4.793,All SNPs
6.0062,All SNPs
3.3734,All SNPs
3.3734,All SNPs
3.3734,All SNPs
3.3734,All SNPs
3.3734,All SNPs
3.3734,All SNPs
0.91182,All SNPs
1.3141,All SNPs
1.3141,All SNPs
0.6229,All SNPs
0.6229,All SNPs
0.6229,All SNPs
0.63575,All SNPs
0.63575,All SNPs
0.63575,All SNPs
0.7448,All SNPs
0.15458,All SNPs
0.15458,All SNPs
0.15458,All SNPs
0.15458,All SNPs
0.15458,All SNPs
0.15458,All SNPs
0.78897,All SNPs
8.2771,All SNPs
1.1643,All SNPs
1.1643,All SNPs
1.1643,All SNPs
1.3489,All SNPs
6.5669,All SNPs
6.5669,All SNPs
6.5669,All SNPs
6.5669,All SNPs
6.5669,All SNPs
6.5669,All SNPs
6.5669,All SNPs
6.5669,All SNPs
7.98,All SNPs
7.98,All SNPs
7.98,All SNPs
7.98,All SNPs
7.98,All SNPs
7.98,All SNPs
3.5247,All SNPs
3.5247,All SNPs
3.5247,All SNPs
5.2691,All SNPs
5.2691,All SNPs
1.0712,All SNPs
1.0712,All SNPs
0.60486,All SNPs
4.3517,All SNPs
3.512,All SNPs
3.512,All SNPs
3.512,All SNPs
3.512,All SNPs
3.512,All SNPs
3.512,All SNPs
3.512,All SNPs
3.512,All SNPs
3.512,All SNPs
3.512,All SNPs
3.512,All SNPs
3.512,All SNPs
3.512,All SNPs
3.512,All SNPs
3.512,All SNPs
3.512,All SNPs
3.9423,All SNPs
3.9423,All SNPs
1.152,All SNPs
1.152,All SNPs
1.152,All SNPs
1.152,All SNPs
1.2385,All SNPs
1.2385,All SNPs
1.2486,All SNPs
1.2422,All SNPs
1.2422,All SNPs
1.2422,All SNPs
1.2422,All SNPs
1.2422,All SNPs
1.2422,All SNPs
1.2422,All SNPs
1.2422,All SNPs
1.2422,All SNPs
1.2422,All SNPs
1.2422,All SNPs
1.2422,All SNPs
1.2422,All SNPs
1.2422,All SNPs
1.2422,All SNPs
1.2422,All SNPs
1.2422,All SNPs
1.2422,All SNPs
1.2422,All SNPs
1.2422,All SNPs
1.2422,All SNPs
1.2422,All SNPs
1.2422,All SNPs
1.2422,All SNPs
1.2422,All SNPs
1.2422,All SNPs
1.2422,All SNPs
1.2422,All SNPs
1.2422,All SNPs
1.2422,All SNPs
1.2422,All SNPs
1.2422,All SNPs
1.2422,All SNPs
1.2422,All SNPs
1.2422,All SNPs
1.2422,All SNPs
1.2422,All SNPs
1.2422,All SNPs
1.2422,All SNPs
1.2422,All SNPs
1.2422,All SNPs
1.2422,All SNPs
1.2422,All SNPs
1.2422,All SNPs
1.2422,All SNPs
1.2422,All SNPs
1.2422,All SNPs
6.0381,All SNPs
1.0559,All SNPs
1.0559,All SNPs
1.0559,All SNPs
1.0559,All SNPs
1.0559,All SNPs
4.4076,All SNPs
4.4076,All SNPs
4.4076,All SNPs
4.4076,All SNPs
0.72792,All SNPs
0.72792,All SNPs
0.72792,All SNPs
0.72792,All SNPs
0.72792,All SNPs
0.72792,All SNPs
0.72792,All SNPs
0.72792,All SNPs
0.33219,All SNPs
0.33219,All SNPs
0.33219,All SNPs
0.33219,All SNPs
0.33219,All SNPs
0.33219,All SNPs
4.8292,All SNPs
0.93577,All SNPs
0.79917,All SNPs
0.79917,All SNPs
0.79917,All SNPs
0.79917,All SNPs
0.79917,All SNPs
0.79917,All SNPs
0.79917,All SNPs
0.79917,All SNPs
0.79917,All SNPs
0.79917,All SNPs
0.79917,All SNPs
0.79917,All SNPs
0.79917,All SNPs
0.79917,All SNPs
0.79917,All SNPs
0.79917,All SNPs
0.79917,All SNPs
0.79917,All SNPs
0.79917,All SNPs
0.79917,All SNPs
0.79917,All SNPs
0.79917,All SNPs
0.79917,All SNPs
0.79917,All SNPs
0.79917,All SNPs
0.79917,All SNPs
0.79917,All SNPs
0.79917,All SNPs
0.79917,All SNPs
0.79917,All SNPs
0.52133,All SNPs
0.52133,All SNPs
0.52133,All SNPs
0.52133,All SNPs
0.52133,All SNPs
0.52133,All SNPs
0.52133,All SNPs
0.52133,All SNPs
3.5302,All SNPs
4.189,All SNPs
4.189,All SNPs
0.89727,All SNPs
0.89727,All SNPs
0.89727,All SNPs
0.89727,All SNPs
0.89727,All SNPs
0.89727,All SNPs
7.7993,All SNPs
3.6275,All SNPs
0.46341,All SNPs
0.46341,All SNPs
0.46341,All SNPs
0.46341,All SNPs
0.46341,All SNPs
0.46341,All SNPs
0.37363,All SNPs
1.1374,All SNPs
1.1374,All SNPs
1.1374,All SNPs
1.1374,All SNPs
0.64767,All SNPs
5.2133,All SNPs
6.2987,All SNPs
6.2987,All SNPs
0.6754,All SNPs
0.6754,All SNPs
3.5264,All SNPs
3.5264,All SNPs
3.5264,All SNPs
3.5264,All SNPs
3.5264,All SNPs
3.5264,All SNPs
3.5264,All SNPs
3.5264,All SNPs
3.5264,All SNPs
3.5264,All SNPs
3.5264,All SNPs
4.565,All SNPs
4.565,All SNPs
0.53367,All SNPs
0.7778,All SNPs
0.7778,All SNPs
0.7778,All SNPs
4.1229,All SNPs
4.1229,All SNPs
5.5499,All SNPs
6.4686,All SNPs
6.4686,All SNPs
5.4145,All SNPs
0.36836,All SNPs
0.97016,All SNPs
0.97016,All SNPs
0.97016,All SNPs
1.1832,All SNPs
1.1832,All SNPs
9.3234,All SNPs
1.2382,All SNPs
4.2431,All SNPs
4.2431,All SNPs
4.2431,All SNPs
4.3744,All SNPs
4.3744,All SNPs
4.3744,All SNPs
4.3744,All SNPs
4.3744,All SNPs
4.3744,All SNPs
4.3744,All SNPs
0.81548,All SNPs
1.066,All SNPs
5.8123,All SNPs
3.4968,All SNPs
4.4709,All SNPs
4.4709,All SNPs
4.4709,All SNPs
1.3116,All SNPs
1.3116,All SNPs
1.3116,All SNPs
1.3116,All SNPs
1.3116,All SNPs
1.3116,All SNPs
1.3116,All SNPs
0.74195,All SNPs
4.1645,All SNPs
3.5877,All SNPs
3.5877,All SNPs
1.2328,All SNPs
1.2328,All SNPs
4.0145,All SNPs
4.5995,All SNPs
3.8124,All SNPs
3.6554,All SNPs
3.6554,All SNPs
3.6554,All SNPs
3.8984,All SNPs
3.8984,All SNPs
3.8984,All SNPs
3.8984,All SNPs
3.8984,All SNPs
3.8984,All SNPs
3.8984,All SNPs
3.8984,All SNPs
3.8984,All SNPs
3.8984,All SNPs
3.8984,All SNPs
3.8984,All SNPs
3.8984,All SNPs
3.8984,All SNPs
3.8984,All SNPs
3.8984,All SNPs
3.8984,All SNPs
3.8984,All SNPs
3.8984,All SNPs
3.8984,All SNPs
3.8984,All SNPs
3.8984,All SNPs
3.8984,All SNPs
3.8984,All SNPs
3.8984,All SNPs
7.4496,All SNPs
4.7027,All SNPs
3.8175,All SNPs
3.8175,All SNPs
3.8175,All SNPs
3.8175,All SNPs
3.8175,All SNPs
3.8175,All SNPs
3.8175,All SNPs
3.8175,All SNPs
3.8175,All SNPs
4.4445,All SNPs
4.4445,All SNPs
4.4445,All SNPs
0.43773,All SNPs
6.479,All SNPs
7.7292,All SNPs
4.4733,All SNPs
4.4733,All SNPs
4.4733,All SNPs
4.0683,All SNPs
4.0683,All SNPs
5.1927,All SNPs
5.1927,All SNPs
5.1927,All SNPs
1.1888,All SNPs
1.0343,All SNPs
1.0343,All SNPs
1.0343,All SNPs
1.0343,All SNPs
1.0343,All SNPs
1.0343,All SNPs
1.0343,All SNPs
1.0343,All SNPs
1.0343,All SNPs
1.0343,All SNPs
1.0343,All SNPs
1.0343,All SNPs
1.0343,All SNPs
1.0343,All SNPs
1.0343,All SNPs
1.0343,All SNPs
1.0343,All SNPs
1.0343,All SNPs
1.0343,All SNPs
1.0343,All SNPs
1.0343,All SNPs
1.0343,All SNPs
1.0343,All SNPs
1.0343,All SNPs
1.0343,All SNPs
1.0343,All SNPs
1.0343,All SNPs
1.0343,All SNPs
1.0343,All SNPs
1.0343,All SNPs
1.0343,All SNPs
1.2777,All SNPs
0.85292,All SNPs
0.85292,All SNPs
0.85292,All SNPs
3.7352,All SNPs
3.7352,All SNPs
3.7352,All SNPs
3.7352,All SNPs
3.7352,All SNPs
3.7352,All SNPs
3.7352,All SNPs
3.7352,All SNPs
1.1966,All SNPs
1.1966,All SNPs
5.4766,All SNPs
4.818,All SNPs
4.818,All SNPs
5.8286,All SNPs
5.8286,All SNPs
5.8286,All SNPs
5.8286,All SNPs
5.8286,All SNPs
5.8286,All SNPs
0.2579,All SNPs
0.2579,All SNPs
0.2579,All SNPs
0.2579,All SNPs
1.2231,All SNPs
1.2231,All SNPs
1.2231,All SNPs
1.2231,All SNPs
1.2231,All SNPs
1.2231,All SNPs
1.2231,All SNPs
1.2231,All SNPs
1.2364,All SNPs
1.2364,All SNPs
1.2364,All SNPs
1.2364,All SNPs
1.2364,All SNPs
1.2364,All SNPs
0.96742,All SNPs
0.96742,All SNPs
0.96742,All SNPs
0.96742,All SNPs
3.3777,All SNPs
3.3777,All SNPs
7.6435,All SNPs
4.5498,All SNPs
4.5498,All SNPs
4.5498,All SNPs
4.5498,All SNPs
4.5498,All SNPs
4.5498,All SNPs
4.5498,All SNPs
4.5498,All SNPs
5.5598,All SNPs
0.49168,All SNPs
0.49168,All SNPs
0.49168,All SNPs
0.49168,All SNPs
0.49168,All SNPs
0.49168,All SNPs
0.49168,All SNPs
0.49168,All SNPs
0.49168,All SNPs
0.49168,All SNPs
0.49168,All SNPs
0.49168,All SNPs
0.49168,All SNPs
4.3277,All SNPs
0.081514,All SNPs
1.2604,All SNPs
1.2604,All SNPs
1.2604,All SNPs
0.95893,All SNPs
6.0923,All SNPs
6.0923,All SNPs
6.0923,All SNPs
6.0923,All SNPs
5.0982,All SNPs
0.21164,All SNPs
0.21164,All SNPs
0.21164,All SNPs
0.21164,All SNPs
0.21164,All SNPs
0.21164,All SNPs
0.21164,All SNPs
0.21164,All SNPs
0.21164,All SNPs
0.21164,All SNPs
0.21164,All SNPs
0.21164,All SNPs
0.21164,All SNPs
0.21164,All SNPs
0.21164,All SNPs
5.4337,All SNPs
4.0978,All SNPs
8.6905,All SNPs
8.6905,All SNPs
8.6905,All SNPs
8.6905,All SNPs
8.6905,All SNPs
4.4636,All SNPs
4.4636,All SNPs
4.4636,All SNPs
4.4636,All SNPs
4.4636,All SNPs
4.4636,All SNPs
4.4636,All SNPs
4.0335,All SNPs
4.0335,All SNPs
4.0335,All SNPs
4.0335,All SNPs
4.0335,All SNPs
4.0335,All SNPs
3.8932,All SNPs
3.8932,All SNPs
3.8932,All SNPs
4.238,All SNPs
4.238,All SNPs
4.238,All SNPs
7.4835,All SNPs
3.8047,All SNPs
3.8047,All SNPs
3.8047,All SNPs
3.8047,All SNPs
4.5074,All SNPs
6.0777,All SNPs
6.0777,All SNPs
6.0777,All SNPs
6.0777,All SNPs
6.0777,All SNPs
6.0777,All SNPs
6.0777,All SNPs
6.0777,All SNPs
6.0777,All SNPs
6.0777,All SNPs
6.0777,All SNPs
6.0777,All SNPs
6.0777,All SNPs
6.0777,All SNPs
3.4128,All SNPs
3.4128,All SNPs
3.4128,All SNPs
3.4128,All SNPs
3.4128,All SNPs
3.4128,All SNPs
3.4128,All SNPs
3.4128,All SNPs
0.45869,All SNPs
1.3025,All SNPs
1.3025,All SNPs
1.3025,All SNPs
1.3025,All SNPs
1.3025,All SNPs
1.3025,All SNPs
1.3025,All SNPs
1.3025,All SNPs
1.3025,All SNPs
1.1562,All SNPs
1.1562,All SNPs
1.1562,All SNPs
1.1562,All SNPs
1.1562,All SNPs
1.1562,All SNPs
1.1562,All SNPs
1.1562,All SNPs
1.1562,All SNPs
1.1562,All SNPs
1.1562,All SNPs
1.1562,All SNPs
1.1133,All SNPs
1.1133,All SNPs
3.4824,All SNPs
3.4824,All SNPs
0.16452,All SNPs
5.2018,All SNPs
5.2018,All SNPs
6.6053,All SNPs
6.6053,All SNPs
6.6053,All SNPs
6.6053,All SNPs
0.22024,All SNPs
1.1367,All SNPs
1.1367,All SNPs
1.1367,All SNPs
1.1367,All SNPs
1.1367,All SNPs
1.1367,All SNPs
1.1367,All SNPs
1.1367,All SNPs
1.1367,All SNPs
1.1367,All SNPs
1.1367,All SNPs
1.1367,All SNPs
4.2094,All SNPs
5.0319,All SNPs
5.0319,All SNPs
7.6571,All SNPs
1.1419,All SNPs
1.1419,All SNPs
1.0862,All SNPs
0.69364,All SNPs
0.99596,All SNPs
0.99596,All SNPs
5.561,All SNPs
5.561,All SNPs
5.561,All SNPs
5.561,All SNPs
5.561,All SNPs
5.561,All SNPs
5.561,All SNPs
5.561,All SNPs
5.561,All SNPs
5.561,All SNPs
5.561,All SNPs
5.561,All SNPs
5.561,All SNPs
5.561,All SNPs
5.561,All SNPs
5.561,All SNPs
5.561,All SNPs
5.561,All SNPs
5.561,All SNPs
5.561,All SNPs
6.0076,All SNPs
6.0076,All SNPs
6.0076,All SNPs
6.0076,All SNPs
6.0076,All SNPs
6.0076,All SNPs
6.0076,All SNPs
6.0076,All SNPs
6.0076,All SNPs
6.0076,All SNPs
6.0076,All SNPs
6.0076,All SNPs
4.5985,All SNPs
4.5985,All SNPs
4.5985,All SNPs
4.5985,All SNPs
4.5985,All SNPs
4.5985,All SNPs
4.1205,All SNPs
4.1205,All SNPs
4.1205,All SNPs
4.907,All SNPs
4.907,All SNPs
1.0728,All SNPs
1.0728,All SNPs
1.0728,All SNPs
0.55582,All SNPs
0.55582,All SNPs
0.55582,All SNPs
0.55582,All SNPs
5.1875,All SNPs
5.1875,All SNPs
5.1875,All SNPs
5.1875,All SNPs
5.1875,All SNPs
1.2745,All SNPs
1.2745,All SNPs
1.2745,All SNPs
1.2745,All SNPs
1.2745,All SNPs
1.2745,All SNPs
3.9772,All SNPs
3.9772,All SNPs
3.9772,All SNPs
4.1585,All SNPs
4.3411,All SNPs
4.3411,All SNPs
4.3411,All SNPs
4.3411,All SNPs
4.3411,All SNPs
7.4895,All SNPs
7.4895,All SNPs
7.4895,All SNPs
5.2472,All SNPs
5.2472,All SNPs
5.2472,All SNPs
1.3426,All SNPs
1.3426,All SNPs
1.3426,All SNPs
1.3426,All SNPs
0.55268,All SNPs
1.0908,All SNPs
1.0908,All SNPs
3.5067,All SNPs
3.5067,All SNPs
1.278,All SNPs
1.278,All SNPs
1.278,All SNPs
5.9778,All SNPs
4.6158,All SNPs
3.7378,All SNPs
0.12739,All SNPs
0.12739,All SNPs
4.0936,All SNPs
4.0936,All SNPs
1.1796,All SNPs
1.1796,All SNPs
1.1796,All SNPs
0.66725,All SNPs
0.66725,All SNPs
0.66725,All SNPs
0.66725,All SNPs
0.66725,All SNPs
0.66725,All SNPs
0.66725,All SNPs
8.6471,All SNPs
8.6471,All SNPs
8.6471,All SNPs
8.6471,All SNPs
8.6471,All SNPs
8.6471,All SNPs
8.6471,All SNPs
1.3536,All SNPs
1.3536,All SNPs
1.3536,All SNPs
1.3536,All SNPs
1.3536,All SNPs
1.3536,All SNPs
1.3536,All SNPs
1.3536,All SNPs
1.3536,All SNPs
1.3536,All SNPs
3.7398,All SNPs
3.7398,All SNPs
3.7398,All SNPs
3.7398,All SNPs
4.3591,All SNPs
1.1967,All SNPs
1.1967,All SNPs
1.1967,All SNPs
5.578,All SNPs
5.578,All SNPs
5.6838,All SNPs
5.6838,All SNPs
0.90426,All SNPs
1.079,All SNPs
0.87308,All SNPs
0.87308,All SNPs
0.87308,All SNPs
0.87308,All SNPs
0.1243,All SNPs
0.1243,All SNPs
0.1243,All SNPs
0.1243,All SNPs
0.1243,All SNPs
6.2783,All SNPs
6.2783,All SNPs
6.2581,All SNPs
4.9628,All SNPs
0.32388,All SNPs
1.2434,All SNPs
1.2434,All SNPs
1.2434,All SNPs
1.2434,All SNPs
1.2434,All SNPs
1.2434,All SNPs
1.2434,All SNPs
1.2434,All SNPs
4.6491,All SNPs
0.14662,All SNPs
4.2091,All SNPs
4.8257,All SNPs
4.8257,All SNPs
0.83354,All SNPs
4.2178,All SNPs
0.82227,All SNPs
5.8907,All SNPs
1.1759,All SNPs
1.0343,All SNPs
1.0343,All SNPs
1.0343,All SNPs
1.0343,All SNPs
3.6528,All SNPs
4.8551,All SNPs
6.2196,All SNPs
6.2196,All SNPs
6.2196,All SNPs
6.2196,All SNPs
4.955,All SNPs
7.2392,All SNPs
7.2392,All SNPs
0.6731,All SNPs
0.6731,All SNPs
0.6731,All SNPs
0.6731,All SNPs
0.6731,All SNPs
0.6731,All SNPs
0.6731,All SNPs
0.6731,All SNPs
0.6731,All SNPs
0.6731,All SNPs
0.4709,All SNPs
5.4066,All SNPs
5.4066,All SNPs
5.4066,All SNPs
5.4066,All SNPs
0.059004,All SNPs
0.059004,All SNPs
0.059004,All SNPs
0.059004,All SNPs
0.059004,All SNPs
0.059004,All SNPs
0.059004,All SNPs
0.059004,All SNPs
3.5086,All SNPs
3.5086,All SNPs
3.5086,All SNPs
3.5086,All SNPs
3.5086,All SNPs
3.5086,All SNPs
3.5086,All SNPs
0.15757,All SNPs
0.15757,All SNPs
0.15757,All SNPs
0.15757,All SNPs
0.15757,All SNPs
0.15757,All SNPs
4.9906,All SNPs
4.9906,All SNPs
4.9906,All SNPs
4.9906,All SNPs
4.9906,All SNPs
4.9906,All SNPs
4.9906,All SNPs
4.9906,All SNPs
1.2207,All SNPs
1.2207,All SNPs
1.2207,All SNPs
1.2207,All SNPs
1.2207,All SNPs
1.2207,All SNPs
1.2207,All SNPs
1.2207,All SNPs
1.2207,All SNPs
1.2207,All SNPs
1.2207,All SNPs
1.2207,All SNPs
1.2842,All SNPs
1.2842,All SNPs
1.2842,All SNPs
1.2842,All SNPs
1.2842,All SNPs
1.2842,All SNPs
1.2842,All SNPs
1.2842,All SNPs
1.2842,All SNPs
1.2842,All SNPs
1.2842,All SNPs
1.2842,All SNPs
1.2842,All SNPs
1.2842,All SNPs
1.2842,All SNPs
1.2842,All SNPs
1.2842,All SNPs
1.2842,All SNPs
1.2842,All SNPs
1.2842,All SNPs
1.2842,All SNPs
1.2842,All SNPs
1.2842,All SNPs
1.2842,All SNPs
1.2842,All SNPs
1.2842,All SNPs
1.2842,All SNPs
1.2842,All SNPs
1.2842,All SNPs
1.2842,All SNPs
1.2842,All SNPs
3.9119,All SNPs
3.9119,All SNPs
3.9119,All SNPs
4.5919,All SNPs
4.5919,All SNPs
4.5919,All SNPs
4.0782,All SNPs
4.0782,All SNPs
4.1749,All SNPs
4.1749,All SNPs
0.6221,All SNPs
0.92424,All SNPs
1.1751,All SNPs
5.3088,All SNPs
5.3088,All SNPs
4.0526,All SNPs
4.0526,All SNPs
4.0526,All SNPs
4.0526,All SNPs
4.0526,All SNPs
4.0526,All SNPs
4.0526,All SNPs
4.0526,All SNPs
4.0526,All SNPs
4.0526,All SNPs
4.0526,All SNPs
7.8015,All SNPs
7.8015,All SNPs
7.8015,All SNPs
7.8015,All SNPs
0.14302,All SNPs
0.14302,All SNPs
1.1532,All SNPs
1.1532,All SNPs
1.1532,All SNPs
4.007,All SNPs
4.007,All SNPs
4.007,All SNPs
4.007,All SNPs
4.007,All SNPs
0.22639,All SNPs
0.22639,All SNPs
0.22639,All SNPs
0.22639,All SNPs
0.22639,All SNPs
0.22639,All SNPs
0.22639,All SNPs
0.22639,All SNPs
0.22639,All SNPs
4.118,All SNPs
3.899,All SNPs
3.899,All SNPs
3.899,All SNPs
3.899,All SNPs
3.899,All SNPs
0.90228,All SNPs
0.90228,All SNPs
0.90228,All SNPs
3.4126,All SNPs
3.4126,All SNPs
3.4126,All SNPs
4.7614,All SNPs
6.5766,All SNPs
6.5766,All SNPs
6.5766,All SNPs
6.5766,All SNPs
6.5766,All SNPs
0.48058,All SNPs
0.75306,All SNPs
4.8004,All SNPs
4.8004,All SNPs
4.8004,All SNPs
4.8004,All SNPs
4.8004,All SNPs
4.8004,All SNPs
1.2895,All SNPs
0.88374,All SNPs
4.0804,All SNPs
4.0804,All SNPs
6.4389,All SNPs
3.6405,All SNPs
3.6405,All SNPs
3.6405,All SNPs
3.6405,All SNPs
4.5027,All SNPs
0.7013,All SNPs
0.7013,All SNPs
0.5393,All SNPs
1.1129,All SNPs
1.1129,All SNPs
1.1129,All SNPs
6.61,All SNPs
6.61,All SNPs
6.61,All SNPs
1.309,All SNPs
1.309,All SNPs
1.309,All SNPs
1.309,All SNPs
1.309,All SNPs
1.309,All SNPs
1.309,All SNPs
5.1804,All SNPs
4.9192,All SNPs
4.9192,All SNPs
4.9192,All SNPs
6.3387,All SNPs
6.3387,All SNPs
6.3387,All SNPs
6.3387,All SNPs
6.3387,All SNPs
6.3387,All SNPs
6.3387,All SNPs
1.0614,All SNPs
1.0614,All SNPs
4.904,All SNPs
4.904,All SNPs
4.904,All SNPs
4.904,All SNPs
4.904,All SNPs
4.904,All SNPs
4.904,All SNPs
4.904,All SNPs
6.812,All SNPs
6.812,All SNPs
6.812,All SNPs
6.812,All SNPs
1.2228,All SNPs
6.3817,All SNPs
6.3817,All SNPs
4.586,All SNPs
4.586,All SNPs
4.586,All SNPs
4.586,All SNPs
4.586,All SNPs
4.586,All SNPs
6.4292,All SNPs
4.3252,All SNPs
4.3252,All SNPs
3.3828,All SNPs
0.69968,All SNPs
0.69968,All SNPs
0.69968,All SNPs
0.78693,All SNPs
0.19317,All SNPs
0.19317,All SNPs
0.19317,All SNPs
4.7087,All SNPs
4.7087,All SNPs
4.7087,All SNPs
5.633,All SNPs
5.633,All SNPs
5.633,All SNPs
5.633,All SNPs
5.633,All SNPs
5.633,All SNPs
5.633,All SNPs
5.633,All SNPs
5.633,All SNPs
5.633,All SNPs
5.633,All SNPs
5.633,All SNPs
5.633,All SNPs
5.633,All SNPs
5.633,All SNPs
5.6197,All SNPs
5.6197,All SNPs
5.6197,All SNPs
5.6197,All SNPs
5.6197,All SNPs
5.6197,All SNPs
5.2903,All SNPs
3.9479,All SNPs
5.058,All SNPs
5.058,All SNPs
5.058,All SNPs
5.058,All SNPs
5.058,All SNPs
3.5962,All SNPs
3.5962,All SNPs
3.5962,All SNPs
3.5962,All SNPs
3.5962,All SNPs
3.5962,All SNPs
3.5962,All SNPs
0.38562,All SNPs
1.092,All SNPs
0.79525,All SNPs
5.0881,All SNPs
0.34467,All SNPs
0.34467,All SNPs
0.34467,All SNPs
0.34467,All SNPs
0.89665,All SNPs
1.1486,All SNPs
1.1486,All SNPs
4.8649,All SNPs
6.6655,All SNPs
6.6655,All SNPs
6.6655,All SNPs
6.2193,All SNPs
3.5368,All SNPs
3.5368,All SNPs
1.3007,All SNPs
1.3007,All SNPs
1.3007,All SNPs
1.3007,All SNPs
1.2599,All SNPs
1.2599,All SNPs
1.2599,All SNPs
1.2599,All SNPs
1.2599,All SNPs
0.53234,All SNPs
0.63451,All SNPs
0.63451,All SNPs
0.63451,All SNPs
3.8432,All SNPs
0.95913,All SNPs
4.7582,All SNPs
4.7582,All SNPs
4.7582,All SNPs
4.7582,All SNPs
4.7582,All SNPs
4.7582,All SNPs
4.7582,All SNPs
4.7582,All SNPs
4.7582,All SNPs
4.7582,All SNPs
1.1213,All SNPs
1.1213,All SNPs
1.1213,All SNPs
1.1213,All SNPs
1.1213,All SNPs
1.1213,All SNPs
0.67704,All SNPs
1.0566,All SNPs
4.4852,All SNPs
4.4852,All SNPs
4.4852,All SNPs
4.4852,All SNPs
3.5263,All SNPs
1.065,All SNPs
1.065,All SNPs
1.065,All SNPs
1.065,All SNPs
1.065,All SNPs
1.065,All SNPs
1.065,All SNPs
1.065,All SNPs
1.065,All SNPs
1.065,All SNPs
1.065,All SNPs
1.065,All SNPs
1.065,All SNPs
1.065,All SNPs
1.1373,All SNPs
1.1373,All SNPs
1.1373,All SNPs
1.1373,All SNPs
0.31966,All SNPs
0.19046,All SNPs
0.19046,All SNPs
0.19046,All SNPs
0.19046,All SNPs
0.19046,All SNPs
0.19046,All SNPs
0.19046,All SNPs
0.19046,All SNPs
0.19046,All SNPs
5.6931,All SNPs
5.3598,All SNPs
5.3598,All SNPs
6.2774,All SNPs
1.2982,All SNPs
0.98922,All SNPs
5.6972,All SNPs
4.7716,All SNPs
0.06061,All SNPs
4.7512,All SNPs
1.2862,All SNPs
3.9479,All SNPs
0.29742,All SNPs
0.29742,All SNPs
0.29742,All SNPs
0.29742,All SNPs
0.29742,All SNPs
0.29742,All SNPs
1.0781,All SNPs
1.0781,All SNPs
1.0781,All SNPs
4.2704,All SNPs
0.67549,All SNPs
0.67549,All SNPs
3.6799,All SNPs
5.5055,All SNPs
4.4153,All SNPs
0.91544,All SNPs
4.2663,All SNPs
5.3689,All SNPs
0.89357,All SNPs
0.89357,All SNPs
0.89357,All SNPs
3.9699,All SNPs
3.9699,All SNPs
0.24694,All SNPs
1.3094,All SNPs
1.3094,All SNPs
1.3094,All SNPs
0.059903,All SNPs
4.6828,All SNPs
4.6828,All SNPs
4.6828,All SNPs
4.3376,All SNPs
4.3376,All SNPs
4.3376,All SNPs
4.3376,All SNPs
4.3376,All SNPs
4.3376,All SNPs
4.3376,All SNPs
4.3376,All SNPs
4.3376,All SNPs
4.3376,All SNPs
4.3376,All SNPs
4.3376,All SNPs
4.3376,All SNPs
4.3376,All SNPs
4.3376,All SNPs
4.3376,All SNPs
4.3376,All SNPs
4.3376,All SNPs
4.3376,All SNPs
4.3376,All SNPs
4.3376,All SNPs
4.3376,All SNPs
4.3376,All SNPs
4.3376,All SNPs
4.3376,All SNPs
4.3376,All SNPs
4.3376,All SNPs
4.3376,All SNPs
4.3376,All SNPs
4.3376,All SNPs
4.3376,All SNPs
4.3376,All SNPs
4.3376,All SNPs
4.3376,All SNPs
4.3376,All SNPs
4.3376,All SNPs
4.3376,All SNPs
4.3376,All SNPs
4.3376,All SNPs
4.3376,All SNPs
0.32785,All SNPs
0.32785,All SNPs
0.32785,All SNPs
0.32785,All SNPs
0.32785,All SNPs
0.32785,All SNPs
0.32785,All SNPs
0.32785,All SNPs
0.32785,All SNPs
0.32785,All SNPs
0.32785,All SNPs
0.32785,All SNPs
0.32785,All SNPs
0.32785,All SNPs
0.32785,All SNPs
0.32785,All SNPs
0.32785,All SNPs
0.32785,All SNPs
0.32785,All SNPs
0.32785,All SNPs
0.32785,All SNPs
0.32785,All SNPs
0.32785,All SNPs
0.32785,All SNPs
0.32785,All SNPs
0.32785,All SNPs
0.32785,All SNPs
0.32785,All SNPs
0.32785,All SNPs
0.32785,All SNPs
0.32785,All SNPs
0.32785,All SNPs
0.32785,All SNPs
0.32785,All SNPs
1.2162,All SNPs
1.2162,All SNPs
1.2162,All SNPs
1.2162,All SNPs
1.2162,All SNPs
1.2162,All SNPs
1.2162,All SNPs
1.2162,All SNPs
1.2162,All SNPs
1.2162,All SNPs
1.2162,All SNPs
1.2162,All SNPs
1.2162,All SNPs
1.2162,All SNPs
1.2162,All SNPs
1.2162,All SNPs
1.2162,All SNPs
1.2162,All SNPs
1.2162,All SNPs
1.2162,All SNPs
1.2162,All SNPs
1.2162,All SNPs
1.2162,All SNPs
1.2162,All SNPs
1.2162,All SNPs
1.2162,All SNPs
1.2162,All SNPs
1.2162,All SNPs
1.2162,All SNPs
1.2162,All SNPs
1.2162,All SNPs
1.2162,All SNPs
1.2162,All SNPs
1.2162,All SNPs
1.2162,All SNPs
1.2162,All SNPs
1.2555,All SNPs
0.49318,All SNPs
0.49318,All SNPs
0.49318,All SNPs
3.6597,All SNPs
3.6597,All SNPs
3.6597,All SNPs
3.6597,All SNPs
3.6597,All SNPs
3.6597,All SNPs
3.6597,All SNPs
3.6597,All SNPs
1.0782,All SNPs
1.0782,All SNPs
1.0782,All SNPs
1.0782,All SNPs
1.0782,All SNPs
1.0782,All SNPs
1.1427,All SNPs
4.1105,All SNPs
1.3476,All SNPs
0.5481,All SNPs
0.5481,All SNPs
0.5481,All SNPs
0.5481,All SNPs
1.2967,All SNPs
1.2967,All SNPs
0.89261,All SNPs
0.89261,All SNPs
0.56144,All SNPs
0.56144,All SNPs
1.3489,All SNPs
4.2239,All SNPs
4.2239,All SNPs
0.37971,All SNPs
0.37971,All SNPs
0.37971,All SNPs
0.37971,All SNPs
0.37971,All SNPs
0.37971,All SNPs
0.37971,All SNPs
0.37971,All SNPs
0.37971,All SNPs
0.37971,All SNPs
0.37971,All SNPs
0.37971,All SNPs
0.37971,All SNPs
0.37971,All SNPs
0.37971,All SNPs
0.37971,All SNPs
0.37971,All SNPs
0.37971,All SNPs
0.37971,All SNPs
0.37971,All SNPs
0.37971,All SNPs
0.37971,All SNPs
0.37971,All SNPs
0.37971,All SNPs
0.37971,All SNPs
0.37971,All SNPs
0.37971,All SNPs
0.37971,All SNPs
0.37971,All SNPs
0.37971,All SNPs
0.37971,All SNPs
0.37971,All SNPs
3.5997,All SNPs
3.5997,All SNPs
3.5997,All SNPs
3.5997,All SNPs
3.5997,All SNPs
3.5997,All SNPs
3.5997,All SNPs
3.5997,All SNPs
3.8263,All SNPs
3.8263,All SNPs
6.6399,All SNPs
6.6399,All SNPs
6.6399,All SNPs
3.5344,All SNPs
1.2418,All SNPs
1.2418,All SNPs
1.2418,All SNPs
0.086852,All SNPs
0.086852,All SNPs
0.086852,All SNPs
0.7778,All SNPs
0.7778,All SNPs
0.7778,All SNPs
0.7778,All SNPs
0.7778,All SNPs
0.7778,All SNPs
4.8738,All SNPs
4.8738,All SNPs
4.8738,All SNPs
3.6471,All SNPs
3.7929,All SNPs
3.7929,All SNPs
3.7929,All SNPs
3.7929,All SNPs
3.7929,All SNPs
3.7929,All SNPs
4.0413,All SNPs
4.0413,All SNPs
4.0413,All SNPs
0.3912,All SNPs
0.79207,All SNPs
0.79207,All SNPs
0.79207,All SNPs
1.0963,All SNPs
1.0963,All SNPs
1.0963,All SNPs
1.0963,All SNPs
1.0963,All SNPs
1.0963,All SNPs
1.0963,All SNPs
1.0963,All SNPs
1.0963,All SNPs
1.0963,All SNPs
1.0963,All SNPs
1.0963,All SNPs
0.75782,All SNPs
0.75782,All SNPs
0.75782,All SNPs
0.75782,All SNPs
5.2141,All SNPs
5.2141,All SNPs
4.3544,All SNPs
4.3544,All SNPs
4.3544,All SNPs
4.3544,All SNPs
4.3544,All SNPs
4.3544,All SNPs
4.3544,All SNPs
1.0561,All SNPs
1.0561,All SNPs
1.0561,All SNPs
1.0561,All SNPs
1.0561,All SNPs
1.0561,All SNPs
1.0561,All SNPs
0.56441,All SNPs
0.56441,All SNPs
7.1986,All SNPs
7.1986,All SNPs
5.3335,All SNPs
5.3335,All SNPs
4.7668,All SNPs
4.7668,All SNPs
4.7668,All SNPs
6.46,All SNPs
6.46,All SNPs
5.0545,All SNPs
5.0545,All SNPs
5.0545,All SNPs
5.0545,All SNPs
5.0545,All SNPs
5.0545,All SNPs
5.0545,All SNPs
5.0545,All SNPs
5.0545,All SNPs
5.0545,All SNPs
5.0545,All SNPs
5.0545,All SNPs
6.1777,All SNPs
6.1777,All SNPs
6.1777,All SNPs
1.01,All SNPs
1.01,All SNPs
1.287,All SNPs
1.287,All SNPs
1.287,All SNPs
1.287,All SNPs
1.287,All SNPs
1.287,All SNPs
1.287,All SNPs
1.287,All SNPs
1.287,All SNPs
5.1795,All SNPs
5.1795,All SNPs
5.1795,All SNPs
7.1454,All SNPs
7.1454,All SNPs
3.8995,All SNPs
3.8995,All SNPs
5.9127,All SNPs
5.3469,All SNPs
4.877,All SNPs
4.877,All SNPs
4.877,All SNPs
4.877,All SNPs
4.877,All SNPs
4.877,All SNPs
3.998,All SNPs
3.5023,All SNPs
3.5023,All SNPs
3.5023,All SNPs
3.5023,All SNPs
4.61,All SNPs
5.3068,All SNPs
5.3068,All SNPs
5.3068,All SNPs
5.3068,All SNPs
5.3068,All SNPs
5.3068,All SNPs
5.3068,All SNPs
5.3068,All SNPs
4.7237,All SNPs
4.7237,All SNPs
4.7237,All SNPs
4.7237,All SNPs
4.7237,All SNPs
4.7237,All SNPs
4.7237,All SNPs
4.7237,All SNPs
4.7237,All SNPs
4.7237,All SNPs
4.8694,All SNPs
4.3392,All SNPs
4.3392,All SNPs
4.3392,All SNPs
4.3392,All SNPs
4.3392,All SNPs
3.5273,All SNPs
3.5273,All SNPs
3.5273,All SNPs
1.1904,All SNPs
1.1904,All SNPs
1.1904,All SNPs
1.1904,All SNPs
1.1904,All SNPs
1.1904,All SNPs
1.3228,All SNPs
1.3228,All SNPs
1.3228,All SNPs
1.3228,All SNPs
1.3228,All SNPs
1.3228,All SNPs
8.105,All SNPs
6.9712,All SNPs
6.9712,All SNPs
6.9712,All SNPs
6.9712,All SNPs
6.9712,All SNPs
6.9712,All SNPs
1.2155,All SNPs
0.51665,All SNPs
0.51665,All SNPs
0.085799,All SNPs
1.3149,All SNPs
1.2519,All SNPs
1.2519,All SNPs
3.6089,All SNPs
3.6089,All SNPs
3.6089,All SNPs
3.6089,All SNPs
3.6089,All SNPs
3.6089,All SNPs
3.6089,All SNPs
3.6089,All SNPs
3.6089,All SNPs
3.6089,All SNPs
3.6089,All SNPs
1.1798,All SNPs
1.1798,All SNPs
3.6755,All SNPs
3.6755,All SNPs
3.6755,All SNPs
3.6755,All SNPs
3.6755,All SNPs
3.6755,All SNPs
3.6755,All SNPs
7.0742,All SNPs
1.1582,All SNPs
5.2382,All SNPs
5.2382,All SNPs
5.2382,All SNPs
6.2271,All SNPs
6.2271,All SNPs
6.2271,All SNPs
6.0575,All SNPs
5.8068,All SNPs
5.8068,All SNPs
5.8068,All SNPs
5.4371,All SNPs
5.4371,All SNPs
5.4371,All SNPs
5.4371,All SNPs
5.4371,All SNPs
5.4371,All SNPs
5.4371,All SNPs
5.4371,All SNPs
5.4371,All SNPs
5.4371,All SNPs
5.4371,All SNPs
5.4371,All SNPs
5.4371,All SNPs
5.4371,All SNPs
5.4371,All SNPs
0.54489,All SNPs
0.54489,All SNPs
0.54489,All SNPs
5.4349,All SNPs
5.4349,All SNPs
8.7458,All SNPs
8.7458,All SNPs
8.7458,All SNPs
8.7458,All SNPs
8.7458,All SNPs
8.7458,All SNPs
3.9977,All SNPs
3.6987,All SNPs
3.6987,All SNPs
3.6987,All SNPs
3.6987,All SNPs
3.6987,All SNPs
4.713,All SNPs
4.713,All SNPs
6.4843,All SNPs
6.4843,All SNPs
7.9055,All SNPs
7.9055,All SNPs
7.5509,All SNPs
7.5509,All SNPs
7.5509,All SNPs
7.5509,All SNPs
7.5509,All SNPs
7.5509,All SNPs
7.5509,All SNPs
7.5509,All SNPs
7.5509,All SNPs
4.254,All SNPs
4.254,All SNPs
4.254,All SNPs
4.254,All SNPs
4.254,All SNPs
4.254,All SNPs
4.254,All SNPs
0.9576,All SNPs
5.8053,All SNPs
5.8053,All SNPs
5.8053,All SNPs
1.0688,All SNPs
1.0688,All SNPs
1.0688,All SNPs
1.0688,All SNPs
1.0688,All SNPs
3.4807,All SNPs
3.4807,All SNPs
3.4807,All SNPs
1.2806,All SNPs
1.2806,All SNPs
7.1089,All SNPs
7.1089,All SNPs
7.1089,All SNPs
7.1089,All SNPs
7.1089,All SNPs
7.1089,All SNPs
7.1089,All SNPs
7.1089,All SNPs
5.5113,All SNPs
0.92377,All SNPs
0.92377,All SNPs
4.0875,All SNPs
1.3192,All SNPs
1.3192,All SNPs
3.5355,All SNPs
0.0023268,All SNPs
1.176,All SNPs
1.176,All SNPs
1.176,All SNPs
1.176,All SNPs
1.176,All SNPs
1.176,All SNPs
3.9816,All SNPs
3.9816,All SNPs
3.9816,All SNPs
1.0026,All SNPs
4.5356,All SNPs
4.5356,All SNPs
0.5434,All SNPs
5.0881,All SNPs
5.0881,All SNPs
5.0881,All SNPs
5.0881,All SNPs
7.9753,All SNPs
3.7046,All SNPs
3.7046,All SNPs
3.7046,All SNPs
3.7046,All SNPs
3.7046,All SNPs
3.7046,All SNPs
3.7046,All SNPs
3.7046,All SNPs
3.7046,All SNPs
3.9242,All SNPs
1.322,All SNPs
1.322,All SNPs
1.322,All SNPs
0.02306,All SNPs
3.5824,All SNPs
0.84116,All SNPs
0.79178,All SNPs
7.3543,All SNPs
7.3543,All SNPs
7.3543,All SNPs
7.3543,All SNPs
7.3543,All SNPs
5.1721,All SNPs
5.1721,All SNPs
0.41641,All SNPs
0.41641,All SNPs
0.41641,All SNPs
0.41641,All SNPs
0.41641,All SNPs
9.1792,All SNPs
9.1792,All SNPs
4.5937,All SNPs
1.0953,All SNPs
4.4664,All SNPs
6.1748,All SNPs
6.1748,All SNPs
6.1748,All SNPs
4.8833,All SNPs
3.3726,All SNPs
0.062282,All SNPs
0.062282,All SNPs
4.5021,All SNPs
4.5021,All SNPs
4.5021,All SNPs
4.1151,All SNPs
5.3946,All SNPs
5.3946,All SNPs
5.3946,All SNPs
4.3581,All SNPs
4.3581,All SNPs
4.0096,All SNPs
4.0096,All SNPs
4.0096,All SNPs
4.0096,All SNPs
4.0096,All SNPs
4.0096,All SNPs
4.0096,All SNPs
4.0096,All SNPs
4.0096,All SNPs
4.0096,All SNPs
1.3401,All SNPs
1.3401,All SNPs
4.0619,All SNPs
0.39777,All SNPs
0.39777,All SNPs
0.39777,All SNPs
0.39777,All SNPs
0.39777,All SNPs
0.39777,All SNPs
0.39777,All SNPs
0.39777,All SNPs
0.39777,All SNPs
0.39777,All SNPs
0.39777,All SNPs
4.3446,All SNPs
0.94854,All SNPs
1.0612,All SNPs
1.0612,All SNPs
1.0612,All SNPs
6.6883,All SNPs
0.9822,All SNPs
0.9822,All SNPs
0.9822,All SNPs
0.9822,All SNPs
1.1675,All SNPs
1.1675,All SNPs
1.1675,All SNPs
1.1675,All SNPs
1.1675,All SNPs
6.7577,All SNPs
6.7577,All SNPs
6.7577,All SNPs
6.7577,All SNPs
6.7577,All SNPs
6.7577,All SNPs
1.2867,All SNPs
1.2867,All SNPs
0.80938,All SNPs
0.80938,All SNPs
1.2479,All SNPs
1.2479,All SNPs
1.002,All SNPs
1.002,All SNPs
4.3725,All SNPs
8.8898,All SNPs
1.0855,All SNPs
5.0105,All SNPs
5.0105,All SNPs
5.0105,All SNPs
5.0105,All SNPs
5.0105,All SNPs
5.0105,All SNPs
3.4413,All SNPs
3.4413,All SNPs
3.4413,All SNPs
3.4413,All SNPs
3.4413,All SNPs
6.9712,All SNPs
6.1746,All SNPs
6.1746,All SNPs
4.2891,All SNPs
4.2891,All SNPs
4.2891,All SNPs
4.2891,All SNPs
4.2891,All SNPs
1.1557,All SNPs
3.7694,All SNPs
3.7694,All SNPs
3.7694,All SNPs
3.7694,All SNPs
3.7694,All SNPs
3.7694,All SNPs
3.7694,All SNPs
3.7694,All SNPs
3.7694,All SNPs
6.7796,All SNPs
6.7796,All SNPs
3.6997,All SNPs
3.6997,All SNPs
3.6997,All SNPs
3.6997,All SNPs
3.6997,All SNPs
3.6997,All SNPs
3.6997,All SNPs
3.6997,All SNPs
3.6997,All SNPs
3.6997,All SNPs
3.6997,All SNPs
3.6997,All SNPs
1.158,All SNPs
1.158,All SNPs
1.158,All SNPs
1.158,All SNPs
1.158,All SNPs
1.158,All SNPs
1.0919,All SNPs
3.6123,All SNPs
3.6123,All SNPs
3.8675,All SNPs
0.421,All SNPs
0.421,All SNPs
0.421,All SNPs
8.7984,All SNPs
4.9281,All SNPs
4.9281,All SNPs
0.89073,All SNPs
1.11,All SNPs
4.6831,All SNPs
4.6831,All SNPs
4.0796,All SNPs
4.0796,All SNPs
4.0796,All SNPs
1.1872,All SNPs
3.7431,All SNPs
1.3039,All SNPs
3.373,All SNPs
3.373,All SNPs
3.373,All SNPs
3.373,All SNPs
3.373,All SNPs
3.373,All SNPs
3.373,All SNPs
3.373,All SNPs
3.373,All SNPs
3.373,All SNPs
3.373,All SNPs
3.373,All SNPs
3.373,All SNPs
3.373,All SNPs
4.6371,All SNPs
4.6371,All SNPs
4.6371,All SNPs
4.6371,All SNPs
4.6371,All SNPs
4.6371,All SNPs
3.8528,All SNPs
3.8528,All SNPs
0.58311,All SNPs
0.58311,All SNPs
0.58311,All SNPs
0.58311,All SNPs
0.58311,All SNPs
0.58311,All SNPs
1.3162,All SNPs
1.3162,All SNPs
3.8738,All SNPs
0.89977,All SNPs
5.0471,All SNPs
0.12141,All SNPs
6.3838,All SNPs
4.7361,All SNPs
0.9715,All SNPs
0.9715,All SNPs
6.0654,All SNPs
0.078977,All SNPs
3.6231,All SNPs
5.4043,All SNPs
5.4043,All SNPs
5.4043,All SNPs
5.4043,All SNPs
5.4043,All SNPs
5.4043,All SNPs
5.4043,All SNPs
5.4043,All SNPs
5.4043,All SNPs
5.4043,All SNPs
5.4043,All SNPs
5.4043,All SNPs
5.4043,All SNPs
7.5137,All SNPs
3.6358,All SNPs
3.6358,All SNPs
3.6358,All SNPs
3.6358,All SNPs
3.6358,All SNPs
3.6358,All SNPs
3.6358,All SNPs
3.6358,All SNPs
3.6358,All SNPs
3.6358,All SNPs
3.6358,All SNPs
3.6358,All SNPs
3.6358,All SNPs
3.6358,All SNPs
3.6358,All SNPs
3.6358,All SNPs
1.3539,All SNPs
1.3539,All SNPs
1.3539,All SNPs
1.3539,All SNPs
1.3539,All SNPs
1.3539,All SNPs
1.3539,All SNPs
1.3539,All SNPs
1.3539,All SNPs
1.3539,All SNPs
0.71568,All SNPs
0.71568,All SNPs
0.71568,All SNPs
0.71568,All SNPs
0.71568,All SNPs
4.3841,All SNPs
4.3841,All SNPs
0.67388,All SNPs
0.70852,All SNPs
0.70852,All SNPs
0.70852,All SNPs
0.70852,All SNPs
0.70852,All SNPs
0.70852,All SNPs
0.70852,All SNPs
0.70852,All SNPs
0.70852,All SNPs
0.70852,All SNPs
0.70852,All SNPs
1.0332,All SNPs
6.2666,All SNPs
6.2666,All SNPs
6.2666,All SNPs
0.064411,All SNPs
0.74369,All SNPs
0.74369,All SNPs
0.74369,All SNPs
0.74369,All SNPs
6.247,All SNPs
3.6066,All SNPs
6.3997,All SNPs
6.3997,All SNPs
6.3997,All SNPs
6.3997,All SNPs
6.3997,All SNPs
6.3997,All SNPs
6.3997,All SNPs
6.3997,All SNPs
6.3997,All SNPs
6.3997,All SNPs
6.3997,All SNPs
6.3997,All SNPs
6.3997,All SNPs
6.3997,All SNPs
6.3997,All SNPs
6.3997,All SNPs
6.3997,All SNPs
6.3997,All SNPs
6.3997,All SNPs
6.3997,All SNPs
6.3997,All SNPs
6.3997,All SNPs
6.3997,All SNPs
6.3997,All SNPs
0.20049,All SNPs
3.5917,All SNPs
3.8216,All SNPs
1.1546,All SNPs
3.6463,All SNPs
0.93283,All SNPs
0.93283,All SNPs
0.93283,All SNPs
0.93283,All SNPs
0.93283,All SNPs
0.93283,All SNPs
0.93283,All SNPs
0.93283,All SNPs
0.93283,All SNPs
0.93283,All SNPs
0.93283,All SNPs
0.93283,All SNPs
0.93283,All SNPs
0.93283,All SNPs
0.93283,All SNPs
0.93283,All SNPs
0.93283,All SNPs
0.93283,All SNPs
0.93283,All SNPs
0.93283,All SNPs
0.93283,All SNPs
0.93283,All SNPs
0.93283,All SNPs
0.93283,All SNPs
0.93283,All SNPs
0.93283,All SNPs
0.93283,All SNPs
0.93283,All SNPs
0.93283,All SNPs
0.93283,All SNPs
0.93283,All SNPs
0.93283,All SNPs
0.93283,All SNPs
0.93283,All SNPs
0.93283,All SNPs
0.93283,All SNPs
0.93283,All SNPs
0.93283,All SNPs
0.93283,All SNPs
0.93283,All SNPs
0.93283,All SNPs
0.93283,All SNPs
0.93283,All SNPs
0.93283,All SNPs
0.93283,All SNPs
0.93283,All SNPs
0.93283,All SNPs
0.93283,All SNPs
0.93283,All SNPs
0.93283,All SNPs
0.93283,All SNPs
0.93283,All SNPs
0.93283,All SNPs
0.93283,All SNPs
0.93283,All SNPs
0.93283,All SNPs
0.93283,All SNPs
0.93283,All SNPs
0.93283,All SNPs
0.93283,All SNPs
0.93283,All SNPs
0.93283,All SNPs
0.93283,All SNPs
4.0236,All SNPs
4.0236,All SNPs
4.0236,All SNPs
4.0236,All SNPs
4.0236,All SNPs
4.0236,All SNPs
4.0236,All SNPs
3.7018,All SNPs
3.7018,All SNPs
3.7018,All SNPs
3.7018,All SNPs
5.916,All SNPs
5.916,All SNPs
5.4537,All SNPs
1.003,All SNPs
1.003,All SNPs
3.4543,All SNPs
8.5922,All SNPs
8.5922,All SNPs
8.5922,All SNPs
8.5922,All SNPs
8.5922,All SNPs
8.5922,All SNPs
8.5922,All SNPs
1.2586,All SNPs
5.626,All SNPs
5.626,All SNPs
5.626,All SNPs
0.72077,All SNPs
0.78536,All SNPs
0.78536,All SNPs
0.78536,All SNPs
0.64269,All SNPs
0.64269,All SNPs
0.64269,All SNPs
5.0182,All SNPs
5.0182,All SNPs
5.0182,All SNPs
5.0182,All SNPs
1.2059,All SNPs
1.2059,All SNPs
1.2059,All SNPs
1.2059,All SNPs
1.1285,All SNPs
4.7692,All SNPs
4.7692,All SNPs
4.7692,All SNPs
4.7692,All SNPs
4.7692,All SNPs
4.7692,All SNPs
1.3254,All SNPs
0.63142,All SNPs
0.63142,All SNPs
4.8442,All SNPs
4.8442,All SNPs
0.86382,All SNPs
4.0176,All SNPs
4.0176,All SNPs
4.0176,All SNPs
4.0176,All SNPs
4.0176,All SNPs
6.465,All SNPs
6.465,All SNPs
1.0645,All SNPs
1.0645,All SNPs
0.96889,All SNPs
0.96889,All SNPs
0.96889,All SNPs
1.0193,All SNPs
1.0193,All SNPs
1.0193,All SNPs
1.0193,All SNPs
1.0193,All SNPs
1.0193,All SNPs
1.0193,All SNPs
1.0193,All SNPs
1.3461,All SNPs
1.2653,All SNPs
1.2653,All SNPs
4.1456,All SNPs
4.1456,All SNPs
4.1456,All SNPs
4.1456,All SNPs
4.1456,All SNPs
4.1456,All SNPs
4.1456,All SNPs
4.1456,All SNPs
4.1456,All SNPs
4.1456,All SNPs
4.1456,All SNPs
4.1456,All SNPs
3.4393,All SNPs
3.4393,All SNPs
3.4393,All SNPs
3.4393,All SNPs
3.4393,All SNPs
3.4393,All SNPs
3.4393,All SNPs
3.4393,All SNPs
3.4393,All SNPs
3.4393,All SNPs
3.4393,All SNPs
0.99561,All SNPs
0.99561,All SNPs
0.99561,All SNPs
0.3716,All SNPs
0.3716,All SNPs
3.4032,All SNPs
4.2769,All SNPs
4.2769,All SNPs
4.2769,All SNPs
4.2769,All SNPs
4.2769,All SNPs
4.2769,All SNPs
4.198,All SNPs
4.198,All SNPs
1.2766,All SNPs
1.2766,All SNPs
1.064,All SNPs
1.064,All SNPs
0.98709,All SNPs
0.64422,All SNPs
0.64422,All SNPs
0.64422,All SNPs
0.64422,All SNPs
0.64422,All SNPs
0.64422,All SNPs
0.64422,All SNPs
0.64422,All SNPs
0.64422,All SNPs
0.64422,All SNPs
0.64422,All SNPs
0.64422,All SNPs
0.64422,All SNPs
1.2953,All SNPs
1.2953,All SNPs
1.2953,All SNPs
1.2953,All SNPs
1.2953,All SNPs
7.3371,All SNPs
7.3371,All SNPs
7.3371,All SNPs
7.3371,All SNPs
7.3371,All SNPs
4.3501,All SNPs
4.3501,All SNPs
4.3501,All SNPs
4.3501,All SNPs
4.3501,All SNPs
1.0695,All SNPs
4.086,All SNPs
4.086,All SNPs
0.1966,All SNPs
0.1966,All SNPs
0.1966,All SNPs
4.3993,All SNPs
4.3993,All SNPs
4.3993,All SNPs
4.3993,All SNPs
4.3993,All SNPs
4.3993,All SNPs
4.3993,All SNPs
4.3993,All SNPs
4.3993,All SNPs
1.0219,All SNPs
1.0219,All SNPs
1.0219,All SNPs
1.0219,All SNPs
0.86466,All SNPs
0.86466,All SNPs
5.7934,All SNPs
5.7934,All SNPs
5.7934,All SNPs
5.7934,All SNPs
5.7934,All SNPs
5.7934,All SNPs
5.7934,All SNPs
5.7934,All SNPs
5.7934,All SNPs
5.7934,All SNPs
5.7934,All SNPs
5.7934,All SNPs
5.7934,All SNPs
5.7934,All SNPs
5.7934,All SNPs
5.7934,All SNPs
5.7934,All SNPs
5.7934,All SNPs
5.7934,All SNPs
5.7934,All SNPs
0.44418,All SNPs
5.8689,All SNPs
5.8689,All SNPs
5.8689,All SNPs
5.8689,All SNPs
5.8689,All SNPs
0.72981,All SNPs
0.72981,All SNPs
0.72981,All SNPs
0.72981,All SNPs
4.6875,All SNPs
1.0374,All SNPs
1.0374,All SNPs
1.0374,All SNPs
5.5931,All SNPs
5.5931,All SNPs
5.5931,All SNPs
5.5931,All SNPs
5.5931,All SNPs
1.1261,All SNPs
1.1261,All SNPs
1.1261,All SNPs
4.381,All SNPs
4.381,All SNPs
4.381,All SNPs
4.381,All SNPs
0.87383,All SNPs
0.87383,All SNPs
0.87383,All SNPs
4.4875,All SNPs
4.4875,All SNPs
0.82957,All SNPs
0.82957,All SNPs
1.18,All SNPs
1.18,All SNPs
4.3161,All SNPs
1.2516,All SNPs
1.2516,All SNPs
1.3066,All SNPs
1.3066,All SNPs
1.3066,All SNPs
4.4262,All SNPs
4.4262,All SNPs
4.4262,All SNPs
4.4262,All SNPs
4.4262,All SNPs
1.2679,All SNPs
8.4735,All SNPs
8.4735,All SNPs
8.4735,All SNPs
0.3749,All SNPs
0.3749,All SNPs
5.9229,All SNPs
5.9229,All SNPs
4.9026,All SNPs
4.9026,All SNPs
0.48385,All SNPs
0.48385,All SNPs
0.48385,All SNPs
0.48385,All SNPs
0.48385,All SNPs
0.48385,All SNPs
0.50712,All SNPs
5.0201,All SNPs
4.1476,All SNPs
4.1476,All SNPs
4.1476,All SNPs
4.1476,All SNPs
4.122,All SNPs
4.122,All SNPs
4.122,All SNPs
4.122,All SNPs
4.122,All SNPs
4.122,All SNPs
4.122,All SNPs
4.122,All SNPs
4.122,All SNPs
4.122,All SNPs
4.122,All SNPs
4.122,All SNPs
4.122,All SNPs
4.122,All SNPs
4.122,All SNPs
4.122,All SNPs
4.122,All SNPs
4.122,All SNPs
4.122,All SNPs
4.122,All SNPs
4.122,All SNPs
4.122,All SNPs
4.122,All SNPs
4.122,All SNPs
4.122,All SNPs
4.122,All SNPs
4.122,All SNPs
4.122,All SNPs
4.122,All SNPs
4.122,All SNPs
4.122,All SNPs
4.122,All SNPs
4.122,All SNPs
4.122,All SNPs
4.122,All SNPs
4.122,All SNPs
4.122,All SNPs
4.122,All SNPs
4.122,All SNPs
4.122,All SNPs
4.122,All SNPs
4.122,All SNPs
4.122,All SNPs
4.122,All SNPs
4.122,All SNPs
4.122,All SNPs
4.122,All SNPs
4.122,All SNPs
4.122,All SNPs
4.122,All SNPs
4.122,All SNPs
4.122,All SNPs
4.122,All SNPs
4.122,All SNPs
4.122,All SNPs
4.122,All SNPs
4.122,All SNPs
4.122,All SNPs
4.122,All SNPs
4.122,All SNPs
4.122,All SNPs
4.122,All SNPs
4.122,All SNPs
4.122,All SNPs
4.122,All SNPs
4.122,All SNPs
1.2199,All SNPs
5.76,All SNPs
5.76,All SNPs
5.76,All SNPs
5.76,All SNPs
5.5797,All SNPs
4.2054,All SNPs
1.1655,All SNPs
1.1655,All SNPs
1.1655,All SNPs
1.1655,All SNPs
1.1655,All SNPs
1.1655,All SNPs
1.1655,All SNPs
1.1655,All SNPs
0.48616,All SNPs
4.2058,All SNPs
1.3277,All SNPs
1.3277,All SNPs
1.3277,All SNPs
0.66975,All SNPs
5.8426,All SNPs
5.8426,All SNPs
7.084,All SNPs
4.009,All SNPs
4.009,All SNPs
4.009,All SNPs
0.50568,All SNPs
0.50568,All SNPs
0.50568,All SNPs
1.3046,All SNPs
1.3046,All SNPs
1.3046,All SNPs
1.3046,All SNPs
1.3046,All SNPs
1.3046,All SNPs
1.3046,All SNPs
1.3046,All SNPs
1.3046,All SNPs
1.3046,All SNPs
1.3046,All SNPs
1.3046,All SNPs
1.0921,All SNPs
1.1819,All SNPs
8.0026,All SNPs
4.2091,All SNPs
0.88998,All SNPs
0.88998,All SNPs
0.88998,All SNPs
4.5393,All SNPs
1.1331,All SNPs
1.1331,All SNPs
1.1331,All SNPs
1.1331,All SNPs
3.8912,All SNPs
3.8912,All SNPs
1.274,All SNPs
1.274,All SNPs
1.274,All SNPs
4.011,All SNPs
1.2756,All SNPs
1.2756,All SNPs
1.2756,All SNPs
1.0381,All SNPs
1.0381,All SNPs
1.0381,All SNPs
1.0381,All SNPs
1.0381,All SNPs
1.0381,All SNPs
1.0381,All SNPs
1.2387,All SNPs
7.1563,All SNPs
0.76994,All SNPs
0.32948,All SNPs
0.32948,All SNPs
0.32948,All SNPs
0.32948,All SNPs
5.0471,All SNPs
5.0471,All SNPs
0.8115,All SNPs
0.8115,All SNPs
0.8115,All SNPs
0.8115,All SNPs
0.8115,All SNPs
0.8115,All SNPs
0.8115,All SNPs
0.8115,All SNPs
0.8115,All SNPs
0.8115,All SNPs
0.8115,All SNPs
0.8115,All SNPs
0.8115,All SNPs
4.2469,All SNPs
4.2469,All SNPs
5.1753,All SNPs
5.1753,All SNPs
5.1753,All SNPs
3.732,All SNPs
0.031109,All SNPs
0.031109,All SNPs
0.031109,All SNPs
0.031109,All SNPs
0.78135,All SNPs
0.78135,All SNPs
0.78135,All SNPs
0.78135,All SNPs
0.78135,All SNPs
0.78135,All SNPs
0.78135,All SNPs
0.78135,All SNPs
0.78135,All SNPs
0.78135,All SNPs
0.78135,All SNPs
3.8322,All SNPs
3.4378,All SNPs
3.4378,All SNPs
3.4378,All SNPs
0.71577,All SNPs
0.71577,All SNPs
4.659,All SNPs
4.659,All SNPs
4.659,All SNPs
4.9333,All SNPs
3.7613,All SNPs
4.2122,All SNPs
4.2122,All SNPs
4.2122,All SNPs
4.2122,All SNPs
4.2122,All SNPs
4.2122,All SNPs
5.8983,All SNPs
0.097887,All SNPs
4.0977,All SNPs
4.0977,All SNPs
5.6001,All SNPs
6.2735,All SNPs
1.2202,All SNPs
1.2202,All SNPs
0.80606,All SNPs
0.80606,All SNPs
7.7627,All SNPs
7.7627,All SNPs
7.7627,All SNPs
4.6976,All SNPs
4.6976,All SNPs
4.6976,All SNPs
4.6976,All SNPs
4.6976,All SNPs
4.6976,All SNPs
4.6976,All SNPs
4.6976,All SNPs
4.4879,All SNPs
3.9285,All SNPs
3.9285,All SNPs
3.9285,All SNPs
1.0659,All SNPs
1.0659,All SNPs
1.0659,All SNPs
1.0659,All SNPs
1.0659,All SNPs
1.0659,All SNPs
1.0659,All SNPs
4.7748,All SNPs
4.7748,All SNPs
4.7748,All SNPs
0.64051,All SNPs
0.64051,All SNPs
1.0767,All SNPs
1.0767,All SNPs
1.0767,All SNPs
1.0767,All SNPs
6.62,All SNPs
4.2336,All SNPs
4.2336,All SNPs
4.6187,All SNPs
0.91831,All SNPs
0.91831,All SNPs
4.4172,All SNPs
4.8423,All SNPs
0.72045,All SNPs
0.72045,All SNPs
0.72045,All SNPs
0.72045,All SNPs
3.6111,All SNPs
3.6111,All SNPs
3.6111,All SNPs
4.0137,All SNPs
4.0137,All SNPs
4.0137,All SNPs
4.0137,All SNPs
4.0137,All SNPs
4.0137,All SNPs
3.4897,All SNPs
6.5517,All SNPs
6.5517,All SNPs
6.5517,All SNPs
6.5517,All SNPs
6.5517,All SNPs
5.5392,All SNPs
5.5392,All SNPs
5.5392,All SNPs
5.5392,All SNPs
5.5392,All SNPs
5.5392,All SNPs
5.5392,All SNPs
5.5392,All SNPs
5.5392,All SNPs
5.5392,All SNPs
5.5392,All SNPs
5.5392,All SNPs
5.5392,All SNPs
5.5392,All SNPs
5.5392,All SNPs
5.5392,All SNPs
5.5392,All SNPs
5.5392,All SNPs
5.5392,All SNPs
5.5392,All SNPs
5.5392,All SNPs
0.3743,All SNPs
0.3743,All SNPs
0.3743,All SNPs
0.3743,All SNPs
0.3743,All SNPs
5.0785,All SNPs
0.87501,All SNPs
7.4486,All SNPs
7.7029,All SNPs
7.7029,All SNPs
7.7029,All SNPs
7.7029,All SNPs
7.7029,All SNPs
7.7029,All SNPs
7.7029,All SNPs
7.7029,All SNPs
7.7029,All SNPs
7.7029,All SNPs
7.7029,All SNPs
7.7029,All SNPs
7.7029,All SNPs
5.2677,All SNPs
5.2677,All SNPs
4.0648,All SNPs
4.0648,All SNPs
4.0648,All SNPs
4.0648,All SNPs
4.0648,All SNPs
4.0648,All SNPs
4.0648,All SNPs
1.0559,All SNPs
1.0559,All SNPs
6.9339,All SNPs
6.9339,All SNPs
7.755,All SNPs
0.8529,All SNPs
1.1764,All SNPs
0.30476,All SNPs
0.30476,All SNPs
0.30476,All SNPs
4.0992,All SNPs
1.152,All SNPs
3.4645,All SNPs
1.3235,All SNPs
1.3235,All SNPs
1.3235,All SNPs
1.3235,All SNPs
1.3235,All SNPs
6.9749,All SNPs
1.0941,All SNPs
1.0941,All SNPs
1.0941,All SNPs
1.0941,All SNPs
0.59558,All SNPs
0.59558,All SNPs
0.59558,All SNPs
0.59558,All SNPs
6.9992,All SNPs
6.9992,All SNPs
3.4375,All SNPs
3.4375,All SNPs
3.4375,All SNPs
3.4375,All SNPs
3.4375,All SNPs
0.32823,All SNPs
0.32823,All SNPs
0.32823,All SNPs
0.32823,All SNPs
0.32823,All SNPs
5.4617,All SNPs
5.4617,All SNPs
0.84787,All SNPs
0.40241,All SNPs
0.40241,All SNPs
0.71982,All SNPs
0.71982,All SNPs
0.71982,All SNPs
0.71982,All SNPs
0.71982,All SNPs
0.71982,All SNPs
0.71982,All SNPs
0.12218,All SNPs
0.89785,All SNPs
0.89785,All SNPs
4.5183,All SNPs
1.1042,All SNPs
1.1042,All SNPs
1.1042,All SNPs
1.1042,All SNPs
4.3362,All SNPs
1.0716,All SNPs
1.0716,All SNPs
1.2644,All SNPs
1.2644,All SNPs
1.2644,All SNPs
5.6947,All SNPs
6.7625,All SNPs
6.7625,All SNPs
6.7625,All SNPs
6.7625,All SNPs
1.2313,All SNPs
0.12573,All SNPs
3.4861,All SNPs
4.9544,All SNPs
0.71645,All SNPs
1.2249,All SNPs
1.2249,All SNPs
1.2249,All SNPs
1.2249,All SNPs
1.2249,All SNPs
1.2249,All SNPs
1.2249,All SNPs
1.2249,All SNPs
4.0117,All SNPs
3.9086,All SNPs
3.9086,All SNPs
4.3835,All SNPs
4.2037,All SNPs
4.2037,All SNPs
1.0506,All SNPs
1.0506,All SNPs
1.0146,All SNPs
1.0146,All SNPs
1.0146,All SNPs
1.0076,All SNPs
1.0076,All SNPs
4.7529,All SNPs
4.7529,All SNPs
0.73352,All SNPs
0.73352,All SNPs
0.73352,All SNPs
0.73352,All SNPs
0.73352,All SNPs
4.7572,All SNPs
4.7572,All SNPs
4.7572,All SNPs
3.4137,All SNPs
3.934,All SNPs
3.934,All SNPs
3.934,All SNPs
3.934,All SNPs
3.934,All SNPs
5.897,All SNPs
0.71208,All SNPs
1.335,All SNPs
1.335,All SNPs
4.0261,All SNPs
4.0261,All SNPs
4.0261,All SNPs
4.0261,All SNPs
1.0904,All SNPs
1.0904,All SNPs
1.0904,All SNPs
1.0904,All SNPs
1.0904,All SNPs
0.3583,All SNPs
0.3583,All SNPs
0.3583,All SNPs
0.3583,All SNPs
3.8692,All SNPs
3.8692,All SNPs
3.8692,All SNPs
3.8692,All SNPs
1.3072,All SNPs
1.3072,All SNPs
4.5,All SNPs
4.5,All SNPs
4.5,All SNPs
4.5,All SNPs
4.5,All SNPs
4.7875,All SNPs
4.7875,All SNPs
4.7875,All SNPs
4.7875,All SNPs
4.7875,All SNPs
1.1913,All SNPs
1.1913,All SNPs
1.1913,All SNPs
1.1913,All SNPs
1.1913,All SNPs
1.1913,All SNPs
0.63496,All SNPs
0.63496,All SNPs
0.63496,All SNPs
0.63496,All SNPs
0.63496,All SNPs
0.63496,All SNPs
0.63496,All SNPs
5.3843,All SNPs
5.3843,All SNPs
5.3843,All SNPs
5.3843,All SNPs
5.3843,All SNPs
5.3843,All SNPs
0.54432,All SNPs
3.5656,All SNPs
4.4989,All SNPs
4.4989,All SNPs
1.1152,All SNPs
1.1152,All SNPs
1.1152,All SNPs
1.1152,All SNPs
1.2177,All SNPs
0.55086,All SNPs
0.55086,All SNPs
0.55086,All SNPs
0.71146,All SNPs
0.71146,All SNPs
0.71146,All SNPs
0.71146,All SNPs
4.8751,All SNPs
5.9633,All SNPs
4.7677,All SNPs
5.8433,All SNPs
5.8433,All SNPs
5.8433,All SNPs
5.8433,All SNPs
4.9287,All SNPs
4.9287,All SNPs
1.114,All SNPs
0.76866,All SNPs
0.76866,All SNPs
0.76866,All SNPs
4.1434,All SNPs
4.1434,All SNPs
4.1434,All SNPs
4.1434,All SNPs
4.1434,All SNPs
4.9946,All SNPs
4.9946,All SNPs
4.9946,All SNPs
4.9946,All SNPs
4.9946,All SNPs
4.9946,All SNPs
4.9946,All SNPs
4.9946,All SNPs
4.9946,All SNPs
4.9946,All SNPs
4.9946,All SNPs
4.9946,All SNPs
4.9946,All SNPs
4.9946,All SNPs
4.8501,All SNPs
4.7298,All SNPs
4.7298,All SNPs
4.9199,All SNPs
4.9199,All SNPs
4.9199,All SNPs
4.9199,All SNPs
5.0783,All SNPs
5.0783,All SNPs
5.0783,All SNPs
5.0783,All SNPs
5.0783,All SNPs
5.0783,All SNPs
5.0783,All SNPs
1.2836,All SNPs
1.2836,All SNPs
1.2836,All SNPs
1.2836,All SNPs
1.2836,All SNPs
1.2836,All SNPs
1.2836,All SNPs
1.2471,All SNPs
1.2471,All SNPs
1.2471,All SNPs
1.2471,All SNPs
1.2471,All SNPs
1.2471,All SNPs
1.2471,All SNPs
1.2471,All SNPs
1.2471,All SNPs
1.2471,All SNPs
1.2471,All SNPs
1.2471,All SNPs
4.9346,All SNPs
4.9346,All SNPs
4.9346,All SNPs
4.9346,All SNPs
4.9346,All SNPs
4.9346,All SNPs
4.9346,All SNPs
4.9346,All SNPs
4.9346,All SNPs
4.9346,All SNPs
4.9346,All SNPs
4.9346,All SNPs
4.9346,All SNPs
4.9346,All SNPs
4.9346,All SNPs
4.9346,All SNPs
4.9346,All SNPs
4.9346,All SNPs
4.9346,All SNPs
4.9346,All SNPs
4.9346,All SNPs
4.9346,All SNPs
4.9346,All SNPs
4.9346,All SNPs
4.9346,All SNPs
4.9346,All SNPs
4.9346,All SNPs
4.9346,All SNPs
4.9346,All SNPs
4.9346,All SNPs
4.9346,All SNPs
1.2918,All SNPs
1.2918,All SNPs
1.2918,All SNPs
1.2918,All SNPs
1.2918,All SNPs
1.2918,All SNPs
1.2918,All SNPs
1.2918,All SNPs
1.2918,All SNPs
1.2918,All SNPs
1.2918,All SNPs
1.2918,All SNPs
4.0046,All SNPs
4.0046,All SNPs
0.54598,All SNPs
0.54598,All SNPs
0.54598,All SNPs
0.54598,All SNPs
0.54598,All SNPs
0.54598,All SNPs
0.54598,All SNPs
0.54598,All SNPs
7.3765,All SNPs
7.3765,All SNPs
7.3765,All SNPs
7.3765,All SNPs
7.3765,All SNPs
7.3765,All SNPs
7.3765,All SNPs
7.3765,All SNPs
7.3765,All SNPs
7.3765,All SNPs
7.3765,All SNPs
7.3765,All SNPs
7.3765,All SNPs
7.3765,All SNPs
7.3765,All SNPs
7.3765,All SNPs
7.3765,All SNPs
7.3765,All SNPs
7.3765,All SNPs
7.3765,All SNPs
0.37294,All SNPs
5.6748,All SNPs
5.6748,All SNPs
0.82321,All SNPs
0.82321,All SNPs
0.82321,All SNPs
0.82321,All SNPs
0.82321,All SNPs
0.82321,All SNPs
0.82321,All SNPs
0.82321,All SNPs
0.82321,All SNPs
7.8643,All SNPs
7.8643,All SNPs
7.8643,All SNPs
6.6064,All SNPs
6.6064,All SNPs
6.6064,All SNPs
5.2363,All SNPs
0.66641,All SNPs
0.66641,All SNPs
0.66641,All SNPs
3.7986,All SNPs
3.7986,All SNPs
3.7986,All SNPs
3.7986,All SNPs
3.7986,All SNPs
3.4894,All SNPs
0.16351,All SNPs
0.16351,All SNPs
0.16351,All SNPs
0.16351,All SNPs
0.16351,All SNPs
3.6576,All SNPs
1.2643,All SNPs
1.2643,All SNPs
1.2643,All SNPs
1.2643,All SNPs
1.2643,All SNPs
1.2643,All SNPs
5.1403,All SNPs
5.1403,All SNPs
5.1403,All SNPs
5.1403,All SNPs
1.0834,All SNPs
1.0834,All SNPs
1.0834,All SNPs
1.0834,All SNPs
1.0834,All SNPs
1.0834,All SNPs
1.0834,All SNPs
4.2901,All SNPs
4.2901,All SNPs
4.2901,All SNPs
4.2901,All SNPs
1.057,All SNPs
1.057,All SNPs
4.4352,All SNPs
4.4352,All SNPs
4.4352,All SNPs
4.4352,All SNPs
4.4352,All SNPs
4.4352,All SNPs
4.4352,All SNPs
4.4352,All SNPs
4.4352,All SNPs
4.4352,All SNPs
5.6985,All SNPs
5.6985,All SNPs
1.1987,All SNPs
5.5549,All SNPs
5.5549,All SNPs
5.5549,All SNPs
5.5549,All SNPs
5.5549,All SNPs
5.5549,All SNPs
1.231,All SNPs
1.231,All SNPs
1.231,All SNPs
1.231,All SNPs
1.1982,All SNPs
1.1982,All SNPs
1.1982,All SNPs
0.9183,All SNPs
5.1886,All SNPs
3.8034,All SNPs
3.8034,All SNPs
3.8034,All SNPs
3.8034,All SNPs
5.1658,All SNPs
5.1658,All SNPs
5.1658,All SNPs
5.1658,All SNPs
5.1658,All SNPs
0.9591,All SNPs
0.9591,All SNPs
6.1557,All SNPs
6.1557,All SNPs
6.1557,All SNPs
6.1557,All SNPs
6.1557,All SNPs
0.26196,All SNPs
0.26196,All SNPs
0.26196,All SNPs
0.26196,All SNPs
0.26196,All SNPs
0.26196,All SNPs
0.26196,All SNPs
0.26196,All SNPs
5.88,All SNPs
5.88,All SNPs
5.88,All SNPs
5.88,All SNPs
5.88,All SNPs
5.88,All SNPs
5.88,All SNPs
5.88,All SNPs
5.88,All SNPs
4.1012,All SNPs
4.1012,All SNPs
4.1012,All SNPs
3.8973,All SNPs
5.299,All SNPs
0.76666,All SNPs
0.76666,All SNPs
0.76666,All SNPs
0.76666,All SNPs
3.9056,All SNPs
3.9056,All SNPs
6.513,All SNPs
6.513,All SNPs
6.513,All SNPs
6.513,All SNPs
6.513,All SNPs
6.513,All SNPs
6.513,All SNPs
6.513,All SNPs
6.513,All SNPs
6.513,All SNPs
6.513,All SNPs
1.2664,All SNPs
1.1451,All SNPs
1.1451,All SNPs
1.1451,All SNPs
1.1451,All SNPs
6.3817,All SNPs
6.3817,All SNPs
6.3817,All SNPs
6.3817,All SNPs
6.3817,All SNPs
0.053521,All SNPs
0.053521,All SNPs
0.27419,All SNPs
0.27419,All SNPs
0.27419,All SNPs
0.27419,All SNPs
0.27419,All SNPs
0.27419,All SNPs
0.27419,All SNPs
6.7232,All SNPs
1.2023,All SNPs
1.2025,All SNPs
4.2329,All SNPs
4.2329,All SNPs
4.909,All SNPs
1.0023,All SNPs
1.0023,All SNPs
1.0023,All SNPs
0.70241,All SNPs
0.70241,All SNPs
0.70241,All SNPs
0.72411,All SNPs
0.72411,All SNPs
0.72411,All SNPs
3.4714,All SNPs
3.4714,All SNPs
3.4714,All SNPs
3.4714,All SNPs
3.4714,All SNPs
3.4714,All SNPs
3.4714,All SNPs
3.4714,All SNPs
3.4714,All SNPs
3.4714,All SNPs
5.6054,All SNPs
5.6054,All SNPs
5.6054,All SNPs
5.6054,All SNPs
5.6054,All SNPs
5.6054,All SNPs
5.6054,All SNPs
5.6054,All SNPs
5.6054,All SNPs
5.6054,All SNPs
5.6054,All SNPs
3.5706,All SNPs
3.5706,All SNPs
3.5706,All SNPs
3.5706,All SNPs
3.5706,All SNPs
3.5706,All SNPs
3.5706,All SNPs
3.5706,All SNPs
3.5706,All SNPs
3.5706,All SNPs
0.78047,All SNPs
0.78047,All SNPs
1.1659,All SNPs
1.1659,All SNPs
1.1659,All SNPs
1.1659,All SNPs
0.77635,All SNPs
0.77635,All SNPs
0.77635,All SNPs
0.77635,All SNPs
0.77635,All SNPs
3.588,All SNPs
3.588,All SNPs
3.588,All SNPs
3.588,All SNPs
3.588,All SNPs
5.2722,All SNPs
4.571,All SNPs
0.8122,All SNPs
1.146,All SNPs
5.7911,All SNPs
5.7911,All SNPs
5.7911,All SNPs
5.7911,All SNPs
5.7911,All SNPs
5.239,All SNPs
5.239,All SNPs
5.239,All SNPs
5.239,All SNPs
5.239,All SNPs
7.903,All SNPs
7.903,All SNPs
4.8585,All SNPs
5.4685,All SNPs
5.4685,All SNPs
5.4685,All SNPs
3.7691,All SNPs
5.302,All SNPs
5.4457,All SNPs
4.6326,All SNPs
1.2092,All SNPs
1.2092,All SNPs
1.0601,All SNPs
1.0601,All SNPs
1.0601,All SNPs
0.61357,All SNPs
0.61357,All SNPs
0.61357,All SNPs
6.6946,All SNPs
4.8201,All SNPs
6.0174,All SNPs
3.6587,All SNPs
3.8016,All SNPs
3.5054,All SNPs
3.5054,All SNPs
3.5054,All SNPs
3.5054,All SNPs
3.5054,All SNPs
3.5054,All SNPs
3.5054,All SNPs
3.5054,All SNPs
3.5054,All SNPs
3.5054,All SNPs
3.5054,All SNPs
3.5054,All SNPs
3.5054,All SNPs
3.5054,All SNPs
3.5054,All SNPs
3.5054,All SNPs
0.60895,All SNPs
5.4159,All SNPs
5.4159,All SNPs
5.4159,All SNPs
5.4159,All SNPs
4.7751,All SNPs
4.7751,All SNPs
4.7751,All SNPs
4.7751,All SNPs
4.7751,All SNPs
4.7751,All SNPs
3.9034,All SNPs
3.9034,All SNPs
0.66278,All SNPs
5.4553,All SNPs
5.4553,All SNPs
5.4553,All SNPs
5.4553,All SNPs
5.4553,All SNPs
5.4553,All SNPs
5.4553,All SNPs
5.4553,All SNPs
5.4553,All SNPs
5.4553,All SNPs
5.4553,All SNPs
0.35776,All SNPs
0.35776,All SNPs
0.35776,All SNPs
3.9208,All SNPs
1.2642,All SNPs
3.3769,All SNPs
6.157,All SNPs
6.157,All SNPs
6.157,All SNPs
6.157,All SNPs
5.8075,All SNPs
3.5809,All SNPs
0.66538,All SNPs
0.66538,All SNPs
1.2208,All SNPs
6.7842,All SNPs
6.0221,All SNPs
6.0221,All SNPs
6.0221,All SNPs
6.0221,All SNPs
6.0221,All SNPs
6.0221,All SNPs
1.2107,All SNPs
1.2107,All SNPs
1.2107,All SNPs
4.8094,All SNPs
4.8094,All SNPs
4.8094,All SNPs
4.8094,All SNPs
3.5024,All SNPs
3.5024,All SNPs
3.5024,All SNPs
3.5024,All SNPs
3.5024,All SNPs
5.0394,All SNPs
5.0394,All SNPs
5.0394,All SNPs
5.0394,All SNPs
0.12798,All SNPs
4.8209,All SNPs
4.7502,All SNPs
4.7502,All SNPs
4.7502,All SNPs
4.7502,All SNPs
4.7502,All SNPs
4.7643,All SNPs
4.7643,All SNPs
4.7643,All SNPs
4.7643,All SNPs
4.7643,All SNPs
4.442,All SNPs
4.442,All SNPs
4.442,All SNPs
0.98328,All SNPs
1.1947,All SNPs
1.1947,All SNPs
1.1947,All SNPs
4.3623,All SNPs
3.8461,All SNPs
3.8461,All SNPs
3.8461,All SNPs
0.7485,All SNPs
0.7485,All SNPs
0.94705,All SNPs
7.9588,All SNPs
7.9588,All SNPs
7.9588,All SNPs
7.9588,All SNPs
7.9588,All SNPs
7.9588,All SNPs
0.15945,All SNPs
0.15945,All SNPs
0.15945,All SNPs
0.15945,All SNPs
0.15945,All SNPs
0.15945,All SNPs
0.15945,All SNPs
0.15945,All SNPs
0.15945,All SNPs
0.15945,All SNPs
1.2329,All SNPs
1.2329,All SNPs
1.2329,All SNPs
4.5703,All SNPs
4.5703,All SNPs
0.51273,All SNPs
5.9912,All SNPs
0.4086,All SNPs
6.4816,All SNPs
6.4816,All SNPs
6.4816,All SNPs
6.4816,All SNPs
6.4816,All SNPs
6.4816,All SNPs
6.4816,All SNPs
6.4816,All SNPs
3.4403,All SNPs
3.4403,All SNPs
0.56968,All SNPs
3.4652,All SNPs
5.4732,All SNPs
1.0936,All SNPs
5.3564,All SNPs
1.2763,All SNPs
1.2763,All SNPs
5.2835,All SNPs
5.2835,All SNPs
5.2835,All SNPs
0.94619,All SNPs
0.85366,All SNPs
0.85366,All SNPs
0.85366,All SNPs
0.85366,All SNPs
0.85366,All SNPs
0.85366,All SNPs
1.1876,All SNPs
1.1876,All SNPs
1.1876,All SNPs
1.1876,All SNPs
1.1876,All SNPs
1.1876,All SNPs
3.8122,All SNPs
3.8122,All SNPs
3.8122,All SNPs
7.5279,All SNPs
7.5279,All SNPs
7.5279,All SNPs
7.5279,All SNPs
0.85951,All SNPs
5.0242,All SNPs
5.1813,All SNPs
0.62163,All SNPs
4.9445,All SNPs
4.9445,All SNPs
4.9445,All SNPs
1.2053,All SNPs
1.2053,All SNPs
1.2053,All SNPs
1.2053,All SNPs
1.2053,All SNPs
1.2053,All SNPs
1.2053,All SNPs
3.8472,All SNPs
1.1257,All SNPs
1.1257,All SNPs
1.1257,All SNPs
1.1257,All SNPs
1.1257,All SNPs
1.1257,All SNPs
1.0658,All SNPs
5.7032,All SNPs
3.8634,All SNPs
6.1844,All SNPs
6.1844,All SNPs
6.1844,All SNPs
6.1844,All SNPs
6.1844,All SNPs
6.1844,All SNPs
6.1844,All SNPs
5.2057,All SNPs
5.2057,All SNPs
5.2057,All SNPs
4.6505,All SNPs
4.6505,All SNPs
4.6505,All SNPs
4.6505,All SNPs
4.6505,All SNPs
4.6505,All SNPs
4.6505,All SNPs
4.6505,All SNPs
4.6505,All SNPs
3.6325,All SNPs
0.78544,All SNPs
0.78544,All SNPs
0.78544,All SNPs
0.78544,All SNPs
0.78544,All SNPs
0.78544,All SNPs
0.78544,All SNPs
0.78544,All SNPs
5.4775,All SNPs
5.4775,All SNPs
0.69511,All SNPs
1.25,All SNPs
4.1021,All SNPs
4.1021,All SNPs
4.1021,All SNPs
1.0831,All SNPs
1.0831,All SNPs
1.0831,All SNPs
3.8554,All SNPs
3.8554,All SNPs
3.8554,All SNPs
3.8554,All SNPs
3.8554,All SNPs
3.8554,All SNPs
3.8554,All SNPs
3.8554,All SNPs
3.8554,All SNPs
3.8554,All SNPs
3.8554,All SNPs
3.8554,All SNPs
3.8554,All SNPs
3.8554,All SNPs
3.8554,All SNPs
3.8554,All SNPs
3.8554,All SNPs
3.8554,All SNPs
0.99606,All SNPs
0.99606,All SNPs
0.40126,All SNPs
0.40126,All SNPs
0.595,All SNPs
0.595,All SNPs
0.595,All SNPs
0.595,All SNPs
0.595,All SNPs
0.595,All SNPs
0.595,All SNPs
0.595,All SNPs
0.595,All SNPs
0.595,All SNPs
0.595,All SNPs
0.595,All SNPs
0.595,All SNPs
0.595,All SNPs
0.595,All SNPs
0.595,All SNPs
0.595,All SNPs
4.4622,All SNPs
8.3551,All SNPs
4.692,All SNPs
4.692,All SNPs
3.8156,All SNPs
4.62,All SNPs
4.62,All SNPs
4.62,All SNPs
4.62,All SNPs
4.62,All SNPs
4.62,All SNPs
4.62,All SNPs
4.62,All SNPs
4.62,All SNPs
5.7685,All SNPs
0.57441,All SNPs
0.57441,All SNPs
0.57441,All SNPs
0.57441,All SNPs
0.57441,All SNPs
0.57441,All SNPs
0.57441,All SNPs
0.57441,All SNPs
0.57441,All SNPs
5.7849,All SNPs
1.3427,All SNPs
1.3427,All SNPs
1.3427,All SNPs
1.3427,All SNPs
1.3427,All SNPs
1.3427,All SNPs
1.2013,All SNPs
1.2013,All SNPs
1.2013,All SNPs
1.2013,All SNPs
8.9769,All SNPs
8.9769,All SNPs
8.9769,All SNPs
8.9769,All SNPs
1.0992,All SNPs
1.0992,All SNPs
1.0992,All SNPs
3.7156,All SNPs
3.7156,All SNPs
4.5343,All SNPs
3.5007,All SNPs
4.1243,All SNPs
4.1243,All SNPs
4.1243,All SNPs
4.1243,All SNPs
4.1243,All SNPs
6.845,All SNPs
6.845,All SNPs
6.845,All SNPs
6.845,All SNPs
4.3381,All SNPs
4.3381,All SNPs
4.3381,All SNPs
4.3381,All SNPs
4.3381,All SNPs
4.3381,All SNPs
4.3381,All SNPs
4.3381,All SNPs
4.3381,All SNPs
4.2792,All SNPs
4.2792,All SNPs
4.2792,All SNPs
4.2792,All SNPs
3.5868,All SNPs
3.5868,All SNPs
3.5868,All SNPs
6.1516,All SNPs
6.1516,All SNPs
1.2072,All SNPs
1.2072,All SNPs
1.2072,All SNPs
1.2072,All SNPs
1.2072,All SNPs
1.2072,All SNPs
1.2072,All SNPs
1.2072,All SNPs
1.2072,All SNPs
1.2072,All SNPs
1.2072,All SNPs
0.66715,All SNPs
4.1145,All SNPs
0.69981,All SNPs
0.69981,All SNPs
0.68812,All SNPs
0.68812,All SNPs
0.40621,All SNPs
0.40621,All SNPs
0.40621,All SNPs
4.3194,All SNPs
4.3194,All SNPs
4.3194,All SNPs
4.3194,All SNPs
4.3194,All SNPs
4.3194,All SNPs
4.3194,All SNPs
4.1601,All SNPs
0.10651,All SNPs
0.10651,All SNPs
0.10651,All SNPs
0.10651,All SNPs
0.10651,All SNPs
0.10651,All SNPs
0.10651,All SNPs
0.10651,All SNPs
0.10651,All SNPs
0.10651,All SNPs
0.10651,All SNPs
0.10651,All SNPs
0.10651,All SNPs
0.10651,All SNPs
0.10651,All SNPs
0.10651,All SNPs
0.10651,All SNPs
0.10651,All SNPs
0.10651,All SNPs
0.10651,All SNPs
0.10651,All SNPs
0.10651,All SNPs
0.10651,All SNPs
0.10651,All SNPs
0.10651,All SNPs
0.10651,All SNPs
0.10651,All SNPs
0.10651,All SNPs
0.10651,All SNPs
0.10651,All SNPs
0.10651,All SNPs
0.10651,All SNPs
0.10651,All SNPs
0.10651,All SNPs
0.10651,All SNPs
0.10651,All SNPs
0.10651,All SNPs
0.10651,All SNPs
0.10651,All SNPs
0.10651,All SNPs
0.10651,All SNPs
0.10651,All SNPs
0.10651,All SNPs
0.10651,All SNPs
0.10651,All SNPs
0.10651,All SNPs
0.10651,All SNPs
0.10651,All SNPs
0.10651,All SNPs
0.10651,All SNPs
0.10651,All SNPs
0.10651,All SNPs
0.10651,All SNPs
0.10651,All SNPs
0.10651,All SNPs
0.10651,All SNPs
0.10651,All SNPs
0.10651,All SNPs
0.10651,All SNPs
0.10651,All SNPs
0.10651,All SNPs
0.10651,All SNPs
0.10651,All SNPs
0.10651,All SNPs
0.10651,All SNPs
0.10651,All SNPs
0.10651,All SNPs
0.10651,All SNPs
0.10651,All SNPs
0.10651,All SNPs
0.10651,All SNPs
0.10651,All SNPs
5.6346,All SNPs
5.7314,All SNPs
5.7314,All SNPs
5.7314,All SNPs
5.7314,All SNPs
5.7314,All SNPs
5.7314,All SNPs
5.7314,All SNPs
5.7314,All SNPs
5.7314,All SNPs
0.43287,All SNPs
0.43287,All SNPs
0.43287,All SNPs
0.43287,All SNPs
0.43287,All SNPs
0.43287,All SNPs
0.43287,All SNPs
0.43287,All SNPs
6.1466,All SNPs
6.1466,All SNPs
6.1466,All SNPs
6.1466,All SNPs
6.1466,All SNPs
1.3253,All SNPs
3.691,All SNPs
4.054,All SNPs
4.054,All SNPs
0.60709,All SNPs
5.0538,All SNPs
0.84739,All SNPs
7.8468,All SNPs
7.8468,All SNPs
5.1303,All SNPs
5.1303,All SNPs
5.1303,All SNPs
5.1303,All SNPs
5.1303,All SNPs
5.1303,All SNPs
5.1303,All SNPs
5.1303,All SNPs
5.1303,All SNPs
5.1303,All SNPs
5.1303,All SNPs
5.1303,All SNPs
5.1303,All SNPs
5.1303,All SNPs
5.1303,All SNPs
5.1303,All SNPs
1.2581,All SNPs
6.034,All SNPs
6.034,All SNPs
6.034,All SNPs
6.034,All SNPs
1.121,All SNPs
1.121,All SNPs
1.121,All SNPs
1.121,All SNPs
1.121,All SNPs
0.81412,All SNPs
0.81412,All SNPs
7.3702,All SNPs
7.3702,All SNPs
7.3702,All SNPs
7.3702,All SNPs
7.3702,All SNPs
5.5186,All SNPs
5.5186,All SNPs
5.5186,All SNPs
5.5186,All SNPs
5.5186,All SNPs
5.5186,All SNPs
5.5186,All SNPs
5.5186,All SNPs
5.5186,All SNPs
5.5186,All SNPs
5.9656,All SNPs
5.9656,All SNPs
5.9656,All SNPs
5.9656,All SNPs
5.9656,All SNPs
5.9656,All SNPs
6.2506,All SNPs
6.2506,All SNPs
6.2506,All SNPs
0.9557,All SNPs
0.9557,All SNPs
0.9557,All SNPs
0.9557,All SNPs
0.9557,All SNPs
0.9557,All SNPs
0.9557,All SNPs
3.4859,All SNPs
3.9257,All SNPs
3.9257,All SNPs
3.9257,All SNPs
0.5299,All SNPs
5.6013,All SNPs
5.6013,All SNPs
5.6013,All SNPs
5.6013,All SNPs
0.07878,All SNPs
3.7494,All SNPs
3.3931,All SNPs
4.74,All SNPs
1.1987,All SNPs
1.1987,All SNPs
0.34147,All SNPs
0.34147,All SNPs
1.3122,All SNPs
1.3122,All SNPs
1.3122,All SNPs
1.3122,All SNPs
1.3122,All SNPs
0.9068,All SNPs
0.9068,All SNPs
0.9068,All SNPs
0.9068,All SNPs
0.9068,All SNPs
0.9068,All SNPs
1.3106,All SNPs
6.4245,All SNPs
6.4245,All SNPs
0.72228,All SNPs
0.72228,All SNPs
0.72228,All SNPs
0.72228,All SNPs
5.3874,All SNPs
5.3874,All SNPs
0.63797,All SNPs
0.63797,All SNPs
3.4222,All SNPs
0.22667,All SNPs
0.22667,All SNPs
3.4159,All SNPs
3.4159,All SNPs
3.4159,All SNPs
3.4159,All SNPs
3.4159,All SNPs
3.4159,All SNPs
0.75885,All SNPs
0.75885,All SNPs
0.15721,All SNPs
0.15721,All SNPs
4.8096,All SNPs
4.8096,All SNPs
4.8096,All SNPs
5.4895,All SNPs
5.4895,All SNPs
5.4895,All SNPs
5.4895,All SNPs
5.4895,All SNPs
5.4895,All SNPs
5.4895,All SNPs
0.57933,All SNPs
0.57933,All SNPs
0.57933,All SNPs
0.57933,All SNPs
0.57933,All SNPs
0.57933,All SNPs
0.57933,All SNPs
0.57933,All SNPs
0.57933,All SNPs
0.57933,All SNPs
0.57933,All SNPs
0.57933,All SNPs
0.57933,All SNPs
0.57933,All SNPs
0.57933,All SNPs
0.57933,All SNPs
0.57933,All SNPs
0.57933,All SNPs
0.57933,All SNPs
0.57933,All SNPs
0.57933,All SNPs
0.57933,All SNPs
0.57933,All SNPs
0.57933,All SNPs
0.57933,All SNPs
0.57933,All SNPs
0.57933,All SNPs
0.57933,All SNPs
0.57933,All SNPs
0.57933,All SNPs
0.57933,All SNPs
0.57933,All SNPs
0.57933,All SNPs
0.57933,All SNPs
0.74793,All SNPs
0.74793,All SNPs
0.2034,All SNPs
0.2034,All SNPs
0.2034,All SNPs
3.8341,All SNPs
3.8341,All SNPs
4.7642,All SNPs
4.7642,All SNPs
0.18999,All SNPs
0.18999,All SNPs
0.18999,All SNPs
0.18999,All SNPs
5.3279,All SNPs
4.9432,All SNPs
4.9432,All SNPs
0.075031,All SNPs
0.075031,All SNPs
0.075031,All SNPs
0.075031,All SNPs
0.075031,All SNPs
0.075031,All SNPs
0.075031,All SNPs
0.075031,All SNPs
0.075031,All SNPs
0.28506,All SNPs
0.28506,All SNPs
0.28506,All SNPs
0.28506,All SNPs
0.28506,All SNPs
0.28506,All SNPs
0.28506,All SNPs
0.28506,All SNPs
0.28506,All SNPs
3.4088,All SNPs
3.4088,All SNPs
3.4088,All SNPs
3.4088,All SNPs
3.4088,All SNPs
3.4088,All SNPs
3.4088,All SNPs
3.4088,All SNPs
3.4088,All SNPs
0.86944,All SNPs
0.25755,All SNPs
0.25755,All SNPs
0.25755,All SNPs
0.25755,All SNPs
0.25755,All SNPs
0.25755,All SNPs
0.25755,All SNPs
0.25755,All SNPs
0.25755,All SNPs
0.25755,All SNPs
0.25755,All SNPs
0.25755,All SNPs
0.25755,All SNPs
0.25755,All SNPs
0.25755,All SNPs
0.25755,All SNPs
0.25755,All SNPs
0.25755,All SNPs
0.25755,All SNPs
8.8122,All SNPs
6.8503,All SNPs
6.8503,All SNPs
6.8503,All SNPs
6.8503,All SNPs
6.6943,All SNPs
6.6943,All SNPs
4.2303,All SNPs
4.2303,All SNPs
6.6771,All SNPs
1.1428,All SNPs
1.1428,All SNPs
3.7503,All SNPs
7.2936,All SNPs
1.2975,All SNPs
1.2975,All SNPs
3.7857,All SNPs
0.99807,All SNPs
3.6996,All SNPs
3.6996,All SNPs
0.86754,All SNPs
0.86754,All SNPs
0.86754,All SNPs
0.86754,All SNPs
6.4355,All SNPs
0.98322,All SNPs
0.88716,All SNPs
0.88716,All SNPs
4.1268,All SNPs
4.1268,All SNPs
4.1268,All SNPs
4.1268,All SNPs
5.1331,All SNPs
4.2389,All SNPs
4.2389,All SNPs
4.2389,All SNPs
4.2389,All SNPs
3.6252,All SNPs
3.6252,All SNPs
3.6252,All SNPs
3.6252,All SNPs
3.6252,All SNPs
3.6252,All SNPs
3.6252,All SNPs
3.6252,All SNPs
3.6252,All SNPs
4.1763,All SNPs
0.092963,All SNPs
0.092963,All SNPs
3.4916,All SNPs
5.5848,All SNPs
0.99511,All SNPs
5.8658,All SNPs
5.8658,All SNPs
0.23638,All SNPs
0.23638,All SNPs
0.86423,All SNPs
0.86423,All SNPs
3.8607,All SNPs
4.6272,All SNPs
0.84554,All SNPs
1.1282,All SNPs
1.1282,All SNPs
1.1282,All SNPs
1.1282,All SNPs
1.1282,All SNPs
1.1282,All SNPs
1.1282,All SNPs
1.1282,All SNPs
1.1282,All SNPs
1.1282,All SNPs
1.1282,All SNPs
1.1282,All SNPs
1.1282,All SNPs
1.1282,All SNPs
1.1282,All SNPs
1.1282,All SNPs
1.1282,All SNPs
1.1282,All SNPs
1.1282,All SNPs
1.1282,All SNPs
1.1282,All SNPs
1.1282,All SNPs
1.1282,All SNPs
1.1282,All SNPs
1.1282,All SNPs
1.1282,All SNPs
1.1282,All SNPs
1.1282,All SNPs
1.1282,All SNPs
1.1282,All SNPs
0.95234,All SNPs
0.95234,All SNPs
0.95234,All SNPs
0.95234,All SNPs
0.43302,All SNPs
0.43302,All SNPs
0.43302,All SNPs
0.68917,All SNPs
0.68917,All SNPs
0.68917,All SNPs
0.68917,All SNPs
7.7133,All SNPs
0.39265,All SNPs
0.39265,All SNPs
0.39265,All SNPs
3.7981,All SNPs
3.7981,All SNPs
3.7981,All SNPs
3.7981,All SNPs
3.7981,All SNPs
3.7981,All SNPs
1.0474,All SNPs
1.0474,All SNPs
1.0474,All SNPs
1.0474,All SNPs
1.0474,All SNPs
1.0474,All SNPs
1.0474,All SNPs
1.0474,All SNPs
1.0474,All SNPs
1.0474,All SNPs
1.0474,All SNPs
1.0474,All SNPs
1.0474,All SNPs
1.0474,All SNPs
1.0474,All SNPs
1.0474,All SNPs
1.0474,All SNPs
1.0474,All SNPs
1.0474,All SNPs
1.0474,All SNPs
1.0474,All SNPs
1.0474,All SNPs
1.0474,All SNPs
1.0474,All SNPs
1.0474,All SNPs
1.0474,All SNPs
1.0474,All SNPs
1.0474,All SNPs
1.0474,All SNPs
1.0474,All SNPs
1.0474,All SNPs
1.0474,All SNPs
1.0474,All SNPs
5.5238,All SNPs
5.5238,All SNPs
5.5238,All SNPs
5.5238,All SNPs
5.5238,All SNPs
5.5238,All SNPs
5.5238,All SNPs
5.5238,All SNPs
5.5238,All SNPs
1.1798,All SNPs
6.0884,All SNPs
0.005048,All SNPs
0.005048,All SNPs
0.005048,All SNPs
0.005048,All SNPs
0.005048,All SNPs
0.005048,All SNPs
0.005048,All SNPs
0.005048,All SNPs
0.005048,All SNPs
0.005048,All SNPs
0.005048,All SNPs
0.005048,All SNPs
0.005048,All SNPs
0.005048,All SNPs
0.005048,All SNPs
0.005048,All SNPs
0.005048,All SNPs
0.005048,All SNPs
0.005048,All SNPs
0.005048,All SNPs
0.005048,All SNPs
0.005048,All SNPs
0.005048,All SNPs
0.005048,All SNPs
0.005048,All SNPs
0.005048,All SNPs
0.005048,All SNPs
0.005048,All SNPs
0.005048,All SNPs
0.005048,All SNPs
0.005048,All SNPs
0.005048,All SNPs
0.005048,All SNPs
0.005048,All SNPs
0.005048,All SNPs
0.005048,All SNPs
0.005048,All SNPs
0.005048,All SNPs
0.005048,All SNPs
0.005048,All SNPs
0.005048,All SNPs
0.005048,All SNPs
0.005048,All SNPs
0.005048,All SNPs
0.005048,All SNPs
0.005048,All SNPs
0.005048,All SNPs
0.005048,All SNPs
0.005048,All SNPs
0.005048,All SNPs
0.005048,All SNPs
0.005048,All SNPs
0.005048,All SNPs
0.005048,All SNPs
0.005048,All SNPs
4.5318,All SNPs
1.1542,All SNPs
1.1542,All SNPs
0.79309,All SNPs
0.79309,All SNPs
3.799,All SNPs
3.799,All SNPs
3.799,All SNPs
3.799,All SNPs
3.799,All SNPs
3.5443,All SNPs
3.5443,All SNPs
1.2514,All SNPs
3.9873,All SNPs
0.9924,All SNPs
0.9924,All SNPs
0.9924,All SNPs
0.9924,All SNPs
0.9924,All SNPs
5.6088,All SNPs
5.6088,All SNPs
4.0412,All SNPs
1.1448,All SNPs
7.1236,All SNPs
7.1236,All SNPs
7.1236,All SNPs
0.84531,All SNPs
0.84531,All SNPs
0.84531,All SNPs
0.84531,All SNPs
0.84531,All SNPs
0.84531,All SNPs
0.84531,All SNPs
0.84531,All SNPs
0.84531,All SNPs
0.84531,All SNPs
0.84531,All SNPs
5.077,All SNPs
5.077,All SNPs
5.077,All SNPs
1.1352,All SNPs
1.1352,All SNPs
1.1352,All SNPs
0.34076,All SNPs
0.34076,All SNPs
0.34076,All SNPs
0.34076,All SNPs
0.34076,All SNPs
1.1013,All SNPs
1.1013,All SNPs
1.1013,All SNPs
1.1013,All SNPs
1.1013,All SNPs
1.1013,All SNPs
1.1013,All SNPs
5.506,All SNPs
0.5774,All SNPs
0.5774,All SNPs
0.5774,All SNPs
4.3096,All SNPs
4.3096,All SNPs
4.3096,All SNPs
4.3096,All SNPs
4.3096,All SNPs
0.78781,All SNPs
0.78781,All SNPs
0.78781,All SNPs
0.78781,All SNPs
0.78781,All SNPs
0.78781,All SNPs
1.341,All SNPs
3.3981,All SNPs
3.3981,All SNPs
3.3981,All SNPs
3.3981,All SNPs
3.3981,All SNPs
6.7058,All SNPs
6.7058,All SNPs
1.2778,All SNPs
4.0647,All SNPs
4.0647,All SNPs
4.0647,All SNPs
5.2791,All SNPs
5.2791,All SNPs
5.2791,All SNPs
5.1127,All SNPs
5.1127,All SNPs
5.5392,All SNPs
0.59324,All SNPs
0.59324,All SNPs
0.59324,All SNPs
4.58,All SNPs
4.58,All SNPs
4.58,All SNPs
4.58,All SNPs
6.9374,All SNPs
6.9374,All SNPs
6.9374,All SNPs
6.9374,All SNPs
6.9374,All SNPs
6.9374,All SNPs
6.9374,All SNPs
6.9374,All SNPs
6.9374,All SNPs
6.9374,All SNPs
6.9374,All SNPs
6.9374,All SNPs
6.9374,All SNPs
6.9374,All SNPs
6.9374,All SNPs
6.9374,All SNPs
6.9374,All SNPs
5.03,All SNPs
4.2132,All SNPs
4.785,All SNPs
0.9279,All SNPs
0.9279,All SNPs
0.9279,All SNPs
4.6553,All SNPs
5.3682,All SNPs
5.3682,All SNPs
5.3682,All SNPs
4.7714,All SNPs
4.7714,All SNPs
4.7714,All SNPs
7.5778,All SNPs
0.54894,All SNPs
6.5993,All SNPs
8.0045,All SNPs
8.0045,All SNPs
8.0045,All SNPs
0.48755,All SNPs
0.48755,All SNPs
1.18,All SNPs
1.18,All SNPs
1.18,All SNPs
1.18,All SNPs
1.18,All SNPs
1.18,All SNPs
1.18,All SNPs
1.18,All SNPs
1.18,All SNPs
1.18,All SNPs
1.18,All SNPs
1.18,All SNPs
1.18,All SNPs
1.18,All SNPs
1.18,All SNPs
1.18,All SNPs
1.18,All SNPs
1.18,All SNPs
1.18,All SNPs
1.18,All SNPs
1.18,All SNPs
0.082901,All SNPs
0.082901,All SNPs
0.082901,All SNPs
0.082901,All SNPs
0.082901,All SNPs
0.082901,All SNPs
0.082901,All SNPs
0.082901,All SNPs
0.082901,All SNPs
0.082901,All SNPs
0.082901,All SNPs
0.082901,All SNPs
0.082901,All SNPs
7.413,All SNPs
7.413,All SNPs
7.413,All SNPs
3.4388,All SNPs
5.5393,All SNPs
4.0203,All SNPs
5.21,All SNPs
4.3595,All SNPs
4.3595,All SNPs
4.3595,All SNPs
4.3595,All SNPs
6.2799,All SNPs
5.3891,All SNPs
5.1027,All SNPs
5.1027,All SNPs
4.1275,All SNPs
4.8824,All SNPs
3.441,All SNPs
3.441,All SNPs
0.84986,All SNPs
8.6818,All SNPs
8.6818,All SNPs
8.6818,All SNPs
8.6818,All SNPs
8.6818,All SNPs
7.6216,All SNPs
7.6216,All SNPs
7.3879,All SNPs
0.018185,All SNPs
5.2137,All SNPs
5.2137,All SNPs
5.2137,All SNPs
9.7906,All SNPs
9.7906,All SNPs
9.7906,All SNPs
9.7906,All SNPs
4.7744,All SNPs
0.96665,All SNPs
6.2964,All SNPs
6.2964,All SNPs
6.2964,All SNPs
1.233,All SNPs
1.233,All SNPs
3.3767,All SNPs
3.3767,All SNPs
0.062841,All SNPs
0.062841,All SNPs
0.062841,All SNPs
0.062841,All SNPs
0.062841,All SNPs
5.7819,All SNPs
5.7819,All SNPs
5.7819,All SNPs
5.7819,All SNPs
5.7819,All SNPs
5.7819,All SNPs
5.7819,All SNPs
5.7819,All SNPs
5.7819,All SNPs
5.7819,All SNPs
5.7819,All SNPs
5.7819,All SNPs
5.7819,All SNPs
5.7819,All SNPs
5.7819,All SNPs
5.7819,All SNPs
5.7819,All SNPs
5.7819,All SNPs
5.7819,All SNPs
5.7819,All SNPs
5.7819,All SNPs
5.7819,All SNPs
5.7819,All SNPs
5.7819,All SNPs
5.7819,All SNPs
5.7819,All SNPs
5.7819,All SNPs
5.7819,All SNPs
5.7819,All SNPs
5.7819,All SNPs
5.7819,All SNPs
5.7819,All SNPs
5.7819,All SNPs
5.7819,All SNPs
5.7819,All SNPs
5.7819,All SNPs
5.7819,All SNPs
5.7819,All SNPs
5.7819,All SNPs
5.7819,All SNPs
5.7819,All SNPs
5.7819,All SNPs
5.7819,All SNPs
5.7819,All SNPs
5.7819,All SNPs
5.7819,All SNPs
5.7819,All SNPs
5.7819,All SNPs
5.7819,All SNPs
5.7819,All SNPs
5.7819,All SNPs
5.7819,All SNPs
5.7819,All SNPs
5.7819,All SNPs
5.7819,All SNPs
5.7819,All SNPs
5.7819,All SNPs
5.7819,All SNPs
5.7819,All SNPs
5.7819,All SNPs
5.7819,All SNPs
5.7819,All SNPs
5.7819,All SNPs
5.7819,All SNPs
5.7819,All SNPs
5.7819,All SNPs
5.7819,All SNPs
5.7819,All SNPs
5.7819,All SNPs
5.7819,All SNPs
5.7819,All SNPs
5.7819,All SNPs
0.98204,All SNPs
1.0954,All SNPs
3.6237,All SNPs
1.3139,All SNPs
3.6131,All SNPs
3.6131,All SNPs
0.88786,All SNPs
0.88786,All SNPs
5.2369,All SNPs
5.2369,All SNPs
0.79854,All SNPs
0.79854,All SNPs
0.79854,All SNPs
1.0047,All SNPs
4.1171,All SNPs
4.1171,All SNPs
5.6494,All SNPs
5.6494,All SNPs
6.6051,All SNPs
5.819,All SNPs
5.819,All SNPs
5.8502,All SNPs
5.8502,All SNPs
0.092699,All SNPs
0.092699,All SNPs
0.017094,All SNPs
3.7755,All SNPs
3.7755,All SNPs
3.7755,All SNPs
3.7755,All SNPs
3.7755,All SNPs
3.7755,All SNPs
4.9684,All SNPs
0.90381,All SNPs
7.5318,All SNPs
7.5318,All SNPs
7.5318,All SNPs
0.84101,All SNPs
0.84101,All SNPs
0.84101,All SNPs
0.84101,All SNPs
0.84101,All SNPs
0.84101,All SNPs
0.84101,All SNPs
0.84101,All SNPs
0.84101,All SNPs
0.84101,All SNPs
0.84101,All SNPs
0.84101,All SNPs
0.84101,All SNPs
0.84101,All SNPs
0.84101,All SNPs
0.84101,All SNPs
0.84101,All SNPs
0.84101,All SNPs
0.84101,All SNPs
0.84101,All SNPs
0.84101,All SNPs
0.84101,All SNPs
0.84101,All SNPs
0.84101,All SNPs
0.84101,All SNPs
0.84101,All SNPs
0.84101,All SNPs
0.84101,All SNPs
0.84101,All SNPs
0.84101,All SNPs
0.84101,All SNPs
0.84101,All SNPs
0.84101,All SNPs
0.84101,All SNPs
0.84101,All SNPs
5.0545,All SNPs
5.0545,All SNPs
5.0545,All SNPs
5.0545,All SNPs
5.0545,All SNPs
5.0545,All SNPs
0.90116,All SNPs
6.4076,All SNPs
0.69479,All SNPs
0.69479,All SNPs
0.69479,All SNPs
0.69479,All SNPs
0.69479,All SNPs
0.69479,All SNPs
0.69479,All SNPs
0.69479,All SNPs
0.69479,All SNPs
0.69479,All SNPs
0.69479,All SNPs
0.69479,All SNPs
0.69479,All SNPs
4.3737,All SNPs
4.3737,All SNPs
4.3737,All SNPs
4.3737,All SNPs
4.3737,All SNPs
4.3737,All SNPs
4.3737,All SNPs
4.3737,All SNPs
4.3737,All SNPs
4.3737,All SNPs
4.3737,All SNPs
4.3737,All SNPs
4.3737,All SNPs
0.43249,All SNPs
0.43249,All SNPs
1.3245,All SNPs
1.3245,All SNPs
1.3245,All SNPs
0.99462,All SNPs
5.0655,All SNPs
1.3196,All SNPs
1.3196,All SNPs
1.3196,All SNPs
1.3196,All SNPs
1.3196,All SNPs
3.8315,All SNPs
0.49675,All SNPs
0.49675,All SNPs
0.49675,All SNPs
4.3766,All SNPs
4.3766,All SNPs
4.3766,All SNPs
4.3766,All SNPs
4.3766,All SNPs
0.75622,All SNPs
0.75622,All SNPs
0.75622,All SNPs
0.75622,All SNPs
0.75622,All SNPs
4.4009,All SNPs
0.18817,All SNPs
6.8255,All SNPs
6.8255,All SNPs
3.7122,All SNPs
3.7122,All SNPs
3.7122,All SNPs
3.7122,All SNPs
3.7122,All SNPs
3.7122,All SNPs
3.7122,All SNPs
3.7122,All SNPs
3.7122,All SNPs
3.7122,All SNPs
3.7122,All SNPs
3.7122,All SNPs
3.7122,All SNPs
3.7122,All SNPs
0.35652,All SNPs
0.91705,All SNPs
3.4366,All SNPs
3.4366,All SNPs
3.4366,All SNPs
3.4366,All SNPs
3.4366,All SNPs
3.4366,All SNPs
3.4366,All SNPs
3.4366,All SNPs
3.4366,All SNPs
3.4366,All SNPs
3.4366,All SNPs
3.4366,All SNPs
3.4366,All SNPs
3.4366,All SNPs
3.4366,All SNPs
3.4366,All SNPs
3.4366,All SNPs
3.4366,All SNPs
3.4366,All SNPs
3.4366,All SNPs
3.4366,All SNPs
3.4366,All SNPs
3.4366,All SNPs
3.4366,All SNPs
3.4366,All SNPs
3.4366,All SNPs
3.4366,All SNPs
1.0245,All SNPs
1.0245,All SNPs
1.0245,All SNPs
1.0245,All SNPs
1.0245,All SNPs
1.0245,All SNPs
1.0245,All SNPs
1.0245,All SNPs
1.0245,All SNPs
1.0245,All SNPs
1.0245,All SNPs
1.0245,All SNPs
1.0245,All SNPs
1.0245,All SNPs
1.0245,All SNPs
1.0245,All SNPs
1.0245,All SNPs
1.0245,All SNPs
1.0245,All SNPs
1.0245,All SNPs
1.0245,All SNPs
1.3229,All SNPs
0.62523,All SNPs
0.62523,All SNPs
0.62523,All SNPs
0.62523,All SNPs
0.62523,All SNPs
0.62523,All SNPs
0.62523,All SNPs
0.62523,All SNPs
0.62523,All SNPs
0.62523,All SNPs
0.62523,All SNPs
0.72242,All SNPs
0.72242,All SNPs
0.72242,All SNPs
1.0686,All SNPs
0.59252,All SNPs
0.59252,All SNPs
0.59252,All SNPs
0.59252,All SNPs
0.59252,All SNPs
0.59252,All SNPs
0.59252,All SNPs
0.59252,All SNPs
0.59252,All SNPs
0.59252,All SNPs
0.59252,All SNPs
0.92046,All SNPs
4.6245,All SNPs
4.6245,All SNPs
4.6245,All SNPs
4.6245,All SNPs
4.6245,All SNPs
4.6245,All SNPs
4.6245,All SNPs
3.9873,All SNPs
4.807,All SNPs
4.7247,All SNPs
3.7478,All SNPs
3.7478,All SNPs
7.2131,All SNPs
7.2131,All SNPs
4.5276,All SNPs
4.5276,All SNPs
4.5276,All SNPs
4.5276,All SNPs
4.5276,All SNPs
4.5276,All SNPs
6.6536,All SNPs
6.6536,All SNPs
6.6536,All SNPs
6.6536,All SNPs
5.1802,All SNPs
5.1802,All SNPs
5.1802,All SNPs
5.1802,All SNPs
5.1802,All SNPs
4.8605,All SNPs
4.8605,All SNPs
4.8605,All SNPs
4.8605,All SNPs
4.8605,All SNPs
4.8605,All SNPs
4.8605,All SNPs
4.8605,All SNPs
7.0009,All SNPs
7.0009,All SNPs
7.0009,All SNPs
7.0009,All SNPs
7.0009,All SNPs
7.0009,All SNPs
7.0009,All SNPs
7.0009,All SNPs
7.0009,All SNPs
7.0009,All SNPs
7.0009,All SNPs
7.0009,All SNPs
7.0009,All SNPs
7.0009,All SNPs
7.0009,All SNPs
7.0009,All SNPs
7.0009,All SNPs
7.0009,All SNPs
7.0009,All SNPs
7.0009,All SNPs
7.0009,All SNPs
7.0009,All SNPs
5.7469,All SNPs
1.0779,All SNPs
1.0779,All SNPs
1.0565,All SNPs
1.0565,All SNPs
1.0565,All SNPs
1.0565,All SNPs
1.0565,All SNPs
1.0565,All SNPs
1.0565,All SNPs
1.0565,All SNPs
5.0633,All SNPs
7.4837,All SNPs
7.4837,All SNPs
1.1304,All SNPs
1.1304,All SNPs
0.89604,All SNPs
5.1155,All SNPs
5.1155,All SNPs
3.3682,All SNPs
3.3682,All SNPs
3.3682,All SNPs
3.3783,All SNPs
0.38593,All SNPs
0.38593,All SNPs
3.8863,All SNPs
0.46161,All SNPs
0.46161,All SNPs
3.8775,All SNPs
3.8775,All SNPs
5.6565,All SNPs
5.6565,All SNPs
3.4915,All SNPs
3.4915,All SNPs
3.4915,All SNPs
3.4915,All SNPs
3.4915,All SNPs
5.3521,All SNPs
4.3351,All SNPs
4.3351,All SNPs
4.7312,All SNPs
4.7312,All SNPs
9.182,All SNPs
8.4548,All SNPs
1.2209,All SNPs
1.2209,All SNPs
1.2209,All SNPs
1.2209,All SNPs
1.2209,All SNPs
1.2209,All SNPs
1.2209,All SNPs
1.2209,All SNPs
1.2209,All SNPs
1.2209,All SNPs
1.2209,All SNPs
1.2209,All SNPs
1.2209,All SNPs
3.8659,All SNPs
3.8659,All SNPs
3.8659,All SNPs
3.53,All SNPs
3.53,All SNPs
3.53,All SNPs
3.53,All SNPs
3.53,All SNPs
3.53,All SNPs
3.53,All SNPs
3.53,All SNPs
3.53,All SNPs
3.53,All SNPs
3.53,All SNPs
4.1935,All SNPs
4.6403,All SNPs
4.6403,All SNPs
4.6403,All SNPs
5.0297,All SNPs
5.0297,All SNPs
5.0297,All SNPs
5.0297,All SNPs
3.612,All SNPs
3.612,All SNPs
5.1983,All SNPs
3.6817,All SNPs
3.6817,All SNPs
3.6817,All SNPs
3.6817,All SNPs
3.6817,All SNPs
3.6817,All SNPs
5.6508,All SNPs
6.1371,All SNPs
4.8302,All SNPs
0.91583,All SNPs
3.9945,All SNPs
5.7845,All SNPs
5.7845,All SNPs
5.7845,All SNPs
5.7845,All SNPs
5.7845,All SNPs
0.40113,All SNPs
0.31515,All SNPs
0.31515,All SNPs
7.0172,All SNPs
7.0172,All SNPs
1.2047,All SNPs
1.2047,All SNPs
1.2047,All SNPs
1.2047,All SNPs
4.2167,All SNPs
4.2167,All SNPs
4.2167,All SNPs
4.2167,All SNPs
4.2167,All SNPs
4.2167,All SNPs
4.2167,All SNPs
4.2167,All SNPs
0.13926,All SNPs
0.13926,All SNPs
0.13926,All SNPs
0.13926,All SNPs
0.13926,All SNPs
0.13926,All SNPs
1.1555,All SNPs
1.1555,All SNPs
1.1555,All SNPs
1.1555,All SNPs
1.1555,All SNPs
1.1555,All SNPs
1.1555,All SNPs
1.1555,All SNPs
1.1555,All SNPs
1.1555,All SNPs
1.1555,All SNPs
1.1555,All SNPs
1.1555,All SNPs
6.7106,All SNPs
6.7106,All SNPs
6.7106,All SNPs
6.7106,All SNPs
6.2279,All SNPs
1.2213,All SNPs
1.2213,All SNPs
0.83333,All SNPs
0.83333,All SNPs
1.1434,All SNPs
3.7002,All SNPs
4.8591,All SNPs
4.8591,All SNPs
7.6645,All SNPs
7.6645,All SNPs
7.6645,All SNPs
7.6645,All SNPs
0.27622,All SNPs
0.27622,All SNPs
0.27622,All SNPs
3.8632,All SNPs
3.8632,All SNPs
3.8632,All SNPs
3.8632,All SNPs
3.8632,All SNPs
0.81158,All SNPs
0.81158,All SNPs
0.81158,All SNPs
0.81158,All SNPs
0.81158,All SNPs
0.81158,All SNPs
0.81158,All SNPs
5.787,All SNPs
5.787,All SNPs
5.787,All SNPs
5.787,All SNPs
5.787,All SNPs
5.787,All SNPs
5.787,All SNPs
5.787,All SNPs
5.787,All SNPs
4.4224,All SNPs
4.4224,All SNPs
4.4224,All SNPs
4.4224,All SNPs
4.4224,All SNPs
4.4224,All SNPs
4.4224,All SNPs
4.4224,All SNPs
4.4663,All SNPs
4.4663,All SNPs
4.4663,All SNPs
0.58562,All SNPs
0.58562,All SNPs
0.58562,All SNPs
0.58562,All SNPs
1.1525,All SNPs
4.3213,All SNPs
4.3213,All SNPs
4.3213,All SNPs
1.2946,All SNPs
1.2946,All SNPs
1.2946,All SNPs
1.2946,All SNPs
1.2946,All SNPs
5.6372,All SNPs
7.6211,All SNPs
7.6211,All SNPs
7.6211,All SNPs
7.3033,All SNPs
7.3033,All SNPs
1.0195,All SNPs
1.0195,All SNPs
1.0195,All SNPs
1.0195,All SNPs
1.0195,All SNPs
1.0195,All SNPs
1.0195,All SNPs
3.8336,All SNPs
4.9187,All SNPs
4.9187,All SNPs
4.9187,All SNPs
4.9187,All SNPs
4.9187,All SNPs
3.4885,All SNPs
3.4885,All SNPs
6.6489,All SNPs
6.6489,All SNPs
6.6489,All SNPs
7.5811,All SNPs
5.061,All SNPs
5.061,All SNPs
5.061,All SNPs
5.061,All SNPs
4.4429,All SNPs
4.4429,All SNPs
3.5674,All SNPs
3.5674,All SNPs
3.4074,All SNPs
0.92971,All SNPs
0.92971,All SNPs
4.3288,All SNPs
1.0798,All SNPs
1.0798,All SNPs
1.0798,All SNPs
1.0798,All SNPs
1.0798,All SNPs
1.0798,All SNPs
1.0798,All SNPs
1.0798,All SNPs
1.0798,All SNPs
1.0798,All SNPs
1.1838,All SNPs
1.1838,All SNPs
1.1838,All SNPs
1.1838,All SNPs
1.1838,All SNPs
1.1838,All SNPs
1.1019,All SNPs
1.1019,All SNPs
1.1019,All SNPs
1.1019,All SNPs
1.1019,All SNPs
1.1019,All SNPs
1.1019,All SNPs
6.6329,All SNPs
6.6329,All SNPs
6.6329,All SNPs
6.6329,All SNPs
6.6329,All SNPs
6.6329,All SNPs
6.6329,All SNPs
6.6329,All SNPs
6.6329,All SNPs
6.6329,All SNPs
6.6329,All SNPs
3.8661,All SNPs
3.8661,All SNPs
3.8661,All SNPs
3.8661,All SNPs
3.8661,All SNPs
3.8661,All SNPs
5.6053,All SNPs
5.6053,All SNPs
5.6053,All SNPs
5.6053,All SNPs
5.6053,All SNPs
5.6053,All SNPs
5.6053,All SNPs
4.7461,All SNPs
4.7461,All SNPs
6.3516,All SNPs
1.3448,All SNPs
1.3448,All SNPs
4.1967,All SNPs
3.8472,All SNPs
3.8472,All SNPs
0.62226,All SNPs
0.62226,All SNPs
0.62226,All SNPs
0.62226,All SNPs
0.62226,All SNPs
0.62226,All SNPs
0.62226,All SNPs
0.62226,All SNPs
0.62226,All SNPs
0.62226,All SNPs
4.5229,All SNPs
4.5229,All SNPs
4.5229,All SNPs
1.0612,All SNPs
0.65531,All SNPs
7.3613,All SNPs
3.509,All SNPs
1.0039,All SNPs
1.0039,All SNPs
1.0039,All SNPs
1.0039,All SNPs
1.0939,All SNPs
1.0939,All SNPs
1.0939,All SNPs
1.0939,All SNPs
1.0939,All SNPs
1.0939,All SNPs
1.2134,All SNPs
1.2134,All SNPs
1.2134,All SNPs
1.2134,All SNPs
5.6199,All SNPs
0.25533,All SNPs
5.9979,All SNPs
5.9979,All SNPs
0.96958,All SNPs
0.81722,All SNPs
0.81722,All SNPs
0.81722,All SNPs
5.3192,All SNPs
5.3192,All SNPs
5.3192,All SNPs
5.3192,All SNPs
5.3192,All SNPs
5.3192,All SNPs
0.52013,All SNPs
0.52013,All SNPs
1.2101,All SNPs
1.2101,All SNPs
1.2101,All SNPs
1.2101,All SNPs
1.2101,All SNPs
1.2101,All SNPs
1.2101,All SNPs
1.2101,All SNPs
1.2101,All SNPs
1.2101,All SNPs
1.2101,All SNPs
1.2101,All SNPs
1.2101,All SNPs
1.2101,All SNPs
1.2101,All SNPs
1.2101,All SNPs
1.2101,All SNPs
1.2101,All SNPs
1.2101,All SNPs
1.2101,All SNPs
1.2101,All SNPs
1.2101,All SNPs
1.2101,All SNPs
1.2101,All SNPs
1.2101,All SNPs
1.2101,All SNPs
1.2101,All SNPs
1.2101,All SNPs
1.2101,All SNPs
1.2101,All SNPs
1.2101,All SNPs
1.2101,All SNPs
1.2101,All SNPs
1.2101,All SNPs
1.2101,All SNPs
1.2101,All SNPs
1.2101,All SNPs
1.2101,All SNPs
1.2101,All SNPs
1.2101,All SNPs
1.2101,All SNPs
1.2101,All SNPs
1.2101,All SNPs
1.2101,All SNPs
1.2101,All SNPs
1.2101,All SNPs
1.2101,All SNPs
1.2101,All SNPs
1.2101,All SNPs
1.2101,All SNPs
1.2101,All SNPs
1.2101,All SNPs
1.2101,All SNPs
1.2101,All SNPs
1.2101,All SNPs
1.2101,All SNPs
1.2101,All SNPs
1.2101,All SNPs
1.2101,All SNPs
1.2101,All SNPs
1.2101,All SNPs
1.2101,All SNPs
1.2101,All SNPs
1.2101,All SNPs
1.2101,All SNPs
1.2101,All SNPs
1.2101,All SNPs
1.2101,All SNPs
1.2101,All SNPs
1.2101,All SNPs
1.2101,All SNPs
1.2101,All SNPs
1.2101,All SNPs
1.2101,All SNPs
1.2101,All SNPs
1.2101,All SNPs
1.2101,All SNPs
1.2101,All SNPs
1.2101,All SNPs
1.2101,All SNPs
1.2101,All SNPs
1.2101,All SNPs
1.2101,All SNPs
1.2101,All SNPs
1.2101,All SNPs
1.2101,All SNPs
1.2101,All SNPs
1.2101,All SNPs
1.2101,All SNPs
1.2101,All SNPs
1.2101,All SNPs
1.2101,All SNPs
1.2101,All SNPs
1.2101,All SNPs
1.2101,All SNPs
1.2101,All SNPs
1.2101,All SNPs
1.2101,All SNPs
1.2101,All SNPs
1.2101,All SNPs
1.2101,All SNPs
1.2101,All SNPs
1.2101,All SNPs
1.2101,All SNPs
1.2101,All SNPs
1.2101,All SNPs
1.2101,All SNPs
0.69257,All SNPs
0.69257,All SNPs
4.9019,All SNPs
4.9019,All SNPs
4.9019,All SNPs
4.9019,All SNPs
4.9019,All SNPs
3.6164,All SNPs
3.6164,All SNPs
3.6164,All SNPs
3.6164,All SNPs
3.6164,All SNPs
3.6164,All SNPs
3.6164,All SNPs
4.041,All SNPs
4.041,All SNPs
4.041,All SNPs
4.041,All SNPs
4.041,All SNPs
4.041,All SNPs
4.041,All SNPs
4.041,All SNPs
1.2173,All SNPs
3.4627,All SNPs
0.045505,All SNPs
0.045505,All SNPs
1.2856,All SNPs
1.2856,All SNPs
1.2856,All SNPs
1.2856,All SNPs
1.2856,All SNPs
1.2561,All SNPs
0.91598,All SNPs
0.91598,All SNPs
0.91598,All SNPs
4.8096,All SNPs
8.421,All SNPs
8.421,All SNPs
8.421,All SNPs
8.421,All SNPs
5.5875,All SNPs
5.5875,All SNPs
5.5875,All SNPs
0.3854,All SNPs
0.3854,All SNPs
0.3854,All SNPs
0.3854,All SNPs
0.3854,All SNPs
0.3854,All SNPs
0.3854,All SNPs
0.3854,All SNPs
0.3854,All SNPs
0.3854,All SNPs
0.3854,All SNPs
3.7749,All SNPs
0.89035,All SNPs
0.89035,All SNPs
0.91643,All SNPs
0.91643,All SNPs
5.9447,All SNPs
5.9447,All SNPs
0.82782,All SNPs
0.82782,All SNPs
0.82782,All SNPs
0.82782,All SNPs
0.82782,All SNPs
0.82782,All SNPs
0.71538,All SNPs
0.71538,All SNPs
0.71538,All SNPs
0.71538,All SNPs
0.71538,All SNPs
0.71538,All SNPs
0.71538,All SNPs
6.4167,All SNPs
6.4167,All SNPs
6.4167,All SNPs
6.4167,All SNPs
6.4167,All SNPs
1.3277,All SNPs
1.3277,All SNPs
1.3277,All SNPs
1.3277,All SNPs
1.3277,All SNPs
1.3277,All SNPs
1.3277,All SNPs
1.1816,All SNPs
1.1816,All SNPs
8.7969,All SNPs
8.7969,All SNPs
8.7969,All SNPs
8.7969,All SNPs
7.0903,All SNPs
7.0903,All SNPs
1.0206,All SNPs
1.0206,All SNPs
1.0206,All SNPs
1.0206,All SNPs
1.0206,All SNPs
1.0206,All SNPs
1.0206,All SNPs
1.0206,All SNPs
8.4051,All SNPs
8.4051,All SNPs
8.4051,All SNPs
8.4051,All SNPs
1.0752,All SNPs
4.7572,All SNPs
4.1025,All SNPs
4.1025,All SNPs
4.1025,All SNPs
5.7424,All SNPs
3.7679,All SNPs
3.7679,All SNPs
3.7679,All SNPs
3.7679,All SNPs
3.7679,All SNPs
0.89334,All SNPs
1.0111,All SNPs
1.0111,All SNPs
1.2441,All SNPs
1.223,All SNPs
4.1565,All SNPs
4.1565,All SNPs
4.9194,All SNPs
4.3485,All SNPs
4.3485,All SNPs
4.3485,All SNPs
4.3485,All SNPs
4.3485,All SNPs
4.3485,All SNPs
4.473,All SNPs
4.473,All SNPs
4.473,All SNPs
0.95502,All SNPs
5.7748,All SNPs
5.7748,All SNPs
5.7748,All SNPs
5.7748,All SNPs
6.294,All SNPs
4.9347,All SNPs
0.70632,All SNPs
0.70632,All SNPs
0.38734,All SNPs
0.38734,All SNPs
3.368,All SNPs
3.368,All SNPs
0.83231,All SNPs
0.83231,All SNPs
0.83231,All SNPs
0.83231,All SNPs
1.2318,All SNPs
0.90164,All SNPs
1.1812,All SNPs
1.1812,All SNPs
1.1812,All SNPs
1.1812,All SNPs
1.1812,All SNPs
1.1812,All SNPs
3.3976,All SNPs
3.3976,All SNPs
3.3976,All SNPs
5.2608,All SNPs
5.2608,All SNPs
5.9274,All SNPs
0.21142,All SNPs
0.21142,All SNPs
0.21142,All SNPs
0.21142,All SNPs
0.21142,All SNPs
0.44534,All SNPs
0.44534,All SNPs
0.44534,All SNPs
1.3291,All SNPs
1.3291,All SNPs
1.3291,All SNPs
6.689,All SNPs
3.4676,All SNPs
3.4676,All SNPs
3.4676,All SNPs
3.4676,All SNPs
3.4676,All SNPs
3.4676,All SNPs
3.4676,All SNPs
3.4676,All SNPs
4.9396,All SNPs
4.9396,All SNPs
4.9396,All SNPs
4.9396,All SNPs
4.9396,All SNPs
4.9396,All SNPs
4.9396,All SNPs
4.9396,All SNPs
1.1649,All SNPs
1.1649,All SNPs
1.1649,All SNPs
1.1649,All SNPs
1.1649,All SNPs
1.1649,All SNPs
0.32017,All SNPs
4.171,All SNPs
4.171,All SNPs
4.171,All SNPs
4.171,All SNPs
4.171,All SNPs
4.171,All SNPs
4.171,All SNPs
4.171,All SNPs
4.171,All SNPs
4.171,All SNPs
4.171,All SNPs
4.171,All SNPs
4.171,All SNPs
4.171,All SNPs
4.171,All SNPs
3.7554,All SNPs
3.7554,All SNPs
3.3982,All SNPs
3.3982,All SNPs
0.45294,All SNPs
4.4485,All SNPs
4.4485,All SNPs
4.4485,All SNPs
4.0336,All SNPs
1.3343,All SNPs
4.7016,All SNPs
4.5613,All SNPs
5.2046,All SNPs
0.27234,All SNPs
1.1041,All SNPs
1.1041,All SNPs
0.67471,All SNPs
0.67471,All SNPs
0.67471,All SNPs
0.96292,All SNPs
0.96052,All SNPs
0.96052,All SNPs
0.96052,All SNPs
0.96052,All SNPs
0.91074,All SNPs
0.7206,All SNPs
6.2996,All SNPs
7.2044,All SNPs
7.2044,All SNPs
7.2044,All SNPs
7.2044,All SNPs
0.9943,All SNPs
0.9943,All SNPs
0.9943,All SNPs
0.9943,All SNPs
0.9943,All SNPs
5.2183,All SNPs
3.7015,All SNPs
3.7015,All SNPs
3.7015,All SNPs
3.7015,All SNPs
3.7015,All SNPs
3.7015,All SNPs
3.7015,All SNPs
1.1725,All SNPs
1.1725,All SNPs
1.1725,All SNPs
1.1725,All SNPs
1.3283,All SNPs
6.9341,All SNPs
6.9341,All SNPs
6.9341,All SNPs
6.9341,All SNPs
6.9341,All SNPs
6.9341,All SNPs
6.9341,All SNPs
6.9341,All SNPs
6.9341,All SNPs
6.9341,All SNPs
6.0989,All SNPs
6.0989,All SNPs
6.0989,All SNPs
6.8221,All SNPs
6.8221,All SNPs
6.8221,All SNPs
6.8221,All SNPs
6.8221,All SNPs
0.99991,All SNPs
0.99991,All SNPs
0.96404,All SNPs
0.96404,All SNPs
0.96404,All SNPs
0.96404,All SNPs
0.96404,All SNPs
0.96404,All SNPs
0.96404,All SNPs
0.96404,All SNPs
0.96404,All SNPs
0.96404,All SNPs
0.96404,All SNPs
0.96404,All SNPs
0.96404,All SNPs
5.0926,All SNPs
5.0926,All SNPs
0.71298,All SNPs
0.71298,All SNPs
5.6478,All SNPs
5.6478,All SNPs
5.6478,All SNPs
1.3465,All SNPs
6.0674,All SNPs
6.0674,All SNPs
6.0674,All SNPs
6.0674,All SNPs
6.0674,All SNPs
6.0674,All SNPs
6.0674,All SNPs
6.0674,All SNPs
6.0674,All SNPs
6.0674,All SNPs
4.1031,All SNPs
4.1031,All SNPs
8.6068,All SNPs
8.6068,All SNPs
8.6068,All SNPs
5.4259,All SNPs
5.4259,All SNPs
6.2154,All SNPs
6.2154,All SNPs
6.2154,All SNPs
6.2154,All SNPs
6.2154,All SNPs
6.2154,All SNPs
4.4356,All SNPs
4.4356,All SNPs
4.4356,All SNPs
4.4356,All SNPs
4.4356,All SNPs
4.4356,All SNPs
4.4356,All SNPs
4.4356,All SNPs
4.4356,All SNPs
4.4356,All SNPs
4.4356,All SNPs
4.4356,All SNPs
4.4356,All SNPs
4.4356,All SNPs
4.4356,All SNPs
4.4356,All SNPs
4.4356,All SNPs
4.4356,All SNPs
4.4356,All SNPs
4.4356,All SNPs
4.4356,All SNPs
4.4356,All SNPs
4.4356,All SNPs
4.4356,All SNPs
4.4356,All SNPs
4.4356,All SNPs
4.4356,All SNPs
4.4356,All SNPs
4.4356,All SNPs
4.4356,All SNPs
4.4356,All SNPs
4.4356,All SNPs
4.4356,All SNPs
4.4356,All SNPs
4.4356,All SNPs
4.4356,All SNPs
4.4356,All SNPs
4.4356,All SNPs
3.585,All SNPs
3.585,All SNPs
3.5633,All SNPs
3.5633,All SNPs
3.5633,All SNPs
1.3281,All SNPs
1.3281,All SNPs
1.3281,All SNPs
1.3281,All SNPs
1.3281,All SNPs
4.1893,All SNPs
4.125,All SNPs
4.125,All SNPs
4.125,All SNPs
4.125,All SNPs
4.125,All SNPs
4.125,All SNPs
3.4806,All SNPs
3.4806,All SNPs
0.93705,All SNPs
0.81055,All SNPs
1.3331,All SNPs
6.1157,All SNPs
6.1157,All SNPs
6.1157,All SNPs
1.0376,All SNPs
1.0376,All SNPs
1.0376,All SNPs
4.8922,All SNPs
0.51014,All SNPs
0.51014,All SNPs
0.51014,All SNPs
0.51014,All SNPs
0.51014,All SNPs
0.51014,All SNPs
0.51014,All SNPs
0.51014,All SNPs
0.51014,All SNPs
0.51014,All SNPs
0.51014,All SNPs
0.51014,All SNPs
0.51014,All SNPs
0.47676,All SNPs
0.47676,All SNPs
0.47676,All SNPs
0.47676,All SNPs
0.47676,All SNPs
0.47676,All SNPs
0.47676,All SNPs
0.47676,All SNPs
0.47676,All SNPs
0.47676,All SNPs
0.47676,All SNPs
0.47676,All SNPs
0.47676,All SNPs
0.47676,All SNPs
0.47676,All SNPs
0.47676,All SNPs
0.47676,All SNPs
3.9348,All SNPs
3.9348,All SNPs
5.6673,All SNPs
5.6673,All SNPs
5.6673,All SNPs
5.6673,All SNPs
5.6673,All SNPs
5.6673,All SNPs
5.6673,All SNPs
0.21438,All SNPs
0.21438,All SNPs
0.21438,All SNPs
0.21438,All SNPs
0.21438,All SNPs
0.21438,All SNPs
0.21438,All SNPs
0.21438,All SNPs
1.1282,All SNPs
0.63534,All SNPs
0.63534,All SNPs
0.63534,All SNPs
0.63534,All SNPs
0.63534,All SNPs
0.63534,All SNPs
0.63534,All SNPs
0.63534,All SNPs
0.63534,All SNPs
0.63534,All SNPs
0.63534,All SNPs
0.63534,All SNPs
0.63534,All SNPs
0.63534,All SNPs
0.63534,All SNPs
0.63534,All SNPs
0.63534,All SNPs
0.63534,All SNPs
0.63534,All SNPs
0.63534,All SNPs
0.63534,All SNPs
0.63534,All SNPs
0.63534,All SNPs
0.63534,All SNPs
0.63534,All SNPs
0.63534,All SNPs
0.63534,All SNPs
0.63534,All SNPs
0.63534,All SNPs
0.63534,All SNPs
0.89157,All SNPs
5.9591,All SNPs
5.9591,All SNPs
5.9591,All SNPs
5.9591,All SNPs
4.0289,All SNPs
3.4808,All SNPs
0.99171,All SNPs
0.99171,All SNPs
0.99171,All SNPs
0.99171,All SNPs
0.99171,All SNPs
0.99171,All SNPs
0.99171,All SNPs
0.99171,All SNPs
1.2257,All SNPs
1.2257,All SNPs
1.2257,All SNPs
1.3249,All SNPs
1.3249,All SNPs
1.3249,All SNPs
1.2965,All SNPs
0.81679,All SNPs
3.5106,All SNPs
3.5106,All SNPs
1.1729,All SNPs
1.2916,All SNPs
1.2916,All SNPs
5.8244,All SNPs
1.211,All SNPs
1.211,All SNPs
5.2301,All SNPs
5.2301,All SNPs
5.2301,All SNPs
5.2301,All SNPs
1.2235,All SNPs
3.902,All SNPs
3.902,All SNPs
3.6332,All SNPs
3.6332,All SNPs
3.6332,All SNPs
3.6332,All SNPs
3.6332,All SNPs
3.6332,All SNPs
3.3644,All SNPs
1.3145,All SNPs
1.3145,All SNPs
1.3145,All SNPs
1.3145,All SNPs
1.3145,All SNPs
1.3145,All SNPs
1.3145,All SNPs
4.2391,All SNPs
4.2391,All SNPs
4.2391,All SNPs
4.2391,All SNPs
4.2391,All SNPs
0.8391,All SNPs
5.3338,All SNPs
1.2918,All SNPs
1.2954,All SNPs
0.98327,All SNPs
0.98327,All SNPs
0.98327,All SNPs
6.5768,All SNPs
6.5768,All SNPs
4.7949,All SNPs
4.7949,All SNPs
4.7949,All SNPs
4.7949,All SNPs
0.012964,All SNPs
5.3667,All SNPs
1.1329,All SNPs
1.0114,All SNPs
1.0114,All SNPs
0.89846,All SNPs
1.2302,All SNPs
1.2302,All SNPs
0.78715,All SNPs
7.1962,All SNPs
7.1962,All SNPs
7.1962,All SNPs
4.1931,All SNPs
0.97068,All SNPs
4.8675,All SNPs
4.8675,All SNPs
4.8675,All SNPs
4.8675,All SNPs
4.8675,All SNPs
4.8675,All SNPs
4.8675,All SNPs
4.8675,All SNPs
4.8675,All SNPs
4.8675,All SNPs
4.8675,All SNPs
3.8227,All SNPs
3.8227,All SNPs
0.88873,All SNPs
0.88873,All SNPs
1.1664,All SNPs
1.1664,All SNPs
1.1664,All SNPs
1.1664,All SNPs
0.73798,All SNPs
0.73798,All SNPs
1.2822,All SNPs
4.6518,All SNPs
4.6518,All SNPs
5.2819,All SNPs
4.1605,All SNPs
4.1605,All SNPs
4.1605,All SNPs
4.1605,All SNPs
4.1605,All SNPs
6.3869,All SNPs
3.798,All SNPs
4.6262,All SNPs
4.6262,All SNPs
4.6262,All SNPs
1.0797,All SNPs
1.0797,All SNPs
4.9891,All SNPs
4.9891,All SNPs
4.9891,All SNPs
5.1353,All SNPs
1.0788,All SNPs
1.0788,All SNPs
1.0788,All SNPs
0.31254,All SNPs
0.31254,All SNPs
0.31254,All SNPs
0.31254,All SNPs
0.31254,All SNPs
0.31254,All SNPs
0.49758,All SNPs
0.49758,All SNPs
7.0892,All SNPs
4.4555,All SNPs
4.4555,All SNPs
5.1616,All SNPs
5.1616,All SNPs
5.1616,All SNPs
1.2189,All SNPs
1.2189,All SNPs
1.2189,All SNPs
1.2189,All SNPs
1.2189,All SNPs
1.2189,All SNPs
1.2189,All SNPs
3.8341,All SNPs
3.8341,All SNPs
3.8341,All SNPs
3.8341,All SNPs
3.8341,All SNPs
3.8341,All SNPs
3.8341,All SNPs
0.62693,All SNPs
0.62693,All SNPs
0.62693,All SNPs
0.62693,All SNPs
1.1752,All SNPs
4.8145,All SNPs
4.8145,All SNPs
4.8145,All SNPs
4.8145,All SNPs
4.8145,All SNPs
4.8145,All SNPs
4.8145,All SNPs
4.8145,All SNPs
4.8145,All SNPs
0.81993,All SNPs
0.81993,All SNPs
0.81993,All SNPs
5.2651,All SNPs
5.2651,All SNPs
4.5937,All SNPs
4.5937,All SNPs
4.5937,All SNPs
4.5937,All SNPs
4.5937,All SNPs
4.5937,All SNPs
4.5937,All SNPs
4.5937,All SNPs
4.5937,All SNPs
4.5937,All SNPs
4.5937,All SNPs
4.5937,All SNPs
4.5937,All SNPs
4.5937,All SNPs
7.8305,All SNPs
5.7488,All SNPs
1.2175,All SNPs
3.9804,All SNPs
6.4158,All SNPs
1.2012,All SNPs
6.9313,All SNPs
1.2828,All SNPs
6.3862,All SNPs
6.3862,All SNPs
6.3862,All SNPs
6.3862,All SNPs
6.3862,All SNPs
0.69245,All SNPs
6.7163,All SNPs
6.7163,All SNPs
6.7163,All SNPs
4.1729,All SNPs
4.1729,All SNPs
4.1729,All SNPs
4.1729,All SNPs
4.1729,All SNPs
4.1729,All SNPs
4.1729,All SNPs
4.1729,All SNPs
4.1729,All SNPs
4.1729,All SNPs
4.1729,All SNPs
5.4266,All SNPs
5.4266,All SNPs
5.4266,All SNPs
5.4266,All SNPs
5.4266,All SNPs
0.27581,All SNPs
0.27581,All SNPs
4.07,All SNPs
4.07,All SNPs
1.1899,All SNPs
1.1899,All SNPs
1.1899,All SNPs
1.1899,All SNPs
1.1899,All SNPs
1.1899,All SNPs
1.1883,All SNPs
1.1883,All SNPs
1.1883,All SNPs
1.1883,All SNPs
1.0267,All SNPs
1.0267,All SNPs
5.5384,All SNPs
4.4354,All SNPs
3.39,All SNPs
3.39,All SNPs
0.72533,All SNPs
3.84,All SNPs
3.84,All SNPs
3.84,All SNPs
3.84,All SNPs
3.84,All SNPs
3.84,All SNPs
3.84,All SNPs
3.84,All SNPs
3.84,All SNPs
5.4556,All SNPs
5.4556,All SNPs
5.4556,All SNPs
5.4556,All SNPs
5.4556,All SNPs
5.4556,All SNPs
5.4556,All SNPs
5.4556,All SNPs
5.4556,All SNPs
5.4556,All SNPs
5.4556,All SNPs
5.4556,All SNPs
5.4556,All SNPs
5.4556,All SNPs
5.4556,All SNPs
5.4556,All SNPs
5.4556,All SNPs
5.4556,All SNPs
5.4556,All SNPs
5.4556,All SNPs
5.4556,All SNPs
5.4556,All SNPs
5.4556,All SNPs
5.4556,All SNPs
5.4556,All SNPs
5.4556,All SNPs
5.4556,All SNPs
5.4556,All SNPs
5.4556,All SNPs
5.4556,All SNPs
5.4556,All SNPs
5.4556,All SNPs
5.4556,All SNPs
5.4556,All SNPs
5.4556,All SNPs
5.4556,All SNPs
5.4556,All SNPs
5.4556,All SNPs
5.4556,All SNPs
5.4556,All SNPs
0.5654,All SNPs
0.5654,All SNPs
3.4488,All SNPs
0.306,All SNPs
0.306,All SNPs
0.306,All SNPs
0.306,All SNPs
0.306,All SNPs
0.306,All SNPs
0.306,All SNPs
0.306,All SNPs
4.1524,All SNPs
4.1524,All SNPs
6.1593,All SNPs
3.8309,All SNPs
4.4688,All SNPs
4.4688,All SNPs
4.4688,All SNPs
1.1367,All SNPs
1.1367,All SNPs
6.4913,All SNPs
6.4913,All SNPs
6.4913,All SNPs
6.4913,All SNPs
6.4913,All SNPs
6.4913,All SNPs
5.7434,All SNPs
5.7434,All SNPs
5.7434,All SNPs
4.7631,All SNPs
4.7631,All SNPs
4.7631,All SNPs
4.7631,All SNPs
4.7631,All SNPs
0.54489,All SNPs
0.54489,All SNPs
0.54489,All SNPs
0.54489,All SNPs
0.54489,All SNPs
0.54489,All SNPs
0.54489,All SNPs
0.54489,All SNPs
0.54489,All SNPs
0.54489,All SNPs
0.54489,All SNPs
0.54489,All SNPs
0.54489,All SNPs
0.54489,All SNPs
0.54489,All SNPs
0.54489,All SNPs
0.54489,All SNPs
0.49628,All SNPs
5.6906,All SNPs
5.6906,All SNPs
5.6906,All SNPs
5.6906,All SNPs
5.6906,All SNPs
5.6906,All SNPs
5.6906,All SNPs
5.6906,All SNPs
5.6906,All SNPs
5.6906,All SNPs
5.6906,All SNPs
5.6906,All SNPs
5.6906,All SNPs
5.6906,All SNPs
5.6906,All SNPs
5.6906,All SNPs
5.6906,All SNPs
5.6906,All SNPs
5.6906,All SNPs
5.6906,All SNPs
5.6906,All SNPs
5.6906,All SNPs
5.6906,All SNPs
5.6906,All SNPs
5.6906,All SNPs
5.6906,All SNPs
5.6906,All SNPs
5.6906,All SNPs
5.6906,All SNPs
5.6906,All SNPs
5.6906,All SNPs
5.6906,All SNPs
0.35178,All SNPs
1.2455,All SNPs
0.05337,All SNPs
0.05337,All SNPs
0.05337,All SNPs
0.05337,All SNPs
0.81734,All SNPs
1.217,All SNPs
0.93833,All SNPs
7.6522,All SNPs
5.5442,All SNPs
3.3701,All SNPs
0.66784,All SNPs
1.2793,All SNPs
1.0423,All SNPs
1.0423,All SNPs
1.0423,All SNPs
1.0423,All SNPs
0.71303,All SNPs
0.25358,All SNPs
0.038144,All SNPs
6.7225,All SNPs
6.7225,All SNPs
6.7225,All SNPs
4.6418,All SNPs
7.9162,All SNPs
7.9162,All SNPs
7.9162,All SNPs
7.9162,All SNPs
7.9162,All SNPs
3.6903,All SNPs
1.2865,All SNPs
1.2865,All SNPs
1.2865,All SNPs
1.0253,All SNPs
0.8255,All SNPs
1.2547,All SNPs
5.988,All SNPs
5.988,All SNPs
5.988,All SNPs
4.5176,All SNPs
4.5176,All SNPs
4.5176,All SNPs
4.5176,All SNPs
0.43183,All SNPs
1.1691,All SNPs
6.2735,All SNPs
6.2735,All SNPs
6.2735,All SNPs
6.2735,All SNPs
0.59742,All SNPs
0.59742,All SNPs
0.59742,All SNPs
0.59742,All SNPs
0.59742,All SNPs
0.59742,All SNPs
0.59742,All SNPs
0.59742,All SNPs
0.59742,All SNPs
0.59742,All SNPs
0.59742,All SNPs
0.59742,All SNPs
0.59742,All SNPs
0.59742,All SNPs
0.59742,All SNPs
0.59742,All SNPs
1.0674,All SNPs
3.985,All SNPs
3.985,All SNPs
3.985,All SNPs
3.985,All SNPs
3.985,All SNPs
3.985,All SNPs
3.985,All SNPs
3.985,All SNPs
3.985,All SNPs
3.9171,All SNPs
3.9171,All SNPs
3.9171,All SNPs
3.9171,All SNPs
3.9171,All SNPs
3.9171,All SNPs
3.9171,All SNPs
3.9171,All SNPs
3.9171,All SNPs
6.6078,All SNPs
6.6078,All SNPs
1.0326,All SNPs
1.0326,All SNPs
1.0326,All SNPs
1.0326,All SNPs
1.0326,All SNPs
1.0326,All SNPs
1.0326,All SNPs
1.0326,All SNPs
1.0326,All SNPs
1.1356,All SNPs
1.1356,All SNPs
1.1356,All SNPs
1.1356,All SNPs
1.2771,All SNPs
1.2606,All SNPs
1.2606,All SNPs
1.2606,All SNPs
1.2606,All SNPs
1.2606,All SNPs
1.2606,All SNPs
1.2606,All SNPs
1.2606,All SNPs
1.2606,All SNPs
1.2606,All SNPs
1.2606,All SNPs
1.2606,All SNPs
1.2606,All SNPs
1.2606,All SNPs
1.2606,All SNPs
1.2606,All SNPs
1.2606,All SNPs
1.2606,All SNPs
1.2606,All SNPs
1.2606,All SNPs
1.2606,All SNPs
1.2606,All SNPs
1.2606,All SNPs
1.2606,All SNPs
1.2606,All SNPs
1.2606,All SNPs
1.2606,All SNPs
1.2606,All SNPs
1.2606,All SNPs
1.2606,All SNPs
1.2606,All SNPs
1.2606,All SNPs
1.2606,All SNPs
1.2606,All SNPs
1.2606,All SNPs
1.2606,All SNPs
1.2606,All SNPs
1.2606,All SNPs
1.2606,All SNPs
1.2606,All SNPs
1.2606,All SNPs
1.2606,All SNPs
1.2606,All SNPs
1.2606,All SNPs
1.2606,All SNPs
1.2606,All SNPs
1.2606,All SNPs
1.2606,All SNPs
0.43573,All SNPs
0.43573,All SNPs
6.85,All SNPs
6.85,All SNPs
6.85,All SNPs
6.85,All SNPs
6.85,All SNPs
6.85,All SNPs
6.85,All SNPs
6.85,All SNPs
4.9976,All SNPs
4.6164,All SNPs
4.6164,All SNPs
5.8391,All SNPs
5.8391,All SNPs
5.8391,All SNPs
5.8391,All SNPs
5.8391,All SNPs
5.8391,All SNPs
5.8391,All SNPs
5.8391,All SNPs
5.8391,All SNPs
6.613,All SNPs
6.613,All SNPs
6.613,All SNPs
6.613,All SNPs
6.613,All SNPs
6.613,All SNPs
6.613,All SNPs
0.74854,All SNPs
0.74854,All SNPs
0.031926,All SNPs
0.031926,All SNPs
0.031926,All SNPs
0.031926,All SNPs
0.031926,All SNPs
0.031926,All SNPs
1.2865,All SNPs
1.2865,All SNPs
1.2865,All SNPs
1.0812,All SNPs
1.0812,All SNPs
1.1863,All SNPs
3.651,All SNPs
3.651,All SNPs
3.651,All SNPs
3.651,All SNPs
3.651,All SNPs
3.651,All SNPs
0.97281,All SNPs
0.97281,All SNPs
0.5923,All SNPs
4.2552,All SNPs
4.2552,All SNPs
4.7159,All SNPs
4.7159,All SNPs
4.7159,All SNPs
4.7159,All SNPs
4.7159,All SNPs
4.7159,All SNPs
4.7159,All SNPs
4.7159,All SNPs
4.7159,All SNPs
4.7159,All SNPs
4.7159,All SNPs
4.7159,All SNPs
4.7159,All SNPs
4.7159,All SNPs
4.7159,All SNPs
4.7159,All SNPs
4.7159,All SNPs
4.7159,All SNPs
4.7159,All SNPs
4.6485,All SNPs
0.25445,All SNPs
0.25445,All SNPs
0.25445,All SNPs
0.38736,All SNPs
0.53526,All SNPs
0.53526,All SNPs
0.53526,All SNPs
0.46376,All SNPs
5.3123,All SNPs
9.1681,All SNPs
9.1681,All SNPs
9.1681,All SNPs
8.1159,All SNPs
8.1159,All SNPs
8.1159,All SNPs
8.1159,All SNPs
8.1159,All SNPs
8.1159,All SNPs
8.1159,All SNPs
5.832,All SNPs
5.832,All SNPs
5.832,All SNPs
5.832,All SNPs
0.93698,All SNPs
1.2542,All SNPs
1.2542,All SNPs
3.8309,All SNPs
3.8309,All SNPs
3.8309,All SNPs
0.97882,All SNPs
0.97882,All SNPs
0.97882,All SNPs
0.97882,All SNPs
0.97882,All SNPs
0.97882,All SNPs
0.97882,All SNPs
5.4594,All SNPs
5.4594,All SNPs
5.4594,All SNPs
5.4594,All SNPs
5.4594,All SNPs
5.4594,All SNPs
5.4594,All SNPs
5.4594,All SNPs
5.4594,All SNPs
5.4594,All SNPs
5.4594,All SNPs
5.4594,All SNPs
5.4594,All SNPs
5.4594,All SNPs
5.4594,All SNPs
5.4594,All SNPs
5.4594,All SNPs
5.4594,All SNPs
5.4594,All SNPs
1.3169,All SNPs
1.3169,All SNPs
1.3169,All SNPs
1.3169,All SNPs
0.38791,All SNPs
0.38791,All SNPs
0.67929,All SNPs
0.67929,All SNPs
0.67929,All SNPs
0.67929,All SNPs
0.67929,All SNPs
0.67929,All SNPs
0.67929,All SNPs
0.67929,All SNPs
0.67929,All SNPs
0.67929,All SNPs
0.67929,All SNPs
0.67929,All SNPs
0.67929,All SNPs
0.67929,All SNPs
0.67929,All SNPs
0.67929,All SNPs
0.67929,All SNPs
0.67929,All SNPs
0.67929,All SNPs
0.67929,All SNPs
0.67929,All SNPs
0.67929,All SNPs
0.67929,All SNPs
0.67929,All SNPs
0.67929,All SNPs
0.67929,All SNPs
0.67929,All SNPs
0.67929,All SNPs
0.67929,All SNPs
0.67929,All SNPs
0.67929,All SNPs
0.67929,All SNPs
0.67929,All SNPs
0.67929,All SNPs
0.67929,All SNPs
0.67929,All SNPs
0.67929,All SNPs
0.67929,All SNPs
0.67929,All SNPs
0.67929,All SNPs
0.67929,All SNPs
0.67929,All SNPs
0.67929,All SNPs
0.67929,All SNPs
0.67929,All SNPs
0.67929,All SNPs
0.67929,All SNPs
0.67929,All SNPs
0.67929,All SNPs
0.67929,All SNPs
0.67929,All SNPs
0.67929,All SNPs
0.67929,All SNPs
0.67929,All SNPs
0.58653,All SNPs
0.58653,All SNPs
0.58653,All SNPs
0.58653,All SNPs
0.58653,All SNPs
0.58653,All SNPs
0.58653,All SNPs
0.58653,All SNPs
0.58653,All SNPs
0.58653,All SNPs
0.58653,All SNPs
0.58653,All SNPs
0.58653,All SNPs
0.58653,All SNPs
0.58653,All SNPs
0.58653,All SNPs
0.58653,All SNPs
0.58653,All SNPs
0.58653,All SNPs
0.58653,All SNPs
0.58653,All SNPs
0.58653,All SNPs
0.58653,All SNPs
0.58653,All SNPs
0.58653,All SNPs
0.58653,All SNPs
0.58653,All SNPs
0.58653,All SNPs
0.58653,All SNPs
0.58653,All SNPs
0.58653,All SNPs
0.58653,All SNPs
0.58653,All SNPs
0.58653,All SNPs
0.58653,All SNPs
0.58653,All SNPs
0.58653,All SNPs
0.58653,All SNPs
0.58653,All SNPs
0.58653,All SNPs
0.58653,All SNPs
0.58653,All SNPs
0.58653,All SNPs
0.58653,All SNPs
0.58653,All SNPs
0.58653,All SNPs
0.58653,All SNPs
0.58653,All SNPs
0.58653,All SNPs
0.58653,All SNPs
0.58653,All SNPs
0.58653,All SNPs
0.58653,All SNPs
0.58653,All SNPs
0.58653,All SNPs
4.47,All SNPs
5.4203,All SNPs
5.4203,All SNPs
5.4203,All SNPs
5.4203,All SNPs
5.4203,All SNPs
5.4203,All SNPs
5.4203,All SNPs
5.4203,All SNPs
5.4203,All SNPs
5.4203,All SNPs
5.4203,All SNPs
5.4203,All SNPs
5.4203,All SNPs
5.4203,All SNPs
5.4203,All SNPs
5.4203,All SNPs
5.4203,All SNPs
5.4203,All SNPs
5.4203,All SNPs
5.4203,All SNPs
5.4203,All SNPs
5.4203,All SNPs
5.4203,All SNPs
5.4203,All SNPs
5.4203,All SNPs
1.0555,All SNPs
1.0555,All SNPs
1.0447,All SNPs
1.0447,All SNPs
5.88,All SNPs
5.88,All SNPs
7.3177,All SNPs
7.3177,All SNPs
7.3177,All SNPs
0.54913,All SNPs
0.81011,All SNPs
0.81011,All SNPs
0.81011,All SNPs
0.50137,All SNPs
0.50137,All SNPs
0.50137,All SNPs
0.50137,All SNPs
0.50137,All SNPs
0.50137,All SNPs
0.50137,All SNPs
0.50137,All SNPs
0.50137,All SNPs
0.50137,All SNPs
0.50137,All SNPs
0.50137,All SNPs
0.50137,All SNPs
0.50137,All SNPs
0.50137,All SNPs
0.50137,All SNPs
0.50137,All SNPs
0.50137,All SNPs
0.50137,All SNPs
5.6477,All SNPs
5.6477,All SNPs
5.6477,All SNPs
1.2146,All SNPs
7.6803,All SNPs
7.6803,All SNPs
7.6803,All SNPs
7.6803,All SNPs
7.6803,All SNPs
7.6803,All SNPs
7.6803,All SNPs
7.6803,All SNPs
7.6803,All SNPs
1.1368,All SNPs
1.1645,All SNPs
1.1645,All SNPs
1.1645,All SNPs
1.1645,All SNPs
1.1645,All SNPs
1.1645,All SNPs
1.1645,All SNPs
1.1645,All SNPs
1.1645,All SNPs
1.1645,All SNPs
1.1645,All SNPs
1.1645,All SNPs
6.8747,All SNPs
6.8747,All SNPs
4.2382,All SNPs
3.4991,All SNPs
3.4991,All SNPs
3.4991,All SNPs
3.4991,All SNPs
3.4991,All SNPs
3.4991,All SNPs
3.4991,All SNPs
6.3079,All SNPs
6.3079,All SNPs
6.3079,All SNPs
6.3079,All SNPs
6.3079,All SNPs
6.3079,All SNPs
6.3079,All SNPs
6.3079,All SNPs
3.9358,All SNPs
3.9358,All SNPs
3.9358,All SNPs
5.5735,All SNPs
0.49636,All SNPs
0.49636,All SNPs
0.49636,All SNPs
0.49636,All SNPs
0.49636,All SNPs
0.49636,All SNPs
0.49636,All SNPs
0.49636,All SNPs
3.882,All SNPs
3.882,All SNPs
3.882,All SNPs
3.882,All SNPs
3.882,All SNPs
3.882,All SNPs
1.1275,All SNPs
5.6501,All SNPs
5.6501,All SNPs
5.6501,All SNPs
0.26287,All SNPs
0.26287,All SNPs
3.5485,All SNPs
3.5485,All SNPs
3.5485,All SNPs
4.2099,All SNPs
7.6254,All SNPs
1.2286,All SNPs
4.3968,All SNPs
3.4921,All SNPs
3.4921,All SNPs
3.4921,All SNPs
4.6714,All SNPs
4.6714,All SNPs
4.4356,All SNPs
4.4356,All SNPs
4.4356,All SNPs
4.4356,All SNPs
4.4356,All SNPs
4.4356,All SNPs
4.4356,All SNPs
4.4356,All SNPs
4.4356,All SNPs
0.93345,All SNPs
0.93345,All SNPs
0.93345,All SNPs
0.93345,All SNPs
0.93345,All SNPs
0.93391,All SNPs
0.93391,All SNPs
6.8237,All SNPs
6.8237,All SNPs
4.596,All SNPs
5.6972,All SNPs
4.21,All SNPs
0.26463,All SNPs
4.7223,All SNPs
4.7223,All SNPs
4.7223,All SNPs
0.93182,All SNPs
0.93182,All SNPs
0.93182,All SNPs
0.93182,All SNPs
0.93182,All SNPs
0.93182,All SNPs
0.93182,All SNPs
0.93182,All SNPs
0.93182,All SNPs
0.93182,All SNPs
0.93182,All SNPs
0.93182,All SNPs
8.3567,All SNPs
0.81003,All SNPs
0.81003,All SNPs
0.81003,All SNPs
0.81003,All SNPs
0.81003,All SNPs
0.81003,All SNPs
0.81003,All SNPs
0.81003,All SNPs
0.81003,All SNPs
0.81003,All SNPs
0.81003,All SNPs
0.81003,All SNPs
0.81003,All SNPs
0.81003,All SNPs
0.81003,All SNPs
0.81003,All SNPs
0.81003,All SNPs
0.81003,All SNPs
0.81003,All SNPs
0.81003,All SNPs
0.81003,All SNPs
0.81003,All SNPs
0.81003,All SNPs
0.93905,All SNPs
0.93905,All SNPs
0.93905,All SNPs
0.93905,All SNPs
0.93905,All SNPs
0.93905,All SNPs
0.93905,All SNPs
0.26912,All SNPs
4.4197,All SNPs
4.4197,All SNPs
4.4197,All SNPs
4.4197,All SNPs
1.309,All SNPs
1.309,All SNPs
1.309,All SNPs
1.309,All SNPs
1.309,All SNPs
1.309,All SNPs
1.309,All SNPs
1.309,All SNPs
1.309,All SNPs
1.0099,All SNPs
1.0099,All SNPs
1.0099,All SNPs
1.0099,All SNPs
1.0099,All SNPs
1.0099,All SNPs
1.0099,All SNPs
1.0099,All SNPs
1.3463,All SNPs
4.4713,All SNPs
9.8016,All SNPs
9.8016,All SNPs
9.8016,All SNPs
9.8016,All SNPs
9.8016,All SNPs
9.8016,All SNPs
9.8016,All SNPs
9.8016,All SNPs
9.8016,All SNPs
9.8016,All SNPs
5.5845,All SNPs
3.6946,All SNPs
4.3436,All SNPs
5.5646,All SNPs
5.5646,All SNPs
5.5646,All SNPs
5.5646,All SNPs
5.5646,All SNPs
5.5646,All SNPs
5.5646,All SNPs
5.1583,All SNPs
5.1583,All SNPs
5.1583,All SNPs
5.1583,All SNPs
5.1583,All SNPs
0.85594,All SNPs
0.85594,All SNPs
0.85594,All SNPs
0.81184,All SNPs
1.308,All SNPs
1.1523,All SNPs
0.47757,All SNPs
1.3234,All SNPs
1.3234,All SNPs
1.3234,All SNPs
1.3234,All SNPs
1.3234,All SNPs
0.87707,All SNPs
0.87707,All SNPs
0.87707,All SNPs
0.87707,All SNPs
1.259,All SNPs
0.42006,All SNPs
0.42006,All SNPs
4.3611,All SNPs
4.3611,All SNPs
1.1518,All SNPs
1.0486,All SNPs
1.0486,All SNPs
1.0486,All SNPs
1.0486,All SNPs
1.0486,All SNPs
1.0486,All SNPs
1.0486,All SNPs
4.9039,All SNPs
4.9039,All SNPs
4.9039,All SNPs
4.9039,All SNPs
4.9039,All SNPs
4.9039,All SNPs
4.9039,All SNPs
4.9039,All SNPs
4.9039,All SNPs
4.9039,All SNPs
0.4253,All SNPs
0.4253,All SNPs
8.1527,All SNPs
8.1527,All SNPs
8.1527,All SNPs
8.1527,All SNPs
8.1527,All SNPs
8.1527,All SNPs
8.1527,All SNPs
8.1527,All SNPs
8.1527,All SNPs
8.1527,All SNPs
8.1527,All SNPs
8.1527,All SNPs
8.1527,All SNPs
8.1527,All SNPs
8.1527,All SNPs
8.1527,All SNPs
8.1527,All SNPs
8.1527,All SNPs
8.1527,All SNPs
8.1527,All SNPs
8.1527,All SNPs
8.1527,All SNPs
8.1527,All SNPs
8.1527,All SNPs
8.1527,All SNPs
8.1527,All SNPs
8.1527,All SNPs
8.1527,All SNPs
8.1527,All SNPs
8.1527,All SNPs
1.0414,All SNPs
6.022,All SNPs
6.022,All SNPs
6.022,All SNPs
1.2641,All SNPs
1.2641,All SNPs
0.21055,All SNPs
0.21055,All SNPs
0.21055,All SNPs
0.21055,All SNPs
0.21055,All SNPs
0.21055,All SNPs
0.21055,All SNPs
0.21055,All SNPs
0.21055,All SNPs
0.21055,All SNPs
0.21055,All SNPs
0.50874,All SNPs
3.5943,All SNPs
3.5943,All SNPs
6.1079,All SNPs
6.1079,All SNPs
6.1079,All SNPs
4.8355,All SNPs
5.245,All SNPs
6.5118,All SNPs
6.5118,All SNPs
6.5118,All SNPs
6.5118,All SNPs
5.7891,All SNPs
5.7891,All SNPs
5.7891,All SNPs
5.7891,All SNPs
7.3489,All SNPs
7.3489,All SNPs
7.3489,All SNPs
7.3489,All SNPs
1.2683,All SNPs
1.2683,All SNPs
1.2683,All SNPs
1.2189,All SNPs
1.2189,All SNPs
1.2189,All SNPs
1.2189,All SNPs
1.2189,All SNPs
1.2189,All SNPs
6.9865,All SNPs
6.9865,All SNPs
0.72798,All SNPs
0.72798,All SNPs
0.72798,All SNPs
0.72798,All SNPs
0.79988,All SNPs
0.79988,All SNPs
0.79988,All SNPs
1.2507,All SNPs
1.2507,All SNPs
3.7513,All SNPs
3.7513,All SNPs
3.7513,All SNPs
3.7513,All SNPs
3.7513,All SNPs
3.7513,All SNPs
0.31116,All SNPs
0.31116,All SNPs
0.31116,All SNPs
0.31116,All SNPs
4.4295,All SNPs
4.4295,All SNPs
0.40269,All SNPs
0.40269,All SNPs
0.40269,All SNPs
0.40269,All SNPs
0.40269,All SNPs
3.616,All SNPs
3.616,All SNPs
3.616,All SNPs
3.616,All SNPs
3.616,All SNPs
3.616,All SNPs
3.616,All SNPs
3.616,All SNPs
3.616,All SNPs
3.616,All SNPs
3.616,All SNPs
3.9789,All SNPs
3.8615,All SNPs
6.9359,All SNPs
6.9359,All SNPs
7.446,All SNPs
7.446,All SNPs
7.446,All SNPs
7.446,All SNPs
7.446,All SNPs
7.446,All SNPs
7.446,All SNPs
0.71142,All SNPs
0.71142,All SNPs
0.71142,All SNPs
0.71142,All SNPs
0.71142,All SNPs
4.6217,All SNPs
4.6217,All SNPs
3.8329,All SNPs
3.7618,All SNPs
4.9913,All SNPs
4.9913,All SNPs
4.9913,All SNPs
4.9913,All SNPs
4.8488,All SNPs
4.8488,All SNPs
0.097335,All SNPs
1.1169,All SNPs
0.99671,All SNPs
0.15899,All SNPs
1.2364,All SNPs
1.2422,All SNPs
1.2422,All SNPs
1.2422,All SNPs
1.2422,All SNPs
1.1137,All SNPs
6.0803,All SNPs
6.0803,All SNPs
6.0803,All SNPs
6.0803,All SNPs
6.0803,All SNPs
6.0803,All SNPs
1.3345,All SNPs
1.3345,All SNPs
1.3345,All SNPs
5.8012,All SNPs
5.8012,All SNPs
5.8012,All SNPs
4.2296,All SNPs
4.2296,All SNPs
4.2296,All SNPs
4.2296,All SNPs
6.0384,All SNPs
0.90591,All SNPs
0.50786,All SNPs
4.592,All SNPs
4.592,All SNPs
4.592,All SNPs
4.592,All SNPs
4.592,All SNPs
4.592,All SNPs
0.74288,All SNPs
0.74288,All SNPs
0.63789,All SNPs
0.63789,All SNPs
0.63789,All SNPs
0.63789,All SNPs
0.63789,All SNPs
0.63789,All SNPs
0.63789,All SNPs
3.5663,All SNPs
3.5663,All SNPs
3.5663,All SNPs
3.5663,All SNPs
3.5663,All SNPs
3.5663,All SNPs
3.5663,All SNPs
5.1785,All SNPs
5.1785,All SNPs
5.1785,All SNPs
5.1785,All SNPs
5.1785,All SNPs
5.1785,All SNPs
5.1785,All SNPs
5.1785,All SNPs
5.1785,All SNPs
5.1785,All SNPs
5.1785,All SNPs
5.1785,All SNPs
5.1785,All SNPs
5.1785,All SNPs
5.1785,All SNPs
5.1785,All SNPs
5.1785,All SNPs
5.1785,All SNPs
5.1785,All SNPs
5.1785,All SNPs
5.1785,All SNPs
5.1785,All SNPs
5.1785,All SNPs
5.1785,All SNPs
5.1785,All SNPs
5.1785,All SNPs
5.1785,All SNPs
5.1785,All SNPs
5.1785,All SNPs
5.1785,All SNPs
5.1785,All SNPs
5.1785,All SNPs
5.1785,All SNPs
5.1785,All SNPs
5.1785,All SNPs
5.1785,All SNPs
5.1785,All SNPs
5.1785,All SNPs
5.1785,All SNPs
5.1785,All SNPs
5.1785,All SNPs
5.1785,All SNPs
5.1785,All SNPs
5.1785,All SNPs
5.1785,All SNPs
5.1785,All SNPs
5.1785,All SNPs
5.1785,All SNPs
5.1785,All SNPs
5.1785,All SNPs
5.1785,All SNPs
5.1785,All SNPs
5.1785,All SNPs
5.1785,All SNPs
5.1785,All SNPs
5.1785,All SNPs
5.1785,All SNPs
5.1785,All SNPs
4.1634,All SNPs
3.5389,All SNPs
3.5389,All SNPs
3.5389,All SNPs
3.6674,All SNPs
0.55867,All SNPs
4.4777,All SNPs
4.4777,All SNPs
1.1939,All SNPs
1.1939,All SNPs
1.1939,All SNPs
1.1939,All SNPs
4.0252,All SNPs
4.0252,All SNPs
4.0252,All SNPs
4.0252,All SNPs
4.0252,All SNPs
5.0171,All SNPs
5.0171,All SNPs
5.0171,All SNPs
0.26502,All SNPs
0.26502,All SNPs
0.26502,All SNPs
0.42066,All SNPs
0.42066,All SNPs
0.72626,All SNPs
3.7311,All SNPs
3.7311,All SNPs
3.7311,All SNPs
3.7311,All SNPs
3.7311,All SNPs
3.7311,All SNPs
0.68724,All SNPs
0.68724,All SNPs
0.68724,All SNPs
3.5187,All SNPs
3.5187,All SNPs
3.5187,All SNPs
3.5187,All SNPs
0.6521,All SNPs
0.6521,All SNPs
0.6521,All SNPs
0.6521,All SNPs
3.5676,All SNPs
3.5676,All SNPs
3.5676,All SNPs
3.5676,All SNPs
7.1961,All SNPs
7.1961,All SNPs
3.9446,All SNPs
3.9446,All SNPs
3.9446,All SNPs
3.9446,All SNPs
3.9446,All SNPs
3.9446,All SNPs
7.2055,All SNPs
3.9218,All SNPs
3.9218,All SNPs
3.9218,All SNPs
3.9218,All SNPs
3.9218,All SNPs
5.4351,All SNPs
5.4351,All SNPs
5.4351,All SNPs
5.4351,All SNPs
5.4351,All SNPs
0.5677,All SNPs
0.5677,All SNPs
1.2151,All SNPs
1.2151,All SNPs
1.2151,All SNPs
1.2151,All SNPs
1.3204,All SNPs
6.3616,All SNPs
6.3616,All SNPs
6.3616,All SNPs
6.3616,All SNPs
6.3616,All SNPs
6.3616,All SNPs
1.2197,All SNPs
1.2197,All SNPs
1.2197,All SNPs
1.2197,All SNPs
1.2197,All SNPs
0.097851,All SNPs
1.0346,All SNPs
5.3016,All SNPs
4.1593,All SNPs
4.1593,All SNPs
4.1593,All SNPs
4.1593,All SNPs
4.1593,All SNPs
4.1593,All SNPs
4.1593,All SNPs
4.1593,All SNPs
4.9435,All SNPs
4.9435,All SNPs
4.9435,All SNPs
4.9435,All SNPs
4.9435,All SNPs
4.9435,All SNPs
4.9435,All SNPs
4.9435,All SNPs
4.9435,All SNPs
4.9435,All SNPs
3.8276,All SNPs
6.8061,All SNPs
6.8061,All SNPs
6.8061,All SNPs
6.8061,All SNPs
6.8061,All SNPs
4.1821,All SNPs
4.1821,All SNPs
4.5737,All SNPs
4.5737,All SNPs
4.5737,All SNPs
1.0446,All SNPs
1.0446,All SNPs
1.0446,All SNPs
1.0446,All SNPs
4.2201,All SNPs
0.87267,All SNPs
4.3792,All SNPs
4.3792,All SNPs
0.93984,All SNPs
3.4559,All SNPs
3.4559,All SNPs
3.4559,All SNPs
3.4559,All SNPs
3.4559,All SNPs
3.4559,All SNPs
3.4559,All SNPs
3.4559,All SNPs
3.4559,All SNPs
0.088283,All SNPs
0.088283,All SNPs
0.088283,All SNPs
0.088283,All SNPs
0.088283,All SNPs
1.0813,All SNPs
0.74533,All SNPs
3.9847,All SNPs
3.5432,All SNPs
3.5432,All SNPs
3.5432,All SNPs
3.5432,All SNPs
3.5432,All SNPs
4.2444,All SNPs
4.8761,All SNPs
4.8761,All SNPs
3.6142,All SNPs
3.6142,All SNPs
3.6142,All SNPs
3.6142,All SNPs
1.2808,All SNPs
4.1522,All SNPs
4.1522,All SNPs
4.1522,All SNPs
5.671,All SNPs
5.671,All SNPs
5.671,All SNPs
5.671,All SNPs
5.671,All SNPs
5.671,All SNPs
5.671,All SNPs
5.671,All SNPs
5.671,All SNPs
4.9603,All SNPs
4.9603,All SNPs
4.9603,All SNPs
4.9603,All SNPs
4.9603,All SNPs
7.4689,All SNPs
7.4689,All SNPs
7.4689,All SNPs
7.4689,All SNPs
7.4689,All SNPs
7.4689,All SNPs
7.4689,All SNPs
7.4689,All SNPs
7.4689,All SNPs
7.4689,All SNPs
7.4689,All SNPs
7.4689,All SNPs
0.56603,All SNPs
0.61973,All SNPs
0.61973,All SNPs
0.61973,All SNPs
0.61973,All SNPs
0.61973,All SNPs
0.61973,All SNPs
0.61973,All SNPs
0.61973,All SNPs
7.6219,All SNPs
7.6219,All SNPs
7.6219,All SNPs
5.9823,All SNPs
4.3345,All SNPs
4.3345,All SNPs
4.3345,All SNPs
4.3345,All SNPs
4.3345,All SNPs
0.55789,All SNPs
5.1885,All SNPs
5.1885,All SNPs
5.0722,All SNPs
1.0257,All SNPs
4.7676,All SNPs
1.2681,All SNPs
1.2681,All SNPs
1.2681,All SNPs
1.2681,All SNPs
1.2681,All SNPs
1.2681,All SNPs
1.2681,All SNPs
1.2681,All SNPs
1.2681,All SNPs
1.2681,All SNPs
1.2681,All SNPs
1.2681,All SNPs
1.2681,All SNPs
1.2681,All SNPs
1.2681,All SNPs
1.2681,All SNPs
1.2681,All SNPs
1.2681,All SNPs
1.2681,All SNPs
1.2681,All SNPs
1.2681,All SNPs
1.2681,All SNPs
1.2681,All SNPs
1.2681,All SNPs
1.2533,All SNPs
0.63282,All SNPs
0.63282,All SNPs
1.1501,All SNPs
1.1501,All SNPs
4.3674,All SNPs
4.3674,All SNPs
1.0056,All SNPs
1.0056,All SNPs
1.0056,All SNPs
1.0056,All SNPs
1.0056,All SNPs
1.0056,All SNPs
1.0056,All SNPs
1.0056,All SNPs
6.0261,All SNPs
6.0261,All SNPs
6.0261,All SNPs
6.0261,All SNPs
6.0261,All SNPs
6.0261,All SNPs
4.2847,All SNPs
4.2847,All SNPs
4.2847,All SNPs
4.2847,All SNPs
4.2847,All SNPs
4.2847,All SNPs
4.2847,All SNPs
4.2847,All SNPs
4.2847,All SNPs
4.2847,All SNPs
3.6496,All SNPs
0.9791,All SNPs
0.9791,All SNPs
0.9791,All SNPs
0.9791,All SNPs
0.9791,All SNPs
0.9791,All SNPs
0.9791,All SNPs
0.9791,All SNPs
3.7426,All SNPs
3.7426,All SNPs
6.3826,All SNPs
6.3826,All SNPs
6.3826,All SNPs
6.3826,All SNPs
6.3826,All SNPs
6.3826,All SNPs
6.3826,All SNPs
5.6346,All SNPs
4.1258,All SNPs
3.4363,All SNPs
3.4363,All SNPs
3.476,All SNPs
3.476,All SNPs
3.476,All SNPs
3.476,All SNPs
3.476,All SNPs
0.79325,All SNPs
3.5178,All SNPs
3.5178,All SNPs
3.7063,All SNPs
3.7063,All SNPs
3.7063,All SNPs
5.5022,All SNPs
1.3052,All SNPs
1.3052,All SNPs
1.3052,All SNPs
4.0381,All SNPs
4.0381,All SNPs
4.0381,All SNPs
4.0381,All SNPs
4.0381,All SNPs
4.0381,All SNPs
4.0381,All SNPs
4.0381,All SNPs
4.0381,All SNPs
4.0381,All SNPs
4.0381,All SNPs
4.0381,All SNPs
3.4459,All SNPs
3.4459,All SNPs
3.4459,All SNPs
7.0379,All SNPs
5.5436,All SNPs
5.5436,All SNPs
0.95935,All SNPs
0.95935,All SNPs
1.0461,All SNPs
1.0461,All SNPs
1.0461,All SNPs
1.0461,All SNPs
1.0461,All SNPs
1.0461,All SNPs
1.0461,All SNPs
1.0461,All SNPs
1.0461,All SNPs
1.0461,All SNPs
1.0461,All SNPs
1.0461,All SNPs
1.0461,All SNPs
5.3229,All SNPs
1.3326,All SNPs
1.3326,All SNPs
1.3326,All SNPs
3.7977,All SNPs
3.7977,All SNPs
1.3138,All SNPs
1.3138,All SNPs
1.3138,All SNPs
1.3138,All SNPs
0.97271,All SNPs
0.97271,All SNPs
0.97271,All SNPs
0.97271,All SNPs
0.97271,All SNPs
0.97271,All SNPs
0.97271,All SNPs
0.97271,All SNPs
0.97271,All SNPs
0.99958,All SNPs
0.99958,All SNPs
0.99958,All SNPs
0.99958,All SNPs
0.99958,All SNPs
0.85571,All SNPs
0.65404,All SNPs
0.60667,All SNPs
7.4186,All SNPs
7.4186,All SNPs
1.1361,All SNPs
1.1361,All SNPs
1.1814,All SNPs
1.1814,All SNPs
1.1814,All SNPs
1.1814,All SNPs
1.1814,All SNPs
1.0099,All SNPs
7.5014,All SNPs
7.5014,All SNPs
7.5014,All SNPs
7.5014,All SNPs
4.7971,All SNPs
4.7971,All SNPs
4.7971,All SNPs
4.7971,All SNPs
5.7364,All SNPs
5.7364,All SNPs
5.7364,All SNPs
5.7364,All SNPs
4.0586,All SNPs
6.419,All SNPs
4.1656,All SNPs
4.0086,All SNPs
1.079,All SNPs
1.079,All SNPs
1.079,All SNPs
1.079,All SNPs
1.079,All SNPs
1.079,All SNPs
1.079,All SNPs
4.2343,All SNPs
0.54773,All SNPs
5.6765,All SNPs
5.6765,All SNPs
5.6765,All SNPs
5.6765,All SNPs
5.6765,All SNPs
5.6765,All SNPs
5.6765,All SNPs
5.6765,All SNPs
7.8258,All SNPs
7.8258,All SNPs
7.8258,All SNPs
7.8258,All SNPs
7.8258,All SNPs
7.8258,All SNPs
7.8258,All SNPs
7.8258,All SNPs
8.6893,All SNPs
8.6893,All SNPs
8.4647,All SNPs
8.4647,All SNPs
8.4647,All SNPs
8.4647,All SNPs
0.44162,All SNPs
4.5745,All SNPs
4.5745,All SNPs
4.5745,All SNPs
4.5745,All SNPs
4.5745,All SNPs
4.5745,All SNPs
5.9457,All SNPs
5.9457,All SNPs
5.9457,All SNPs
5.9457,All SNPs
5.9457,All SNPs
5.9457,All SNPs
5.9457,All SNPs
0.81656,All SNPs
3.5789,All SNPs
3.5789,All SNPs
3.5789,All SNPs
3.5789,All SNPs
3.5789,All SNPs
3.5789,All SNPs
3.5789,All SNPs
3.5789,All SNPs
3.5789,All SNPs
3.5789,All SNPs
3.5789,All SNPs
3.5789,All SNPs
3.5789,All SNPs
3.5789,All SNPs
3.5789,All SNPs
3.5789,All SNPs
3.5789,All SNPs
3.5789,All SNPs
3.5789,All SNPs
3.5789,All SNPs
3.5789,All SNPs
3.5789,All SNPs
3.5789,All SNPs
3.5789,All SNPs
3.5789,All SNPs
3.5789,All SNPs
3.5789,All SNPs
3.5789,All SNPs
3.5789,All SNPs
3.5789,All SNPs
3.5789,All SNPs
3.5789,All SNPs
3.5789,All SNPs
3.5789,All SNPs
3.5789,All SNPs
3.5789,All SNPs
3.5789,All SNPs
3.5789,All SNPs
3.5789,All SNPs
3.5789,All SNPs
3.5789,All SNPs
3.5789,All SNPs
3.5789,All SNPs
3.5789,All SNPs
3.5789,All SNPs
3.5789,All SNPs
3.5789,All SNPs
3.5789,All SNPs
3.5789,All SNPs
3.5789,All SNPs
3.5789,All SNPs
3.5789,All SNPs
3.5789,All SNPs
3.5789,All SNPs
3.5789,All SNPs
3.5789,All SNPs
3.5789,All SNPs
3.5789,All SNPs
3.5789,All SNPs
3.5789,All SNPs
3.5789,All SNPs
3.5789,All SNPs
3.5789,All SNPs
4.3948,All SNPs
4.3948,All SNPs
4.3948,All SNPs
0.84749,All SNPs
0.84749,All SNPs
0.84749,All SNPs
0.85667,All SNPs
0.85667,All SNPs
0.85667,All SNPs
0.85667,All SNPs
0.85667,All SNPs
0.85667,All SNPs
0.85667,All SNPs
3.4275,All SNPs
0.85794,All SNPs
0.85794,All SNPs
0.85794,All SNPs
0.85794,All SNPs
0.85794,All SNPs
0.85794,All SNPs
0.85794,All SNPs
0.85794,All SNPs
0.85794,All SNPs
4.4704,All SNPs
4.4704,All SNPs
4.9345,All SNPs
1.0051,All SNPs
1.0051,All SNPs
1.0051,All SNPs
1.0051,All SNPs
0.87975,All SNPs
0.87975,All SNPs
0.87975,All SNPs
0.87975,All SNPs
0.87975,All SNPs
0.87975,All SNPs
0.87975,All SNPs
0.87975,All SNPs
0.87975,All SNPs
0.87975,All SNPs
0.87975,All SNPs
0.87975,All SNPs
0.87975,All SNPs
0.87975,All SNPs
0.87975,All SNPs
1.1657,All SNPs
0.23117,All SNPs
6.2948,All SNPs
6.2948,All SNPs
6.2948,All SNPs
6.2948,All SNPs
6.2948,All SNPs
6.2948,All SNPs
6.2948,All SNPs
5.1916,All SNPs
5.0358,All SNPs
6.678,All SNPs
5.2927,All SNPs
0.45959,All SNPs
4.0427,All SNPs
5.427,All SNPs
5.427,All SNPs
6.7305,All SNPs
6.7305,All SNPs
6.7305,All SNPs
6.7305,All SNPs
6.7305,All SNPs
1.1817,All SNPs
1.1817,All SNPs
5.0741,All SNPs
5.0741,All SNPs
5.0741,All SNPs
5.0741,All SNPs
1.095,All SNPs
1.095,All SNPs
1.095,All SNPs
1.095,All SNPs
1.095,All SNPs
1.095,All SNPs
1.095,All SNPs
5.5463,All SNPs
5.5463,All SNPs
0.25641,All SNPs
5.1825,All SNPs
3.8064,All SNPs
3.8064,All SNPs
3.8064,All SNPs
3.8064,All SNPs
3.8064,All SNPs
3.8064,All SNPs
3.8064,All SNPs
3.8064,All SNPs
3.8064,All SNPs
3.8064,All SNPs
3.8064,All SNPs
3.8064,All SNPs
3.8064,All SNPs
3.8064,All SNPs
3.8064,All SNPs
3.8064,All SNPs
3.8064,All SNPs
3.8064,All SNPs
3.8064,All SNPs
3.8064,All SNPs
3.8064,All SNPs
3.8064,All SNPs
3.8064,All SNPs
3.8064,All SNPs
3.8064,All SNPs
3.8064,All SNPs
3.8064,All SNPs
3.8064,All SNPs
3.8064,All SNPs
3.8064,All SNPs
0.09799,All SNPs
0.09799,All SNPs
0.09799,All SNPs
0.09799,All SNPs
0.09799,All SNPs
1.1608,All SNPs
1.1608,All SNPs
1.1608,All SNPs
7.9964,All SNPs
7.9964,All SNPs
7.2476,All SNPs
7.2476,All SNPs
7.2476,All SNPs
7.2476,All SNPs
7.2476,All SNPs
1.2243,All SNPs
4.0524,All SNPs
0.74033,All SNPs
7.4855,All SNPs
7.4855,All SNPs
7.4855,All SNPs
7.4855,All SNPs
7.4855,All SNPs
7.4855,All SNPs
7.4855,All SNPs
7.4855,All SNPs
7.4855,All SNPs
7.4855,All SNPs
7.4855,All SNPs
7.4855,All SNPs
7.4855,All SNPs
7.4855,All SNPs
7.4855,All SNPs
4.2864,All SNPs
4.2864,All SNPs
4.2864,All SNPs
4.2864,All SNPs
4.2864,All SNPs
4.2864,All SNPs
4.2864,All SNPs
4.2864,All SNPs
3.5286,All SNPs
0.7343,All SNPs
0.7343,All SNPs
0.7343,All SNPs
0.7343,All SNPs
0.7343,All SNPs
0.7343,All SNPs
0.7343,All SNPs
0.7343,All SNPs
0.7343,All SNPs
0.7343,All SNPs
0.7343,All SNPs
0.7343,All SNPs
0.7343,All SNPs
0.7343,All SNPs
0.7343,All SNPs
0.7343,All SNPs
0.7343,All SNPs
0.7343,All SNPs
0.7343,All SNPs
0.7343,All SNPs
0.7343,All SNPs
0.7343,All SNPs
0.7343,All SNPs
0.7343,All SNPs
0.7343,All SNPs
0.7343,All SNPs
0.7343,All SNPs
0.7343,All SNPs
0.7343,All SNPs
0.7343,All SNPs
0.7343,All SNPs
0.7343,All SNPs
0.7343,All SNPs
0.7343,All SNPs
0.7343,All SNPs
0.7343,All SNPs
0.7343,All SNPs
0.7343,All SNPs
0.7343,All SNPs
0.7343,All SNPs
0.7343,All SNPs
0.7343,All SNPs
0.7343,All SNPs
0.7343,All SNPs
0.7343,All SNPs
0.7343,All SNPs
0.7343,All SNPs
0.7343,All SNPs
0.7343,All SNPs
0.7343,All SNPs
0.7343,All SNPs
0.7343,All SNPs
0.7343,All SNPs
0.7343,All SNPs
0.7343,All SNPs
0.7343,All SNPs
0.7343,All SNPs
0.7343,All SNPs
0.7343,All SNPs
0.7343,All SNPs
0.7343,All SNPs
0.7343,All SNPs
0.7343,All SNPs
0.7343,All SNPs
0.7343,All SNPs
0.7343,All SNPs
0.7343,All SNPs
0.7343,All SNPs
0.7343,All SNPs
0.7343,All SNPs
0.7343,All SNPs
0.7343,All SNPs
0.7343,All SNPs
0.7343,All SNPs
0.7343,All SNPs
0.91697,All SNPs
6.9141,All SNPs
6.9141,All SNPs
6.9141,All SNPs
6.9141,All SNPs
6.9141,All SNPs
6.9141,All SNPs
6.9141,All SNPs
6.9141,All SNPs
6.9141,All SNPs
6.9141,All SNPs
6.9141,All SNPs
0.79203,All SNPs
0.79203,All SNPs
0.79203,All SNPs
0.79203,All SNPs
0.79203,All SNPs
0.79203,All SNPs
0.79203,All SNPs
0.79203,All SNPs
0.79203,All SNPs
0.79203,All SNPs
0.79203,All SNPs
4.0733,All SNPs
4.0733,All SNPs
4.0733,All SNPs
4.0733,All SNPs
4.0733,All SNPs
4.0733,All SNPs
4.0733,All SNPs
4.0733,All SNPs
3.5571,All SNPs
3.5571,All SNPs
3.5571,All SNPs
3.5571,All SNPs
3.5571,All SNPs
3.5571,All SNPs
5.0191,All SNPs
3.7009,All SNPs
0.85659,All SNPs
0.85659,All SNPs
0.85659,All SNPs
0.85659,All SNPs
0.85659,All SNPs
0.99583,All SNPs
3.9417,All SNPs
1.0527,All SNPs
6.2827,All SNPs
6.2827,All SNPs
6.2827,All SNPs
6.2827,All SNPs
6.2827,All SNPs
6.2827,All SNPs
6.2827,All SNPs
6.2827,All SNPs
6.2827,All SNPs
6.2827,All SNPs
6.2827,All SNPs
1.291,All SNPs
0.75662,All SNPs
3.4358,All SNPs
3.4358,All SNPs
3.4358,All SNPs
3.4358,All SNPs
3.4358,All SNPs
3.4358,All SNPs
3.4358,All SNPs
3.4358,All SNPs
3.4358,All SNPs
3.4358,All SNPs
3.4358,All SNPs
1.2281,All SNPs
1.2281,All SNPs
1.1511,All SNPs
0.89871,All SNPs
0.89871,All SNPs
0.89871,All SNPs
0.89871,All SNPs
0.044815,All SNPs
0.044815,All SNPs
5.161,All SNPs
4.5489,All SNPs
0.87823,All SNPs
0.87823,All SNPs
0.87823,All SNPs
0.87823,All SNPs
0.87823,All SNPs
0.87823,All SNPs
0.87823,All SNPs
0.87823,All SNPs
0.87823,All SNPs
1.0605,All SNPs
0.83263,All SNPs
0.83263,All SNPs
0.058599,All SNPs
0.058599,All SNPs
0.88373,All SNPs
5.913,All SNPs
5.913,All SNPs
5.913,All SNPs
5.913,All SNPs
5.913,All SNPs
5.913,All SNPs
4.1043,All SNPs
4.1043,All SNPs
4.1043,All SNPs
4.1043,All SNPs
4.1043,All SNPs
4.1043,All SNPs
4.1043,All SNPs
4.1043,All SNPs
0.67383,All SNPs
0.67383,All SNPs
0.67383,All SNPs
0.67383,All SNPs
0.67383,All SNPs
0.67383,All SNPs
0.67383,All SNPs
0.67383,All SNPs
0.67383,All SNPs
0.67383,All SNPs
0.67383,All SNPs
3.6926,All SNPs
3.6926,All SNPs
3.6926,All SNPs
3.6926,All SNPs
3.6926,All SNPs
3.6926,All SNPs
3.6926,All SNPs
3.6926,All SNPs
3.6926,All SNPs
3.6926,All SNPs
3.6926,All SNPs
3.6926,All SNPs
3.6926,All SNPs
0.71381,All SNPs
0.71381,All SNPs
0.71381,All SNPs
0.71381,All SNPs
0.71381,All SNPs
3.5573,All SNPs
3.5573,All SNPs
3.5573,All SNPs
3.5573,All SNPs
3.5573,All SNPs
1.1806,All SNPs
1.1806,All SNPs
1.1806,All SNPs
1.1806,All SNPs
1.1806,All SNPs
1.1806,All SNPs
1.1806,All SNPs
1.1806,All SNPs
1.1806,All SNPs
1.1806,All SNPs
1.1806,All SNPs
1.1806,All SNPs
1.1806,All SNPs
1.1806,All SNPs
1.1806,All SNPs
1.1806,All SNPs
1.1806,All SNPs
1.1806,All SNPs
1.1806,All SNPs
1.1806,All SNPs
1.1806,All SNPs
1.1806,All SNPs
1.1806,All SNPs
6.5366,All SNPs
6.5366,All SNPs
6.5366,All SNPs
6.5366,All SNPs
6.5366,All SNPs
6.533,All SNPs
6.533,All SNPs
6.533,All SNPs
6.533,All SNPs
6.533,All SNPs
1.1354,All SNPs
1.2787,All SNPs
1.2662,All SNPs
1.2662,All SNPs
1.2662,All SNPs
1.2662,All SNPs
1.2662,All SNPs
1.2662,All SNPs
1.2662,All SNPs
1.2662,All SNPs
4.205,All SNPs
3.5399,All SNPs
5.1271,All SNPs
5.1271,All SNPs
5.1271,All SNPs
5.1271,All SNPs
5.1271,All SNPs
5.1271,All SNPs
3.4976,All SNPs
3.6895,All SNPs
0.13798,All SNPs
3.5473,All SNPs
4.0647,All SNPs
4.0647,All SNPs
4.0647,All SNPs
4.0647,All SNPs
1.1604,All SNPs
1.1604,All SNPs
1.1604,All SNPs
0.18136,All SNPs
0.18136,All SNPs
0.18136,All SNPs
1.0233,All SNPs
1.0233,All SNPs
1.0233,All SNPs
1.0233,All SNPs
1.0233,All SNPs
6.9679,All SNPs
3.4795,All SNPs
3.4795,All SNPs
3.4795,All SNPs
1.333,All SNPs
1.333,All SNPs
0.78909,All SNPs
0.78909,All SNPs
0.23448,All SNPs
0.23448,All SNPs
0.23448,All SNPs
0.77551,All SNPs
0.91277,All SNPs
0.91277,All SNPs
1.2092,All SNPs
1.2092,All SNPs
1.3238,All SNPs
1.3238,All SNPs
1.3238,All SNPs
1.3238,All SNPs
1.3238,All SNPs
1.3238,All SNPs
1.3238,All SNPs
1.3238,All SNPs
1.3238,All SNPs
1.3238,All SNPs
1.3238,All SNPs
1.3238,All SNPs
1.3238,All SNPs
1.3238,All SNPs
1.3238,All SNPs
1.3238,All SNPs
1.3238,All SNPs
1.3238,All SNPs
1.3238,All SNPs
1.3238,All SNPs
1.3238,All SNPs
1.3238,All SNPs
1.3238,All SNPs
1.3238,All SNPs
1.3238,All SNPs
1.3238,All SNPs
1.3238,All SNPs
1.3238,All SNPs
1.3238,All SNPs
1.3238,All SNPs
1.3238,All SNPs
1.3238,All SNPs
1.3238,All SNPs
1.3238,All SNPs
1.3238,All SNPs
4.7116,All SNPs
4.7116,All SNPs
4.6196,All SNPs
4.6196,All SNPs
4.6196,All SNPs
1.036,All SNPs
0.49212,All SNPs
4.1429,All SNPs
4.1429,All SNPs
4.1429,All SNPs
4.1429,All SNPs
4.1429,All SNPs
4.1429,All SNPs
4.1429,All SNPs
4.4653,All SNPs
5.3322,All SNPs
5.3322,All SNPs
5.3322,All SNPs
5.3322,All SNPs
5.3322,All SNPs
5.3322,All SNPs
5.3322,All SNPs
5.3322,All SNPs
5.3322,All SNPs
5.3322,All SNPs
5.3322,All SNPs
5.3322,All SNPs
5.3322,All SNPs
5.3322,All SNPs
5.3322,All SNPs
5.3322,All SNPs
5.3322,All SNPs
5.3322,All SNPs
5.3322,All SNPs
5.3322,All SNPs
5.3322,All SNPs
5.3322,All SNPs
5.3322,All SNPs
5.3322,All SNPs
5.3322,All SNPs
5.3322,All SNPs
5.3322,All SNPs
5.3322,All SNPs
5.3322,All SNPs
5.3322,All SNPs
5.3322,All SNPs
5.3322,All SNPs
0.92518,All SNPs
0.92518,All SNPs
6.2179,All SNPs
0.61926,All SNPs
0.61926,All SNPs
0.63865,All SNPs
1.1646,All SNPs
1.1646,All SNPs
1.1646,All SNPs
1.1646,All SNPs
1.1646,All SNPs
1.1646,All SNPs
7.8974,All SNPs
0.14505,All SNPs
0.14505,All SNPs
0.14505,All SNPs
0.14505,All SNPs
0.14505,All SNPs
0.14505,All SNPs
0.14505,All SNPs
0.14505,All SNPs
0.14505,All SNPs
0.14505,All SNPs
0.14505,All SNPs
0.14505,All SNPs
0.14505,All SNPs
0.14505,All SNPs
0.14505,All SNPs
0.14505,All SNPs
0.14505,All SNPs
0.14505,All SNPs
0.14505,All SNPs
0.14505,All SNPs
0.14505,All SNPs
0.14505,All SNPs
0.14505,All SNPs
0.14505,All SNPs
0.14505,All SNPs
0.14505,All SNPs
0.14505,All SNPs
0.14505,All SNPs
0.14505,All SNPs
0.14505,All SNPs
0.14505,All SNPs
1.0559,All SNPs
1.0559,All SNPs
1.1953,All SNPs
1.1953,All SNPs
1.1953,All SNPs
5.7965,All SNPs
5.7965,All SNPs
4.1074,All SNPs
4.5959,All SNPs
1.197,All SNPs
1.197,All SNPs
1.0046,All SNPs
1.0046,All SNPs
1.0046,All SNPs
0.73534,All SNPs
3.8867,All SNPs
1.1787,All SNPs
1.1787,All SNPs
1.1787,All SNPs
1.1787,All SNPs
1.1787,All SNPs
1.1787,All SNPs
1.1787,All SNPs
1.1787,All SNPs
4.5488,All SNPs
1.1546,All SNPs
1.0876,All SNPs
1.0876,All SNPs
1.0876,All SNPs
1.0876,All SNPs
1.0876,All SNPs
1.0876,All SNPs
1.0876,All SNPs
1.0876,All SNPs
1.0876,All SNPs
1.0876,All SNPs
1.0876,All SNPs
1.0876,All SNPs
1.0876,All SNPs
4.2462,All SNPs
1.1468,All SNPs
7.514,All SNPs
6.6542,All SNPs
6.6542,All SNPs
6.6542,All SNPs
6.6542,All SNPs
6.6542,All SNPs
6.6542,All SNPs
6.6542,All SNPs
6.6542,All SNPs
6.6542,All SNPs
6.6542,All SNPs
6.6542,All SNPs
6.6542,All SNPs
6.6542,All SNPs
6.6542,All SNPs
0.15967,All SNPs
4.3185,All SNPs
1.1714,All SNPs
1.1714,All SNPs
1.1714,All SNPs
1.1714,All SNPs
1.1714,All SNPs
1.1714,All SNPs
1.1714,All SNPs
3.6489,All SNPs
7.344,All SNPs
0.60619,All SNPs
7.7502,All SNPs
7.7502,All SNPs
3.713,All SNPs
3.713,All SNPs
0.63863,All SNPs
3.774,All SNPs
3.774,All SNPs
3.774,All SNPs
3.774,All SNPs
3.774,All SNPs
3.774,All SNPs
3.774,All SNPs
3.774,All SNPs
3.774,All SNPs
3.3695,All SNPs
3.3695,All SNPs
3.3695,All SNPs
3.3695,All SNPs
5.2612,All SNPs
5.2612,All SNPs
5.2612,All SNPs
4.0204,All SNPs
4.8729,All SNPs
4.8729,All SNPs
4.8729,All SNPs
4.8729,All SNPs
4.8729,All SNPs
4.8729,All SNPs
4.8729,All SNPs
4.8729,All SNPs
4.1245,All SNPs
5.9739,All SNPs
5.9739,All SNPs
5.9739,All SNPs
5.9739,All SNPs
3.3863,All SNPs
3.3863,All SNPs
3.3863,All SNPs
6.2972,All SNPs
6.2972,All SNPs
1.0854,All SNPs
1.0854,All SNPs
6.8381,All SNPs
6.8381,All SNPs
8.5545,All SNPs
0.39702,All SNPs
0.39702,All SNPs
0.39702,All SNPs
0.39702,All SNPs
0.39702,All SNPs
0.39702,All SNPs
0.39702,All SNPs
0.39702,All SNPs
0.39702,All SNPs
0.39702,All SNPs
4.3652,All SNPs
0.77834,All SNPs
7.2844,All SNPs
7.2844,All SNPs
7.2844,All SNPs
7.2844,All SNPs
7.2844,All SNPs
7.2844,All SNPs
7.2844,All SNPs
0.11512,All SNPs
5.0434,All SNPs
5.0434,All SNPs
5.0434,All SNPs
5.0434,All SNPs
5.0434,All SNPs
5.0434,All SNPs
5.0434,All SNPs
5.0434,All SNPs
5.0434,All SNPs
5.0434,All SNPs
5.0434,All SNPs
5.0434,All SNPs
5.0434,All SNPs
5.0434,All SNPs
5.0434,All SNPs
5.0434,All SNPs
5.0434,All SNPs
0.80599,All SNPs
0.80599,All SNPs
0.80599,All SNPs
0.80599,All SNPs
6.4627,All SNPs
1.2292,All SNPs
4.2081,All SNPs
4.2081,All SNPs
4.2081,All SNPs
4.2081,All SNPs
4.2081,All SNPs
0.32393,All SNPs
0.32393,All SNPs
0.92535,All SNPs
0.92535,All SNPs
0.89579,All SNPs
0.89579,All SNPs
0.89579,All SNPs
1.3004,All SNPs
1.3004,All SNPs
1.3004,All SNPs
1.3004,All SNPs
1.3004,All SNPs
1.3004,All SNPs
1.3004,All SNPs
1.3004,All SNPs
1.3004,All SNPs
1.3004,All SNPs
1.3004,All SNPs
1.3004,All SNPs
1.3004,All SNPs
1.3004,All SNPs
1.3004,All SNPs
1.3004,All SNPs
1.3004,All SNPs
1.3004,All SNPs
1.3004,All SNPs
1.3004,All SNPs
1.3004,All SNPs
1.3004,All SNPs
1.3004,All SNPs
1.3004,All SNPs
1.3004,All SNPs
1.3004,All SNPs
1.3004,All SNPs
1.3004,All SNPs
1.3004,All SNPs
1.3004,All SNPs
1.3004,All SNPs
6.7563,All SNPs
3.7145,All SNPs
0.3011,All SNPs
0.3011,All SNPs
0.3011,All SNPs
0.90978,All SNPs
0.90978,All SNPs
6.0694,All SNPs
6.0694,All SNPs
6.0694,All SNPs
6.0694,All SNPs
6.0694,All SNPs
4.2709,All SNPs
4.2709,All SNPs
1.3119,All SNPs
1.3119,All SNPs
1.3119,All SNPs
1.3119,All SNPs
1.3119,All SNPs
1.3119,All SNPs
1.3119,All SNPs
1.3048,All SNPs
1.1358,All SNPs
1.1358,All SNPs
3.5243,All SNPs
0.2294,All SNPs
0.2294,All SNPs
0.2294,All SNPs
3.6554,All SNPs
5.0446,All SNPs
5.0446,All SNPs
5.0446,All SNPs
5.0446,All SNPs
5.0446,All SNPs
5.0446,All SNPs
5.0446,All SNPs
5.0446,All SNPs
5.0446,All SNPs
4.4215,All SNPs
3.7483,All SNPs
3.7483,All SNPs
3.4676,All SNPs
3.4676,All SNPs
4.782,All SNPs
4.782,All SNPs
5.8571,All SNPs
5.8571,All SNPs
5.8571,All SNPs
5.8571,All SNPs
5.8571,All SNPs
0.83804,All SNPs
5.9027,All SNPs
5.9027,All SNPs
0.79508,All SNPs
0.79508,All SNPs
0.79508,All SNPs
0.79508,All SNPs
0.54966,All SNPs
1.0195,All SNPs
1.0195,All SNPs
1.0195,All SNPs
7.1037,All SNPs
3.4688,All SNPs
7.0374,All SNPs
7.0374,All SNPs
7.0374,All SNPs
3.3907,All SNPs
3.3907,All SNPs
3.3907,All SNPs
3.3907,All SNPs
3.3907,All SNPs
3.3907,All SNPs
3.3907,All SNPs
3.3907,All SNPs
0.046324,All SNPs
0.046324,All SNPs
4.1237,All SNPs
4.1237,All SNPs
4.1237,All SNPs
0.48672,All SNPs
0.48672,All SNPs
5.2616,All SNPs
5.4742,All SNPs
5.4742,All SNPs
5.4742,All SNPs
5.4742,All SNPs
5.4742,All SNPs
5.4742,All SNPs
5.4742,All SNPs
3.8183,All SNPs
5.5557,All SNPs
5.5557,All SNPs
5.5557,All SNPs
5.5557,All SNPs
0.64845,All SNPs
0.64845,All SNPs
0.64845,All SNPs
0.61883,All SNPs
0.61883,All SNPs
3.9881,All SNPs
3.9881,All SNPs
3.9881,All SNPs
3.9881,All SNPs
3.9881,All SNPs
1.1258,All SNPs
1.1258,All SNPs
1.1258,All SNPs
1.1258,All SNPs
1.1258,All SNPs
1.1258,All SNPs
1.1258,All SNPs
1.1258,All SNPs
1.1258,All SNPs
1.1258,All SNPs
1.1258,All SNPs
1.1258,All SNPs
1.1258,All SNPs
1.1258,All SNPs
1.1258,All SNPs
1.1258,All SNPs
1.1258,All SNPs
1.3502,All SNPs
3.6367,All SNPs
3.6367,All SNPs
3.6367,All SNPs
3.6367,All SNPs
3.5339,All SNPs
3.5339,All SNPs
3.5339,All SNPs
3.5339,All SNPs
7.4608,All SNPs
7.4608,All SNPs
1.3068,All SNPs
1.3068,All SNPs
1.3068,All SNPs
3.8319,All SNPs
1.2413,All SNPs
1.2413,All SNPs
1.2413,All SNPs
1.2413,All SNPs
0.78268,All SNPs
0.49311,All SNPs
3.6974,All SNPs
3.6974,All SNPs
3.6974,All SNPs
3.6974,All SNPs
3.6974,All SNPs
3.6974,All SNPs
3.6974,All SNPs
0.54694,All SNPs
4.748,All SNPs
6.1803,All SNPs
0.68431,All SNPs
0.68431,All SNPs
1.1449,All SNPs
7.0522,All SNPs
7.0522,All SNPs
7.0522,All SNPs
3.7259,All SNPs
3.7259,All SNPs
4.1529,All SNPs
1.1204,All SNPs
3.7257,All SNPs
1.2476,All SNPs
1.2476,All SNPs
4.3414,All SNPs
0.7463,All SNPs
0.7463,All SNPs
0.7463,All SNPs
0.7463,All SNPs
0.7463,All SNPs
1.1361,All SNPs
1.1361,All SNPs
1.1361,All SNPs
1.1361,All SNPs
0.92072,All SNPs
0.92072,All SNPs
0.19026,All SNPs
1.2197,All SNPs
1.3372,All SNPs
1.3372,All SNPs
1.3372,All SNPs
1.3372,All SNPs
1.3372,All SNPs
1.0171,All SNPs
1.0171,All SNPs
1.1061,All SNPs
4.2002,All SNPs
4.2002,All SNPs
4.3615,All SNPs
4.3615,All SNPs
0.89094,All SNPs
0.89094,All SNPs
0.89094,All SNPs
0.17632,All SNPs
0.72935,All SNPs
4.0937,All SNPs
0.89729,All SNPs
1.3317,All SNPs
0.26501,All SNPs
1.2705,All SNPs
1.2315,All SNPs
1.2315,All SNPs
5.3091,All SNPs
5.3091,All SNPs
5.3091,All SNPs
5.3091,All SNPs
5.3091,All SNPs
5.3091,All SNPs
5.3091,All SNPs
5.3091,All SNPs
3.6075,All SNPs
1.1751,All SNPs
0.55608,All SNPs
0.55608,All SNPs
0.55608,All SNPs
0.55608,All SNPs
0.55608,All SNPs
0.55608,All SNPs
0.55608,All SNPs
4.5429,All SNPs
4.5429,All SNPs
1.1175,All SNPs
1.1175,All SNPs
1.1175,All SNPs
1.1175,All SNPs
0.59247,All SNPs
0.77793,All SNPs
0.77793,All SNPs
0.77793,All SNPs
4.9846,All SNPs
4.9846,All SNPs
4.9846,All SNPs
4.9846,All SNPs
4.9846,All SNPs
4.9846,All SNPs
0.90208,All SNPs
0.90208,All SNPs
3.6739,All SNPs
3.6739,All SNPs
5.8151,All SNPs
3.8945,All SNPs
3.8945,All SNPs
4.973,All SNPs
4.973,All SNPs
4.973,All SNPs
4.973,All SNPs
4.973,All SNPs
4.973,All SNPs
4.973,All SNPs
4.973,All SNPs
4.973,All SNPs
0.24505,All SNPs
0.24505,All SNPs
0.24505,All SNPs
0.24505,All SNPs
0.24505,All SNPs
0.24505,All SNPs
0.24505,All SNPs
0.24505,All SNPs
3.5167,All SNPs
5.2105,All SNPs
5.2105,All SNPs
0.78334,All SNPs
0.78334,All SNPs
0.78334,All SNPs
4.8057,All SNPs
4.8057,All SNPs
3.4227,All SNPs
3.4227,All SNPs
3.4227,All SNPs
3.4227,All SNPs
3.4227,All SNPs
1.1152,All SNPs
3.6371,All SNPs
0.4868,All SNPs
0.4868,All SNPs
0.4868,All SNPs
0.4868,All SNPs
4.5831,All SNPs
0.11273,All SNPs
5.6285,All SNPs
5.6285,All SNPs
5.6285,All SNPs
5.6285,All SNPs
4.1477,All SNPs
1.0691,All SNPs
6.6577,All SNPs
6.6577,All SNPs
6.6577,All SNPs
0.98201,All SNPs
0.96793,All SNPs
1.2889,All SNPs
1.2889,All SNPs
1.2889,All SNPs
1.2889,All SNPs
3.5074,All SNPs
0.97612,All SNPs
5.085,All SNPs
5.1032,All SNPs
4.8963,All SNPs
4.9258,All SNPs
0.59923,All SNPs
1.1455,All SNPs
4.6099,All SNPs
4.6099,All SNPs
4.6099,All SNPs
4.6099,All SNPs
4.6099,All SNPs
0.22408,All SNPs
0.95256,All SNPs
3.7297,All SNPs
3.7297,All SNPs
3.7297,All SNPs
3.7297,All SNPs
3.7297,All SNPs
3.7297,All SNPs
6.3795,All SNPs
0.60914,All SNPs
3.678,All SNPs
3.678,All SNPs
3.678,All SNPs
3.678,All SNPs
3.678,All SNPs
3.678,All SNPs
3.678,All SNPs
3.678,All SNPs
1.3317,All SNPs
5.8683,All SNPs
0.079838,All SNPs
0.079838,All SNPs
0.079838,All SNPs
0.079838,All SNPs
0.079838,All SNPs
0.079838,All SNPs
0.079838,All SNPs
0.079838,All SNPs
0.079838,All SNPs
0.079838,All SNPs
0.079838,All SNPs
0.079838,All SNPs
0.079838,All SNPs
0.079838,All SNPs
0.079838,All SNPs
0.079838,All SNPs
0.079838,All SNPs
0.079838,All SNPs
0.079838,All SNPs
0.079838,All SNPs
0.079838,All SNPs
0.079838,All SNPs
0.079838,All SNPs
0.079838,All SNPs
0.079838,All SNPs
0.079838,All SNPs
0.079838,All SNPs
0.079838,All SNPs
0.079838,All SNPs
0.079838,All SNPs
0.079838,All SNPs
0.079838,All SNPs
0.079838,All SNPs
0.079838,All SNPs
0.079838,All SNPs
0.079838,All SNPs
0.079838,All SNPs
0.079838,All SNPs
0.079838,All SNPs
0.079838,All SNPs
0.079838,All SNPs
0.079838,All SNPs
0.079838,All SNPs
0.079838,All SNPs
0.079838,All SNPs
0.079838,All SNPs
0.079838,All SNPs
0.079838,All SNPs
0.079838,All SNPs
0.079838,All SNPs
0.079838,All SNPs
0.079838,All SNPs
0.079838,All SNPs
5.3379,All SNPs
5.3379,All SNPs
5.3379,All SNPs
5.3379,All SNPs
5.3379,All SNPs
5.5047,All SNPs
4.5753,All SNPs
4.5753,All SNPs
1.2519,All SNPs
1.2519,All SNPs
1.2519,All SNPs
1.2519,All SNPs
6.6475,All SNPs
6.6475,All SNPs
6.6475,All SNPs
6.6475,All SNPs
6.6475,All SNPs
5.6232,All SNPs
5.6232,All SNPs
5.6232,All SNPs
3.7986,All SNPs
3.7986,All SNPs
3.7986,All SNPs
4.6028,All SNPs
3.4826,All SNPs
3.4826,All SNPs
3.4826,All SNPs
3.4826,All SNPs
1.2611,All SNPs
1.1388,All SNPs
4.5448,All SNPs
5.2446,All SNPs
5.2446,All SNPs
5.2446,All SNPs
4.4114,All SNPs
4.4114,All SNPs
4.4114,All SNPs
4.4114,All SNPs
0.93617,All SNPs
0.93617,All SNPs
7.0997,All SNPs
7.0997,All SNPs
0.90149,All SNPs
0.90149,All SNPs
0.90149,All SNPs
0.90149,All SNPs
0.90149,All SNPs
0.90149,All SNPs
0.90149,All SNPs
0.90149,All SNPs
0.90149,All SNPs
0.90149,All SNPs
0.90149,All SNPs
0.90149,All SNPs
0.90149,All SNPs
0.90149,All SNPs
0.90149,All SNPs
0.90149,All SNPs
0.90149,All SNPs
0.90149,All SNPs
0.90149,All SNPs
0.90149,All SNPs
0.90149,All SNPs
0.90149,All SNPs
0.90149,All SNPs
0.90149,All SNPs
0.90149,All SNPs
0.90149,All SNPs
0.90149,All SNPs
0.90149,All SNPs
0.90149,All SNPs
0.90149,All SNPs
0.90149,All SNPs
0.90149,All SNPs
1.0557,All SNPs
1.1076,All SNPs
3.7168,All SNPs
3.7168,All SNPs
4.7402,All SNPs
0.4437,All SNPs
3.4952,All SNPs
3.4952,All SNPs
3.4952,All SNPs
3.4952,All SNPs
3.4952,All SNPs
3.4952,All SNPs
3.4952,All SNPs
3.4952,All SNPs
3.4952,All SNPs
3.4952,All SNPs
0.38905,All SNPs
4.1842,All SNPs
0.90892,All SNPs
0.90892,All SNPs
0.90892,All SNPs
1.2752,All SNPs
1.2752,All SNPs
1.2752,All SNPs
1.2752,All SNPs
1.2752,All SNPs
1.2752,All SNPs
1.2752,All SNPs
1.2752,All SNPs
1.2752,All SNPs
1.2752,All SNPs
1.2752,All SNPs
8.712,All SNPs
8.712,All SNPs
8.712,All SNPs
8.712,All SNPs
5.7004,All SNPs
5.7004,All SNPs
4.4343,All SNPs
0.32717,All SNPs
6.5141,All SNPs
6.5141,All SNPs
6.5141,All SNPs
6.5141,All SNPs
6.5141,All SNPs
6.5141,All SNPs
6.5141,All SNPs
6.5141,All SNPs
6.5141,All SNPs
6.5141,All SNPs
6.5141,All SNPs
6.5141,All SNPs
1.1395,All SNPs
1.1395,All SNPs
1.1395,All SNPs
3.4306,All SNPs
3.4306,All SNPs
4.0067,All SNPs
4.0067,All SNPs
4.0067,All SNPs
4.0067,All SNPs
4.0067,All SNPs
4.0067,All SNPs
4.0067,All SNPs
4.0067,All SNPs
4.0067,All SNPs
4.0067,All SNPs
4.0067,All SNPs
4.0067,All SNPs
4.0067,All SNPs
4.0067,All SNPs
4.0067,All SNPs
4.0067,All SNPs
4.0067,All SNPs
4.0067,All SNPs
4.0067,All SNPs
4.0067,All SNPs
4.0067,All SNPs
4.0067,All SNPs
4.0067,All SNPs
4.0067,All SNPs
4.0067,All SNPs
4.0067,All SNPs
4.0067,All SNPs
4.0067,All SNPs
4.0067,All SNPs
4.0067,All SNPs
4.0067,All SNPs
4.0067,All SNPs
4.0067,All SNPs
4.0067,All SNPs
4.0067,All SNPs
0.69009,All SNPs
1.3302,All SNPs
1.3302,All SNPs
1.068,All SNPs
5.0183,All SNPs
4.4926,All SNPs
3.4502,All SNPs
0.99763,All SNPs
5.7438,All SNPs
5.7438,All SNPs
4.1436,All SNPs
4.1436,All SNPs
4.1436,All SNPs
5.1823,All SNPs
5.1823,All SNPs
5.1823,All SNPs
5.1823,All SNPs
5.1823,All SNPs
5.1823,All SNPs
5.1823,All SNPs
5.1823,All SNPs
5.1823,All SNPs
5.1823,All SNPs
5.1823,All SNPs
5.1823,All SNPs
4.9803,All SNPs
4.9803,All SNPs
4.9803,All SNPs
4.9803,All SNPs
4.9803,All SNPs
4.9803,All SNPs
4.9803,All SNPs
4.9803,All SNPs
4.9803,All SNPs
4.8481,All SNPs
4.8481,All SNPs
1.0393,All SNPs
4.4877,All SNPs
7.8009,All SNPs
7.8009,All SNPs
7.8009,All SNPs
7.8009,All SNPs
7.8009,All SNPs
7.8009,All SNPs
8.0114,All SNPs
8.0114,All SNPs
8.0114,All SNPs
5.4817,All SNPs
5.4817,All SNPs
5.4817,All SNPs
5.4817,All SNPs
1.3395,All SNPs
1.3395,All SNPs
1.3395,All SNPs
1.3395,All SNPs
1.3395,All SNPs
0.36386,All SNPs
1.0933,All SNPs
1.0181,All SNPs
1.0181,All SNPs
1.0181,All SNPs
1.0181,All SNPs
5.0517,All SNPs
0.18684,All SNPs
0.18684,All SNPs
1.1874,All SNPs
3.9504,All SNPs
3.9504,All SNPs
3.9504,All SNPs
3.9504,All SNPs
3.9504,All SNPs
3.9504,All SNPs
3.9504,All SNPs
4.8141,All SNPs
4.8141,All SNPs
5.6295,All SNPs
5.3858,All SNPs
5.3858,All SNPs
1.0442,All SNPs
3.7778,All SNPs
3.6036,All SNPs
1.2633,All SNPs
1.2422,All SNPs
4.3549,All SNPs
4.3549,All SNPs
4.3549,All SNPs
4.3549,All SNPs
4.3549,All SNPs
4.3549,All SNPs
4.3549,All SNPs
4.3549,All SNPs
4.3549,All SNPs
4.3549,All SNPs
4.3549,All SNPs
4.7068,All SNPs
0.87046,All SNPs
0.87046,All SNPs
4.0814,All SNPs
4.0814,All SNPs
4.0814,All SNPs
4.0814,All SNPs
4.0814,All SNPs
4.0814,All SNPs
1.0426,All SNPs
1.0426,All SNPs
1.0426,All SNPs
1.0426,All SNPs
1.0426,All SNPs
1.0426,All SNPs
1.0426,All SNPs
1.0426,All SNPs
0.1097,All SNPs
0.1097,All SNPs
0.1097,All SNPs
0.1097,All SNPs
3.5026,All SNPs
3.5026,All SNPs
3.5026,All SNPs
3.5026,All SNPs
3.5026,All SNPs
3.5026,All SNPs
3.5026,All SNPs
3.5026,All SNPs
3.5026,All SNPs
0.38216,All SNPs
0.38216,All SNPs
0.38216,All SNPs
0.38216,All SNPs
0.38216,All SNPs
0.38216,All SNPs
0.38216,All SNPs
0.38216,All SNPs
1.0889,All SNPs
1.0889,All SNPs
5.7795,All SNPs
5.7795,All SNPs
5.7795,All SNPs
5.7795,All SNPs
5.7795,All SNPs
5.7795,All SNPs
5.7795,All SNPs
5.7795,All SNPs
5.7795,All SNPs
5.7795,All SNPs
5.7795,All SNPs
5.2719,All SNPs
5.2719,All SNPs
5.2719,All SNPs
5.2719,All SNPs
5.2719,All SNPs
5.2719,All SNPs
5.2719,All SNPs
5.2719,All SNPs
5.2719,All SNPs
5.2719,All SNPs
5.2719,All SNPs
1.1348,All SNPs
1.1348,All SNPs
1.1348,All SNPs
1.1348,All SNPs
1.1348,All SNPs
4.5448,All SNPs
4.5448,All SNPs
3.4143,All SNPs
3.4143,All SNPs
3.4143,All SNPs
4.8419,All SNPs
4.8419,All SNPs
4.8419,All SNPs
4.8419,All SNPs
4.8419,All SNPs
4.8419,All SNPs
4.8419,All SNPs
4.8419,All SNPs
8.8906,All SNPs
0.95463,All SNPs
4.5326,All SNPs
4.5326,All SNPs
4.5326,All SNPs
4.5326,All SNPs
4.5326,All SNPs
4.5326,All SNPs
4.5326,All SNPs
4.5326,All SNPs
0.19941,All SNPs
0.19941,All SNPs
0.19941,All SNPs
3.7712,All SNPs
1.098,All SNPs
1.098,All SNPs
1.098,All SNPs
1.098,All SNPs
1.098,All SNPs
6.9923,All SNPs
0.94369,All SNPs
0.94369,All SNPs
0.57835,All SNPs
0.57835,All SNPs
3.4442,All SNPs
4.9065,All SNPs
1.0341,All SNPs
1.0341,All SNPs
1.0341,All SNPs
1.0341,All SNPs
1.0341,All SNPs
1.0341,All SNPs
1.0341,All SNPs
1.0341,All SNPs
1.0341,All SNPs
1.0341,All SNPs
1.0341,All SNPs
1.0341,All SNPs
1.0341,All SNPs
1.0341,All SNPs
1.0341,All SNPs
1.0341,All SNPs
1.0341,All SNPs
1.0341,All SNPs
3.9673,All SNPs
6.0485,All SNPs
6.0485,All SNPs
6.0485,All SNPs
6.0485,All SNPs
6.1788,All SNPs
6.1788,All SNPs
6.1788,All SNPs
6.1788,All SNPs
6.1788,All SNPs
6.1788,All SNPs
0.48622,All SNPs
0.48622,All SNPs
0.92537,All SNPs
0.92537,All SNPs
0.92537,All SNPs
0.92537,All SNPs
0.92537,All SNPs
0.92537,All SNPs
0.92537,All SNPs
1.2073,All SNPs
1.0581,All SNPs
1.0581,All SNPs
0.76826,All SNPs
0.76826,All SNPs
5.0279,All SNPs
5.7289,All SNPs
5.7289,All SNPs
0.61586,All SNPs
0.61586,All SNPs
1.0127,All SNPs
1.0127,All SNPs
1.0127,All SNPs
0.95067,All SNPs
0.95067,All SNPs
0.95067,All SNPs
0.95067,All SNPs
0.95067,All SNPs
1.115,All SNPs
5.9003,All SNPs
5.9003,All SNPs
5.9003,All SNPs
3.7211,All SNPs
3.7211,All SNPs
0.58164,All SNPs
0.58164,All SNPs
0.23201,All SNPs
1.2946,All SNPs
1.2946,All SNPs
1.2946,All SNPs
1.2946,All SNPs
1.2946,All SNPs
3.7868,All SNPs
3.7868,All SNPs
3.7868,All SNPs
3.7868,All SNPs
3.7868,All SNPs
3.7868,All SNPs
3.7868,All SNPs
0.038856,All SNPs
7.4366,All SNPs
7.1085,All SNPs
5.0243,All SNPs
5.0243,All SNPs
5.0243,All SNPs
5.0243,All SNPs
5.0243,All SNPs
5.0243,All SNPs
5.0243,All SNPs
5.0243,All SNPs
5.0243,All SNPs
5.0243,All SNPs
0.89147,All SNPs
0.89147,All SNPs
0.89147,All SNPs
0.89147,All SNPs
0.74119,All SNPs
0.50161,All SNPs
0.50161,All SNPs
0.50161,All SNPs
0.50161,All SNPs
0.50161,All SNPs
0.50161,All SNPs
0.50161,All SNPs
6.1213,All SNPs
6.1213,All SNPs
6.1213,All SNPs
6.0842,All SNPs
6.0842,All SNPs
6.0842,All SNPs
5.1516,All SNPs
0.070917,All SNPs
0.070917,All SNPs
0.070917,All SNPs
0.070917,All SNPs
0.070917,All SNPs
0.070917,All SNPs
0.070917,All SNPs
0.070917,All SNPs
0.070917,All SNPs
0.070917,All SNPs
0.070917,All SNPs
0.070917,All SNPs
0.070917,All SNPs
0.070917,All SNPs
0.070917,All SNPs
0.070917,All SNPs
0.070917,All SNPs
0.070917,All SNPs
0.070917,All SNPs
0.070917,All SNPs
0.070917,All SNPs
0.070917,All SNPs
0.070917,All SNPs
0.070917,All SNPs
0.070917,All SNPs
0.070917,All SNPs
0.070917,All SNPs
0.070917,All SNPs
0.070917,All SNPs
0.070917,All SNPs
0.070917,All SNPs
0.070917,All SNPs
0.070917,All SNPs
0.070917,All SNPs
0.070917,All SNPs
1.2992,All SNPs
1.2992,All SNPs
1.2992,All SNPs
3.4605,All SNPs
3.4605,All SNPs
6.9684,All SNPs
1.2784,All SNPs
9.9377,All SNPs
9.9377,All SNPs
9.9377,All SNPs
5.2811,All SNPs
5.2811,All SNPs
0.10213,All SNPs
0.10213,All SNPs
0.62005,All SNPs
0.62005,All SNPs
0.62005,All SNPs
0.62005,All SNPs
0.62005,All SNPs
0.62005,All SNPs
0.62005,All SNPs
0.62005,All SNPs
0.62005,All SNPs
0.62005,All SNPs
0.62005,All SNPs
0.62005,All SNPs
0.62005,All SNPs
0.62005,All SNPs
0.62005,All SNPs
0.62005,All SNPs
0.62005,All SNPs
0.62005,All SNPs
0.62005,All SNPs
0.62005,All SNPs
0.62005,All SNPs
0.62005,All SNPs
0.62005,All SNPs
0.62005,All SNPs
0.62005,All SNPs
0.62005,All SNPs
0.62005,All SNPs
0.62005,All SNPs
0.62005,All SNPs
0.62005,All SNPs
0.62005,All SNPs
0.62005,All SNPs
0.62005,All SNPs
0.62005,All SNPs
0.62005,All SNPs
0.62005,All SNPs
0.62005,All SNPs
0.62005,All SNPs
0.62005,All SNPs
0.62005,All SNPs
0.62005,All SNPs
0.62005,All SNPs
0.62005,All SNPs
0.62005,All SNPs
0.62005,All SNPs
0.62005,All SNPs
0.62005,All SNPs
0.62005,All SNPs
0.62005,All SNPs
0.62005,All SNPs
0.62005,All SNPs
0.62005,All SNPs
0.62005,All SNPs
0.62005,All SNPs
0.62005,All SNPs
4.7865,All SNPs
4.7865,All SNPs
4.7865,All SNPs
4.7865,All SNPs
4.7865,All SNPs
4.7865,All SNPs
4.7865,All SNPs
4.7865,All SNPs
4.7865,All SNPs
4.7865,All SNPs
4.7865,All SNPs
4.7865,All SNPs
4.7865,All SNPs
4.7865,All SNPs
4.7865,All SNPs
4.7865,All SNPs
4.7865,All SNPs
4.7865,All SNPs
4.7865,All SNPs
1.1937,All SNPs
0.15505,All SNPs
0.15505,All SNPs
0.15505,All SNPs
0.15505,All SNPs
0.54191,All SNPs
0.54191,All SNPs
0.54191,All SNPs
0.54191,All SNPs
0.54191,All SNPs
0.54191,All SNPs
0.54191,All SNPs
0.54191,All SNPs
0.54191,All SNPs
0.54191,All SNPs
0.54191,All SNPs
0.54191,All SNPs
0.54191,All SNPs
0.54191,All SNPs
0.54191,All SNPs
0.54191,All SNPs
0.54191,All SNPs
0.54191,All SNPs
0.54191,All SNPs
0.54191,All SNPs
3.9567,All SNPs
4.0514,All SNPs
0.60231,All SNPs
0.60231,All SNPs
0.60231,All SNPs
0.60231,All SNPs
0.60231,All SNPs
4.7558,All SNPs
4.7558,All SNPs
4.7558,All SNPs
4.7558,All SNPs
6.9107,All SNPs
6.9107,All SNPs
6.9107,All SNPs
6.9107,All SNPs
6.9107,All SNPs
6.9107,All SNPs
6.9107,All SNPs
6.9107,All SNPs
6.9107,All SNPs
6.9107,All SNPs
6.9107,All SNPs
6.9107,All SNPs
6.9107,All SNPs
6.9107,All SNPs
6.9107,All SNPs
6.9107,All SNPs
6.9107,All SNPs
6.9107,All SNPs
6.9107,All SNPs
6.9107,All SNPs
6.9107,All SNPs
6.9107,All SNPs
6.9107,All SNPs
6.9107,All SNPs
6.9107,All SNPs
6.9107,All SNPs
0.88199,All SNPs
1.3093,All SNPs
1.3093,All SNPs
1.3093,All SNPs
4.7057,All SNPs
1.2353,All SNPs
1.2353,All SNPs
5.9504,All SNPs
5.9504,All SNPs
0.38825,All SNPs
0.38825,All SNPs
0.38825,All SNPs
4.7307,All SNPs
4.7307,All SNPs
4.7307,All SNPs
4.7307,All SNPs
4.7307,All SNPs
4.7307,All SNPs
4.7307,All SNPs
4.7307,All SNPs
4.7307,All SNPs
4.6117,All SNPs
4.6117,All SNPs
4.6117,All SNPs
4.6117,All SNPs
4.6117,All SNPs
4.6117,All SNPs
4.6117,All SNPs
4.3693,All SNPs
5.2896,All SNPs
5.2896,All SNPs
5.2896,All SNPs
5.2896,All SNPs
5.2896,All SNPs
5.2896,All SNPs
5.2896,All SNPs
5.2896,All SNPs
5.2896,All SNPs
5.2896,All SNPs
5.2896,All SNPs
5.2896,All SNPs
3.562,All SNPs
3.562,All SNPs
0.93061,All SNPs
0.57234,All SNPs
0.57234,All SNPs
0.57234,All SNPs
0.57234,All SNPs
0.57234,All SNPs
0.57234,All SNPs
4.3861,All SNPs
4.3861,All SNPs
4.3861,All SNPs
4.3861,All SNPs
4.3861,All SNPs
4.3861,All SNPs
0.85621,All SNPs
4.3501,All SNPs
5.8631,All SNPs
5.8631,All SNPs
1.1122,All SNPs
1.1122,All SNPs
1.1122,All SNPs
1.1122,All SNPs
1.1122,All SNPs
1.1122,All SNPs
1.1122,All SNPs
1.1122,All SNPs
1.1122,All SNPs
1.1122,All SNPs
1.1122,All SNPs
1.1122,All SNPs
1.1122,All SNPs
1.1122,All SNPs
1.1122,All SNPs
1.1122,All SNPs
1.1122,All SNPs
1.1122,All SNPs
1.1063,All SNPs
5.2226,All SNPs
5.2226,All SNPs
5.2226,All SNPs
3.8569,All SNPs
3.8569,All SNPs
3.8569,All SNPs
4.4821,All SNPs
4.4821,All SNPs
4.4821,All SNPs
4.3968,All SNPs
4.3968,All SNPs
6.7599,All SNPs
6.7599,All SNPs
4.9792,All SNPs
0.54848,All SNPs
0.5965,All SNPs
0.5965,All SNPs
0.5965,All SNPs
0.5965,All SNPs
0.5965,All SNPs
0.5965,All SNPs
6.1572,All SNPs
6.1572,All SNPs
3.5418,All SNPs
3.5418,All SNPs
3.5418,All SNPs
4.4334,All SNPs
4.4334,All SNPs
4.4334,All SNPs
0.69119,All SNPs
0.69119,All SNPs
0.69119,All SNPs
0.69119,All SNPs
0.69119,All SNPs
6.1197,All SNPs
6.1197,All SNPs
1.3201,All SNPs
1.3201,All SNPs
1.3201,All SNPs
1.3201,All SNPs
1.3201,All SNPs
1.3201,All SNPs
0.85293,All SNPs
0.85293,All SNPs
4.3408,All SNPs
4.3408,All SNPs
4.2878,All SNPs
4.0519,All SNPs
4.0519,All SNPs
3.6667,All SNPs
3.6667,All SNPs
3.6667,All SNPs
3.6667,All SNPs
3.6667,All SNPs
0.94541,All SNPs
0.94541,All SNPs
0.94541,All SNPs
0.94541,All SNPs
0.94541,All SNPs
0.94541,All SNPs
0.94541,All SNPs
0.94541,All SNPs
0.94541,All SNPs
0.94541,All SNPs
3.8203,All SNPs
3.8203,All SNPs
5.7629,All SNPs
4.7061,All SNPs
4.7061,All SNPs
5.3087,All SNPs
3.4778,All SNPs
3.4778,All SNPs
3.4778,All SNPs
7.0717,All SNPs
7.0717,All SNPs
1.3477,All SNPs
1.3477,All SNPs
6.1702,All SNPs
6.1702,All SNPs
6.1702,All SNPs
6.1702,All SNPs
6.1702,All SNPs
6.1702,All SNPs
6.1702,All SNPs
6.1702,All SNPs
3.4547,All SNPs
5.8989,All SNPs
0.99405,All SNPs
1.0452,All SNPs
5.379,All SNPs
5.379,All SNPs
5.379,All SNPs
4.9382,All SNPs
4.9382,All SNPs
3.5868,All SNPs
3.5868,All SNPs
5.6597,All SNPs
5.7915,All SNPs
0.78122,All SNPs
4.2736,All SNPs
5.1815,All SNPs
5.1815,All SNPs
5.1815,All SNPs
5.1815,All SNPs
5.1815,All SNPs
0.8763,All SNPs
0.8763,All SNPs
0.8763,All SNPs
0.8763,All SNPs
0.8763,All SNPs
6.1094,All SNPs
6.1094,All SNPs
1.0617,All SNPs
1.0617,All SNPs
1.0617,All SNPs
4.8697,All SNPs
4.8697,All SNPs
4.8697,All SNPs
4.8697,All SNPs
4.8697,All SNPs
4.8697,All SNPs
4.8697,All SNPs
4.8697,All SNPs
4.8697,All SNPs
4.8697,All SNPs
0.22486,All SNPs
0.22486,All SNPs
7.3612,All SNPs
0.63208,All SNPs
3.4507,All SNPs
3.4507,All SNPs
3.7408,All SNPs
3.7408,All SNPs
3.7408,All SNPs
3.7408,All SNPs
3.7408,All SNPs
3.7408,All SNPs
3.7408,All SNPs
3.7408,All SNPs
3.7408,All SNPs
4.0507,All SNPs
4.0507,All SNPs
4.0507,All SNPs
4.0507,All SNPs
4.0507,All SNPs
4.0507,All SNPs
4.0507,All SNPs
4.9682,All SNPs
4.9682,All SNPs
4.9682,All SNPs
4.9682,All SNPs
4.9682,All SNPs
4.9682,All SNPs
4.9682,All SNPs
4.9682,All SNPs
4.9682,All SNPs
0.98785,All SNPs
1.3178,All SNPs
1.3178,All SNPs
3.8586,All SNPs
5.9367,All SNPs
5.9367,All SNPs
5.9367,All SNPs
5.9367,All SNPs
5.9367,All SNPs
5.9367,All SNPs
5.9367,All SNPs
5.9367,All SNPs
5.9367,All SNPs
1.3479,All SNPs
1.3479,All SNPs
1.3479,All SNPs
1.3479,All SNPs
1.3479,All SNPs
1.3479,All SNPs
1.3479,All SNPs
1.3479,All SNPs
1.3479,All SNPs
1.3479,All SNPs
1.3479,All SNPs
1.3479,All SNPs
6.0449,All SNPs
6.0449,All SNPs
6.0449,All SNPs
6.0449,All SNPs
6.0449,All SNPs
6.0449,All SNPs
6.0449,All SNPs
0.31222,All SNPs
0.31222,All SNPs
0.31222,All SNPs
0.31222,All SNPs
0.40809,All SNPs
3.8119,All SNPs
3.8577,All SNPs
3.8577,All SNPs
1.1123,All SNPs
1.1123,All SNPs
1.1123,All SNPs
1.1123,All SNPs
1.1123,All SNPs
1.1123,All SNPs
1.1123,All SNPs
1.1123,All SNPs
1.1123,All SNPs
0.70346,All SNPs
0.70346,All SNPs
0.70346,All SNPs
0.70346,All SNPs
0.70346,All SNPs
0.70346,All SNPs
0.70346,All SNPs
1.3252,All SNPs
1.3252,All SNPs
1.3252,All SNPs
1.3252,All SNPs
1.3252,All SNPs
1.3252,All SNPs
0.22459,All SNPs
0.22459,All SNPs
0.22459,All SNPs
0.22459,All SNPs
0.22459,All SNPs
0.22459,All SNPs
0.22459,All SNPs
0.22459,All SNPs
0.22459,All SNPs
0.22459,All SNPs
0.22459,All SNPs
0.22459,All SNPs
5.7462,All SNPs
4.3349,All SNPs
1.0547,All SNPs
1.0547,All SNPs
1.0547,All SNPs
6.0869,All SNPs
4.0387,All SNPs
0.84464,All SNPs
0.24208,All SNPs
0.24208,All SNPs
0.24208,All SNPs
0.24208,All SNPs
0.24208,All SNPs
0.24208,All SNPs
0.24208,All SNPs
0.24208,All SNPs
0.24208,All SNPs
0.24208,All SNPs
0.24208,All SNPs
0.24208,All SNPs
0.24208,All SNPs
0.24208,All SNPs
0.24208,All SNPs
0.24208,All SNPs
0.24208,All SNPs
3.6013,All SNPs
3.6013,All SNPs
3.6013,All SNPs
3.6013,All SNPs
3.6013,All SNPs
3.8577,All SNPs
3.8577,All SNPs
3.8577,All SNPs
1.1411,All SNPs
5.8209,All SNPs
0.49413,All SNPs
0.52596,All SNPs
0.52596,All SNPs
5.9568,All SNPs
5.9568,All SNPs
5.9568,All SNPs
1.0507,All SNPs
1.0507,All SNPs
1.0507,All SNPs
1.0507,All SNPs
1.0507,All SNPs
1.0507,All SNPs
1.0507,All SNPs
1.0507,All SNPs
1.0507,All SNPs
1.0507,All SNPs
1.0507,All SNPs
1.0507,All SNPs
9.0727,All SNPs
9.0727,All SNPs
9.0727,All SNPs
9.0727,All SNPs
9.0727,All SNPs
0.88094,All SNPs
0.88094,All SNPs
1.087,All SNPs
1.087,All SNPs
1.087,All SNPs
1.087,All SNPs
1.087,All SNPs
7.5357,All SNPs
4.8457,All SNPs
1.0045,All SNPs
1.0045,All SNPs
1.0045,All SNPs
0.9863,All SNPs
4.1895,All SNPs
0.70073,All SNPs
0.70073,All SNPs
0.70073,All SNPs
0.70073,All SNPs
0.70073,All SNPs
1.2167,All SNPs
1.2167,All SNPs
1.2167,All SNPs
1.2167,All SNPs
7.0322,All SNPs
7.0322,All SNPs
7.0322,All SNPs
7.0322,All SNPs
7.0322,All SNPs
7.0322,All SNPs
0.50833,All SNPs
5.2842,All SNPs
5.2842,All SNPs
6.069,All SNPs
1.0699,All SNPs
0.010119,All SNPs
0.010119,All SNPs
0.010119,All SNPs
0.010119,All SNPs
0.010119,All SNPs
0.010119,All SNPs
0.010119,All SNPs
0.010119,All SNPs
0.010119,All SNPs
0.010119,All SNPs
0.010119,All SNPs
0.010119,All SNPs
0.010119,All SNPs
0.010119,All SNPs
0.010119,All SNPs
0.010119,All SNPs
0.010119,All SNPs
0.010119,All SNPs
0.010119,All SNPs
0.010119,All SNPs
0.010119,All SNPs
0.010119,All SNPs
0.010119,All SNPs
0.010119,All SNPs
0.010119,All SNPs
0.010119,All SNPs
0.010119,All SNPs
0.010119,All SNPs
0.010119,All SNPs
0.010119,All SNPs
0.010119,All SNPs
0.010119,All SNPs
0.010119,All SNPs
0.28278,All SNPs
0.28278,All SNPs
1.2092,All SNPs
1.2092,All SNPs
0.61322,All SNPs
0.61322,All SNPs
1.2454,All SNPs
1.2454,All SNPs
1.2454,All SNPs
1.2454,All SNPs
1.2454,All SNPs
1.2454,All SNPs
1.2454,All SNPs
1.2454,All SNPs
6.241,All SNPs
1.0133,All SNPs
4.4202,All SNPs
0.74829,All SNPs
1.2919,All SNPs
1.2919,All SNPs
0.86488,All SNPs
0.67259,All SNPs
0.51852,All SNPs
0.74977,All SNPs
1.1958,All SNPs
3.5247,All SNPs
3.5247,All SNPs
3.5247,All SNPs
3.5247,All SNPs
3.3798,All SNPs
5.0184,All SNPs
4.6053,All SNPs
4.6053,All SNPs
4.6053,All SNPs
1.0052,All SNPs
1.0052,All SNPs
1.0052,All SNPs
1.0052,All SNPs
1.0052,All SNPs
1.0052,All SNPs
1.0052,All SNPs
1.3492,All SNPs
1.3477,All SNPs
5.5464,All SNPs
0.59491,All SNPs
7.1588,All SNPs
0.7531,All SNPs
0.7531,All SNPs
0.7531,All SNPs
0.7531,All SNPs
0.7531,All SNPs
0.7531,All SNPs
0.7531,All SNPs
6.0179,All SNPs
6.0179,All SNPs
0.5464,All SNPs
0.23162,All SNPs
4.7878,All SNPs
4.7878,All SNPs
4.7878,All SNPs
4.7878,All SNPs
4.7878,All SNPs
5.2566,All SNPs
5.2566,All SNPs
5.2566,All SNPs
5.2566,All SNPs
5.2566,All SNPs
1.0834,All SNPs
1.0834,All SNPs
1.0834,All SNPs
1.0834,All SNPs
1.0834,All SNPs
1.3064,All SNPs
1.3064,All SNPs
1.3064,All SNPs
1.3064,All SNPs
1.3064,All SNPs
5.1983,All SNPs
3.8702,All SNPs
4.557,All SNPs
3.5648,All SNPs
3.5648,All SNPs
4.658,All SNPs
4.658,All SNPs
4.658,All SNPs
4.658,All SNPs
4.658,All SNPs
4.658,All SNPs
4.658,All SNPs
4.658,All SNPs
4.5788,All SNPs
4.5788,All SNPs
4.5788,All SNPs
4.5788,All SNPs
4.5788,All SNPs
4.5788,All SNPs
0.42937,All SNPs
0.69328,All SNPs
0.69328,All SNPs
0.69328,All SNPs
0.69328,All SNPs
3.5045,All SNPs
3.5045,All SNPs
3.5045,All SNPs
3.5045,All SNPs
3.5045,All SNPs
1.2586,All SNPs
1.1948,All SNPs
1.0465,All SNPs
0.62063,All SNPs
0.62063,All SNPs
3.6441,All SNPs
3.6441,All SNPs
3.6441,All SNPs
3.8905,All SNPs
3.8905,All SNPs
3.8905,All SNPs
3.8905,All SNPs
3.8905,All SNPs
3.8905,All SNPs
3.8905,All SNPs
3.8905,All SNPs
3.8905,All SNPs
3.8905,All SNPs
3.8905,All SNPs
3.8905,All SNPs
3.7613,All SNPs
1.1061,All SNPs
1.1061,All SNPs
1.1061,All SNPs
1.1061,All SNPs
1.1061,All SNPs
1.1061,All SNPs
1.1061,All SNPs
1.1061,All SNPs
1.1061,All SNPs
1.1061,All SNPs
1.1061,All SNPs
1.1061,All SNPs
1.1061,All SNPs
1.1061,All SNPs
1.1061,All SNPs
1.1061,All SNPs
1.1061,All SNPs
1.1061,All SNPs
1.1061,All SNPs
1.1061,All SNPs
1.1061,All SNPs
1.1061,All SNPs
1.1061,All SNPs
1.1061,All SNPs
1.1061,All SNPs
1.1061,All SNPs
1.1061,All SNPs
1.1061,All SNPs
1.1061,All SNPs
1.1061,All SNPs
1.1061,All SNPs
1.1061,All SNPs
1.1061,All SNPs
1.1061,All SNPs
1.1061,All SNPs
1.1061,All SNPs
1.1061,All SNPs
1.1061,All SNPs
1.1061,All SNPs
1.1061,All SNPs
1.1061,All SNPs
1.1061,All SNPs
1.1061,All SNPs
1.1061,All SNPs
1.1061,All SNPs
1.1061,All SNPs
1.1061,All SNPs
1.1061,All SNPs
1.1061,All SNPs
1.1061,All SNPs
1.1061,All SNPs
1.1061,All SNPs
1.1061,All SNPs
1.1061,All SNPs
1.1061,All SNPs
1.1061,All SNPs
1.1061,All SNPs
1.1061,All SNPs
1.1061,All SNPs
1.1061,All SNPs
1.1061,All SNPs
1.1061,All SNPs
1.1061,All SNPs
1.1061,All SNPs
1.1061,All SNPs
1.1061,All SNPs
1.1061,All SNPs
1.1061,All SNPs
1.1061,All SNPs
1.1061,All SNPs
4.644,All SNPs
4.644,All SNPs
4.644,All SNPs
0.72144,All SNPs
0.72144,All SNPs
0.72144,All SNPs
0.72144,All SNPs
0.72144,All SNPs
0.72144,All SNPs
0.72144,All SNPs
0.72144,All SNPs
1.1147,All SNPs
1.1147,All SNPs
1.1147,All SNPs
1.1147,All SNPs
1.1147,All SNPs
1.1147,All SNPs
1.1147,All SNPs
1.1147,All SNPs
1.1147,All SNPs
1.1147,All SNPs
1.1147,All SNPs
1.1147,All SNPs
1.1147,All SNPs
1.1147,All SNPs
1.1147,All SNPs
1.1147,All SNPs
1.1147,All SNPs
1.1147,All SNPs
1.1147,All SNPs
1.1147,All SNPs
1.1147,All SNPs
1.1147,All SNPs
1.1147,All SNPs
1.1147,All SNPs
1.1147,All SNPs
1.1147,All SNPs
1.1147,All SNPs
1.1147,All SNPs
1.1147,All SNPs
1.1147,All SNPs
1.1147,All SNPs
1.1147,All SNPs
1.1147,All SNPs
0.39722,All SNPs
0.39722,All SNPs
0.39722,All SNPs
0.39722,All SNPs
0.39722,All SNPs
0.74412,All SNPs
0.74412,All SNPs
4.6446,All SNPs
4.6446,All SNPs
4.6446,All SNPs
4.6446,All SNPs
4.6446,All SNPs
4.6446,All SNPs
4.6446,All SNPs
4.6446,All SNPs
4.6446,All SNPs
4.6446,All SNPs
0.30666,All SNPs
0.30666,All SNPs
0.30666,All SNPs
0.30666,All SNPs
1.2539,All SNPs
0.1001,All SNPs
4.6073,All SNPs
4.6073,All SNPs
4.6073,All SNPs
4.6073,All SNPs
7.5183,All SNPs
7.5183,All SNPs
7.5183,All SNPs
7.5183,All SNPs
7.5183,All SNPs
7.5183,All SNPs
1.079,All SNPs
1.079,All SNPs
1.079,All SNPs
1.079,All SNPs
1.079,All SNPs
1.079,All SNPs
5.3922,All SNPs
5.3922,All SNPs
4.2629,All SNPs
4.2629,All SNPs
4.2629,All SNPs
5.4182,All SNPs
5.4182,All SNPs
5.4182,All SNPs
5.4182,All SNPs
5.4182,All SNPs
5.4182,All SNPs
5.4182,All SNPs
5.4182,All SNPs
0.67074,All SNPs
5.0699,All SNPs
5.0699,All SNPs
0.65838,All SNPs
4.7613,All SNPs
4.7613,All SNPs
4.7613,All SNPs
4.7613,All SNPs
4.7613,All SNPs
3.8443,All SNPs
3.8443,All SNPs
0.81925,All SNPs
0.60931,All SNPs
0.60931,All SNPs
0.60931,All SNPs
0.60931,All SNPs
0.60931,All SNPs
0.60931,All SNPs
0.60931,All SNPs
5.4843,All SNPs
0.58153,All SNPs
0.58153,All SNPs
0.58153,All SNPs
0.58153,All SNPs
0.58153,All SNPs
0.58153,All SNPs
0.58153,All SNPs
0.58153,All SNPs
0.58153,All SNPs
0.58153,All SNPs
4.9638,All SNPs
4.9638,All SNPs
4.9638,All SNPs
4.9638,All SNPs
4.9638,All SNPs
4.9638,All SNPs
4.9638,All SNPs
4.9638,All SNPs
4.9638,All SNPs
4.9638,All SNPs
4.9638,All SNPs
4.9638,All SNPs
4.9638,All SNPs
4.9638,All SNPs
4.9638,All SNPs
4.9638,All SNPs
4.0658,All SNPs
3.9454,All SNPs
0.20749,All SNPs
0.70832,All SNPs
0.70832,All SNPs
0.70832,All SNPs
0.70832,All SNPs
0.70832,All SNPs
0.70832,All SNPs
0.70832,All SNPs
0.94724,All SNPs
0.94724,All SNPs
0.94724,All SNPs
0.94724,All SNPs
0.94724,All SNPs
0.94724,All SNPs
0.94724,All SNPs
0.94724,All SNPs
0.94724,All SNPs
0.94724,All SNPs
0.94724,All SNPs
0.94724,All SNPs
0.94724,All SNPs
0.94724,All SNPs
0.94724,All SNPs
0.76152,All SNPs
0.76152,All SNPs
0.76152,All SNPs
0.76152,All SNPs
0.76152,All SNPs
0.76152,All SNPs
4.7798,All SNPs
4.7798,All SNPs
3.4152,All SNPs
3.4152,All SNPs
4.6445,All SNPs
4.6445,All SNPs
4.6445,All SNPs
7.446,All SNPs
1.1832,All SNPs
5.5835,All SNPs
5.5835,All SNPs
5.5835,All SNPs
5.5835,All SNPs
5.5835,All SNPs
5.5835,All SNPs
5.5835,All SNPs
5.5835,All SNPs
5.5835,All SNPs
5.5835,All SNPs
5.5835,All SNPs
5.5835,All SNPs
1.1059,All SNPs
1.1059,All SNPs
1.1059,All SNPs
1.1059,All SNPs
1.1059,All SNPs
4.2109,All SNPs
4.3916,All SNPs
0.94047,All SNPs
1.1013,All SNPs
4.8517,All SNPs
0.69031,All SNPs
0.47506,All SNPs
0.47506,All SNPs
0.47506,All SNPs
0.47506,All SNPs
0.47506,All SNPs
0.47506,All SNPs
0.47506,All SNPs
0.47506,All SNPs
0.47506,All SNPs
0.47506,All SNPs
0.47506,All SNPs
0.47506,All SNPs
0.47506,All SNPs
0.47506,All SNPs
6.3788,All SNPs
1.3069,All SNPs
1.3069,All SNPs
1.3069,All SNPs
1.3069,All SNPs
1.3069,All SNPs
1.3069,All SNPs
5.7803,All SNPs
5.7803,All SNPs
5.7803,All SNPs
5.7803,All SNPs
5.7803,All SNPs
5.7803,All SNPs
1.2895,All SNPs
0.32185,All SNPs
0.32185,All SNPs
0.32185,All SNPs
0.32185,All SNPs
0.32185,All SNPs
0.32185,All SNPs
0.32185,All SNPs
0.32185,All SNPs
0.32185,All SNPs
0.32185,All SNPs
0.32185,All SNPs
0.32185,All SNPs
0.32185,All SNPs
0.32185,All SNPs
0.32185,All SNPs
0.32185,All SNPs
0.32185,All SNPs
0.32185,All SNPs
0.32185,All SNPs
0.32185,All SNPs
0.32185,All SNPs
0.32185,All SNPs
0.32185,All SNPs
0.32185,All SNPs
0.32185,All SNPs
0.32185,All SNPs
0.32185,All SNPs
0.32185,All SNPs
0.32185,All SNPs
0.32185,All SNPs
0.32185,All SNPs
0.32185,All SNPs
0.32185,All SNPs
0.32185,All SNPs
0.32185,All SNPs
0.32185,All SNPs
0.32185,All SNPs
0.32185,All SNPs
0.32185,All SNPs
6.5993,All SNPs
0.86588,All SNPs
5.031,All SNPs
5.031,All SNPs
5.031,All SNPs
5.031,All SNPs
5.031,All SNPs
5.031,All SNPs
3.532,All SNPs
3.532,All SNPs
1.0208,All SNPs
1.0968,All SNPs
1.0968,All SNPs
3.4665,All SNPs
3.4665,All SNPs
3.4665,All SNPs
3.4665,All SNPs
3.4665,All SNPs
3.4665,All SNPs
3.4665,All SNPs
3.4665,All SNPs
3.4665,All SNPs
5.35,All SNPs
5.35,All SNPs
5.0967,All SNPs
5.0967,All SNPs
5.0967,All SNPs
5.0967,All SNPs
5.0967,All SNPs
5.0967,All SNPs
6.0208,All SNPs
6.0208,All SNPs
6.0208,All SNPs
7.1936,All SNPs
7.1936,All SNPs
0.59503,All SNPs
0.59503,All SNPs
0.59503,All SNPs
0.47878,All SNPs
4.1157,All SNPs
4.1157,All SNPs
4.1157,All SNPs
4.1157,All SNPs
4.1157,All SNPs
4.1157,All SNPs
4.3039,All SNPs
4.3039,All SNPs
4.3039,All SNPs
4.3039,All SNPs
4.3039,All SNPs
4.3039,All SNPs
4.3039,All SNPs
7.9431,All SNPs
7.9431,All SNPs
7.9431,All SNPs
3.6052,All SNPs
3.6052,All SNPs
1.1419,All SNPs
3.7282,All SNPs
5.9173,All SNPs
5.9173,All SNPs
5.2841,All SNPs
1.1303,All SNPs
1.3095,All SNPs
1.3095,All SNPs
1.3095,All SNPs
1.3095,All SNPs
0.52025,All SNPs
0.96745,All SNPs
0.58036,All SNPs
0.58036,All SNPs
0.58036,All SNPs
0.58036,All SNPs
0.58036,All SNPs
0.58036,All SNPs
5.1396,All SNPs
5.1396,All SNPs
5.1396,All SNPs
5.1396,All SNPs
5.1396,All SNPs
0.73641,All SNPs
0.87982,All SNPs
0.87982,All SNPs
0.87982,All SNPs
0.87982,All SNPs
1.1279,All SNPs
4.256,All SNPs
4.0274,All SNPs
4.4032,All SNPs
5.6982,All SNPs
5.6982,All SNPs
4.344,All SNPs
1.2888,All SNPs
8.8192,All SNPs
1.1147,All SNPs
1.1147,All SNPs
1.1147,All SNPs
1.1147,All SNPs
0.45924,All SNPs
6.9826,All SNPs
6.9826,All SNPs
6.9826,All SNPs
6.9826,All SNPs
0.93697,All SNPs
0.93697,All SNPs
0.93697,All SNPs
0.93697,All SNPs
0.93697,All SNPs
0.93697,All SNPs
0.93697,All SNPs
0.93697,All SNPs
0.93697,All SNPs
4.0858,All SNPs
4.0858,All SNPs
6.4914,All SNPs
1.3259,All SNPs
1.3259,All SNPs
1.3259,All SNPs
1.3259,All SNPs
1.3259,All SNPs
1.3259,All SNPs
1.3259,All SNPs
1.3259,All SNPs
1.3259,All SNPs
1.3259,All SNPs
6.9877,All SNPs
6.8298,All SNPs
4.474,All SNPs
1.1174,All SNPs
0.7325,All SNPs
1.324,All SNPs
1.1186,All SNPs
1.1186,All SNPs
4.1712,All SNPs
4.1712,All SNPs
4.1712,All SNPs
4.1712,All SNPs
4.1712,All SNPs
4.1712,All SNPs
4.1712,All SNPs
4.1712,All SNPs
3.9641,All SNPs
3.9641,All SNPs
3.9641,All SNPs
3.9641,All SNPs
3.9641,All SNPs
3.9641,All SNPs
3.9641,All SNPs
3.9641,All SNPs
3.9641,All SNPs
3.9641,All SNPs
3.9641,All SNPs
3.9641,All SNPs
0.90302,All SNPs
0.90302,All SNPs
0.90302,All SNPs
6.2958,All SNPs
6.2958,All SNPs
6.2958,All SNPs
4.2527,All SNPs
0.64419,All SNPs
0.64419,All SNPs
0.64419,All SNPs
6.5743,All SNPs
6.5743,All SNPs
3.7381,All SNPs
3.7381,All SNPs
3.7381,All SNPs
3.7381,All SNPs
3.7381,All SNPs
3.7381,All SNPs
3.7381,All SNPs
3.3992,All SNPs
3.7601,All SNPs
3.9499,All SNPs
3.9499,All SNPs
4.104,All SNPs
4.104,All SNPs
4.104,All SNPs
4.104,All SNPs
10.26,All SNPs
10.26,All SNPs
10.26,All SNPs
3.8692,All SNPs
3.8692,All SNPs
3.8692,All SNPs
3.8692,All SNPs
0.53758,All SNPs
0.53758,All SNPs
3.6016,All SNPs
0.62834,All SNPs
4.5295,All SNPs
4.5295,All SNPs
4.5295,All SNPs
4.1738,All SNPs
5.7399,All SNPs
5.7399,All SNPs
1.0239,All SNPs
1.0239,All SNPs
1.0239,All SNPs
1.0239,All SNPs
1.0239,All SNPs
1.0239,All SNPs
1.0239,All SNPs
1.0239,All SNPs
1.0239,All SNPs
1.0239,All SNPs
1.0239,All SNPs
0.32853,All SNPs
0.32853,All SNPs
0.32853,All SNPs
5.0494,All SNPs
5.0494,All SNPs
5.0494,All SNPs
4.8655,All SNPs
0.5572,All SNPs
0.5572,All SNPs
0.5572,All SNPs
1.0635,All SNPs
1.0635,All SNPs
5.2738,All SNPs
0.49999,All SNPs
1.112,All SNPs
1.112,All SNPs
1.112,All SNPs
1.112,All SNPs
4.3907,All SNPs
3.3682,All SNPs
3.3682,All SNPs
3.3682,All SNPs
0.87732,All SNPs
0.53626,All SNPs
0.53626,All SNPs
0.53626,All SNPs
0.53626,All SNPs
0.53626,All SNPs
0.53626,All SNPs
0.53626,All SNPs
0.53626,All SNPs
0.53626,All SNPs
0.53626,All SNPs
0.53626,All SNPs
0.53626,All SNPs
0.53626,All SNPs
0.53626,All SNPs
0.53626,All SNPs
0.53626,All SNPs
0.53626,All SNPs
0.53626,All SNPs
6.0509,All SNPs
6.0509,All SNPs
0.89754,All SNPs
0.82089,All SNPs
0.82089,All SNPs
0.82089,All SNPs
4.1652,All SNPs
0.80696,All SNPs
0.80696,All SNPs
0.80696,All SNPs
0.80696,All SNPs
0.99081,All SNPs
0.99081,All SNPs
5.8325,All SNPs
5.8325,All SNPs
5.8325,All SNPs
5.8325,All SNPs
3.5194,All SNPs
3.5194,All SNPs
1.3186,All SNPs
5.1183,All SNPs
4.1913,All SNPs
4.1913,All SNPs
0.63162,All SNPs
0.63162,All SNPs
0.63162,All SNPs
1.293,All SNPs
1.293,All SNPs
3.8993,All SNPs
3.8993,All SNPs
3.8993,All SNPs
4.528,All SNPs
1.1736,All SNPs
0.9923,All SNPs
0.9923,All SNPs
0.83054,All SNPs
0.83054,All SNPs
5.8859,All SNPs
5.8859,All SNPs
5.8859,All SNPs
5.8859,All SNPs
5.8859,All SNPs
5.8859,All SNPs
3.4485,All SNPs
3.4485,All SNPs
5.0311,All SNPs
5.0311,All SNPs
5.0311,All SNPs
0.18094,All SNPs
0.18094,All SNPs
0.18094,All SNPs
0.18094,All SNPs
6.5845,All SNPs
6.5845,All SNPs
6.5845,All SNPs
6.5845,All SNPs
6.5845,All SNPs
6.5845,All SNPs
6.5845,All SNPs
4.5636,All SNPs
4.509,All SNPs
4.8491,All SNPs
0.68958,All SNPs
0.68958,All SNPs
6.001,All SNPs
1.325,All SNPs
0.83299,All SNPs
0.83299,All SNPs
0.87449,All SNPs
0.87449,All SNPs
0.87449,All SNPs
3.5525,All SNPs
3.5525,All SNPs
3.5525,All SNPs
3.5525,All SNPs
3.5525,All SNPs
1.0779,All SNPs
1.0779,All SNPs
5.6136,All SNPs
0.26415,All SNPs
0.26415,All SNPs
1.028,All SNPs
0.82158,All SNPs
1.151,All SNPs
3.396,All SNPs
1.0059,All SNPs
0.040764,All SNPs
5.9607,All SNPs
5.9607,All SNPs
4.5485,All SNPs
4.5485,All SNPs
4.5485,All SNPs
4.5485,All SNPs
4.5485,All SNPs
4.5485,All SNPs
4.5485,All SNPs
1.0671,All SNPs
1.0671,All SNPs
0.82267,All SNPs
0.47839,All SNPs
0.47839,All SNPs
0.47839,All SNPs
0.47839,All SNPs
0.47839,All SNPs
0.47839,All SNPs
0.47839,All SNPs
0.47839,All SNPs
0.47839,All SNPs
0.47839,All SNPs
0.47839,All SNPs
0.47839,All SNPs
0.47839,All SNPs
0.96124,All SNPs
0.96124,All SNPs
0.96124,All SNPs
0.96124,All SNPs
0.96124,All SNPs
0.96124,All SNPs
0.96124,All SNPs
0.96124,All SNPs
0.96124,All SNPs
0.96124,All SNPs
0.96124,All SNPs
0.96124,All SNPs
0.96124,All SNPs
0.96124,All SNPs
0.96124,All SNPs
0.96124,All SNPs
0.96124,All SNPs
0.96124,All SNPs
0.96124,All SNPs
0.96124,All SNPs
0.96124,All SNPs
0.96124,All SNPs
0.96124,All SNPs
0.96124,All SNPs
0.96124,All SNPs
0.96124,All SNPs
0.96124,All SNPs
0.96124,All SNPs
0.96124,All SNPs
0.96124,All SNPs
0.96124,All SNPs
0.96124,All SNPs
0.96124,All SNPs
0.96124,All SNPs
0.96124,All SNPs
0.51141,All SNPs
0.51141,All SNPs
0.51141,All SNPs
0.51141,All SNPs
0.69957,All SNPs
0.69957,All SNPs
0.69957,All SNPs
0.69957,All SNPs
0.69957,All SNPs
0.69957,All SNPs
0.69957,All SNPs
0.69957,All SNPs
0.9899,All SNPs
0.9899,All SNPs
0.9899,All SNPs
0.9899,All SNPs
1.0368,All SNPs
5.1114,All SNPs
6.2029,All SNPs
6.2029,All SNPs
6.2029,All SNPs
6.2029,All SNPs
6.2029,All SNPs
6.2029,All SNPs
1.2947,All SNPs
1.2947,All SNPs
0.99678,All SNPs
0.99678,All SNPs
0.99678,All SNPs
0.99678,All SNPs
0.99678,All SNPs
0.99678,All SNPs
3.397,All SNPs
3.397,All SNPs
3.397,All SNPs
3.397,All SNPs
0.93616,All SNPs
0.93616,All SNPs
3.5902,All SNPs
3.5902,All SNPs
3.5902,All SNPs
3.5902,All SNPs
3.5902,All SNPs
3.5902,All SNPs
3.5902,All SNPs
0.037657,All SNPs
0.24118,All SNPs
5.0212,All SNPs
5.0212,All SNPs
5.0212,All SNPs
5.0212,All SNPs
5.0212,All SNPs
5.0212,All SNPs
5.0212,All SNPs
5.0212,All SNPs
5.0212,All SNPs
0.92013,All SNPs
5.3068,All SNPs
5.3068,All SNPs
5.3068,All SNPs
5.3068,All SNPs
5.3068,All SNPs
3.3973,All SNPs
3.3973,All SNPs
3.3973,All SNPs
3.3973,All SNPs
3.3973,All SNPs
3.3973,All SNPs
3.3973,All SNPs
3.3973,All SNPs
3.3973,All SNPs
3.3973,All SNPs
3.3973,All SNPs
3.3973,All SNPs
3.3973,All SNPs
1.3289,All SNPs
0.093216,All SNPs
0.093216,All SNPs
3.9842,All SNPs
0.55193,All SNPs
0.55193,All SNPs
0.55193,All SNPs
0.55193,All SNPs
0.067056,All SNPs
4.7402,All SNPs
4.7402,All SNPs
4.7402,All SNPs
4.7402,All SNPs
1.1047,All SNPs
1.1047,All SNPs
1.1047,All SNPs
1.1047,All SNPs
1.1047,All SNPs
1.1047,All SNPs
1.1047,All SNPs
3.5874,All SNPs
3.5874,All SNPs
3.5874,All SNPs
3.5874,All SNPs
3.5874,All SNPs
0.91009,All SNPs
0.31842,All SNPs
0.24743,All SNPs
0.24743,All SNPs
4.6131,All SNPs
4.6131,All SNPs
3.9627,All SNPs
3.9627,All SNPs
3.9627,All SNPs
3.9627,All SNPs
3.9627,All SNPs
3.9627,All SNPs
3.9627,All SNPs
4.6256,All SNPs
4.6256,All SNPs
3.6663,All SNPs
1.3521,All SNPs
1.3521,All SNPs
1.3521,All SNPs
1.3521,All SNPs
8.0996,All SNPs
4.1777,All SNPs
1.2059,All SNPs
1.2059,All SNPs
1.2059,All SNPs
1.2059,All SNPs
1.2059,All SNPs
1.2059,All SNPs
1.2059,All SNPs
3.3786,All SNPs
3.3786,All SNPs
3.3786,All SNPs
0.80259,All SNPs
0.80259,All SNPs
0.80259,All SNPs
0.80259,All SNPs
0.80259,All SNPs
5.9566,All SNPs
5.9566,All SNPs
5.9566,All SNPs
5.9566,All SNPs
5.9566,All SNPs
5.9566,All SNPs
5.9566,All SNPs
7.7932,All SNPs
7.7932,All SNPs
7.7932,All SNPs
5.6979,All SNPs
0.9277,All SNPs
0.3965,All SNPs
1.0616,All SNPs
7.3977,All SNPs
4.1419,All SNPs
4.1419,All SNPs
0.80582,All SNPs
0.80582,All SNPs
3.7642,All SNPs
0.0050131,All SNPs
0.0050131,All SNPs
0.0050131,All SNPs
0.0050131,All SNPs
0.0050131,All SNPs
0.0050131,All SNPs
0.0050131,All SNPs
0.0050131,All SNPs
0.0050131,All SNPs
0.0050131,All SNPs
0.0050131,All SNPs
0.0050131,All SNPs
0.0050131,All SNPs
0.0050131,All SNPs
0.0050131,All SNPs
0.0050131,All SNPs
0.0050131,All SNPs
0.0050131,All SNPs
0.0050131,All SNPs
0.0050131,All SNPs
0.0050131,All SNPs
0.0050131,All SNPs
0.0050131,All SNPs
0.0050131,All SNPs
0.0050131,All SNPs
0.0050131,All SNPs
0.0050131,All SNPs
0.0050131,All SNPs
0.0050131,All SNPs
0.0050131,All SNPs
0.0050131,All SNPs
0.0050131,All SNPs
0.0050131,All SNPs
4.5219,All SNPs
4.5219,All SNPs
4.5219,All SNPs
4.5219,All SNPs
4.5219,All SNPs
4.5219,All SNPs
4.5219,All SNPs
4.5219,All SNPs
4.5219,All SNPs
4.5219,All SNPs
4.5219,All SNPs
4.5219,All SNPs
4.5219,All SNPs
4.5219,All SNPs
4.5219,All SNPs
4.4148,All SNPs
4.4148,All SNPs
4.4148,All SNPs
5.9718,All SNPs
1.2777,All SNPs
1.2777,All SNPs
1.2777,All SNPs
1.2777,All SNPs
1.2777,All SNPs
1.2777,All SNPs
0.89122,All SNPs
0.89122,All SNPs
0.89122,All SNPs
0.89122,All SNPs
0.89122,All SNPs
0.94274,All SNPs
0.94274,All SNPs
0.94274,All SNPs
6.4678,All SNPs
0.94013,All SNPs
0.94013,All SNPs
0.94013,All SNPs
0.94013,All SNPs
0.75989,All SNPs
7.9043,All SNPs
7.9043,All SNPs
5.7966,All SNPs
5.7966,All SNPs
5.2812,All SNPs
4.7727,All SNPs
4.7727,All SNPs
4.761,All SNPs
4.761,All SNPs
3.4365,All SNPs
3.4365,All SNPs
1.1442,All SNPs
1.1442,All SNPs
1.1442,All SNPs
1.3285,All SNPs
6.4396,All SNPs
4.111,All SNPs
3.5527,All SNPs
4.6476,All SNPs
3.9658,All SNPs
3.8394,All SNPs
5.3762,All SNPs
3.7574,All SNPs
4.9436,All SNPs
4.9436,All SNPs
7.874,All SNPs
7.874,All SNPs
4.7205,All SNPs
6.2114,All SNPs
6.2114,All SNPs
6.2114,All SNPs
5.2366,All SNPs
5.2366,All SNPs
5.2366,All SNPs
4.8481,All SNPs
4.2501,All SNPs
0.46936,All SNPs
5.4093,All SNPs
5.4093,All SNPs
1.2172,All SNPs
1.2172,All SNPs
4.3348,All SNPs
3.4037,All SNPs
6.6481,All SNPs
0.54933,All SNPs
0.54933,All SNPs
0.54933,All SNPs
0.54933,All SNPs
0.54933,All SNPs
0.54933,All SNPs
0.54933,All SNPs
0.54933,All SNPs
0.54933,All SNPs
4.6839,All SNPs
5.1742,All SNPs
0.62257,All SNPs
0.62257,All SNPs
0.62257,All SNPs
0.62257,All SNPs
0.62257,All SNPs
0.41446,All SNPs
0.41446,All SNPs
0.41446,All SNPs
0.41446,All SNPs
0.41446,All SNPs
1.2398,All SNPs
1.2398,All SNPs
0.54025,All SNPs
1.2912,All SNPs
1.2912,All SNPs
1.2912,All SNPs
1.2912,All SNPs
1.2912,All SNPs
1.2912,All SNPs
1.2912,All SNPs
1.2912,All SNPs
1.2912,All SNPs
1.2912,All SNPs
1.2912,All SNPs
1.2912,All SNPs
1.2912,All SNPs
1.2912,All SNPs
1.2912,All SNPs
1.2912,All SNPs
1.2912,All SNPs
1.2912,All SNPs
1.2912,All SNPs
1.2912,All SNPs
1.2912,All SNPs
1.2912,All SNPs
1.2912,All SNPs
1.2912,All SNPs
1.2912,All SNPs
1.2912,All SNPs
1.2912,All SNPs
1.2912,All SNPs
1.2912,All SNPs
1.2912,All SNPs
1.2912,All SNPs
1.2912,All SNPs
1.2912,All SNPs
3.9575,All SNPs
4.9642,All SNPs
4.9642,All SNPs
4.9642,All SNPs
4.9642,All SNPs
4.9642,All SNPs
4.9642,All SNPs
4.9642,All SNPs
4.9642,All SNPs
4.9642,All SNPs
4.9642,All SNPs
4.9642,All SNPs
4.9642,All SNPs
4.9642,All SNPs
4.9642,All SNPs
4.9642,All SNPs
4.9642,All SNPs
4.9642,All SNPs
3.4901,All SNPs
3.4901,All SNPs
4.9178,All SNPs
4.9178,All SNPs
4.9178,All SNPs
4.9178,All SNPs
4.9178,All SNPs
4.9178,All SNPs
4.9178,All SNPs
4.9178,All SNPs
4.9178,All SNPs
3.7779,All SNPs
1.0173,All SNPs
1.0173,All SNPs
1.0173,All SNPs
1.1068,All SNPs
1.1068,All SNPs
1.1068,All SNPs
1.1068,All SNPs
1.1068,All SNPs
0.80315,All SNPs
0.80315,All SNPs
0.80315,All SNPs
0.80315,All SNPs
0.80315,All SNPs
0.80315,All SNPs
0.80315,All SNPs
0.80315,All SNPs
0.80315,All SNPs
0.80315,All SNPs
0.80315,All SNPs
0.80315,All SNPs
0.80315,All SNPs
0.80315,All SNPs
0.80315,All SNPs
0.80315,All SNPs
0.80315,All SNPs
0.80315,All SNPs
0.80315,All SNPs
0.80315,All SNPs
0.80315,All SNPs
0.80315,All SNPs
0.80315,All SNPs
0.80315,All SNPs
0.80315,All SNPs
0.80315,All SNPs
0.80315,All SNPs
0.80315,All SNPs
0.80315,All SNPs
0.80315,All SNPs
0.80315,All SNPs
0.80315,All SNPs
0.50841,All SNPs
0.50841,All SNPs
0.50841,All SNPs
0.50841,All SNPs
0.50841,All SNPs
0.50841,All SNPs
0.50841,All SNPs
0.50841,All SNPs
0.21747,All SNPs
0.21747,All SNPs
0.21747,All SNPs
0.21747,All SNPs
0.21747,All SNPs
0.21747,All SNPs
0.21747,All SNPs
0.21747,All SNPs
0.21747,All SNPs
1.2894,All SNPs
1.2894,All SNPs
1.2894,All SNPs
1.2894,All SNPs
1.2894,All SNPs
1.2894,All SNPs
1.1634,All SNPs
1.1634,All SNPs
1.1634,All SNPs
1.1634,All SNPs
1.1634,All SNPs
1.1634,All SNPs
1.1634,All SNPs
1.1634,All SNPs
1.1634,All SNPs
1.1634,All SNPs
1.1634,All SNPs
1.1634,All SNPs
1.1634,All SNPs
1.1634,All SNPs
1.1634,All SNPs
1.1634,All SNPs
1.1634,All SNPs
1.1634,All SNPs
1.1634,All SNPs
1.1634,All SNPs
1.1634,All SNPs
1.1634,All SNPs
1.1634,All SNPs
1.1634,All SNPs
1.1634,All SNPs
1.1634,All SNPs
1.1634,All SNPs
1.1634,All SNPs
1.1634,All SNPs
1.1634,All SNPs
1.1634,All SNPs
1.1634,All SNPs
3.4254,All SNPs
3.8117,All SNPs
3.8117,All SNPs
3.8117,All SNPs
3.8117,All SNPs
3.8117,All SNPs
3.6264,All SNPs
3.4784,All SNPs
3.4784,All SNPs
3.4784,All SNPs
6.5625,All SNPs
6.5625,All SNPs
6.5625,All SNPs
6.5625,All SNPs
6.5625,All SNPs
6.5625,All SNPs
6.5625,All SNPs
7.4972,All SNPs
7.4972,All SNPs
7.4972,All SNPs
7.4972,All SNPs
7.4972,All SNPs
3.7994,All SNPs
3.7994,All SNPs
3.7994,All SNPs
3.7994,All SNPs
3.7994,All SNPs
3.7994,All SNPs
1.3117,All SNPs
0.64704,All SNPs
3.4849,All SNPs
0.81744,All SNPs
0.81744,All SNPs
3.733,All SNPs
3.733,All SNPs
3.733,All SNPs
6.1829,All SNPs
6.1829,All SNPs
6.1829,All SNPs
6.1566,All SNPs
6.1566,All SNPs
6.1566,All SNPs
6.1566,All SNPs
6.1566,All SNPs
6.1566,All SNPs
6.1566,All SNPs
6.1566,All SNPs
6.1566,All SNPs
0.094955,All SNPs
0.094955,All SNPs
0.094955,All SNPs
3.7266,All SNPs
3.7266,All SNPs
1.2173,All SNPs
1.2173,All SNPs
1.2173,All SNPs
1.2173,All SNPs
1.2173,All SNPs
1.2173,All SNPs
1.2173,All SNPs
1.2173,All SNPs
1.2173,All SNPs
1.2173,All SNPs
1.2173,All SNPs
4.9971,All SNPs
4.9971,All SNPs
0.88718,All SNPs
0.88718,All SNPs
0.88718,All SNPs
0.88718,All SNPs
0.88718,All SNPs
0.88718,All SNPs
0.88718,All SNPs
0.88718,All SNPs
0.88718,All SNPs
0.91004,All SNPs
0.91004,All SNPs
0.91004,All SNPs
0.91004,All SNPs
0.91004,All SNPs
0.91004,All SNPs
0.91004,All SNPs
0.91004,All SNPs
4.3436,All SNPs
4.3436,All SNPs
4.3436,All SNPs
0.3515,All SNPs
0.3515,All SNPs
0.33081,All SNPs
6.8232,All SNPs
0.52431,All SNPs
0.52431,All SNPs
0.52431,All SNPs
0.52431,All SNPs
0.52431,All SNPs
0.52431,All SNPs
0.52431,All SNPs
0.52431,All SNPs
0.52431,All SNPs
1.3349,All SNPs
1.3349,All SNPs
1.3349,All SNPs
1.3349,All SNPs
1.3349,All SNPs
1.3349,All SNPs
1.3349,All SNPs
1.3349,All SNPs
1.3349,All SNPs
1.3349,All SNPs
1.3349,All SNPs
1.3349,All SNPs
5.7967,All SNPs
1.1776,All SNPs
3.5933,All SNPs
6.8961,All SNPs
0.49936,All SNPs
0.49936,All SNPs
1.33,All SNPs
1.33,All SNPs
1.33,All SNPs
1.33,All SNPs
1.33,All SNPs
1.33,All SNPs
5.2446,All SNPs
5.2446,All SNPs
5.2446,All SNPs
5.2446,All SNPs
5.2446,All SNPs
5.2446,All SNPs
4.5698,All SNPs
4.5698,All SNPs
4.5698,All SNPs
4.5698,All SNPs
4.5698,All SNPs
4.5698,All SNPs
4.5698,All SNPs
4.5698,All SNPs
4.5698,All SNPs
4.1393,All SNPs
4.1393,All SNPs
4.1785,All SNPs
0.54506,All SNPs
1.0656,All SNPs
1.0656,All SNPs
1.0656,All SNPs
1.0656,All SNPs
1.0656,All SNPs
1.0656,All SNPs
1.0656,All SNPs
1.0656,All SNPs
1.0656,All SNPs
1.0018,All SNPs
1.0018,All SNPs
0.3198,All SNPs
0.3198,All SNPs
0.47624,All SNPs
0.47624,All SNPs
0.47624,All SNPs
5.6005,All SNPs
4.1369,All SNPs
4.1369,All SNPs
4.1369,All SNPs
5.4315,All SNPs
5.4315,All SNPs
1.2218,All SNPs
1.0358,All SNPs
1.0358,All SNPs
1.0358,All SNPs
1.0358,All SNPs
1.0358,All SNPs
1.0358,All SNPs
1.0358,All SNPs
1.0358,All SNPs
1.0358,All SNPs
1.0358,All SNPs
1.0358,All SNPs
1.0358,All SNPs
1.0358,All SNPs
1.0358,All SNPs
6.245,All SNPs
6.245,All SNPs
6.245,All SNPs
6.245,All SNPs
6.245,All SNPs
6.245,All SNPs
0.43433,All SNPs
0.43433,All SNPs
0.43433,All SNPs
0.43433,All SNPs
0.43433,All SNPs
0.43433,All SNPs
6.1042,All SNPs
5.2288,All SNPs
5.2288,All SNPs
5.2288,All SNPs
3.5975,All SNPs
3.5975,All SNPs
3.6422,All SNPs
3.6422,All SNPs
3.6422,All SNPs
0.92834,All SNPs
0.92834,All SNPs
0.92834,All SNPs
0.92834,All SNPs
0.92834,All SNPs
0.92834,All SNPs
5.4127,All SNPs
5.4127,All SNPs
5.8431,All SNPs
0.50978,All SNPs
0.50978,All SNPs
0.50978,All SNPs
0.50978,All SNPs
0.50978,All SNPs
0.50978,All SNPs
0.99225,All SNPs
0.99225,All SNPs
0.99225,All SNPs
0.99225,All SNPs
0.31558,All SNPs
0.31558,All SNPs
0.31558,All SNPs
3.4833,All SNPs
3.4833,All SNPs
3.4833,All SNPs
3.4567,All SNPs
0.27527,All SNPs
1.1711,All SNPs
1.1711,All SNPs
0.40908,All SNPs
0.40908,All SNPs
0.40908,All SNPs
0.63013,All SNPs
4.8249,All SNPs
4.8249,All SNPs
4.8249,All SNPs
0.91718,All SNPs
0.91718,All SNPs
3.4372,All SNPs
3.4372,All SNPs
3.4372,All SNPs
4.9096,All SNPs
4.9096,All SNPs
5.8155,All SNPs
5.8155,All SNPs
0.95496,All SNPs
5.9001,All SNPs
0.96223,All SNPs
1.1925,All SNPs
0.017892,All SNPs
0.017892,All SNPs
0.017892,All SNPs
0.017892,All SNPs
0.017892,All SNPs
0.017892,All SNPs
0.017892,All SNPs
1.0847,All SNPs
0.79206,All SNPs
6.0342,All SNPs
6.0342,All SNPs
6.0342,All SNPs
6.0342,All SNPs
6.0342,All SNPs
6.0342,All SNPs
4.0307,All SNPs
4.0307,All SNPs
4.0307,All SNPs
4.0307,All SNPs
4.0307,All SNPs
4.0307,All SNPs
4.0307,All SNPs
4.0307,All SNPs
4.0307,All SNPs
4.0307,All SNPs
4.0307,All SNPs
4.0307,All SNPs
4.0307,All SNPs
4.0307,All SNPs
4.0307,All SNPs
4.0307,All SNPs
4.0307,All SNPs
4.0307,All SNPs
4.0307,All SNPs
4.0307,All SNPs
4.0307,All SNPs
4.0307,All SNPs
4.0307,All SNPs
4.0307,All SNPs
4.0307,All SNPs
4.0307,All SNPs
4.0307,All SNPs
4.0307,All SNPs
4.0307,All SNPs
4.0307,All SNPs
4.0307,All SNPs
5.3784,All SNPs
5.3784,All SNPs
3.3833,All SNPs
3.3833,All SNPs
3.3833,All SNPs
8.887,All SNPs
8.887,All SNPs
8.887,All SNPs
8.887,All SNPs
8.887,All SNPs
0.7432,All SNPs
3.377,All SNPs
6.3315,All SNPs
6.3315,All SNPs
6.3315,All SNPs
6.3315,All SNPs
6.3315,All SNPs
6.3315,All SNPs
1.1953,All SNPs
5.0944,All SNPs
5.0944,All SNPs
5.0944,All SNPs
5.0944,All SNPs
5.0944,All SNPs
5.0944,All SNPs
5.0944,All SNPs
5.0944,All SNPs
5.0944,All SNPs
5.0944,All SNPs
5.0944,All SNPs
5.0944,All SNPs
5.0944,All SNPs
4.3188,All SNPs
4.3188,All SNPs
4.3188,All SNPs
4.3188,All SNPs
4.3188,All SNPs
4.3188,All SNPs
4.3188,All SNPs
4.3188,All SNPs
4.2406,All SNPs
1.3216,All SNPs
1.3216,All SNPs
1.3216,All SNPs
1.3216,All SNPs
1.3216,All SNPs
5.2181,All SNPs
5.2181,All SNPs
5.2181,All SNPs
5.2181,All SNPs
5.2181,All SNPs
5.2181,All SNPs
3.499,All SNPs
1.1938,All SNPs
1.1938,All SNPs
1.1938,All SNPs
1.1938,All SNPs
1.1938,All SNPs
1.1938,All SNPs
1.1938,All SNPs
1.1938,All SNPs
1.1938,All SNPs
1.1938,All SNPs
1.1938,All SNPs
1.1938,All SNPs
7.0761,All SNPs
4.9499,All SNPs
6.9946,All SNPs
5.0825,All SNPs
5.0825,All SNPs
5.0825,All SNPs
5.0825,All SNPs
5.0825,All SNPs
3.8532,All SNPs
3.8532,All SNPs
3.8532,All SNPs
3.8532,All SNPs
3.8532,All SNPs
3.8532,All SNPs
3.9736,All SNPs
3.9736,All SNPs
1.212,All SNPs
1.212,All SNPs
1.212,All SNPs
4.1247,All SNPs
3.5737,All SNPs
1.2751,All SNPs
1.1769,All SNPs
1.2507,All SNPs
3.6645,All SNPs
3.6645,All SNPs
1.0519,All SNPs
5.0985,All SNPs
0.93256,All SNPs
0.55736,All SNPs
0.55736,All SNPs
0.55736,All SNPs
0.55736,All SNPs
0.55736,All SNPs
3.7122,All SNPs
3.7122,All SNPs
0.94548,All SNPs
0.46677,All SNPs
0.46677,All SNPs
0.46677,All SNPs
0.46677,All SNPs
0.46677,All SNPs
5.2145,All SNPs
5.2145,All SNPs
0.26967,All SNPs
0.26967,All SNPs
0.26967,All SNPs
0.26967,All SNPs
0.26967,All SNPs
0.26967,All SNPs
0.26967,All SNPs
0.89845,All SNPs
0.89845,All SNPs
0.89845,All SNPs
0.89845,All SNPs
0.89845,All SNPs
3.5856,All SNPs
6.3319,All SNPs
4.501,All SNPs
4.3521,All SNPs
4.3521,All SNPs
4.1308,All SNPs
4.1308,All SNPs
4.1308,All SNPs
4.1308,All SNPs
4.5282,All SNPs
4.5282,All SNPs
4.5282,All SNPs
4.5282,All SNPs
4.5282,All SNPs
4.682,All SNPs
4.682,All SNPs
4.682,All SNPs
0.78211,All SNPs
0.78211,All SNPs
0.78211,All SNPs
3.9211,All SNPs
3.9211,All SNPs
3.9211,All SNPs
3.9211,All SNPs
3.9211,All SNPs
3.9211,All SNPs
9.8467,All SNPs
9.8467,All SNPs
9.8467,All SNPs
9.8467,All SNPs
9.8467,All SNPs
9.8467,All SNPs
9.8467,All SNPs
9.8467,All SNPs
9.8467,All SNPs
9.8467,All SNPs
6.2319,All SNPs
8.4088,All SNPs
7.3544,All SNPs
4.5792,All SNPs
5.4984,All SNPs
5.4984,All SNPs
5.4984,All SNPs
1.3443,All SNPs
1.3443,All SNPs
1.3443,All SNPs
1.3443,All SNPs
1.3443,All SNPs
1.3443,All SNPs
1.3443,All SNPs
1.3443,All SNPs
1.3443,All SNPs
0.70629,All SNPs
0.70629,All SNPs
0.70629,All SNPs
0.70629,All SNPs
4.6109,All SNPs
3.5308,All SNPs
3.5308,All SNPs
0.72347,All SNPs
0.95154,All SNPs
4.2016,All SNPs
4.2016,All SNPs
4.2016,All SNPs
0.95629,All SNPs
3.6495,All SNPs
6.3738,All SNPs
6.3738,All SNPs
5.2601,All SNPs
0.26737,All SNPs
0.68218,All SNPs
5.3837,All SNPs
0.21392,All SNPs
0.16196,All SNPs
0.16196,All SNPs
0.16196,All SNPs
0.16196,All SNPs
0.16196,All SNPs
0.16196,All SNPs
0.16196,All SNPs
4.4647,All SNPs
4.4647,All SNPs
0.31015,All SNPs
3.7277,All SNPs
3.7277,All SNPs
3.7277,All SNPs
0.561,All SNPs
0.561,All SNPs
0.561,All SNPs
0.561,All SNPs
0.561,All SNPs
0.561,All SNPs
0.561,All SNPs
0.561,All SNPs
6.5606,All SNPs
6.5606,All SNPs
6.5606,All SNPs
6.5606,All SNPs
6.5606,All SNPs
6.5606,All SNPs
6.5606,All SNPs
6.5606,All SNPs
6.5606,All SNPs
6.5606,All SNPs
6.5606,All SNPs
6.5606,All SNPs
6.5606,All SNPs
6.5606,All SNPs
6.5606,All SNPs
6.5606,All SNPs
6.5606,All SNPs
6.5606,All SNPs
6.5606,All SNPs
6.5606,All SNPs
6.5606,All SNPs
6.5606,All SNPs
6.5606,All SNPs
6.5606,All SNPs
6.5606,All SNPs
6.5606,All SNPs
6.5606,All SNPs
6.5606,All SNPs
6.5606,All SNPs
6.5606,All SNPs
6.5606,All SNPs
6.5606,All SNPs
6.5606,All SNPs
6.5606,All SNPs
1.1265,All SNPs
1.1265,All SNPs
1.1265,All SNPs
1.1265,All SNPs
1.3199,All SNPs
1.3199,All SNPs
1.3199,All SNPs
1.0226,All SNPs
1.0226,All SNPs
3.7944,All SNPs
3.7944,All SNPs
3.7944,All SNPs
3.3956,All SNPs
0.018691,All SNPs
0.093123,All SNPs
4.3826,All SNPs
6.1464,All SNPs
6.1464,All SNPs
6.1464,All SNPs
0.69612,All SNPs
8.5806,All SNPs
8.5806,All SNPs
8.5806,All SNPs
8.5806,All SNPs
6.4573,All SNPs
3.6165,All SNPs
4.8003,All SNPs
4.8003,All SNPs
4.8003,All SNPs
4.8003,All SNPs
4.8003,All SNPs
4.8003,All SNPs
0.55365,All SNPs
0.55365,All SNPs
1.2439,All SNPs
4.748,All SNPs
6.1756,All SNPs
6.1756,All SNPs
5.4136,All SNPs
5.4136,All SNPs
5.4136,All SNPs
5.4136,All SNPs
5.4136,All SNPs
4.7677,All SNPs
5.041,All SNPs
0.95182,All SNPs
0.95182,All SNPs
0.95182,All SNPs
0.95182,All SNPs
4.7209,All SNPs
3.6693,All SNPs
3.6693,All SNPs
3.6693,All SNPs
3.6693,All SNPs
3.6693,All SNPs
7.9643,All SNPs
7.9643,All SNPs
1.3246,All SNPs
5.2027,All SNPs
5.2027,All SNPs
5.2027,All SNPs
5.2027,All SNPs
5.2027,All SNPs
5.2027,All SNPs
5.2027,All SNPs
5.2027,All SNPs
5.2027,All SNPs
5.2027,All SNPs
6.0695,All SNPs
0.56657,All SNPs
1.3077,All SNPs
1.3077,All SNPs
1.1617,All SNPs
1.1617,All SNPs
4.2207,All SNPs
1.2,All SNPs
1.2,All SNPs
1.2,All SNPs
1.2,All SNPs
1.2,All SNPs
1.2,All SNPs
1.244,All SNPs
1.244,All SNPs
1.244,All SNPs
1.244,All SNPs
1.244,All SNPs
6.6113,All SNPs
6.6113,All SNPs
4.0991,All SNPs
4.0991,All SNPs
0.9512,All SNPs
0.9512,All SNPs
0.9512,All SNPs
0.99929,All SNPs
0.99929,All SNPs
1.2586,All SNPs
1.2586,All SNPs
3.5899,All SNPs
3.6991,All SNPs
3.6991,All SNPs
3.6991,All SNPs
3.6991,All SNPs
3.6991,All SNPs
3.6991,All SNPs
3.6991,All SNPs
3.6991,All SNPs
3.6991,All SNPs
4.1772,All SNPs
0.63865,All SNPs
0.52506,All SNPs
0.52506,All SNPs
0.52506,All SNPs
0.52506,All SNPs
0.52506,All SNPs
0.52506,All SNPs
0.52506,All SNPs
0.52506,All SNPs
0.52506,All SNPs
0.52506,All SNPs
3.564,All SNPs
1.1246,All SNPs
4.0255,All SNPs
4.0255,All SNPs
4.0255,All SNPs
4.0255,All SNPs
4.0255,All SNPs
4.0255,All SNPs
4.0255,All SNPs
4.8872,All SNPs
4.8872,All SNPs
4.8872,All SNPs
4.8872,All SNPs
5.4747,All SNPs
5.2831,All SNPs
0.68759,All SNPs
0.57454,All SNPs
0.57454,All SNPs
0.57454,All SNPs
0.57454,All SNPs
1.1654,All SNPs
1.1654,All SNPs
1.1654,All SNPs
1.1654,All SNPs
1.1654,All SNPs
1.1654,All SNPs
1.1654,All SNPs
1.1654,All SNPs
1.1654,All SNPs
1.1654,All SNPs
1.1654,All SNPs
1.1654,All SNPs
1.1654,All SNPs
1.1654,All SNPs
1.1654,All SNPs
1.1654,All SNPs
1.1654,All SNPs
1.1654,All SNPs
1.1654,All SNPs
1.1654,All SNPs
1.1654,All SNPs
1.1654,All SNPs
1.1654,All SNPs
1.0411,All SNPs
1.0411,All SNPs
1.0411,All SNPs
1.0411,All SNPs
1.0411,All SNPs
6.3226,All SNPs
6.3226,All SNPs
6.3226,All SNPs
6.3226,All SNPs
1.2537,All SNPs
0.57211,All SNPs
0.57211,All SNPs
1.1194,All SNPs
1.279,All SNPs
1.2987,All SNPs
1.2987,All SNPs
1.2987,All SNPs
1.2987,All SNPs
1.2987,All SNPs
1.2987,All SNPs
0.97699,All SNPs
1.0945,All SNPs
1.0945,All SNPs
1.0945,All SNPs
1.0945,All SNPs
1.0448,All SNPs
1.0448,All SNPs
1.0448,All SNPs
1.0448,All SNPs
1.0448,All SNPs
1.0448,All SNPs
3.9898,All SNPs
3.9898,All SNPs
3.9898,All SNPs
3.9898,All SNPs
4.2141,All SNPs
4.2141,All SNPs
4.2141,All SNPs
4.2141,All SNPs
8.0306,All SNPs
8.0306,All SNPs
8.0306,All SNPs
8.0306,All SNPs
8.0306,All SNPs
8.0306,All SNPs
0.95368,All SNPs
0.95368,All SNPs
0.9365,All SNPs
0.32884,All SNPs
0.32884,All SNPs
0.32884,All SNPs
0.32884,All SNPs
0.32884,All SNPs
0.32884,All SNPs
0.32884,All SNPs
0.32884,All SNPs
0.32884,All SNPs
0.32884,All SNPs
6.7232,All SNPs
6.7232,All SNPs
1.0918,All SNPs
1.0918,All SNPs
1.0918,All SNPs
1.0918,All SNPs
1.0918,All SNPs
1.0918,All SNPs
1.0918,All SNPs
1.0918,All SNPs
1.0918,All SNPs
1.0918,All SNPs
1.0918,All SNPs
1.1218,All SNPs
1.1218,All SNPs
1.1908,All SNPs
1.1908,All SNPs
1.2585,All SNPs
1.2585,All SNPs
1.2585,All SNPs
1.2585,All SNPs
1.2585,All SNPs
1.2585,All SNPs
1.2585,All SNPs
1.2585,All SNPs
1.2585,All SNPs
1.2585,All SNPs
1.2585,All SNPs
1.2585,All SNPs
1.0932,All SNPs
3.7948,All SNPs
3.7948,All SNPs
3.7948,All SNPs
4.9098,All SNPs
1.0153,All SNPs
1.0153,All SNPs
1.0153,All SNPs
1.0153,All SNPs
1.0153,All SNPs
0.42655,All SNPs
3.8344,All SNPs
3.8344,All SNPs
5.6376,All SNPs
5.1566,All SNPs
1.2559,All SNPs
1.2559,All SNPs
1.2559,All SNPs
1.2559,All SNPs
3.7972,All SNPs
1.0681,All SNPs
1.0681,All SNPs
1.0681,All SNPs
1.0681,All SNPs
1.0681,All SNPs
1.0681,All SNPs
1.0681,All SNPs
1.0681,All SNPs
1.0681,All SNPs
1.0681,All SNPs
1.053,All SNPs
1.053,All SNPs
3.7649,All SNPs
4.5983,All SNPs
4.5983,All SNPs
4.5983,All SNPs
4.5983,All SNPs
4.5983,All SNPs
4.5983,All SNPs
4.5983,All SNPs
4.5983,All SNPs
4.5983,All SNPs
4.5983,All SNPs
4.5983,All SNPs
4.5983,All SNPs
4.5983,All SNPs
4.5983,All SNPs
4.5983,All SNPs
4.5983,All SNPs
4.5983,All SNPs
4.5983,All SNPs
4.5983,All SNPs
4.5983,All SNPs
4.5983,All SNPs
4.5983,All SNPs
4.5983,All SNPs
4.5983,All SNPs
4.5983,All SNPs
4.5983,All SNPs
4.5983,All SNPs
4.5983,All SNPs
4.5983,All SNPs
4.5983,All SNPs
4.5983,All SNPs
1.0182,All SNPs
1.0182,All SNPs
1.0182,All SNPs
1.0182,All SNPs
1.0182,All SNPs
1.0182,All SNPs
1.0182,All SNPs
1.0182,All SNPs
1.0182,All SNPs
1.0182,All SNPs
1.0182,All SNPs
1.0182,All SNPs
1.0182,All SNPs
1.0182,All SNPs
1.0182,All SNPs
1.0182,All SNPs
1.0182,All SNPs
1.0182,All SNPs
1.0182,All SNPs
1.0182,All SNPs
1.0182,All SNPs
0.0071811,All SNPs
0.0071811,All SNPs
1.2551,All SNPs
1.2551,All SNPs
3.7986,All SNPs
3.7986,All SNPs
0.74986,All SNPs
5.3345,All SNPs
5.3345,All SNPs
5.3345,All SNPs
5.3345,All SNPs
4.069,All SNPs
0.87182,All SNPs
0.87182,All SNPs
0.87182,All SNPs
0.87182,All SNPs
0.87182,All SNPs
0.87182,All SNPs
0.87182,All SNPs
0.87182,All SNPs
0.87182,All SNPs
0.69253,All SNPs
0.69253,All SNPs
0.69253,All SNPs
7.7945,All SNPs
7.7945,All SNPs
7.7945,All SNPs
7.7945,All SNPs
1.34,All SNPs
3.5078,All SNPs
5.6878,All SNPs
5.6878,All SNPs
5.6878,All SNPs
5.6878,All SNPs
5.6878,All SNPs
5.6878,All SNPs
5.6878,All SNPs
0.01895,All SNPs
0.01895,All SNPs
0.01895,All SNPs
4.7262,All SNPs
4.0394,All SNPs
4.0394,All SNPs
4.0394,All SNPs
4.0394,All SNPs
4.0394,All SNPs
4.0394,All SNPs
4.0394,All SNPs
4.1036,All SNPs
4.1036,All SNPs
4.1036,All SNPs
4.1036,All SNPs
4.1036,All SNPs
4.1036,All SNPs
4.1036,All SNPs
4.1036,All SNPs
4.1036,All SNPs
4.1036,All SNPs
4.1036,All SNPs
4.1036,All SNPs
4.0265,All SNPs
4.0265,All SNPs
4.0265,All SNPs
4.0265,All SNPs
4.0265,All SNPs
5.5362,All SNPs
5.5362,All SNPs
5.5362,All SNPs
0.67306,All SNPs
0.67306,All SNPs
0.67306,All SNPs
0.67306,All SNPs
0.67306,All SNPs
0.67306,All SNPs
0.67306,All SNPs
0.67306,All SNPs
0.82476,All SNPs
0.56978,All SNPs
5.2343,All SNPs
5.2343,All SNPs
5.2343,All SNPs
5.2343,All SNPs
5.2343,All SNPs
5.2343,All SNPs
5.2343,All SNPs
5.2343,All SNPs
5.2343,All SNPs
0.78502,All SNPs
0.68175,All SNPs
0.68175,All SNPs
0.68175,All SNPs
0.68175,All SNPs
0.44332,All SNPs
0.44332,All SNPs
0.44332,All SNPs
0.44332,All SNPs
0.44332,All SNPs
0.44332,All SNPs
0.44332,All SNPs
0.44332,All SNPs
0.44332,All SNPs
0.44332,All SNPs
0.85206,All SNPs
0.85206,All SNPs
0.85206,All SNPs
0.85206,All SNPs
0.85206,All SNPs
0.85206,All SNPs
0.85206,All SNPs
0.85206,All SNPs
0.85206,All SNPs
0.99791,All SNPs
0.99791,All SNPs
0.99791,All SNPs
0.99791,All SNPs
0.88782,All SNPs
0.88782,All SNPs
0.88782,All SNPs
0.88782,All SNPs
0.86581,All SNPs
0.86581,All SNPs
0.86581,All SNPs
0.86581,All SNPs
0.86581,All SNPs
0.91177,All SNPs
0.91177,All SNPs
5.9423,All SNPs
5.9423,All SNPs
0.82973,All SNPs
0.82973,All SNPs
0.82973,All SNPs
0.82973,All SNPs
0.92446,All SNPs
0.72607,All SNPs
0.16254,All SNPs
3.8063,All SNPs
3.8063,All SNPs
3.8063,All SNPs
3.9519,All SNPs
1.1154,All SNPs
1.1154,All SNPs
1.1473,All SNPs
1.1473,All SNPs
1.1473,All SNPs
1.1473,All SNPs
1.1473,All SNPs
1.1473,All SNPs
1.1473,All SNPs
1.1473,All SNPs
1.1473,All SNPs
1.1473,All SNPs
1.1473,All SNPs
1.1473,All SNPs
1.1473,All SNPs
1.1473,All SNPs
1.1473,All SNPs
1.1473,All SNPs
1.1473,All SNPs
1.1473,All SNPs
1.1473,All SNPs
1.1473,All SNPs
1.1473,All SNPs
1.1473,All SNPs
1.1473,All SNPs
1.1473,All SNPs
1.1473,All SNPs
1.1473,All SNPs
1.1473,All SNPs
1.1473,All SNPs
1.1473,All SNPs
1.1473,All SNPs
1.1473,All SNPs
0.21082,All SNPs
0.21082,All SNPs
0.21082,All SNPs
0.21082,All SNPs
0.21082,All SNPs
4.4532,All SNPs
3.488,All SNPs
3.488,All SNPs
3.488,All SNPs
3.488,All SNPs
3.488,All SNPs
3.488,All SNPs
0.35268,All SNPs
0.35268,All SNPs
0.35268,All SNPs
0.35268,All SNPs
0.35268,All SNPs
0.35268,All SNPs
0.35268,All SNPs
5.1442,All SNPs
5.1442,All SNPs
5.1442,All SNPs
5.1442,All SNPs
5.1442,All SNPs
5.1442,All SNPs
5.1442,All SNPs
5.1442,All SNPs
1.157,All SNPs
1.157,All SNPs
1.157,All SNPs
1.157,All SNPs
1.157,All SNPs
1.157,All SNPs
1.157,All SNPs
1.157,All SNPs
1.157,All SNPs
0.47819,All SNPs
0.47819,All SNPs
0.47819,All SNPs
3.5055,All SNPs
1.183,All SNPs
3.9893,All SNPs
3.9893,All SNPs
3.9893,All SNPs
3.9893,All SNPs
3.9893,All SNPs
3.9893,All SNPs
0.92977,All SNPs
4.4263,All SNPs
4.4263,All SNPs
4.4263,All SNPs
4.4263,All SNPs
4.4263,All SNPs
4.4263,All SNPs
4.4263,All SNPs
4.4263,All SNPs
4.4263,All SNPs
0.9233,All SNPs
0.9233,All SNPs
0.60013,All SNPs
3.8605,All SNPs
1.216,All SNPs
3.5235,All SNPs
1.1527,All SNPs
3.6248,All SNPs
5.2532,All SNPs
5.2532,All SNPs
5.2532,All SNPs
5.2532,All SNPs
5.2532,All SNPs
5.2532,All SNPs
5.2532,All SNPs
5.2532,All SNPs
5.2532,All SNPs
5.2532,All SNPs
5.2532,All SNPs
5.2532,All SNPs
5.2532,All SNPs
5.2532,All SNPs
5.2532,All SNPs
3.7524,All SNPs
3.7524,All SNPs
3.7524,All SNPs
3.7524,All SNPs
3.7524,All SNPs
3.7524,All SNPs
3.7524,All SNPs
3.7524,All SNPs
3.7524,All SNPs
3.7524,All SNPs
3.7524,All SNPs
3.7524,All SNPs
3.7524,All SNPs
3.7524,All SNPs
3.7524,All SNPs
3.7524,All SNPs
3.7524,All SNPs
3.7524,All SNPs
3.7524,All SNPs
3.7524,All SNPs
3.7524,All SNPs
3.7524,All SNPs
3.7524,All SNPs
3.7524,All SNPs
3.7524,All SNPs
3.7524,All SNPs
3.7524,All SNPs
3.7524,All SNPs
3.7524,All SNPs
3.7524,All SNPs
3.7524,All SNPs
3.7524,All SNPs
3.7524,All SNPs
3.7524,All SNPs
3.7524,All SNPs
3.7524,All SNPs
3.7524,All SNPs
3.7524,All SNPs
3.7524,All SNPs
3.7524,All SNPs
3.7524,All SNPs
3.7524,All SNPs
3.7524,All SNPs
3.7524,All SNPs
3.7524,All SNPs
3.7524,All SNPs
3.7524,All SNPs
3.7524,All SNPs
3.7524,All SNPs
3.7524,All SNPs
3.7524,All SNPs
3.7524,All SNPs
3.7524,All SNPs
3.7524,All SNPs
3.7524,All SNPs
3.7524,All SNPs
3.7524,All SNPs
1.1241,All SNPs
1.1241,All SNPs
1.1241,All SNPs
1.1241,All SNPs
1.1241,All SNPs
1.1241,All SNPs
1.1241,All SNPs
1.1241,All SNPs
0.85859,All SNPs
0.85859,All SNPs
0.85859,All SNPs
0.85859,All SNPs
0.18263,All SNPs
0.18263,All SNPs
0.18263,All SNPs
1.0964,All SNPs
1.0964,All SNPs
3.4463,All SNPs
3.4463,All SNPs
3.4463,All SNPs
4.7253,All SNPs
4.7253,All SNPs
4.7253,All SNPs
0.24553,All SNPs
0.24553,All SNPs
0.32068,All SNPs
0.32068,All SNPs
3.5047,All SNPs
0.48282,All SNPs
0.48282,All SNPs
0.48282,All SNPs
1.3508,All SNPs
3.9509,All SNPs
3.9509,All SNPs
3.7515,All SNPs
1.2222,All SNPs
4.3835,All SNPs
1.0896,All SNPs
1.0896,All SNPs
1.0896,All SNPs
1.0896,All SNPs
1.0896,All SNPs
1.0896,All SNPs
1.0896,All SNPs
1.0896,All SNPs
1.0896,All SNPs
4.5299,All SNPs
0.72898,All SNPs
0.72898,All SNPs
0.72898,All SNPs
0.72898,All SNPs
1.0009,All SNPs
1.0009,All SNPs
0.8041,All SNPs
3.5706,All SNPs
3.5706,All SNPs
5.781,All SNPs
5.781,All SNPs
5.781,All SNPs
5.781,All SNPs
5.781,All SNPs
5.781,All SNPs
3.9377,All SNPs
1.0477,All SNPs
1.0477,All SNPs
1.0477,All SNPs
1.0477,All SNPs
1.0477,All SNPs
1.0477,All SNPs
1.0477,All SNPs
1.0477,All SNPs
1.0477,All SNPs
1.0477,All SNPs
1.0477,All SNPs
1.0477,All SNPs
5.5191,All SNPs
5.5191,All SNPs
5.5191,All SNPs
5.5191,All SNPs
3.6614,All SNPs
3.6614,All SNPs
1.2576,All SNPs
0.98453,All SNPs
0.98453,All SNPs
1.2323,All SNPs
1.2323,All SNPs
1.2323,All SNPs
1.2323,All SNPs
1.2323,All SNPs
3.7745,All SNPs
3.7745,All SNPs
3.7745,All SNPs
1.1247,All SNPs
1.1247,All SNPs
1.3106,All SNPs
1.3106,All SNPs
4.4649,All SNPs
4.4649,All SNPs
4.4649,All SNPs
4.4649,All SNPs
4.4649,All SNPs
5.5862,All SNPs
5.5862,All SNPs
5.5862,All SNPs
5.5862,All SNPs
5.5862,All SNPs
5.5862,All SNPs
5.5862,All SNPs
5.5862,All SNPs
5.5862,All SNPs
1.1824,All SNPs
1.1824,All SNPs
1.1824,All SNPs
1.1824,All SNPs
0.83376,All SNPs
3.7054,All SNPs
3.7054,All SNPs
3.7054,All SNPs
5.0045,All SNPs
5.0045,All SNPs
5.0045,All SNPs
5.0045,All SNPs
5.0045,All SNPs
6.9127,All SNPs
6.9127,All SNPs
6.9127,All SNPs
4.3648,All SNPs
1.317,All SNPs
1.3535,All SNPs
1.3535,All SNPs
1.3535,All SNPs
1.3535,All SNPs
1.3535,All SNPs
1.3535,All SNPs
1.3535,All SNPs
1.3535,All SNPs
1.172,All SNPs
1.172,All SNPs
1.172,All SNPs
1.172,All SNPs
4.0031,All SNPs
4.0031,All SNPs
4.0031,All SNPs
0.11307,All SNPs
1.2833,All SNPs
1.2833,All SNPs
1.0787,All SNPs
1.0787,All SNPs
1.0787,All SNPs
1.0787,All SNPs
3.8194,All SNPs
3.8194,All SNPs
3.8194,All SNPs
3.8194,All SNPs
3.8194,All SNPs
3.8194,All SNPs
3.8194,All SNPs
3.8194,All SNPs
6.2824,All SNPs
1.2495,All SNPs
1.2495,All SNPs
1.2495,All SNPs
1.2495,All SNPs
0.63448,All SNPs
4.9429,All SNPs
5.0557,All SNPs
5.1118,All SNPs
0.68185,All SNPs
0.68185,All SNPs
0.68185,All SNPs
0.68185,All SNPs
0.68185,All SNPs
0.68185,All SNPs
0.68185,All SNPs
0.68185,All SNPs
0.68185,All SNPs
0.68185,All SNPs
0.68185,All SNPs
0.68185,All SNPs
0.68185,All SNPs
0.68185,All SNPs
0.68185,All SNPs
0.68185,All SNPs
0.68185,All SNPs
0.68185,All SNPs
5.2087,All SNPs
5.2087,All SNPs
5.2087,All SNPs
5.2087,All SNPs
5.2087,All SNPs
3.7847,All SNPs
3.7847,All SNPs
0.16953,All SNPs
0.16953,All SNPs
0.16953,All SNPs
0.16953,All SNPs
0.16953,All SNPs
4.1674,All SNPs
4.1674,All SNPs
4.1674,All SNPs
4.1674,All SNPs
4.1674,All SNPs
4.1674,All SNPs
9.7291,All SNPs
5.7487,All SNPs
5.7487,All SNPs
5.7487,All SNPs
5.7487,All SNPs
1.1944,All SNPs
1.1944,All SNPs
3.9722,All SNPs
3.9722,All SNPs
3.9722,All SNPs
3.9722,All SNPs
3.9722,All SNPs
3.9722,All SNPs
3.9722,All SNPs
3.9722,All SNPs
3.9722,All SNPs
4.2096,All SNPs
4.2096,All SNPs
4.2096,All SNPs
4.2096,All SNPs
4.2096,All SNPs
5.5112,All SNPs
5.5112,All SNPs
5.5112,All SNPs
5.5112,All SNPs
8.0161,All SNPs
8.0161,All SNPs
8.0161,All SNPs
4.3186,All SNPs
4.3186,All SNPs
4.3186,All SNPs
4.3186,All SNPs
4.3186,All SNPs
4.3186,All SNPs
5.577,All SNPs
4.7257,All SNPs
1.2526,All SNPs
1.2526,All SNPs
1.2526,All SNPs
1.2526,All SNPs
1.01,All SNPs
1.01,All SNPs
7.2517,All SNPs
7.2517,All SNPs
7.2517,All SNPs
7.2517,All SNPs
7.2517,All SNPs
7.2517,All SNPs
7.2517,All SNPs
7.2517,All SNPs
7.2517,All SNPs
7.2517,All SNPs
7.2517,All SNPs
4.5827,All SNPs
4.5827,All SNPs
4.5827,All SNPs
1.1243,All SNPs
1.1243,All SNPs
1.1243,All SNPs
1.1243,All SNPs
0.80945,All SNPs
4.9584,All SNPs
4.9584,All SNPs
4.9584,All SNPs
4.9584,All SNPs
0.90548,All SNPs
0.90548,All SNPs
4.1734,All SNPs
4.1734,All SNPs
5.2067,All SNPs
5.2067,All SNPs
4.1864,All SNPs
4.1864,All SNPs
4.1864,All SNPs
4.1864,All SNPs
0.9713,All SNPs
7.7627,All SNPs
4.6149,All SNPs
4.6149,All SNPs
1.2553,All SNPs
1.2553,All SNPs
1.2553,All SNPs
4.453,All SNPs
4.453,All SNPs
0.13475,All SNPs
0.13475,All SNPs
0.13475,All SNPs
0.13475,All SNPs
0.13475,All SNPs
1.3012,All SNPs
0.56486,All SNPs
0.56486,All SNPs
0.56486,All SNPs
0.56486,All SNPs
0.56486,All SNPs
0.56486,All SNPs
0.56486,All SNPs
0.56486,All SNPs
0.56486,All SNPs
0.56486,All SNPs
0.56486,All SNPs
0.56486,All SNPs
0.56486,All SNPs
0.56486,All SNPs
0.56486,All SNPs
0.56486,All SNPs
0.56486,All SNPs
0.56486,All SNPs
0.56486,All SNPs
0.56486,All SNPs
0.56486,All SNPs
0.56486,All SNPs
0.56486,All SNPs
0.56486,All SNPs
0.56486,All SNPs
0.56486,All SNPs
0.56486,All SNPs
0.56486,All SNPs
0.56486,All SNPs
0.56486,All SNPs
0.56486,All SNPs
0.56486,All SNPs
0.56486,All SNPs
0.56486,All SNPs
0.56486,All SNPs
0.56486,All SNPs
0.56486,All SNPs
0.56486,All SNPs
0.56486,All SNPs
0.56486,All SNPs
0.56486,All SNPs
0.56486,All SNPs
0.56486,All SNPs
0.56486,All SNPs
0.56486,All SNPs
0.56486,All SNPs
1.2709,All SNPs
5.1944,All SNPs
5.1944,All SNPs
5.6171,All SNPs
5.6171,All SNPs
5.6171,All SNPs
6.8003,All SNPs
6.8003,All SNPs
6.8003,All SNPs
6.8003,All SNPs
6.8003,All SNPs
6.8003,All SNPs
6.8003,All SNPs
6.8003,All SNPs
6.8003,All SNPs
6.8003,All SNPs
6.8003,All SNPs
6.8003,All SNPs
6.8003,All SNPs
6.8003,All SNPs
6.8003,All SNPs
6.8003,All SNPs
6.8003,All SNPs
6.8003,All SNPs
6.8003,All SNPs
6.8003,All SNPs
6.8003,All SNPs
6.8003,All SNPs
6.8003,All SNPs
6.8003,All SNPs
6.8003,All SNPs
6.8003,All SNPs
6.8003,All SNPs
6.8003,All SNPs
6.8003,All SNPs
6.8003,All SNPs
6.8003,All SNPs
6.8003,All SNPs
6.8003,All SNPs
6.8003,All SNPs
6.8003,All SNPs
6.8003,All SNPs
6.8003,All SNPs
6.8003,All SNPs
6.8003,All SNPs
6.8003,All SNPs
1.2767,All SNPs
1.2767,All SNPs
1.2767,All SNPs
1.2767,All SNPs
5.9533,All SNPs
5.9533,All SNPs
0.53404,All SNPs
1.2454,All SNPs
0.18096,All SNPs
0.2177,All SNPs
0.2177,All SNPs
0.2177,All SNPs
0.2177,All SNPs
0.50035,All SNPs
0.41857,All SNPs
0.41857,All SNPs
0.41857,All SNPs
0.41857,All SNPs
0.41857,All SNPs
0.41857,All SNPs
0.41857,All SNPs
0.41857,All SNPs
0.41857,All SNPs
0.41857,All SNPs
0.41857,All SNPs
0.41857,All SNPs
0.41857,All SNPs
0.41857,All SNPs
0.41857,All SNPs
0.41857,All SNPs
0.41857,All SNPs
0.41857,All SNPs
0.41857,All SNPs
0.41857,All SNPs
0.41857,All SNPs
0.41857,All SNPs
0.41857,All SNPs
0.41857,All SNPs
0.41857,All SNPs
0.41857,All SNPs
0.41857,All SNPs
0.41857,All SNPs
0.41857,All SNPs
0.41857,All SNPs
0.41857,All SNPs
0.41857,All SNPs
0.41857,All SNPs
0.41857,All SNPs
0.41857,All SNPs
0.41857,All SNPs
0.41857,All SNPs
0.41857,All SNPs
0.41857,All SNPs
0.41857,All SNPs
0.41857,All SNPs
0.41857,All SNPs
0.41857,All SNPs
0.41857,All SNPs
0.41857,All SNPs
0.41857,All SNPs
0.41857,All SNPs
0.41857,All SNPs
0.41857,All SNPs
0.41857,All SNPs
0.41857,All SNPs
0.41857,All SNPs
0.41857,All SNPs
0.41857,All SNPs
0.41857,All SNPs
0.41857,All SNPs
0.41857,All SNPs
0.41857,All SNPs
0.41857,All SNPs
0.41857,All SNPs
0.41857,All SNPs
0.41857,All SNPs
0.41857,All SNPs
0.41857,All SNPs
0.045395,All SNPs
0.045395,All SNPs
0.045395,All SNPs
6.6697,All SNPs
4.1648,All SNPs
4.1648,All SNPs
4.1648,All SNPs
4.1648,All SNPs
4.1648,All SNPs
4.1648,All SNPs
4.1648,All SNPs
4.1648,All SNPs
4.1648,All SNPs
0.71986,All SNPs
0.71986,All SNPs
0.71986,All SNPs
0.71986,All SNPs
0.35246,All SNPs
0.18289,All SNPs
0.18289,All SNPs
0.18289,All SNPs
0.18289,All SNPs
0.18289,All SNPs
0.18289,All SNPs
0.18289,All SNPs
0.18289,All SNPs
0.18289,All SNPs
4.4919,All SNPs
4.4919,All SNPs
4.4919,All SNPs
4.4919,All SNPs
4.4919,All SNPs
4.4919,All SNPs
3.4236,All SNPs
3.4236,All SNPs
3.4236,All SNPs
3.4236,All SNPs
3.4236,All SNPs
5.4253,All SNPs
5.2455,All SNPs
5.9912,All SNPs
5.9912,All SNPs
0.79903,All SNPs
0.79903,All SNPs
0.60316,All SNPs
0.94356,All SNPs
0.94356,All SNPs
1.0719,All SNPs
4.3939,All SNPs
4.3939,All SNPs
4.3939,All SNPs
4.3939,All SNPs
4.3939,All SNPs
4.3939,All SNPs
4.3939,All SNPs
4.3939,All SNPs
4.3939,All SNPs
4.3939,All SNPs
4.3939,All SNPs
4.3939,All SNPs
4.3939,All SNPs
4.3939,All SNPs
8.3222,All SNPs
8.3222,All SNPs
8.3222,All SNPs
1.1293,All SNPs
0.33473,All SNPs
0.33473,All SNPs
0.33473,All SNPs
0.33473,All SNPs
0.33473,All SNPs
0.33473,All SNPs
0.33473,All SNPs
0.33473,All SNPs
0.33473,All SNPs
0.33473,All SNPs
0.33473,All SNPs
0.33473,All SNPs
0.33473,All SNPs
0.33473,All SNPs
0.33473,All SNPs
0.33473,All SNPs
0.33473,All SNPs
0.33473,All SNPs
0.33473,All SNPs
0.33473,All SNPs
0.33473,All SNPs
0.33473,All SNPs
0.33473,All SNPs
0.33473,All SNPs
0.33473,All SNPs
0.33473,All SNPs
0.33473,All SNPs
0.33473,All SNPs
0.33473,All SNPs
0.33473,All SNPs
0.33473,All SNPs
0.33473,All SNPs
0.33473,All SNPs
0.33473,All SNPs
0.33473,All SNPs
0.33473,All SNPs
0.33473,All SNPs
0.33473,All SNPs
0.33473,All SNPs
0.33473,All SNPs
0.33473,All SNPs
0.33473,All SNPs
0.33473,All SNPs
0.33473,All SNPs
3.4784,All SNPs
1.3113,All SNPs
5.8616,All SNPs
5.8616,All SNPs
0.46387,All SNPs
0.46387,All SNPs
0.46387,All SNPs
0.46387,All SNPs
0.46387,All SNPs
0.46387,All SNPs
3.6193,All SNPs
3.6193,All SNPs
4.2632,All SNPs
4.2632,All SNPs
4.2632,All SNPs
4.2632,All SNPs
4.2632,All SNPs
4.2632,All SNPs
4.2632,All SNPs
4.2632,All SNPs
4.2632,All SNPs
4.2632,All SNPs
4.2632,All SNPs
0.98983,All SNPs
0.98983,All SNPs
0.50564,All SNPs
4.4878,All SNPs
4.4878,All SNPs
4.4878,All SNPs
4.4878,All SNPs
3.6437,All SNPs
4.1859,All SNPs
4.1859,All SNPs
4.1859,All SNPs
4.1859,All SNPs
4.1859,All SNPs
6.7588,All SNPs
6.7588,All SNPs
6.7588,All SNPs
6.7588,All SNPs
6.7588,All SNPs
3.7321,All SNPs
0.42142,All SNPs
0.8184,All SNPs
0.8184,All SNPs
0.8184,All SNPs
0.8184,All SNPs
0.8184,All SNPs
0.8184,All SNPs
0.8184,All SNPs
0.8184,All SNPs
0.70201,All SNPs
0.70201,All SNPs
0.70201,All SNPs
0.70201,All SNPs
0.70201,All SNPs
0.70201,All SNPs
0.91387,All SNPs
3.4316,All SNPs
3.4316,All SNPs
3.4316,All SNPs
3.4316,All SNPs
3.4316,All SNPs
3.4316,All SNPs
3.4316,All SNPs
3.4316,All SNPs
3.4316,All SNPs
3.4316,All SNPs
3.4316,All SNPs
3.4316,All SNPs
3.4316,All SNPs
3.4316,All SNPs
3.4316,All SNPs
3.4316,All SNPs
3.4316,All SNPs
3.4316,All SNPs
3.4316,All SNPs
3.4316,All SNPs
3.4316,All SNPs
3.4316,All SNPs
3.4316,All SNPs
3.4316,All SNPs
3.4316,All SNPs
3.4316,All SNPs
3.4316,All SNPs
3.4316,All SNPs
3.4316,All SNPs
3.4316,All SNPs
3.4316,All SNPs
3.4316,All SNPs
3.4316,All SNPs
3.4316,All SNPs
3.4316,All SNPs
3.4316,All SNPs
3.4316,All SNPs
3.4316,All SNPs
3.4316,All SNPs
3.4316,All SNPs
3.4316,All SNPs
3.4316,All SNPs
3.4316,All SNPs
3.4316,All SNPs
3.4316,All SNPs
3.4316,All SNPs
3.4316,All SNPs
3.4316,All SNPs
3.4316,All SNPs
3.4316,All SNPs
3.4316,All SNPs
3.4316,All SNPs
3.4316,All SNPs
3.4316,All SNPs
3.4316,All SNPs
3.4316,All SNPs
3.4316,All SNPs
3.4316,All SNPs
3.4316,All SNPs
3.4316,All SNPs
3.4316,All SNPs
3.4316,All SNPs
3.4316,All SNPs
3.4316,All SNPs
3.4316,All SNPs
3.4316,All SNPs
3.4316,All SNPs
3.4316,All SNPs
3.6247,All SNPs
3.6247,All SNPs
3.6247,All SNPs
3.6247,All SNPs
3.6247,All SNPs
3.6247,All SNPs
3.6247,All SNPs
5.5555,All SNPs
5.5555,All SNPs
5.5555,All SNPs
1.076,All SNPs
3.8013,All SNPs
4.0005,All SNPs
4.0005,All SNPs
4.0005,All SNPs
4.0005,All SNPs
4.0005,All SNPs
4.0005,All SNPs
4.0005,All SNPs
4.0005,All SNPs
4.0005,All SNPs
4.0005,All SNPs
4.0005,All SNPs
0.72778,All SNPs
0.92212,All SNPs
0.92212,All SNPs
0.92212,All SNPs
0.92212,All SNPs
0.92212,All SNPs
0.92212,All SNPs
0.92212,All SNPs
0.92212,All SNPs
0.92212,All SNPs
0.92212,All SNPs
0.92212,All SNPs
0.92212,All SNPs
0.92212,All SNPs
0.92212,All SNPs
3.6238,All SNPs
3.6238,All SNPs
3.6238,All SNPs
3.6238,All SNPs
3.6238,All SNPs
3.6238,All SNPs
3.6238,All SNPs
3.6238,All SNPs
3.6238,All SNPs
3.6238,All SNPs
3.6238,All SNPs
3.6238,All SNPs
3.6238,All SNPs
3.6238,All SNPs
3.6238,All SNPs
3.6046,All SNPs
3.8341,All SNPs
1.3372,All SNPs
1.3372,All SNPs
1.3372,All SNPs
0.32485,All SNPs
1.1201,All SNPs
0.95666,All SNPs
0.95666,All SNPs
3.4894,All SNPs
5.8205,All SNPs
3.6894,All SNPs
3.6894,All SNPs
3.6894,All SNPs
3.6894,All SNPs
5.6535,All SNPs
5.6535,All SNPs
5.6535,All SNPs
3.952,All SNPs
3.952,All SNPs
3.952,All SNPs
3.952,All SNPs
3.952,All SNPs
3.952,All SNPs
3.952,All SNPs
1.2752,All SNPs
5.8673,All SNPs
5.8673,All SNPs
5.8673,All SNPs
0.93561,All SNPs
0.93561,All SNPs
0.93561,All SNPs
0.93561,All SNPs
0.93561,All SNPs
0.93561,All SNPs
4.3601,All SNPs
4.3601,All SNPs
4.3601,All SNPs
4.3601,All SNPs
4.3601,All SNPs
4.3601,All SNPs
4.3601,All SNPs
3.4852,All SNPs
3.4852,All SNPs
3.4852,All SNPs
3.4852,All SNPs
3.4852,All SNPs
3.4852,All SNPs
3.4852,All SNPs
3.4852,All SNPs
3.4852,All SNPs
3.4852,All SNPs
3.4852,All SNPs
3.4852,All SNPs
3.4852,All SNPs
3.4852,All SNPs
3.4852,All SNPs
3.4852,All SNPs
3.4852,All SNPs
3.4852,All SNPs
3.4852,All SNPs
3.4852,All SNPs
3.4852,All SNPs
3.4852,All SNPs
3.4852,All SNPs
3.4852,All SNPs
3.4852,All SNPs
3.4852,All SNPs
3.4852,All SNPs
3.4852,All SNPs
3.4852,All SNPs
3.4852,All SNPs
3.4852,All SNPs
3.4852,All SNPs
3.4852,All SNPs
3.4852,All SNPs
3.4852,All SNPs
3.4852,All SNPs
3.4852,All SNPs
3.4852,All SNPs
3.4852,All SNPs
3.4852,All SNPs
3.4852,All SNPs
3.4852,All SNPs
3.4852,All SNPs
3.4852,All SNPs
3.4852,All SNPs
3.4852,All SNPs
3.4852,All SNPs
3.4852,All SNPs
3.4852,All SNPs
3.4852,All SNPs
3.4852,All SNPs
3.4852,All SNPs
3.4852,All SNPs
3.4852,All SNPs
3.4852,All SNPs
3.4852,All SNPs
3.4852,All SNPs
3.4852,All SNPs
3.4852,All SNPs
3.4852,All SNPs
3.4852,All SNPs
3.4852,All SNPs
3.4852,All SNPs
3.4852,All SNPs
3.4852,All SNPs
6.4839,All SNPs
6.4839,All SNPs
4.8561,All SNPs
4.8561,All SNPs
4.8561,All SNPs
4.8561,All SNPs
4.1712,All SNPs
1.1522,All SNPs
4.7297,All SNPs
3.445,All SNPs
0.43194,All SNPs
0.43194,All SNPs
6.1188,All SNPs
0.23575,All SNPs
0.23575,All SNPs
0.23575,All SNPs
0.23575,All SNPs
0.23575,All SNPs
0.23575,All SNPs
0.23575,All SNPs
0.23575,All SNPs
0.23575,All SNPs
0.23575,All SNPs
0.23575,All SNPs
0.23575,All SNPs
0.23575,All SNPs
0.23575,All SNPs
0.23575,All SNPs
0.23575,All SNPs
0.23575,All SNPs
0.23575,All SNPs
0.23575,All SNPs
0.23575,All SNPs
0.23575,All SNPs
0.23575,All SNPs
0.23575,All SNPs
0.23575,All SNPs
0.23575,All SNPs
0.23575,All SNPs
0.23575,All SNPs
0.23575,All SNPs
0.23575,All SNPs
0.23575,All SNPs
1.2721,All SNPs
1.2721,All SNPs
1.2721,All SNPs
1.2721,All SNPs
1.2721,All SNPs
1.2721,All SNPs
3.7089,All SNPs
5.001,All SNPs
5.001,All SNPs
1.107,All SNPs
1.107,All SNPs
1.107,All SNPs
5.9512,All SNPs
1.3489,All SNPs
1.3489,All SNPs
4.7107,All SNPs
4.7107,All SNPs
4.7107,All SNPs
4.7107,All SNPs
4.7107,All SNPs
4.7107,All SNPs
4.7107,All SNPs
4.7107,All SNPs
4.7107,All SNPs
4.7107,All SNPs
4.7107,All SNPs
4.7107,All SNPs
4.7107,All SNPs
4.7107,All SNPs
4.7107,All SNPs
0.94324,All SNPs
0.94324,All SNPs
0.94324,All SNPs
0.94324,All SNPs
0.94324,All SNPs
3.5322,All SNPs
3.5322,All SNPs
3.5322,All SNPs
5.1765,All SNPs
5.1765,All SNPs
0.93309,All SNPs
0.93309,All SNPs
0.93309,All SNPs
1.302,All SNPs
7.1808,All SNPs
0.4233,All SNPs
0.4233,All SNPs
0.4233,All SNPs
0.4233,All SNPs
0.99501,All SNPs
0.99501,All SNPs
0.99501,All SNPs
0.99501,All SNPs
0.99501,All SNPs
0.99501,All SNPs
0.99501,All SNPs
0.99501,All SNPs
6.1166,All SNPs
6.1166,All SNPs
6.1166,All SNPs
6.1166,All SNPs
6.1166,All SNPs
6.1166,All SNPs
6.1166,All SNPs
6.1166,All SNPs
1.2603,All SNPs
1.2603,All SNPs
1.2603,All SNPs
1.2603,All SNPs
1.2603,All SNPs
1.2603,All SNPs
0.88245,All SNPs
0.83587,All SNPs
0.83587,All SNPs
0.83587,All SNPs
0.83587,All SNPs
0.83587,All SNPs
0.83587,All SNPs
0.83587,All SNPs
0.83587,All SNPs
0.83587,All SNPs
0.83587,All SNPs
0.83587,All SNPs
1.2639,All SNPs
1.2639,All SNPs
4.9867,All SNPs
4.9867,All SNPs
0.27804,All SNPs
0.27804,All SNPs
3.8591,All SNPs
3.8591,All SNPs
3.8591,All SNPs
3.8591,All SNPs
3.8591,All SNPs
3.8591,All SNPs
3.8591,All SNPs
3.8591,All SNPs
3.8591,All SNPs
3.8591,All SNPs
3.8591,All SNPs
3.8591,All SNPs
3.8591,All SNPs
3.8591,All SNPs
3.8591,All SNPs
3.8591,All SNPs
3.8591,All SNPs
3.8591,All SNPs
3.8591,All SNPs
3.8591,All SNPs
3.8591,All SNPs
3.8591,All SNPs
3.8591,All SNPs
3.8591,All SNPs
3.8591,All SNPs
3.8591,All SNPs
3.8591,All SNPs
3.8591,All SNPs
3.8591,All SNPs
3.8591,All SNPs
3.8591,All SNPs
3.8591,All SNPs
7.4419,All SNPs
3.8454,All SNPs
3.7827,All SNPs
0.98762,All SNPs
0.98762,All SNPs
0.98762,All SNPs
0.98762,All SNPs
5.4766,All SNPs
5.4766,All SNPs
5.4766,All SNPs
0.90241,All SNPs
0.90241,All SNPs
1.3264,All SNPs
1.3264,All SNPs
1.3264,All SNPs
4.0251,All SNPs
4.0251,All SNPs
4.0251,All SNPs
4.0251,All SNPs
4.0251,All SNPs
0.62617,All SNPs
0.11655,All SNPs
1.0208,All SNPs
0.66514,All SNPs
0.036897,All SNPs
1.2515,All SNPs
1.2515,All SNPs
1.2515,All SNPs
1.2515,All SNPs
1.2515,All SNPs
1.2515,All SNPs
6.0664,All SNPs
6.0664,All SNPs
6.0664,All SNPs
6.0664,All SNPs
6.0664,All SNPs
6.0664,All SNPs
6.0664,All SNPs
6.0664,All SNPs
6.0664,All SNPs
6.0664,All SNPs
6.0664,All SNPs
6.0664,All SNPs
6.0664,All SNPs
6.0664,All SNPs
6.0664,All SNPs
6.0664,All SNPs
6.0664,All SNPs
1.0547,All SNPs
5.3924,All SNPs
3.5846,All SNPs
0.21595,All SNPs
0.21595,All SNPs
0.21595,All SNPs
0.21595,All SNPs
3.8289,All SNPs
4.3386,All SNPs
4.3386,All SNPs
4.3386,All SNPs
4.3386,All SNPs
1.2239,All SNPs
1.2239,All SNPs
1.1979,All SNPs
3.9687,All SNPs
1.285,All SNPs
0.71548,All SNPs
0.71548,All SNPs
0.71548,All SNPs
0.71548,All SNPs
0.71548,All SNPs
0.71548,All SNPs
1.2664,All SNPs
1.2664,All SNPs
1.2664,All SNPs
3.7033,All SNPs
0.54295,All SNPs
0.54295,All SNPs
0.54295,All SNPs
0.54295,All SNPs
0.54295,All SNPs
0.54295,All SNPs
3.5677,All SNPs
3.5677,All SNPs
3.5677,All SNPs
3.5677,All SNPs
3.5677,All SNPs
3.5677,All SNPs
3.5677,All SNPs
3.5677,All SNPs
3.5677,All SNPs
3.5677,All SNPs
3.5677,All SNPs
3.5677,All SNPs
3.5677,All SNPs
3.5677,All SNPs
3.5677,All SNPs
3.5677,All SNPs
3.5677,All SNPs
3.5677,All SNPs
3.5677,All SNPs
3.5677,All SNPs
3.5677,All SNPs
3.5677,All SNPs
3.5677,All SNPs
3.5677,All SNPs
3.5677,All SNPs
3.5677,All SNPs
3.5677,All SNPs
3.5677,All SNPs
3.5677,All SNPs
3.5677,All SNPs
3.5677,All SNPs
3.5677,All SNPs
3.5677,All SNPs
0.89881,All SNPs
0.89881,All SNPs
1.2544,All SNPs
1.2544,All SNPs
4.9128,All SNPs
4.9128,All SNPs
4.9128,All SNPs
4.9128,All SNPs
3.4256,All SNPs
3.5955,All SNPs
3.5955,All SNPs
3.5955,All SNPs
3.5955,All SNPs
3.5955,All SNPs
3.5955,All SNPs
4.1288,All SNPs
4.1288,All SNPs
4.1288,All SNPs
0.2609,All SNPs
0.2609,All SNPs
0.2609,All SNPs
1.0211,All SNPs
1.0211,All SNPs
1.0211,All SNPs
1.0211,All SNPs
1.0211,All SNPs
1.0211,All SNPs
1.0211,All SNPs
1.0211,All SNPs
1.0211,All SNPs
1.0211,All SNPs
1.0211,All SNPs
1.0211,All SNPs
1.0211,All SNPs
1.0211,All SNPs
1.0211,All SNPs
1.0211,All SNPs
1.0211,All SNPs
1.0211,All SNPs
1.0211,All SNPs
1.0211,All SNPs
1.0211,All SNPs
1.0211,All SNPs
1.0211,All SNPs
1.0211,All SNPs
0.23473,All SNPs
5.1577,All SNPs
5.0928,All SNPs
0.68335,All SNPs
0.68335,All SNPs
0.68335,All SNPs
0.68335,All SNPs
0.68335,All SNPs
0.68335,All SNPs
0.68335,All SNPs
0.68335,All SNPs
0.68335,All SNPs
0.68335,All SNPs
0.68335,All SNPs
0.68335,All SNPs
0.68335,All SNPs
0.68335,All SNPs
0.68335,All SNPs
0.68335,All SNPs
0.68335,All SNPs
0.68335,All SNPs
0.68335,All SNPs
0.68335,All SNPs
0.68335,All SNPs
0.68335,All SNPs
0.68335,All SNPs
0.68335,All SNPs
0.68335,All SNPs
0.68335,All SNPs
0.68335,All SNPs
0.68335,All SNPs
0.68335,All SNPs
0.68335,All SNPs
0.68335,All SNPs
9.7903,All SNPs
9.7903,All SNPs
9.7903,All SNPs
9.7903,All SNPs
9.7903,All SNPs
9.7903,All SNPs
9.7903,All SNPs
9.7903,All SNPs
9.7903,All SNPs
9.7903,All SNPs
9.7903,All SNPs
0.81849,All SNPs
0.81849,All SNPs
0.81849,All SNPs
0.81849,All SNPs
0.81849,All SNPs
0.81849,All SNPs
0.81849,All SNPs
0.81849,All SNPs
0.81849,All SNPs
0.81849,All SNPs
0.81849,All SNPs
0.81849,All SNPs
0.81849,All SNPs
0.81849,All SNPs
0.81849,All SNPs
0.81849,All SNPs
0.81849,All SNPs
0.81849,All SNPs
0.81849,All SNPs
0.81849,All SNPs
0.81849,All SNPs
0.81849,All SNPs
0.81849,All SNPs
0.81849,All SNPs
0.81849,All SNPs
0.81849,All SNPs
0.81849,All SNPs
0.81849,All SNPs
0.81849,All SNPs
0.81849,All SNPs
0.81849,All SNPs
0.81849,All SNPs
0.81849,All SNPs
0.81849,All SNPs
0.81849,All SNPs
0.71667,All SNPs
0.71667,All SNPs
0.71667,All SNPs
0.71667,All SNPs
0.71667,All SNPs
0.71667,All SNPs
1.3468,All SNPs
1.3468,All SNPs
1.3468,All SNPs
1.1522,All SNPs
1.1522,All SNPs
1.02,All SNPs
1.02,All SNPs
1.02,All SNPs
1.02,All SNPs
4.2399,All SNPs
4.2399,All SNPs
4.2399,All SNPs
1.1306,All SNPs
1.1306,All SNPs
0.53863,All SNPs
0.53863,All SNPs
3.844,All SNPs
7.2258,All SNPs
7.2258,All SNPs
7.2258,All SNPs
7.2258,All SNPs
7.2258,All SNPs
7.2258,All SNPs
0.33003,All SNPs
0.33003,All SNPs
0.33003,All SNPs
0.33003,All SNPs
0.33003,All SNPs
0.33003,All SNPs
0.33003,All SNPs
4.4834,All SNPs
4.4834,All SNPs
4.4834,All SNPs
4.4834,All SNPs
4.4834,All SNPs
4.4834,All SNPs
4.4834,All SNPs
4.4834,All SNPs
4.4834,All SNPs
4.4834,All SNPs
4.4834,All SNPs
4.4834,All SNPs
4.4834,All SNPs
4.4834,All SNPs
4.4834,All SNPs
4.4834,All SNPs
4.4834,All SNPs
4.4834,All SNPs
4.4834,All SNPs
4.4834,All SNPs
4.4834,All SNPs
4.4834,All SNPs
4.4834,All SNPs
4.4834,All SNPs
4.4834,All SNPs
4.4834,All SNPs
4.4834,All SNPs
4.4834,All SNPs
4.4834,All SNPs
4.4834,All SNPs
4.4834,All SNPs
4.4834,All SNPs
4.4834,All SNPs
4.4834,All SNPs
4.4834,All SNPs
4.4834,All SNPs
4.4834,All SNPs
4.4834,All SNPs
4.4834,All SNPs
4.4834,All SNPs
4.4834,All SNPs
4.4834,All SNPs
4.4834,All SNPs
4.4834,All SNPs
4.4834,All SNPs
4.4834,All SNPs
4.4834,All SNPs
4.4834,All SNPs
4.4834,All SNPs
4.4834,All SNPs
4.4834,All SNPs
4.4834,All SNPs
4.4834,All SNPs
4.4834,All SNPs
4.4834,All SNPs
4.4834,All SNPs
4.4834,All SNPs
4.4834,All SNPs
4.4834,All SNPs
5.3106,All SNPs
5.3106,All SNPs
5.3106,All SNPs
5.3106,All SNPs
5.3106,All SNPs
0.52627,All SNPs
0.52627,All SNPs
0.52627,All SNPs
0.52627,All SNPs
4.4437,All SNPs
4.6083,All SNPs
0.67351,All SNPs
0.67351,All SNPs
0.67351,All SNPs
0.67351,All SNPs
0.67351,All SNPs
0.67351,All SNPs
0.67351,All SNPs
0.67351,All SNPs
0.67351,All SNPs
0.67351,All SNPs
0.67351,All SNPs
0.67351,All SNPs
0.67351,All SNPs
0.67351,All SNPs
0.67351,All SNPs
0.67351,All SNPs
0.67351,All SNPs
0.67351,All SNPs
0.67351,All SNPs
0.67351,All SNPs
0.67351,All SNPs
0.67351,All SNPs
0.67351,All SNPs
0.67351,All SNPs
0.67351,All SNPs
0.67351,All SNPs
0.67351,All SNPs
0.67351,All SNPs
0.67351,All SNPs
0.67351,All SNPs
0.67351,All SNPs
0.67351,All SNPs
0.67351,All SNPs
0.67351,All SNPs
0.67351,All SNPs
0.67351,All SNPs
0.67351,All SNPs
0.67351,All SNPs
0.67351,All SNPs
0.67351,All SNPs
0.67351,All SNPs
0.67351,All SNPs
0.67351,All SNPs
0.67351,All SNPs
0.67351,All SNPs
0.67351,All SNPs
0.17596,All SNPs
0.17596,All SNPs
0.17596,All SNPs
0.17596,All SNPs
0.17596,All SNPs
0.17596,All SNPs
0.17596,All SNPs
1.0462,All SNPs
0.86754,All SNPs
0.86754,All SNPs
0.86754,All SNPs
4.798,All SNPs
4.798,All SNPs
4.798,All SNPs
4.798,All SNPs
4.798,All SNPs
4.798,All SNPs
4.798,All SNPs
4.798,All SNPs
4.798,All SNPs
4.798,All SNPs
4.798,All SNPs
4.798,All SNPs
4.798,All SNPs
4.798,All SNPs
4.798,All SNPs
4.798,All SNPs
4.798,All SNPs
4.798,All SNPs
4.798,All SNPs
4.798,All SNPs
4.798,All SNPs
4.798,All SNPs
4.798,All SNPs
4.798,All SNPs
4.798,All SNPs
4.798,All SNPs
4.798,All SNPs
4.798,All SNPs
4.798,All SNPs
4.798,All SNPs
4.798,All SNPs
4.798,All SNPs
4.798,All SNPs
4.798,All SNPs
4.798,All SNPs
4.2662,All SNPs
5.4141,All SNPs
0.37361,All SNPs
0.37361,All SNPs
0.37361,All SNPs
0.37361,All SNPs
0.46685,All SNPs
0.74302,All SNPs
0.74302,All SNPs
0.74302,All SNPs
0.74302,All SNPs
0.74302,All SNPs
0.74302,All SNPs
0.74302,All SNPs
0.74302,All SNPs
4.1399,All SNPs
4.1399,All SNPs
4.1399,All SNPs
0.77119,All SNPs
0.77119,All SNPs
0.77119,All SNPs
0.77119,All SNPs
0.77119,All SNPs
0.77119,All SNPs
0.77119,All SNPs
0.77119,All SNPs
0.77119,All SNPs
0.77119,All SNPs
0.77119,All SNPs
0.77119,All SNPs
0.77119,All SNPs
0.73591,All SNPs
5.6694,All SNPs
5.6694,All SNPs
5.6694,All SNPs
5.6694,All SNPs
1.0398,All SNPs
1.0398,All SNPs
1.0398,All SNPs
3.6533,All SNPs
3.6533,All SNPs
7.9211,All SNPs
1.1941,All SNPs
1.1941,All SNPs
1.1941,All SNPs
1.1941,All SNPs
0.29623,All SNPs
0.29623,All SNPs
0.29623,All SNPs
0.29623,All SNPs
0.29623,All SNPs
0.29623,All SNPs
0.29623,All SNPs
0.29623,All SNPs
0.29623,All SNPs
0.29623,All SNPs
0.29623,All SNPs
0.29623,All SNPs
0.29623,All SNPs
0.29623,All SNPs
0.29623,All SNPs
0.29623,All SNPs
0.29623,All SNPs
0.29623,All SNPs
0.29623,All SNPs
0.29623,All SNPs
0.29623,All SNPs
0.29623,All SNPs
0.29623,All SNPs
0.29623,All SNPs
0.29623,All SNPs
0.29623,All SNPs
0.29623,All SNPs
0.29623,All SNPs
0.29623,All SNPs
0.29623,All SNPs
0.29623,All SNPs
0.29623,All SNPs
0.29623,All SNPs
0.29623,All SNPs
0.29623,All SNPs
0.29623,All SNPs
0.29623,All SNPs
0.29623,All SNPs
0.29623,All SNPs
0.29623,All SNPs
0.29623,All SNPs
0.29623,All SNPs
0.29623,All SNPs
0.29623,All SNPs
0.29623,All SNPs
0.29623,All SNPs
0.29623,All SNPs
0.29623,All SNPs
0.29623,All SNPs
0.29623,All SNPs
0.29623,All SNPs
0.29623,All SNPs
0.29623,All SNPs
0.29623,All SNPs
0.29623,All SNPs
0.29623,All SNPs
0.29623,All SNPs
0.29623,All SNPs
0.29623,All SNPs
0.29623,All SNPs
0.29623,All SNPs
0.29623,All SNPs
0.29623,All SNPs
0.29623,All SNPs
0.29623,All SNPs
0.29623,All SNPs
0.29623,All SNPs
3.5754,All SNPs
3.5754,All SNPs
3.5754,All SNPs
3.5754,All SNPs
3.5754,All SNPs
3.5754,All SNPs
0.354,All SNPs
0.11321,All SNPs
0.11321,All SNPs
0.11321,All SNPs
1.1039,All SNPs
1.1039,All SNPs
1.1039,All SNPs
1.1039,All SNPs
1.1039,All SNPs
1.1039,All SNPs
3.5011,All SNPs
3.5011,All SNPs
3.5011,All SNPs
3.5011,All SNPs
5.8853,All SNPs
5.8853,All SNPs
5.8853,All SNPs
5.8853,All SNPs
5.8853,All SNPs
5.8853,All SNPs
5.8853,All SNPs
5.8853,All SNPs
5.8853,All SNPs
5.8853,All SNPs
5.8853,All SNPs
5.8853,All SNPs
5.8853,All SNPs
5.8853,All SNPs
5.8853,All SNPs
5.8853,All SNPs
5.8853,All SNPs
5.8853,All SNPs
5.8853,All SNPs
5.8853,All SNPs
5.8853,All SNPs
5.8853,All SNPs
5.8853,All SNPs
5.8853,All SNPs
5.8853,All SNPs
5.8853,All SNPs
5.8853,All SNPs
5.8853,All SNPs
5.8853,All SNPs
5.8853,All SNPs
5.8853,All SNPs
5.8853,All SNPs
5.8853,All SNPs
5.8853,All SNPs
5.8853,All SNPs
5.8853,All SNPs
5.8853,All SNPs
5.8853,All SNPs
1.3299,All SNPs
1.3299,All SNPs
4.374,All SNPs
4.3014,All SNPs
4.3014,All SNPs
4.3014,All SNPs
4.3014,All SNPs
4.3014,All SNPs
3.4705,All SNPs
3.4705,All SNPs
3.4705,All SNPs
3.5722,All SNPs
0.5628,All SNPs
0.5628,All SNPs
0.5628,All SNPs
0.5628,All SNPs
0.5628,All SNPs
0.5628,All SNPs
0.5628,All SNPs
0.5628,All SNPs
5.1221,All SNPs
5.1221,All SNPs
5.1221,All SNPs
5.1221,All SNPs
5.1221,All SNPs
5.1221,All SNPs
5.1221,All SNPs
5.1221,All SNPs
5.1221,All SNPs
5.1221,All SNPs
5.1221,All SNPs
1.0824,All SNPs
3.6488,All SNPs
6.9562,All SNPs
6.9562,All SNPs
6.9562,All SNPs
6.9562,All SNPs
6.9562,All SNPs
6.9562,All SNPs
6.9562,All SNPs
6.9562,All SNPs
6.9562,All SNPs
6.9562,All SNPs
6.9562,All SNPs
7.6151,All SNPs
7.6151,All SNPs
7.6151,All SNPs
7.6151,All SNPs
7.6151,All SNPs
7.6151,All SNPs
7.6151,All SNPs
0.5571,All SNPs
0.5571,All SNPs
0.5571,All SNPs
0.5571,All SNPs
0.5571,All SNPs
4.6751,All SNPs
4.6751,All SNPs
4.6751,All SNPs
4.6751,All SNPs
4.6751,All SNPs
4.6751,All SNPs
4.6751,All SNPs
4.6751,All SNPs
4.6751,All SNPs
3.8123,All SNPs
1.0367,All SNPs
1.0367,All SNPs
1.0367,All SNPs
1.0367,All SNPs
1.0367,All SNPs
3.3692,All SNPs
3.3692,All SNPs
3.3692,All SNPs
3.3692,All SNPs
3.3692,All SNPs
3.3692,All SNPs
4.2603,All SNPs
4.2603,All SNPs
0.77085,All SNPs
0.77085,All SNPs
0.77085,All SNPs
0.77085,All SNPs
0.77085,All SNPs
0.77085,All SNPs
0.77085,All SNPs
0.77085,All SNPs
0.77085,All SNPs
0.77085,All SNPs
0.77085,All SNPs
0.77085,All SNPs
0.77085,All SNPs
4.7892,All SNPs
4.7892,All SNPs
7.1143,All SNPs
7.1143,All SNPs
7.1143,All SNPs
7.1143,All SNPs
1.0915,All SNPs
1.0915,All SNPs
0.93349,All SNPs
3.5618,All SNPs
3.5618,All SNPs
0.18134,All SNPs
5.0997,All SNPs
5.8167,All SNPs
5.8167,All SNPs
5.8167,All SNPs
5.8167,All SNPs
4.7343,All SNPs
4.7343,All SNPs
7.9482,All SNPs
7.9482,All SNPs
1.3448,All SNPs
1.0298,All SNPs
1.0298,All SNPs
5.6243,All SNPs
5.6243,All SNPs
5.6243,All SNPs
5.6243,All SNPs
5.6243,All SNPs
5.6243,All SNPs
5.6243,All SNPs
5.6243,All SNPs
5.6243,All SNPs
5.6243,All SNPs
5.6243,All SNPs
5.6243,All SNPs
1.0666,All SNPs
1.0666,All SNPs
1.0666,All SNPs
3.799,All SNPs
0.86625,All SNPs
0.86625,All SNPs
0.86625,All SNPs
0.86625,All SNPs
0.86625,All SNPs
0.86625,All SNPs
0.86625,All SNPs
0.86625,All SNPs
6.1821,All SNPs
6.1821,All SNPs
4.1062,All SNPs
4.1062,All SNPs
4.1062,All SNPs
0.0057718,All SNPs
0.0057718,All SNPs
0.0057718,All SNPs
1.0878,All SNPs
1.0878,All SNPs
1.0878,All SNPs
1.0878,All SNPs
1.0878,All SNPs
1.0878,All SNPs
1.0878,All SNPs
1.2752,All SNPs
7.1715,All SNPs
0.5661,All SNPs
0.5661,All SNPs
0.5661,All SNPs
0.5661,All SNPs
0.5661,All SNPs
0.5661,All SNPs
0.5661,All SNPs
0.5661,All SNPs
1.3008,All SNPs
1.3008,All SNPs
1.3008,All SNPs
1.3008,All SNPs
0.36859,All SNPs
0.74996,All SNPs
8.3959,All SNPs
0.77982,All SNPs
0.77982,All SNPs
3.5429,All SNPs
3.5429,All SNPs
3.5429,All SNPs
3.5429,All SNPs
3.5429,All SNPs
3.5429,All SNPs
3.5429,All SNPs
3.5429,All SNPs
3.5429,All SNPs
3.5429,All SNPs
3.4432,All SNPs
0.78644,All SNPs
0.78644,All SNPs
0.78644,All SNPs
4.111,All SNPs
0.40749,All SNPs
3.6368,All SNPs
7.7353,All SNPs
0.89436,All SNPs
0.89436,All SNPs
0.89436,All SNPs
0.89436,All SNPs
0.89436,All SNPs
0.89436,All SNPs
0.89436,All SNPs
0.89436,All SNPs
0.89436,All SNPs
0.89436,All SNPs
0.89436,All SNPs
6.0053,All SNPs
4.0057,All SNPs
4.0057,All SNPs
4.0057,All SNPs
4.0057,All SNPs
4.0057,All SNPs
4.0057,All SNPs
4.0057,All SNPs
4.0057,All SNPs
1.2224,All SNPs
3.8406,All SNPs
3.8406,All SNPs
3.8406,All SNPs
3.8406,All SNPs
4.0256,All SNPs
4.0256,All SNPs
0.89711,All SNPs
0.89711,All SNPs
4.5602,All SNPs
0.43185,All SNPs
1.2106,All SNPs
1.2106,All SNPs
1.2106,All SNPs
1.2106,All SNPs
1.2106,All SNPs
1.2106,All SNPs
0.34746,All SNPs
1.0756,All SNPs
1.0756,All SNPs
1.0756,All SNPs
8.1169,All SNPs
8.1169,All SNPs
8.1169,All SNPs
8.1169,All SNPs
8.1169,All SNPs
8.1169,All SNPs
4.7472,All SNPs
4.8616,All SNPs
3.9502,All SNPs
3.9502,All SNPs
3.9502,All SNPs
0.14103,All SNPs
0.14103,All SNPs
0.14103,All SNPs
0.14103,All SNPs
0.14103,All SNPs
0.14103,All SNPs
5.4996,All SNPs
4.3613,All SNPs
4.3613,All SNPs
4.3613,All SNPs
4.3613,All SNPs
4.1724,All SNPs
4.1724,All SNPs
4.1724,All SNPs
0.10735,All SNPs
4.1038,All SNPs
4.1038,All SNPs
1.2261,All SNPs
1.2261,All SNPs
1.2261,All SNPs
0.8605,All SNPs
0.8605,All SNPs
0.8605,All SNPs
0.8605,All SNPs
0.8605,All SNPs
0.73311,All SNPs
0.73311,All SNPs
0.73311,All SNPs
0.73311,All SNPs
0.73311,All SNPs
0.73311,All SNPs
0.73311,All SNPs
0.49329,All SNPs
0.49329,All SNPs
0.49329,All SNPs
5.0527,All SNPs
6.6096,All SNPs
6.6096,All SNPs
5.4007,All SNPs
5.4007,All SNPs
0.98186,All SNPs
0.98186,All SNPs
4.8905,All SNPs
4.8905,All SNPs
4.8905,All SNPs
0.19539,All SNPs
4.6972,All SNPs
4.6972,All SNPs
4.6972,All SNPs
4.6972,All SNPs
4.6972,All SNPs
4.6972,All SNPs
4.6972,All SNPs
4.6972,All SNPs
4.6972,All SNPs
4.6972,All SNPs
4.6972,All SNPs
6.2094,All SNPs
6.2094,All SNPs
6.2094,All SNPs
6.2094,All SNPs
6.2094,All SNPs
6.2094,All SNPs
6.2094,All SNPs
6.2094,All SNPs
6.2094,All SNPs
0.011779,All SNPs
0.011779,All SNPs
0.011779,All SNPs
0.011779,All SNPs
0.011779,All SNPs
0.011779,All SNPs
0.011779,All SNPs
0.011779,All SNPs
0.011779,All SNPs
0.011779,All SNPs
7.4976,All SNPs
7.4976,All SNPs
4.1653,All SNPs
5.7822,All SNPs
0.40753,All SNPs
0.60956,All SNPs
3.4679,All SNPs
3.4679,All SNPs
3.4679,All SNPs
0.96398,All SNPs
0.96398,All SNPs
0.96398,All SNPs
0.96398,All SNPs
0.96398,All SNPs
0.96398,All SNPs
0.96398,All SNPs
4.4807,All SNPs
4.4807,All SNPs
4.4807,All SNPs
4.4807,All SNPs
4.4807,All SNPs
4.4807,All SNPs
4.4807,All SNPs
4.4807,All SNPs
4.4807,All SNPs
0.7506,All SNPs
5.9682,All SNPs
7.6134,All SNPs
7.6134,All SNPs
7.6134,All SNPs
7.6134,All SNPs
7.6134,All SNPs
7.6134,All SNPs
7.6134,All SNPs
7.6134,All SNPs
7.6134,All SNPs
7.6134,All SNPs
4.6032,All SNPs
4.6032,All SNPs
4.6032,All SNPs
4.6032,All SNPs
5.1609,All SNPs
5.1609,All SNPs
5.1609,All SNPs
5.1609,All SNPs
5.1609,All SNPs
5.1609,All SNPs
5.1609,All SNPs
5.1609,All SNPs
5.1609,All SNPs
5.4698,All SNPs
5.4698,All SNPs
0.87133,All SNPs
0.87133,All SNPs
0.87133,All SNPs
0.87133,All SNPs
0.87133,All SNPs
0.87133,All SNPs
3.7673,All SNPs
3.7673,All SNPs
0.83713,All SNPs
0.83713,All SNPs
0.83713,All SNPs
0.83713,All SNPs
6.3929,All SNPs
6.3929,All SNPs
1.1092,All SNPs
4.0756,All SNPs
5.224,All SNPs
1.2489,All SNPs
1.2489,All SNPs
1.2489,All SNPs
1.2489,All SNPs
1.2489,All SNPs
1.2489,All SNPs
1.2489,All SNPs
1.2489,All SNPs
0.74143,All SNPs
1.228,All SNPs
1.2889,All SNPs
1.2889,All SNPs
1.2889,All SNPs
1.2889,All SNPs
1.2889,All SNPs
1.1449,All SNPs
1.1449,All SNPs
1.1449,All SNPs
1.1449,All SNPs
1.1449,All SNPs
1.1449,All SNPs
1.1449,All SNPs
1.1449,All SNPs
1.0558,All SNPs
1.3317,All SNPs
5.0672,All SNPs
3.7057,All SNPs
3.7057,All SNPs
3.7057,All SNPs
3.7057,All SNPs
5.6435,All SNPs
5.6435,All SNPs
5.6435,All SNPs
5.6435,All SNPs
0.24939,All SNPs
4.4904,All SNPs
5.5656,All SNPs
5.5656,All SNPs
5.5656,All SNPs
0.67546,All SNPs
0.67546,All SNPs
0.67546,All SNPs
0.67546,All SNPs
0.67546,All SNPs
0.67546,All SNPs
0.67546,All SNPs
0.67546,All SNPs
0.67546,All SNPs
0.67546,All SNPs
1.2519,All SNPs
1.2519,All SNPs
1.2519,All SNPs
1.2519,All SNPs
1.2519,All SNPs
5.032,All SNPs
5.032,All SNPs
7.6553,All SNPs
7.6553,All SNPs
7.6553,All SNPs
7.6553,All SNPs
7.6553,All SNPs
7.6553,All SNPs
3.4589,All SNPs
3.4589,All SNPs
3.4589,All SNPs
3.4589,All SNPs
3.4589,All SNPs
3.4589,All SNPs
3.4589,All SNPs
1.3178,All SNPs
3.6853,All SNPs
3.6853,All SNPs
1.0913,All SNPs
1.0913,All SNPs
3.8803,All SNPs
3.8803,All SNPs
7.1332,All SNPs
7.1332,All SNPs
4.5277,All SNPs
4.5277,All SNPs
4.5277,All SNPs
4.5277,All SNPs
5.0934,All SNPs
5.0934,All SNPs
1.1576,All SNPs
6.8028,All SNPs
6.8028,All SNPs
6.8028,All SNPs
6.8028,All SNPs
6.8028,All SNPs
6.8028,All SNPs
6.8028,All SNPs
6.8028,All SNPs
6.8028,All SNPs
6.8028,All SNPs
6.8028,All SNPs
6.8028,All SNPs
6.8028,All SNPs
6.8028,All SNPs
6.8028,All SNPs
8.4853,All SNPs
0.015709,All SNPs
0.015709,All SNPs
0.015709,All SNPs
0.015709,All SNPs
0.015709,All SNPs
0.015709,All SNPs
0.015709,All SNPs
0.015709,All SNPs
0.015709,All SNPs
0.015709,All SNPs
0.015709,All SNPs
0.69132,All SNPs
0.69132,All SNPs
0.69132,All SNPs
0.84707,All SNPs
0.31221,All SNPs
0.31221,All SNPs
0.31221,All SNPs
0.31221,All SNPs
0.31221,All SNPs
0.31221,All SNPs
0.31221,All SNPs
0.31221,All SNPs
0.31221,All SNPs
0.31221,All SNPs
0.31221,All SNPs
0.31221,All SNPs
0.31221,All SNPs
0.31221,All SNPs
0.31221,All SNPs
0.31221,All SNPs
0.31221,All SNPs
0.31221,All SNPs
0.31221,All SNPs
0.31221,All SNPs
0.31221,All SNPs
0.31221,All SNPs
0.31221,All SNPs
0.31221,All SNPs
0.31221,All SNPs
0.31221,All SNPs
0.31221,All SNPs
0.31221,All SNPs
0.31221,All SNPs
0.31221,All SNPs
0.31221,All SNPs
0.31221,All SNPs
0.31221,All SNPs
0.31221,All SNPs
0.31221,All SNPs
6.2368,All SNPs
1.0092,All SNPs
1.0092,All SNPs
1.0092,All SNPs
1.0092,All SNPs
1.0092,All SNPs
1.0092,All SNPs
1.0092,All SNPs
1.0092,All SNPs
1.0092,All SNPs
1.0092,All SNPs
1.0092,All SNPs
1.0092,All SNPs
1.0092,All SNPs
1.0092,All SNPs
1.0092,All SNPs
1.0092,All SNPs
1.0092,All SNPs
1.0092,All SNPs
1.0092,All SNPs
1.0092,All SNPs
1.0092,All SNPs
1.0092,All SNPs
1.0092,All SNPs
1.0092,All SNPs
1.0092,All SNPs
1.0092,All SNPs
1.0092,All SNPs
1.0092,All SNPs
1.0092,All SNPs
1.0092,All SNPs
1.0092,All SNPs
1.0092,All SNPs
1.0092,All SNPs
1.0092,All SNPs
1.0092,All SNPs
1.0092,All SNPs
1.0092,All SNPs
1.0092,All SNPs
1.0092,All SNPs
1.0092,All SNPs
1.0092,All SNPs
1.0092,All SNPs
1.0092,All SNPs
1.0092,All SNPs
1.0092,All SNPs
1.0092,All SNPs
1.0092,All SNPs
1.0092,All SNPs
1.0092,All SNPs
1.0092,All SNPs
1.0092,All SNPs
1.0092,All SNPs
1.0092,All SNPs
1.0092,All SNPs
1.0092,All SNPs
1.0092,All SNPs
1.0092,All SNPs
1.0092,All SNPs
0.68938,All SNPs
0.68938,All SNPs
0.68938,All SNPs
5.8786,All SNPs
5.8786,All SNPs
5.8786,All SNPs
5.8786,All SNPs
5.8786,All SNPs
5.8786,All SNPs
5.8786,All SNPs
5.8786,All SNPs
5.8786,All SNPs
3.5465,All SNPs
3.5465,All SNPs
3.5465,All SNPs
3.5465,All SNPs
3.5465,All SNPs
3.5465,All SNPs
3.5465,All SNPs
4.797,All SNPs
4.797,All SNPs
4.797,All SNPs
4.797,All SNPs
4.797,All SNPs
4.797,All SNPs
6.7771,All SNPs
0.61803,All SNPs
0.61803,All SNPs
0.61803,All SNPs
0.61803,All SNPs
0.61803,All SNPs
0.61803,All SNPs
0.61803,All SNPs
0.61803,All SNPs
0.61803,All SNPs
0.61803,All SNPs
0.61803,All SNPs
0.61803,All SNPs
0.61803,All SNPs
0.61803,All SNPs
0.61803,All SNPs
0.61803,All SNPs
0.61803,All SNPs
0.61803,All SNPs
0.61803,All SNPs
0.61803,All SNPs
0.61803,All SNPs
1.3509,All SNPs
0.64236,All SNPs
0.64236,All SNPs
0.64236,All SNPs
6.493,All SNPs
1.3011,All SNPs
0.072006,All SNPs
5.0102,All SNPs
0.646,All SNPs
0.646,All SNPs
0.96099,All SNPs
0.96099,All SNPs
0.96099,All SNPs
0.96099,All SNPs
0.96099,All SNPs
0.96099,All SNPs
0.96099,All SNPs
0.96099,All SNPs
0.96099,All SNPs
0.96099,All SNPs
0.96099,All SNPs
0.96099,All SNPs
0.96099,All SNPs
0.96099,All SNPs
0.96099,All SNPs
4.1636,All SNPs
4.1636,All SNPs
3.5332,All SNPs
3.6307,All SNPs
0.49987,All SNPs
0.49987,All SNPs
0.49987,All SNPs
0.49987,All SNPs
0.49987,All SNPs
0.49987,All SNPs
0.49987,All SNPs
0.49987,All SNPs
0.49987,All SNPs
0.49987,All SNPs
0.49987,All SNPs
5.5608,All SNPs
5.5608,All SNPs
5.5608,All SNPs
3.689,All SNPs
6.5942,All SNPs
3.4757,All SNPs
3.4757,All SNPs
3.4757,All SNPs
3.4757,All SNPs
3.4757,All SNPs
3.4757,All SNPs
7.384,All SNPs
7.384,All SNPs
1.2661,All SNPs
1.2661,All SNPs
1.2661,All SNPs
1.2661,All SNPs
1.2661,All SNPs
1.2661,All SNPs
3.6724,All SNPs
0.91215,All SNPs
0.91215,All SNPs
0.91215,All SNPs
0.91215,All SNPs
0.91215,All SNPs
0.91215,All SNPs
5.1966,All SNPs
5.1966,All SNPs
5.1966,All SNPs
3.6228,All SNPs
0.60025,All SNPs
0.60025,All SNPs
3.4262,All SNPs
1.2007,All SNPs
1.2007,All SNPs
1.0774,All SNPs
0.39796,All SNPs
1.2174,All SNPs
1.2174,All SNPs
1.2174,All SNPs
1.2174,All SNPs
1.2174,All SNPs
1.2174,All SNPs
1.2174,All SNPs
1.2174,All SNPs
6.5679,All SNPs
6.5679,All SNPs
6.5679,All SNPs
6.5679,All SNPs
6.5679,All SNPs
4.4168,All SNPs
5.8311,All SNPs
6.098,All SNPs
1.0106,All SNPs
1.0106,All SNPs
1.0106,All SNPs
1.0106,All SNPs
1.0106,All SNPs
1.0106,All SNPs
1.0106,All SNPs
1.0106,All SNPs
5.0236,All SNPs
5.0236,All SNPs
5.0236,All SNPs
5.0236,All SNPs
0.97701,All SNPs
5.3895,All SNPs
0.67002,All SNPs
0.67002,All SNPs
3.6967,All SNPs
3.6967,All SNPs
3.6967,All SNPs
3.6967,All SNPs
3.6967,All SNPs
3.6967,All SNPs
3.6967,All SNPs
3.6967,All SNPs
3.6967,All SNPs
3.6967,All SNPs
3.6967,All SNPs
0.25348,All SNPs
0.25348,All SNPs
0.25348,All SNPs
0.25348,All SNPs
0.25348,All SNPs
0.25348,All SNPs
0.25348,All SNPs
0.25348,All SNPs
0.25348,All SNPs
0.25348,All SNPs
3.5605,All SNPs
3.5605,All SNPs
3.5605,All SNPs
0.82,All SNPs
1.3139,All SNPs
4.5062,All SNPs
1.0575,All SNPs
1.0575,All SNPs
1.0575,All SNPs
1.0575,All SNPs
0.90017,All SNPs
0.90017,All SNPs
4.7385,All SNPs
4.7385,All SNPs
3.8347,All SNPs
3.8347,All SNPs
3.8347,All SNPs
1.3229,All SNPs
1.3229,All SNPs
5.5289,All SNPs
5.5289,All SNPs
5.5289,All SNPs
5.5289,All SNPs
5.5289,All SNPs
5.5289,All SNPs
5.5289,All SNPs
5.5289,All SNPs
5.5289,All SNPs
5.5289,All SNPs
5.5289,All SNPs
0.89279,All SNPs
0.89279,All SNPs
0.40836,All SNPs
8.3829,All SNPs
0.51189,All SNPs
0.51288,All SNPs
0.51288,All SNPs
0.51288,All SNPs
0.51288,All SNPs
0.51288,All SNPs
0.47225,All SNPs
0.47225,All SNPs
0.47225,All SNPs
0.47225,All SNPs
0.4454,All SNPs
0.4454,All SNPs
0.4454,All SNPs
0.4454,All SNPs
0.4454,All SNPs
0.4454,All SNPs
0.4454,All SNPs
0.4454,All SNPs
1.2798,All SNPs
3.4448,All SNPs
3.4448,All SNPs
3.4448,All SNPs
0.54427,All SNPs
7.6324,All SNPs
7.6324,All SNPs
1.1671,All SNPs
1.1671,All SNPs
1.1671,All SNPs
1.1671,All SNPs
1.1671,All SNPs
1.1671,All SNPs
1.1671,All SNPs
1.1671,All SNPs
1.1671,All SNPs
1.1671,All SNPs
1.1671,All SNPs
1.1671,All SNPs
1.1671,All SNPs
1.1671,All SNPs
1.1671,All SNPs
1.1671,All SNPs
1.1671,All SNPs
1.1671,All SNPs
0.36695,All SNPs
0.36695,All SNPs
1.0453,All SNPs
1.0453,All SNPs
1.0453,All SNPs
1.0453,All SNPs
4.8924,All SNPs
5.5882,All SNPs
5.9282,All SNPs
3.5875,All SNPs
1.1923,All SNPs
1.1923,All SNPs
5.8955,All SNPs
1.0326,All SNPs
4.8126,All SNPs
0.85947,All SNPs
1.263,All SNPs
5.4795,All SNPs
0.93268,All SNPs
0.93268,All SNPs
0.93268,All SNPs
0.93268,All SNPs
0.93268,All SNPs
0.93268,All SNPs
0.93268,All SNPs
0.93268,All SNPs
0.93268,All SNPs
0.93268,All SNPs
0.93268,All SNPs
0.93268,All SNPs
0.93268,All SNPs
0.93268,All SNPs
0.93268,All SNPs
0.93268,All SNPs
0.93268,All SNPs
0.93268,All SNPs
0.93268,All SNPs
0.93268,All SNPs
0.93268,All SNPs
0.93268,All SNPs
0.93268,All SNPs
0.93268,All SNPs
0.93268,All SNPs
0.93268,All SNPs
0.93268,All SNPs
0.93268,All SNPs
0.93268,All SNPs
0.93268,All SNPs
0.93268,All SNPs
0.93268,All SNPs
0.93268,All SNPs
0.93268,All SNPs
0.93268,All SNPs
0.93268,All SNPs
0.93268,All SNPs
0.93268,All SNPs
0.93268,All SNPs
0.93268,All SNPs
0.93268,All SNPs
0.93268,All SNPs
0.93268,All SNPs
0.93268,All SNPs
5.3391,All SNPs
5.3391,All SNPs
7.4203,All SNPs
3.8864,All SNPs
5.3534,All SNPs
5.3534,All SNPs
5.3534,All SNPs
5.3534,All SNPs
8.177,All SNPs
4.8369,All SNPs
4.8369,All SNPs
4.8369,All SNPs
0.77595,All SNPs
0.77595,All SNPs
0.77595,All SNPs
0.77595,All SNPs
0.77595,All SNPs
0.77595,All SNPs
0.77595,All SNPs
0.77595,All SNPs
0.77595,All SNPs
0.77595,All SNPs
0.77595,All SNPs
0.049823,All SNPs
0.049823,All SNPs
0.049823,All SNPs
0.049823,All SNPs
0.049823,All SNPs
0.049823,All SNPs
0.049823,All SNPs
0.049823,All SNPs
0.049823,All SNPs
0.049823,All SNPs
0.049823,All SNPs
0.049823,All SNPs
0.049823,All SNPs
1.1883,All SNPs
1.1883,All SNPs
1.1883,All SNPs
4.132,All SNPs
4.132,All SNPs
3.5122,All SNPs
3.5122,All SNPs
3.5122,All SNPs
0.48318,All SNPs
3.9362,All SNPs
3.9362,All SNPs
0.91774,All SNPs
0.91774,All SNPs
1.2605,All SNPs
8.5015,All SNPs
8.5015,All SNPs
8.5015,All SNPs
8.5015,All SNPs
8.5015,All SNPs
4.248,All SNPs
4.7183,All SNPs
4.7183,All SNPs
4.7183,All SNPs
4.7183,All SNPs
4.7183,All SNPs
0.59586,All SNPs
1.1136,All SNPs
1.1136,All SNPs
1.1136,All SNPs
1.1859,All SNPs
4.7788,All SNPs
4.7788,All SNPs
4.7788,All SNPs
4.5404,All SNPs
4.5404,All SNPs
4.5404,All SNPs
4.5404,All SNPs
4.5404,All SNPs
4.5404,All SNPs
0.35374,All SNPs
0.48346,All SNPs
0.48346,All SNPs
1.1727,All SNPs
1.1727,All SNPs
1.1727,All SNPs
0.064234,All SNPs
0.064234,All SNPs
0.064234,All SNPs
0.064234,All SNPs
0.064234,All SNPs
5.934,All SNPs
5.934,All SNPs
5.934,All SNPs
5.934,All SNPs
5.934,All SNPs
6.5576,All SNPs
5.4915,All SNPs
5.4915,All SNPs
5.4915,All SNPs
5.4915,All SNPs
3.8873,All SNPs
0.80079,All SNPs
0.80079,All SNPs
4.6422,All SNPs
4.6422,All SNPs
0.20527,All SNPs
0.20527,All SNPs
3.4743,All SNPs
3.5463,All SNPs
3.5463,All SNPs
3.5463,All SNPs
0.51552,All SNPs
0.51552,All SNPs
0.51552,All SNPs
0.51552,All SNPs
0.51552,All SNPs
0.51552,All SNPs
6.5233,All SNPs
6.5233,All SNPs
6.5233,All SNPs
5.9798,All SNPs
5.9798,All SNPs
0.39736,All SNPs
0.39736,All SNPs
0.39736,All SNPs
0.49107,All SNPs
4.4655,All SNPs
4.4655,All SNPs
3.7046,All SNPs
3.8071,All SNPs
1.2511,All SNPs
4.7245,All SNPs
8.087,All SNPs
8.087,All SNPs
0.62604,All SNPs
4.8559,All SNPs
4.8559,All SNPs
4.8559,All SNPs
0.51697,All SNPs
0.51697,All SNPs
5.7235,All SNPs
5.7235,All SNPs
5.7235,All SNPs
5.7235,All SNPs
5.7235,All SNPs
5.7235,All SNPs
0.43352,All SNPs
0.86559,All SNPs
0.86559,All SNPs
0.86559,All SNPs
0.86559,All SNPs
6.3117,All SNPs
6.3117,All SNPs
6.3117,All SNPs
6.3117,All SNPs
6.3117,All SNPs
6.3117,All SNPs
1.3398,All SNPs
1.3398,All SNPs
1.3398,All SNPs
1.3398,All SNPs
1.3398,All SNPs
1.1225,All SNPs
1.1225,All SNPs
1.1225,All SNPs
1.1225,All SNPs
1.1225,All SNPs
1.1225,All SNPs
1.1225,All SNPs
1.1225,All SNPs
1.1225,All SNPs
6.9988,All SNPs
6.9988,All SNPs
1.2492,All SNPs
1.2492,All SNPs
1.3023,All SNPs
8.1819,All SNPs
4.2943,All SNPs
4.2943,All SNPs
4.2943,All SNPs
4.2943,All SNPs
4.2943,All SNPs
3.8459,All SNPs
4.1781,All SNPs
4.1781,All SNPs
4.1781,All SNPs
0.50653,All SNPs
3.7118,All SNPs
3.7118,All SNPs
3.7118,All SNPs
3.7118,All SNPs
0.20841,All SNPs
0.20841,All SNPs
0.20841,All SNPs
0.20841,All SNPs
0.20841,All SNPs
0.20841,All SNPs
1.2299,All SNPs
1.2531,All SNPs
1.2531,All SNPs
1.2531,All SNPs
1.2531,All SNPs
1.2531,All SNPs
1.2531,All SNPs
1.2531,All SNPs
1.2531,All SNPs
1.2531,All SNPs
1.2531,All SNPs
1.2531,All SNPs
1.2531,All SNPs
1.2531,All SNPs
1.2531,All SNPs
1.2531,All SNPs
1.2531,All SNPs
1.2531,All SNPs
1.2531,All SNPs
1.2531,All SNPs
1.2531,All SNPs
1.2531,All SNPs
1.2531,All SNPs
1.2531,All SNPs
1.2531,All SNPs
1.2531,All SNPs
1.2531,All SNPs
1.2531,All SNPs
1.2531,All SNPs
1.2531,All SNPs
1.2531,All SNPs
1.2531,All SNPs
1.2531,All SNPs
1.2531,All SNPs
1.2531,All SNPs
1.2531,All SNPs
1.2531,All SNPs
1.2531,All SNPs
1.2531,All SNPs
1.2531,All SNPs
1.2531,All SNPs
1.2531,All SNPs
1.2531,All SNPs
1.2531,All SNPs
1.2531,All SNPs
1.2531,All SNPs
1.2531,All SNPs
1.2531,All SNPs
1.2531,All SNPs
1.2531,All SNPs
1.2531,All SNPs
1.2531,All SNPs
1.2531,All SNPs
1.2531,All SNPs
1.2531,All SNPs
1.043,All SNPs
1.1448,All SNPs
1.1448,All SNPs
4.3219,All SNPs
3.7613,All SNPs
3.7613,All SNPs
3.7613,All SNPs
3.7613,All SNPs
3.7613,All SNPs
3.7613,All SNPs
3.7613,All SNPs
3.7613,All SNPs
3.7613,All SNPs
3.7613,All SNPs
3.7613,All SNPs
6.3415,All SNPs
1.3508,All SNPs
1.3508,All SNPs
1.3508,All SNPs
1.3508,All SNPs
0.11666,All SNPs
0.11666,All SNPs
3.5506,All SNPs
0.22228,All SNPs
7.0174,All SNPs
7.0174,All SNPs
3.4127,All SNPs
3.4127,All SNPs
3.4127,All SNPs
3.4127,All SNPs
1.3279,All SNPs
0.52287,All SNPs
0.52287,All SNPs
0.52287,All SNPs
0.52287,All SNPs
0.52287,All SNPs
0.52287,All SNPs
0.52287,All SNPs
0.52287,All SNPs
0.52287,All SNPs
0.52287,All SNPs
0.52287,All SNPs
0.52287,All SNPs
0.52287,All SNPs
0.52287,All SNPs
0.52287,All SNPs
0.52287,All SNPs
0.52287,All SNPs
0.52287,All SNPs
0.52287,All SNPs
0.52287,All SNPs
0.52287,All SNPs
0.52287,All SNPs
0.52287,All SNPs
0.52287,All SNPs
0.52287,All SNPs
0.52287,All SNPs
0.52287,All SNPs
0.52287,All SNPs
0.52287,All SNPs
0.52287,All SNPs
0.52287,All SNPs
0.52287,All SNPs
0.52287,All SNPs
0.52287,All SNPs
0.52287,All SNPs
0.52287,All SNPs
0.52287,All SNPs
0.52287,All SNPs
0.52287,All SNPs
0.52287,All SNPs
0.52287,All SNPs
0.52287,All SNPs
0.52287,All SNPs
0.52287,All SNPs
0.52287,All SNPs
0.52287,All SNPs
0.52287,All SNPs
0.52287,All SNPs
0.52287,All SNPs
0.52287,All SNPs
0.52287,All SNPs
0.52287,All SNPs
0.52287,All SNPs
0.52287,All SNPs
0.52287,All SNPs
0.52287,All SNPs
0.52287,All SNPs
0.52287,All SNPs
0.52287,All SNPs
0.52287,All SNPs
0.52287,All SNPs
0.52287,All SNPs
0.52287,All SNPs
0.52287,All SNPs
0.52287,All SNPs
0.52287,All SNPs
0.52287,All SNPs
0.52287,All SNPs
0.52287,All SNPs
0.52287,All SNPs
0.52287,All SNPs
0.52287,All SNPs
0.52287,All SNPs
0.52287,All SNPs
0.52287,All SNPs
0.52287,All SNPs
0.52287,All SNPs
0.52287,All SNPs
0.52287,All SNPs
0.52287,All SNPs
0.52287,All SNPs
0.52287,All SNPs
1.2252,All SNPs
1.2252,All SNPs
5.9636,All SNPs
5.9636,All SNPs
5.9636,All SNPs
0.90442,All SNPs
4.9468,All SNPs
4.9468,All SNPs
4.9468,All SNPs
4.9468,All SNPs
4.9468,All SNPs
4.9468,All SNPs
3.5676,All SNPs
4.744,All SNPs
4.744,All SNPs
1.0566,All SNPs
1.0566,All SNPs
3.5715,All SNPs
4.7059,All SNPs
4.7059,All SNPs
4.7059,All SNPs
4.7059,All SNPs
0.857,All SNPs
1.1396,All SNPs
0.27649,All SNPs
0.27649,All SNPs
0.27649,All SNPs
4.4902,All SNPs
4.4902,All SNPs
0.62258,All SNPs
0.62258,All SNPs
0.15097,All SNPs
0.15097,All SNPs
0.15097,All SNPs
6.6394,All SNPs
6.6394,All SNPs
6.6394,All SNPs
4.9862,All SNPs
3.5698,All SNPs
0.86581,All SNPs
3.6792,All SNPs
3.6792,All SNPs
3.6792,All SNPs
3.6792,All SNPs
3.6792,All SNPs
3.6792,All SNPs
3.6792,All SNPs
3.6792,All SNPs
3.6792,All SNPs
4.0341,All SNPs
4.0341,All SNPs
4.0341,All SNPs
4.0341,All SNPs
4.0341,All SNPs
4.0341,All SNPs
4.0341,All SNPs
4.0341,All SNPs
4.0341,All SNPs
4.0341,All SNPs
3.7376,All SNPs
3.7376,All SNPs
3.7376,All SNPs
3.7376,All SNPs
3.7376,All SNPs
3.7376,All SNPs
3.7376,All SNPs
3.7376,All SNPs
3.7376,All SNPs
3.7376,All SNPs
3.7376,All SNPs
3.3954,All SNPs
0.76808,All SNPs
0.76808,All SNPs
0.76808,All SNPs
3.8357,All SNPs
3.8357,All SNPs
1.2066,All SNPs
1.2066,All SNPs
1.2066,All SNPs
1.2066,All SNPs
1.2066,All SNPs
1.2066,All SNPs
1.2066,All SNPs
1.2066,All SNPs
1.2066,All SNPs
1.2066,All SNPs
5.3981,All SNPs
5.3981,All SNPs
6.4391,All SNPs
6.4391,All SNPs
6.4391,All SNPs
6.1246,All SNPs
6.1246,All SNPs
6.1246,All SNPs
6.1246,All SNPs
6.1246,All SNPs
6.1246,All SNPs
3.7882,All SNPs
1.1635,All SNPs
6.5129,All SNPs
1.12,All SNPs
1.12,All SNPs
1.12,All SNPs
1.12,All SNPs
1.12,All SNPs
1.12,All SNPs
1.12,All SNPs
1.12,All SNPs
1.12,All SNPs
1.12,All SNPs
1.12,All SNPs
1.12,All SNPs
1.12,All SNPs
1.12,All SNPs
1.12,All SNPs
1.12,All SNPs
1.12,All SNPs
1.12,All SNPs
1.12,All SNPs
1.12,All SNPs
1.12,All SNPs
1.12,All SNPs
1.12,All SNPs
1.12,All SNPs
1.12,All SNPs
1.12,All SNPs
1.12,All SNPs
1.12,All SNPs
1.12,All SNPs
1.12,All SNPs
1.12,All SNPs
1.12,All SNPs
1.12,All SNPs
1.12,All SNPs
1.12,All SNPs
1.12,All SNPs
1.12,All SNPs
1.12,All SNPs
1.12,All SNPs
1.12,All SNPs
1.12,All SNPs
1.12,All SNPs
1.12,All SNPs
1.12,All SNPs
1.12,All SNPs
1.12,All SNPs
1.12,All SNPs
1.12,All SNPs
1.12,All SNPs
1.12,All SNPs
1.12,All SNPs
4.2054,All SNPs
4.2248,All SNPs
4.2248,All SNPs
4.2248,All SNPs
4.2248,All SNPs
6.657,All SNPs
6.657,All SNPs
6.657,All SNPs
6.657,All SNPs
4.0291,All SNPs
4.0291,All SNPs
4.5293,All SNPs
6.0174,All SNPs
6.0174,All SNPs
6.0174,All SNPs
6.0174,All SNPs
6.0174,All SNPs
6.0174,All SNPs
6.0174,All SNPs
3.4327,All SNPs
5.5447,All SNPs
5.5447,All SNPs
4.3941,All SNPs
4.878,All SNPs
4.878,All SNPs
4.878,All SNPs
1.3428,All SNPs
0.56225,All SNPs
4.5222,All SNPs
4.5222,All SNPs
4.5222,All SNPs
4.5222,All SNPs
4.5222,All SNPs
4.5222,All SNPs
4.5222,All SNPs
4.5222,All SNPs
4.5222,All SNPs
4.5222,All SNPs
4.5222,All SNPs
4.5222,All SNPs
4.5222,All SNPs
4.5222,All SNPs
4.5222,All SNPs
4.5222,All SNPs
5.7288,All SNPs
5.7288,All SNPs
5.7288,All SNPs
5.7288,All SNPs
5.7288,All SNPs
1.3378,All SNPs
1.3378,All SNPs
1.3378,All SNPs
1.3378,All SNPs
1.3378,All SNPs
1.3378,All SNPs
1.1929,All SNPs
1.1929,All SNPs
1.1929,All SNPs
1.1929,All SNPs
4.0887,All SNPs
4.2954,All SNPs
4.2954,All SNPs
4.2954,All SNPs
4.2954,All SNPs
4.2954,All SNPs
4.2954,All SNPs
4.2954,All SNPs
4.2954,All SNPs
4.2954,All SNPs
4.2954,All SNPs
4.2954,All SNPs
4.2954,All SNPs
0.94775,All SNPs
0.94775,All SNPs
0.94775,All SNPs
0.94775,All SNPs
0.94775,All SNPs
0.94775,All SNPs
0.94775,All SNPs
1.0119,All SNPs
1.0119,All SNPs
1.0119,All SNPs
1.3135,All SNPs
1.3135,All SNPs
1.2842,All SNPs
1.2842,All SNPs
1.2563,All SNPs
1.2563,All SNPs
1.2563,All SNPs
1.2563,All SNPs
1.2563,All SNPs
1.2563,All SNPs
1.2563,All SNPs
1.2563,All SNPs
1.2563,All SNPs
1.2563,All SNPs
1.2563,All SNPs
1.2563,All SNPs
0.0037946,All SNPs
0.0037946,All SNPs
0.0037946,All SNPs
1.3046,All SNPs
1.2989,All SNPs
1.2989,All SNPs
1.2989,All SNPs
1.2989,All SNPs
1.2989,All SNPs
1.2989,All SNPs
1.2989,All SNPs
1.2989,All SNPs
1.2989,All SNPs
1.2989,All SNPs
1.2989,All SNPs
1.2989,All SNPs
1.2989,All SNPs
1.2989,All SNPs
1.2989,All SNPs
1.2989,All SNPs
1.2989,All SNPs
1.2989,All SNPs
1.2989,All SNPs
1.2989,All SNPs
1.2989,All SNPs
1.2989,All SNPs
1.2989,All SNPs
1.2989,All SNPs
1.2989,All SNPs
1.2989,All SNPs
1.2989,All SNPs
1.2989,All SNPs
1.2989,All SNPs
1.2989,All SNPs
1.2989,All SNPs
1.2989,All SNPs
0.2196,All SNPs
0.2196,All SNPs
0.2196,All SNPs
0.2196,All SNPs
0.2196,All SNPs
0.2196,All SNPs
0.93319,All SNPs
3.5784,All SNPs
0.30711,All SNPs
0.30711,All SNPs
0.50977,All SNPs
0.50977,All SNPs
0.50977,All SNPs
0.50977,All SNPs
0.50977,All SNPs
7.7444,All SNPs
7.1948,All SNPs
7.1948,All SNPs
3.5614,All SNPs
3.5614,All SNPs
3.5614,All SNPs
0.82578,All SNPs
0.82578,All SNPs
0.82578,All SNPs
0.82578,All SNPs
0.63843,All SNPs
0.63843,All SNPs
0.63843,All SNPs
0.63843,All SNPs
0.63843,All SNPs
0.63843,All SNPs
0.63843,All SNPs
1.1663,All SNPs
1.0313,All SNPs
1.0313,All SNPs
9.9538,All SNPs
9.9538,All SNPs
9.9538,All SNPs
0.11518,All SNPs
0.85688,All SNPs
0.85688,All SNPs
0.85688,All SNPs
5.8925,All SNPs
3.8173,All SNPs
3.8173,All SNPs
3.8173,All SNPs
3.8173,All SNPs
3.8173,All SNPs
3.8173,All SNPs
3.8173,All SNPs
0.34816,All SNPs
4.6176,All SNPs
4.6176,All SNPs
4.6298,All SNPs
0.97941,All SNPs
0.27225,All SNPs
0.27225,All SNPs
0.27225,All SNPs
0.27225,All SNPs
0.27225,All SNPs
0.27225,All SNPs
0.27225,All SNPs
4.7793,All SNPs
4.7793,All SNPs
1.2319,All SNPs
0.2374,All SNPs
0.2374,All SNPs
0.2374,All SNPs
0.2374,All SNPs
0.2374,All SNPs
0.91589,All SNPs
0.91589,All SNPs
0.91589,All SNPs
0.14978,All SNPs
0.87858,All SNPs
3.4625,All SNPs
3.4625,All SNPs
3.4625,All SNPs
3.4625,All SNPs
3.4625,All SNPs
3.4625,All SNPs
3.4625,All SNPs
3.4625,All SNPs
3.4625,All SNPs
3.4625,All SNPs
3.4625,All SNPs
3.4625,All SNPs
3.4625,All SNPs
3.4625,All SNPs
3.4625,All SNPs
3.4625,All SNPs
3.4625,All SNPs
4.6152,All SNPs
4.6152,All SNPs
4.6152,All SNPs
4.6152,All SNPs
4.6152,All SNPs
4.6152,All SNPs
4.6152,All SNPs
4.6152,All SNPs
4.6152,All SNPs
4.6152,All SNPs
4.6152,All SNPs
4.6152,All SNPs
4.6152,All SNPs
4.6152,All SNPs
4.6152,All SNPs
4.6152,All SNPs
4.6152,All SNPs
4.6152,All SNPs
4.6152,All SNPs
4.6152,All SNPs
4.6152,All SNPs
4.6152,All SNPs
4.6152,All SNPs
4.6152,All SNPs
4.6152,All SNPs
4.6152,All SNPs
4.6152,All SNPs
4.6152,All SNPs
4.6152,All SNPs
4.6152,All SNPs
4.6152,All SNPs
6.3784,All SNPs
6.3784,All SNPs
6.3784,All SNPs
6.3784,All SNPs
6.3784,All SNPs
6.3784,All SNPs
6.3784,All SNPs
6.3784,All SNPs
6.3784,All SNPs
4.4714,All SNPs
4.4714,All SNPs
4.4714,All SNPs
4.4714,All SNPs
4.4714,All SNPs
4.4714,All SNPs
4.4714,All SNPs
3.3646,All SNPs
5.5475,All SNPs
5.5475,All SNPs
5.6308,All SNPs
0.35441,All SNPs
5.9514,All SNPs
6.3194,All SNPs
3.4724,All SNPs
1.1131,All SNPs
1.1131,All SNPs
1.1131,All SNPs
1.1131,All SNPs
1.1131,All SNPs
3.8101,All SNPs
3.8101,All SNPs
3.8101,All SNPs
3.8101,All SNPs
3.8101,All SNPs
3.8101,All SNPs
3.8101,All SNPs
3.8101,All SNPs
3.53,All SNPs
4.0641,All SNPs
4.0641,All SNPs
4.0641,All SNPs
4.0641,All SNPs
4.0641,All SNPs
4.0641,All SNPs
4.0641,All SNPs
3.3997,All SNPs
3.3997,All SNPs
7.472,All SNPs
0.72472,All SNPs
0.72472,All SNPs
3.7575,All SNPs
3.7575,All SNPs
3.7575,All SNPs
3.4501,All SNPs
3.4501,All SNPs
3.4501,All SNPs
3.4501,All SNPs
3.4501,All SNPs
3.4501,All SNPs
0.25502,All SNPs
0.25502,All SNPs
0.25502,All SNPs
1.2464,All SNPs
1.2464,All SNPs
1.2464,All SNPs
1.2464,All SNPs
1.2464,All SNPs
1.2464,All SNPs
1.2464,All SNPs
1.2464,All SNPs
1.2464,All SNPs
1.2464,All SNPs
1.2464,All SNPs
3.4573,All SNPs
0.59932,All SNPs
6.3018,All SNPs
6.3018,All SNPs
6.7663,All SNPs
6.7663,All SNPs
6.7663,All SNPs
6.7663,All SNPs
4.9053,All SNPs
4.9053,All SNPs
4.9053,All SNPs
1.2222,All SNPs
6.9217,All SNPs
0.32019,All SNPs
5.0085,All SNPs
5.0085,All SNPs
5.0085,All SNPs
5.0085,All SNPs
5.0085,All SNPs
5.0085,All SNPs
5.0085,All SNPs
5.0085,All SNPs
5.0085,All SNPs
5.0085,All SNPs
5.0085,All SNPs
5.0085,All SNPs
5.0085,All SNPs
5.0085,All SNPs
5.0085,All SNPs
5.0085,All SNPs
5.0085,All SNPs
5.0085,All SNPs
5.0085,All SNPs
5.0085,All SNPs
5.0085,All SNPs
5.0085,All SNPs
0.34318,All SNPs
0.34318,All SNPs
3.5756,All SNPs
3.5756,All SNPs
3.5756,All SNPs
0.65932,All SNPs
0.65932,All SNPs
0.65932,All SNPs
0.65932,All SNPs
0.65932,All SNPs
0.65932,All SNPs
0.8803,All SNPs
0.8803,All SNPs
0.8803,All SNPs
0.8803,All SNPs
0.8803,All SNPs
0.8803,All SNPs
0.8803,All SNPs
0.8803,All SNPs
0.8803,All SNPs
0.8803,All SNPs
7.3184,All SNPs
1.0539,All SNPs
1.0539,All SNPs
4.7104,All SNPs
4.7104,All SNPs
4.7104,All SNPs
4.7104,All SNPs
4.7104,All SNPs
4.7104,All SNPs
4.7104,All SNPs
4.7104,All SNPs
4.7104,All SNPs
4.7104,All SNPs
4.7104,All SNPs
0.27861,All SNPs
6.3133,All SNPs
4.3849,All SNPs
5.4073,All SNPs
0.41821,All SNPs
0.41821,All SNPs
0.41821,All SNPs
0.41821,All SNPs
3.7313,All SNPs
3.7313,All SNPs
3.6728,All SNPs
3.6728,All SNPs
3.6728,All SNPs
3.6728,All SNPs
3.6728,All SNPs
3.6728,All SNPs
3.6728,All SNPs
3.6728,All SNPs
3.6728,All SNPs
7.0981,All SNPs
7.0981,All SNPs
7.0981,All SNPs
7.0981,All SNPs
7.0981,All SNPs
0.47242,All SNPs
0.47242,All SNPs
0.47242,All SNPs
0.47242,All SNPs
0.697,All SNPs
0.697,All SNPs
0.697,All SNPs
0.48265,All SNPs
4.9914,All SNPs
5.9186,All SNPs
5.9186,All SNPs
5.9186,All SNPs
5.5689,All SNPs
5.5689,All SNPs
5.5689,All SNPs
5.5689,All SNPs
5.5689,All SNPs
5.5689,All SNPs
5.0033,All SNPs
0.50838,All SNPs
0.50838,All SNPs
0.50838,All SNPs
0.50838,All SNPs
0.50838,All SNPs
0.23819,All SNPs
0.23819,All SNPs
0.23819,All SNPs
0.23819,All SNPs
0.23819,All SNPs
1.278,All SNPs
1.278,All SNPs
4.9251,All SNPs
6.3191,All SNPs
6.3191,All SNPs
6.3191,All SNPs
6.3191,All SNPs
6.3191,All SNPs
4.1745,All SNPs
4.1745,All SNPs
4.1745,All SNPs
4.1745,All SNPs
4.1745,All SNPs
4.1745,All SNPs
0.53515,All SNPs
0.53515,All SNPs
5.4833,All SNPs
5.4833,All SNPs
5.4833,All SNPs
3.7187,All SNPs
1.1076,All SNPs
0.57777,All SNPs
8.1863,All SNPs
8.1863,All SNPs
8.1863,All SNPs
8.1863,All SNPs
8.1863,All SNPs
8.1863,All SNPs
8.1863,All SNPs
8.1863,All SNPs
8.1863,All SNPs
8.1863,All SNPs
3.9672,All SNPs
3.9672,All SNPs
3.376,All SNPs
3.376,All SNPs
3.376,All SNPs
3.376,All SNPs
0.2786,All SNPs
0.2786,All SNPs
0.2786,All SNPs
0.2786,All SNPs
0.2786,All SNPs
0.2786,All SNPs
0.2786,All SNPs
0.2786,All SNPs
0.2786,All SNPs
0.2786,All SNPs
0.2786,All SNPs
0.2786,All SNPs
0.2786,All SNPs
0.2786,All SNPs
0.2786,All SNPs
0.2786,All SNPs
0.2786,All SNPs
0.2786,All SNPs
0.2786,All SNPs
0.2786,All SNPs
1.1058,All SNPs
4.4206,All SNPs
3.6294,All SNPs
3.6294,All SNPs
3.6294,All SNPs
3.6294,All SNPs
3.6294,All SNPs
3.6294,All SNPs
3.6294,All SNPs
1.1901,All SNPs
4.7444,All SNPs
4.7444,All SNPs
6.6837,All SNPs
6.6837,All SNPs
6.6837,All SNPs
6.6837,All SNPs
3.3776,All SNPs
3.3776,All SNPs
3.3776,All SNPs
3.3776,All SNPs
3.3776,All SNPs
3.3776,All SNPs
3.3776,All SNPs
7.9185,All SNPs
0.03547,All SNPs
1.233,All SNPs
1.233,All SNPs
1.233,All SNPs
1.233,All SNPs
1.233,All SNPs
1.233,All SNPs
1.233,All SNPs
1.233,All SNPs
4.2033,All SNPs
5.5797,All SNPs
4.7992,All SNPs
1.0697,All SNPs
1.0697,All SNPs
0.17986,All SNPs
1.1101,All SNPs
1.1101,All SNPs
0.25696,All SNPs
0.25696,All SNPs
0.25696,All SNPs
0.25696,All SNPs
0.25696,All SNPs
0.25696,All SNPs
0.25696,All SNPs
0.25696,All SNPs
0.25696,All SNPs
0.92039,All SNPs
3.7095,All SNPs
3.7095,All SNPs
3.7095,All SNPs
3.7095,All SNPs
3.7095,All SNPs
3.7095,All SNPs
3.7095,All SNPs
3.7095,All SNPs
1.1372,All SNPs
1.1372,All SNPs
1.1372,All SNPs
1.2754,All SNPs
1.2754,All SNPs
0.77698,All SNPs
0.77698,All SNPs
0.6636,All SNPs
0.6636,All SNPs
1.1702,All SNPs
0.77201,All SNPs
0.77201,All SNPs
7.3381,All SNPs
7.3381,All SNPs
7.3381,All SNPs
1.2936,All SNPs
1.2936,All SNPs
0.86865,All SNPs
1.3137,All SNPs
1.3137,All SNPs
1.1386,All SNPs
1.003,All SNPs
3.8607,All SNPs
3.8607,All SNPs
0.19756,All SNPs
1.0059,All SNPs
1.0059,All SNPs
1.0059,All SNPs
5.5191,All SNPs
5.5191,All SNPs
5.5191,All SNPs
0.84381,All SNPs
0.96511,All SNPs
0.96511,All SNPs
4.1212,All SNPs
4.1212,All SNPs
0.17166,All SNPs
6.4589,All SNPs
6.4589,All SNPs
6.4589,All SNPs
6.4589,All SNPs
3.9333,All SNPs
0.98643,All SNPs
0.98643,All SNPs
0.98643,All SNPs
3.3919,All SNPs
3.3919,All SNPs
3.3919,All SNPs
3.3919,All SNPs
3.3919,All SNPs
3.3919,All SNPs
3.3919,All SNPs
3.3919,All SNPs
3.3855,All SNPs
3.3855,All SNPs
1.2579,All SNPs
1.2579,All SNPs
1.2579,All SNPs
1.2649,All SNPs
1.2649,All SNPs
7.5689,All SNPs
5.3462,All SNPs
5.3462,All SNPs
5.3462,All SNPs
5.3462,All SNPs
5.3462,All SNPs
0.39589,All SNPs
0.39589,All SNPs
1.0795,All SNPs
1.0795,All SNPs
1.0795,All SNPs
1.0795,All SNPs
1.0795,All SNPs
1.0795,All SNPs
1.0795,All SNPs
1.0795,All SNPs
1.0795,All SNPs
1.0795,All SNPs
1.0795,All SNPs
1.0795,All SNPs
1.0795,All SNPs
1.0795,All SNPs
1.0795,All SNPs
1.2279,All SNPs
1.2279,All SNPs
1.2279,All SNPs
1.2279,All SNPs
1.2279,All SNPs
1.2279,All SNPs
5.1878,All SNPs
5.1878,All SNPs
4.1594,All SNPs
5.7783,All SNPs
5.7783,All SNPs
5.3375,All SNPs
5.3375,All SNPs
1.0899,All SNPs
0.61111,All SNPs
0.61111,All SNPs
0.23483,All SNPs
0.23483,All SNPs
6.8042,All SNPs
6.8042,All SNPs
1.067,All SNPs
1.067,All SNPs
1.067,All SNPs
1.067,All SNPs
0.92257,All SNPs
0.92257,All SNPs
0.92257,All SNPs
0.92257,All SNPs
0.92257,All SNPs
0.92257,All SNPs
0.92257,All SNPs
0.92257,All SNPs
0.92257,All SNPs
0.92257,All SNPs
0.92257,All SNPs
0.92257,All SNPs
0.92257,All SNPs
0.92257,All SNPs
0.92257,All SNPs
0.92257,All SNPs
0.92257,All SNPs
0.92257,All SNPs
0.92257,All SNPs
0.92257,All SNPs
0.92257,All SNPs
0.92257,All SNPs
0.92257,All SNPs
0.92257,All SNPs
0.92257,All SNPs
0.92257,All SNPs
0.92257,All SNPs
0.92257,All SNPs
0.92257,All SNPs
0.92257,All SNPs
0.92257,All SNPs
0.92257,All SNPs
0.92257,All SNPs
0.92257,All SNPs
0.92257,All SNPs
0.92257,All SNPs
0.92257,All SNPs
5.3728,All SNPs
0.91931,All SNPs
0.3869,All SNPs
0.3869,All SNPs
0.3869,All SNPs
0.3869,All SNPs
0.3869,All SNPs
0.3869,All SNPs
0.57481,All SNPs
0.57481,All SNPs
5.5424,All SNPs
3.7459,All SNPs
3.7459,All SNPs
3.7459,All SNPs
6.4447,All SNPs
1.2963,All SNPs
6.0556,All SNPs
6.0556,All SNPs
6.0556,All SNPs
0.64073,All SNPs
0.64073,All SNPs
4.7687,All SNPs
4.7687,All SNPs
4.7687,All SNPs
4.7687,All SNPs
4.0408,All SNPs
0.92896,All SNPs
0.92896,All SNPs
0.92896,All SNPs
1.2172,All SNPs
1.1886,All SNPs
0.82283,All SNPs
0.73572,All SNPs
3.4637,All SNPs
3.4637,All SNPs
3.4637,All SNPs
0.96183,All SNPs
0.96183,All SNPs
4.7385,All SNPs
1.2644,All SNPs
3.7884,All SNPs
3.7884,All SNPs
3.7884,All SNPs
3.7884,All SNPs
1.2022,All SNPs
1.2022,All SNPs
1.2022,All SNPs
3.7906,All SNPs
3.7906,All SNPs
3.7906,All SNPs
3.7906,All SNPs
3.7906,All SNPs
3.7906,All SNPs
3.7906,All SNPs
5.1755,All SNPs
1.2846,All SNPs
1.2846,All SNPs
1.2846,All SNPs
1.2846,All SNPs
1.2846,All SNPs
1.2846,All SNPs
1.2846,All SNPs
1.2846,All SNPs
1.2846,All SNPs
1.2846,All SNPs
1.2846,All SNPs
1.2846,All SNPs
1.2846,All SNPs
1.2679,All SNPs
1.2679,All SNPs
1.2679,All SNPs
1.2679,All SNPs
1.2679,All SNPs
1.2679,All SNPs
1.2679,All SNPs
1.2679,All SNPs
1.2679,All SNPs
1.2679,All SNPs
1.2679,All SNPs
1.2679,All SNPs
1.2679,All SNPs
1.2679,All SNPs
1.2679,All SNPs
1.2679,All SNPs
1.2679,All SNPs
7.8978,All SNPs
7.8978,All SNPs
7.8978,All SNPs
7.8978,All SNPs
7.8978,All SNPs
7.8978,All SNPs
6.1079,All SNPs
1.257,All SNPs
0.80099,All SNPs
0.80099,All SNPs
0.80099,All SNPs
5.0551,All SNPs
5.0551,All SNPs
5.0551,All SNPs
5.0551,All SNPs
5.0551,All SNPs
5.0551,All SNPs
5.0551,All SNPs
5.0551,All SNPs
5.0551,All SNPs
5.0551,All SNPs
3.7418,All SNPs
7.3003,All SNPs
7.3003,All SNPs
9.1297,All SNPs
3.7239,All SNPs
3.991,All SNPs
1.2523,All SNPs
1.2523,All SNPs
0.25391,All SNPs
4.8753,All SNPs
1.0484,All SNPs
1.0484,All SNPs
5.886,All SNPs
5.886,All SNPs
5.886,All SNPs
5.886,All SNPs
5.886,All SNPs
5.886,All SNPs
5.886,All SNPs
5.886,All SNPs
3.3776,All SNPs
4.2345,All SNPs
6.1394,All SNPs
6.1394,All SNPs
6.1394,All SNPs
6.1394,All SNPs
6.1394,All SNPs
6.1394,All SNPs
6.1394,All SNPs
6.1394,All SNPs
6.1394,All SNPs
5.0452,All SNPs
3.7369,All SNPs
8.9146,All SNPs
8.9146,All SNPs
8.9146,All SNPs
8.9146,All SNPs
8.9146,All SNPs
0.099603,All SNPs
0.099603,All SNPs
0.099603,All SNPs
4.2908,All SNPs
4.2908,All SNPs
4.2908,All SNPs
4.2908,All SNPs
4.2908,All SNPs
0.82142,All SNPs
0.82142,All SNPs
0.82142,All SNPs
0.82142,All SNPs
0.82142,All SNPs
0.82142,All SNPs
0.82142,All SNPs
0.82142,All SNPs
0.82142,All SNPs
0.82142,All SNPs
0.33092,All SNPs
0.37287,All SNPs
0.37287,All SNPs
0.72236,All SNPs
0.72236,All SNPs
0.72236,All SNPs
0.72236,All SNPs
0.72236,All SNPs
0.72236,All SNPs
0.72236,All SNPs
0.72236,All SNPs
0.72236,All SNPs
0.72236,All SNPs
0.99432,All SNPs
5.7125,All SNPs
5.7125,All SNPs
5.7125,All SNPs
5.7125,All SNPs
5.7125,All SNPs
5.7125,All SNPs
5.7125,All SNPs
5.7125,All SNPs
5.7125,All SNPs
5.7125,All SNPs
5.7125,All SNPs
5.7125,All SNPs
0.6041,All SNPs
0.68561,All SNPs
0.36898,All SNPs
0.36898,All SNPs
8.9105,All SNPs
7.2109,All SNPs
7.2109,All SNPs
4.4528,All SNPs
4.4528,All SNPs
3.6665,All SNPs
0.92793,All SNPs
0.92793,All SNPs
0.92793,All SNPs
0.92793,All SNPs
0.92793,All SNPs
0.92793,All SNPs
0.92793,All SNPs
0.92436,All SNPs
1.1055,All SNPs
1.1055,All SNPs
1.1055,All SNPs
1.1055,All SNPs
5.069,All SNPs
5.069,All SNPs
5.069,All SNPs
3.5845,All SNPs
3.5845,All SNPs
3.5845,All SNPs
3.5845,All SNPs
3.5845,All SNPs
3.5845,All SNPs
0.93185,All SNPs
0.93185,All SNPs
0.93185,All SNPs
0.93185,All SNPs
0.93185,All SNPs
1.2686,All SNPs
1.2686,All SNPs
1.1729,All SNPs
1.3136,All SNPs
1.3136,All SNPs
1.3136,All SNPs
1.3136,All SNPs
1.3136,All SNPs
1.3136,All SNPs
1.3136,All SNPs
1.3136,All SNPs
1.3136,All SNPs
1.3136,All SNPs
1.3136,All SNPs
1.3136,All SNPs
1.3136,All SNPs
1.3136,All SNPs
1.3136,All SNPs
1.3136,All SNPs
1.3136,All SNPs
1.3136,All SNPs
1.3136,All SNPs
1.3136,All SNPs
1.3136,All SNPs
1.3136,All SNPs
1.3136,All SNPs
1.3136,All SNPs
1.3136,All SNPs
1.3136,All SNPs
3.7459,All SNPs
6.6833,All SNPs
6.6833,All SNPs
6.6833,All SNPs
5.4811,All SNPs
8.4889,All SNPs
8.4889,All SNPs
8.4889,All SNPs
4.2425,All SNPs
4.2425,All SNPs
4.2425,All SNPs
4.2425,All SNPs
4.2425,All SNPs
4.2425,All SNPs
4.2425,All SNPs
4.2425,All SNPs
4.2425,All SNPs
4.2425,All SNPs
4.2425,All SNPs
4.2425,All SNPs
4.6767,All SNPs
3.6131,All SNPs
3.6131,All SNPs
7.316,All SNPs
7.316,All SNPs
7.316,All SNPs
0.31036,All SNPs
0.31036,All SNPs
0.31036,All SNPs
0.31036,All SNPs
0.15833,All SNPs
4.31,All SNPs
0.85073,All SNPs
0.92027,All SNPs
1.3269,All SNPs
1.3269,All SNPs
1.3269,All SNPs
1.3269,All SNPs
1.3269,All SNPs
1.3269,All SNPs
1.3269,All SNPs
1.3269,All SNPs
1.3269,All SNPs
0.85815,All SNPs
3.8936,All SNPs
3.8936,All SNPs
3.8936,All SNPs
3.9272,All SNPs
3.9272,All SNPs
3.9272,All SNPs
3.9272,All SNPs
3.9272,All SNPs
3.9272,All SNPs
3.9272,All SNPs
3.9272,All SNPs
3.9272,All SNPs
3.9272,All SNPs
3.9272,All SNPs
3.9272,All SNPs
3.9272,All SNPs
3.9272,All SNPs
1.014,All SNPs
1.014,All SNPs
1.014,All SNPs
1.014,All SNPs
1.014,All SNPs
1.014,All SNPs
1.014,All SNPs
1.014,All SNPs
1.014,All SNPs
1.014,All SNPs
1.014,All SNPs
4.4996,All SNPs
4.4996,All SNPs
4.4996,All SNPs
4.0313,All SNPs
4.0313,All SNPs
4.0313,All SNPs
4.0313,All SNPs
4.0313,All SNPs
4.0313,All SNPs
4.0313,All SNPs
4.0313,All SNPs
4.0313,All SNPs
4.0313,All SNPs
4.0313,All SNPs
4.0313,All SNPs
0.45144,All SNPs
0.45144,All SNPs
0.45144,All SNPs
0.45144,All SNPs
0.45144,All SNPs
0.45144,All SNPs
0.45144,All SNPs
0.45144,All SNPs
0.45144,All SNPs
4.5777,All SNPs
4.5777,All SNPs
4.5777,All SNPs
4.5777,All SNPs
4.5777,All SNPs
4.5777,All SNPs
4.5777,All SNPs
5.2684,All SNPs
0.049116,All SNPs
0.049116,All SNPs
0.049116,All SNPs
4.4547,All SNPs
4.4547,All SNPs
4.4547,All SNPs
7.9953,All SNPs
7.9953,All SNPs
7.9953,All SNPs
7.9953,All SNPs
7.9953,All SNPs
7.9953,All SNPs
7.9953,All SNPs
7.9953,All SNPs
7.9953,All SNPs
7.9953,All SNPs
7.9953,All SNPs
7.9953,All SNPs
7.9953,All SNPs
7.9953,All SNPs
7.3803,All SNPs
5.1819,All SNPs
5.1819,All SNPs
5.1819,All SNPs
5.1819,All SNPs
5.1819,All SNPs
5.1819,All SNPs
5.1819,All SNPs
0.63242,All SNPs
0.63242,All SNPs
0.63242,All SNPs
1.2739,All SNPs
7.3428,All SNPs
7.3428,All SNPs
7.3428,All SNPs
7.3428,All SNPs
7.3428,All SNPs
7.3428,All SNPs
0.87744,All SNPs
1.0878,All SNPs
1.0878,All SNPs
1.0878,All SNPs
1.0878,All SNPs
1.0878,All SNPs
1.0878,All SNPs
4.2488,All SNPs
4.3702,All SNPs
4.3702,All SNPs
0.93711,All SNPs
0.93711,All SNPs
0.93711,All SNPs
5.6272,All SNPs
1.1061,All SNPs
3.7913,All SNPs
3.7913,All SNPs
3.7913,All SNPs
6.8168,All SNPs
6.8168,All SNPs
6.8168,All SNPs
6.8168,All SNPs
0.85023,All SNPs
0.85023,All SNPs
0.85023,All SNPs
0.85023,All SNPs
0.85023,All SNPs
0.85023,All SNPs
0.85023,All SNPs
0.85023,All SNPs
4.4335,All SNPs
4.4335,All SNPs
4.189,All SNPs
4.189,All SNPs
0.51238,All SNPs
0.51238,All SNPs
0.51238,All SNPs
0.51238,All SNPs
0.51238,All SNPs
0.51238,All SNPs
0.72759,All SNPs
0.72759,All SNPs
0.72759,All SNPs
0.72759,All SNPs
0.72759,All SNPs
0.72759,All SNPs
0.72759,All SNPs
0.72759,All SNPs
0.72759,All SNPs
0.72759,All SNPs
0.72759,All SNPs
0.72759,All SNPs
1.0106,All SNPs
0.51021,All SNPs
0.51021,All SNPs
0.51021,All SNPs
1.2167,All SNPs
1.2167,All SNPs
1.2167,All SNPs
1.2167,All SNPs
1.284,All SNPs
5.2139,All SNPs
5.2139,All SNPs
5.2139,All SNPs
5.2139,All SNPs
5.2139,All SNPs
7.9329,All SNPs
7.9329,All SNPs
7.9329,All SNPs
7.9329,All SNPs
7.9329,All SNPs
7.9329,All SNPs
7.9329,All SNPs
7.9329,All SNPs
7.9329,All SNPs
6.5499,All SNPs
6.5499,All SNPs
6.5499,All SNPs
1.3466,All SNPs
1.3466,All SNPs
1.3466,All SNPs
1.3466,All SNPs
0.53931,All SNPs
0.97016,All SNPs
0.97016,All SNPs
0.19342,All SNPs
0.19342,All SNPs
0.19342,All SNPs
5.2528,All SNPs
5.2528,All SNPs
5.2528,All SNPs
5.2528,All SNPs
5.2528,All SNPs
5.2528,All SNPs
5.2528,All SNPs
5.2528,All SNPs
3.917,All SNPs
3.917,All SNPs
3.917,All SNPs
3.917,All SNPs
3.917,All SNPs
3.917,All SNPs
3.917,All SNPs
3.917,All SNPs
3.917,All SNPs
3.917,All SNPs
5.4579,All SNPs
0.89379,All SNPs
0.77268,All SNPs
7.9553,All SNPs
7.9553,All SNPs
0.64643,All SNPs
0.64643,All SNPs
0.64643,All SNPs
0.64643,All SNPs
6.8459,All SNPs
1.0058,All SNPs
5.8976,All SNPs
5.8976,All SNPs
5.8976,All SNPs
6.6401,All SNPs
6.6401,All SNPs
1.2315,All SNPs
1.2315,All SNPs
1.2315,All SNPs
1.2315,All SNPs
1.2315,All SNPs
1.2315,All SNPs
1.2315,All SNPs
1.2315,All SNPs
1.2315,All SNPs
1.2315,All SNPs
1.2315,All SNPs
1.2315,All SNPs
1.2315,All SNPs
3.5231,All SNPs
0.62104,All SNPs
0.62104,All SNPs
1.245,All SNPs
1.245,All SNPs
0.48399,All SNPs
0.48399,All SNPs
0.48399,All SNPs
4.206,All SNPs
4.206,All SNPs
4.206,All SNPs
3.4231,All SNPs
3.4231,All SNPs
3.4231,All SNPs
3.4231,All SNPs
3.4231,All SNPs
3.4231,All SNPs
3.4231,All SNPs
3.4231,All SNPs
3.4231,All SNPs
3.4231,All SNPs
3.4231,All SNPs
3.4231,All SNPs
3.4231,All SNPs
3.4231,All SNPs
3.4231,All SNPs
3.4231,All SNPs
3.4231,All SNPs
3.4231,All SNPs
3.4231,All SNPs
3.4231,All SNPs
3.4231,All SNPs
3.4231,All SNPs
3.4231,All SNPs
3.4231,All SNPs
3.4231,All SNPs
3.4231,All SNPs
3.4231,All SNPs
3.4231,All SNPs
3.4231,All SNPs
3.4231,All SNPs
3.4231,All SNPs
3.4231,All SNPs
3.4231,All SNPs
3.4231,All SNPs
3.4231,All SNPs
3.4231,All SNPs
3.4231,All SNPs
3.4231,All SNPs
3.4231,All SNPs
3.4231,All SNPs
3.4231,All SNPs
3.4231,All SNPs
3.4231,All SNPs
3.4231,All SNPs
3.4231,All SNPs
3.4231,All SNPs
3.4231,All SNPs
3.4231,All SNPs
3.4231,All SNPs
3.4231,All SNPs
3.4231,All SNPs
3.4231,All SNPs
3.4231,All SNPs
3.4231,All SNPs
3.4231,All SNPs
3.4231,All SNPs
3.4231,All SNPs
3.4231,All SNPs
3.4231,All SNPs
3.4231,All SNPs
3.4231,All SNPs
3.4231,All SNPs
3.4231,All SNPs
3.4231,All SNPs
3.4231,All SNPs
3.4231,All SNPs
3.4231,All SNPs
3.4231,All SNPs
3.4231,All SNPs
3.4231,All SNPs
3.4231,All SNPs
3.4231,All SNPs
3.4231,All SNPs
3.4231,All SNPs
3.4231,All SNPs
3.4231,All SNPs
3.4231,All SNPs
1.029,All SNPs
1.029,All SNPs
1.029,All SNPs
1.0464,All SNPs
1.0464,All SNPs
1.0464,All SNPs
1.0464,All SNPs
1.0464,All SNPs
1.0464,All SNPs
1.0464,All SNPs
0.97153,All SNPs
1.2643,All SNPs
1.2643,All SNPs
1.2643,All SNPs
1.2643,All SNPs
1.2643,All SNPs
4.2581,All SNPs
4.2581,All SNPs
4.2581,All SNPs
4.2581,All SNPs
4.2581,All SNPs
4.2581,All SNPs
4.2581,All SNPs
4.2581,All SNPs
0.71319,All SNPs
0.63694,All SNPs
0.63694,All SNPs
0.63694,All SNPs
0.63694,All SNPs
0.63694,All SNPs
0.63694,All SNPs
0.63694,All SNPs
0.63694,All SNPs
0.63694,All SNPs
0.63694,All SNPs
0.63694,All SNPs
0.63694,All SNPs
0.63694,All SNPs
0.63694,All SNPs
0.63694,All SNPs
0.63694,All SNPs
0.63694,All SNPs
0.63694,All SNPs
0.63694,All SNPs
0.63694,All SNPs
0.63694,All SNPs
0.63694,All SNPs
0.63694,All SNPs
0.63694,All SNPs
0.63694,All SNPs
0.63694,All SNPs
0.63694,All SNPs
0.63694,All SNPs
0.63694,All SNPs
0.63694,All SNPs
0.63694,All SNPs
0.63694,All SNPs
0.63694,All SNPs
0.63694,All SNPs
0.63694,All SNPs
0.63694,All SNPs
0.63694,All SNPs
0.63694,All SNPs
0.023887,All SNPs
0.80587,All SNPs
0.80587,All SNPs
0.80587,All SNPs
0.80587,All SNPs
0.80587,All SNPs
0.80587,All SNPs
0.80587,All SNPs
0.80587,All SNPs
0.80587,All SNPs
0.80587,All SNPs
0.80587,All SNPs
0.80587,All SNPs
0.95833,All SNPs
0.34256,All SNPs
0.34256,All SNPs
4.9859,All SNPs
1.2667,All SNPs
1.2667,All SNPs
1.2667,All SNPs
1.2667,All SNPs
5.8972,All SNPs
1.1204,All SNPs
1.1204,All SNPs
1.1204,All SNPs
1.1204,All SNPs
1.1204,All SNPs
1.1204,All SNPs
1.1204,All SNPs
1.1204,All SNPs
1.1204,All SNPs
7.0674,All SNPs
7.0674,All SNPs
7.0674,All SNPs
0.42343,All SNPs
0.543,All SNPs
5.1963,All SNPs
5.1963,All SNPs
0.88397,All SNPs
0.88397,All SNPs
0.88397,All SNPs
6.3742,All SNPs
6.3742,All SNPs
6.3742,All SNPs
6.3742,All SNPs
0.95806,All SNPs
4.6641,All SNPs
4.6641,All SNPs
0.91188,All SNPs
1.3001,All SNPs
1.3001,All SNPs
1.3001,All SNPs
5.0177,All SNPs
0.59717,All SNPs
0.59717,All SNPs
0.59717,All SNPs
0.59717,All SNPs
0.59717,All SNPs
0.59717,All SNPs
0.59717,All SNPs
0.59717,All SNPs
4.3791,All SNPs
4.3791,All SNPs
4.3791,All SNPs
4.0566,All SNPs
5.1928,All SNPs
0.59351,All SNPs
0.59351,All SNPs
0.59351,All SNPs
0.59351,All SNPs
0.59351,All SNPs
4.4316,All SNPs
3.9319,All SNPs
1.3191,All SNPs
4.0529,All SNPs
4.0529,All SNPs
4.0529,All SNPs
4.0529,All SNPs
4.0529,All SNPs
4.0529,All SNPs
1.3024,All SNPs
4.032,All SNPs
4.032,All SNPs
4.032,All SNPs
4.032,All SNPs
4.032,All SNPs
4.032,All SNPs
4.032,All SNPs
4.032,All SNPs
4.032,All SNPs
4.032,All SNPs
0.35241,All SNPs
3.9013,All SNPs
4.6487,All SNPs
3.9253,All SNPs
3.9253,All SNPs
3.9253,All SNPs
3.9253,All SNPs
3.9253,All SNPs
3.9253,All SNPs
3.9253,All SNPs
3.9253,All SNPs
3.9253,All SNPs
4.1842,All SNPs
1.3015,All SNPs
1.3015,All SNPs
1.3015,All SNPs
5.105,All SNPs
1.2614,All SNPs
1.2614,All SNPs
3.544,All SNPs
7.2374,All SNPs
0.4744,All SNPs
0.4744,All SNPs
0.4744,All SNPs
0.4744,All SNPs
0.4744,All SNPs
0.4744,All SNPs
0.4744,All SNPs
0.093572,All SNPs
0.093572,All SNPs
0.093572,All SNPs
0.093572,All SNPs
0.093572,All SNPs
0.093572,All SNPs
4.241,All SNPs
4.241,All SNPs
6.526,All SNPs
0.94263,All SNPs
0.94263,All SNPs
0.94263,All SNPs
0.94263,All SNPs
4.9723,All SNPs
4.9723,All SNPs
1.033,All SNPs
1.033,All SNPs
0.9904,All SNPs
0.9904,All SNPs
0.9904,All SNPs
0.9904,All SNPs
0.9904,All SNPs
0.9904,All SNPs
0.94426,All SNPs
0.94426,All SNPs
0.94426,All SNPs
0.94426,All SNPs
0.94426,All SNPs
5.2045,All SNPs
1.0494,All SNPs
1.2794,All SNPs
1.2794,All SNPs
5.756,All SNPs
5.756,All SNPs
5.756,All SNPs
5.756,All SNPs
5.756,All SNPs
1.3487,All SNPs
1.3487,All SNPs
1.3487,All SNPs
1.3487,All SNPs
1.3487,All SNPs
4.5494,All SNPs
3.4771,All SNPs
3.4771,All SNPs
3.4771,All SNPs
3.4771,All SNPs
3.4771,All SNPs
3.4771,All SNPs
3.4771,All SNPs
4.6527,All SNPs
1.2638,All SNPs
1.2638,All SNPs
1.2638,All SNPs
1.2638,All SNPs
1.2638,All SNPs
1.2638,All SNPs
0.71153,All SNPs
4.415,All SNPs
1.2353,All SNPs
1.2353,All SNPs
1.2353,All SNPs
1.2353,All SNPs
1.2353,All SNPs
1.2353,All SNPs
1.2353,All SNPs
1.2353,All SNPs
1.2353,All SNPs
1.2353,All SNPs
1.2353,All SNPs
0.058131,All SNPs
6.106,All SNPs
0.46369,All SNPs
0.46369,All SNPs
3.8336,All SNPs
3.8336,All SNPs
3.8336,All SNPs
3.8336,All SNPs
3.8336,All SNPs
0.39868,All SNPs
0.39868,All SNPs
0.39868,All SNPs
0.94025,All SNPs
0.94025,All SNPs
0.94025,All SNPs
0.94025,All SNPs
3.8794,All SNPs
3.8794,All SNPs
3.8794,All SNPs
3.8794,All SNPs
3.8794,All SNPs
3.8794,All SNPs
3.8794,All SNPs
3.8794,All SNPs
3.8794,All SNPs
3.8794,All SNPs
9.5797,All SNPs
9.5797,All SNPs
9.5797,All SNPs
9.5797,All SNPs
9.5797,All SNPs
9.5797,All SNPs
1.0726,All SNPs
1.1528,All SNPs
0.56988,All SNPs
0.56988,All SNPs
0.56988,All SNPs
0.56988,All SNPs
0.56988,All SNPs
0.13367,All SNPs
7.4771,All SNPs
7.4771,All SNPs
4.2702,All SNPs
4.2702,All SNPs
0.69985,All SNPs
0.69985,All SNPs
0.69985,All SNPs
0.69985,All SNPs
0.69985,All SNPs
0.69985,All SNPs
0.69985,All SNPs
0.96601,All SNPs
0.96601,All SNPs
0.96601,All SNPs
0.96601,All SNPs
0.96601,All SNPs
0.96601,All SNPs
0.96601,All SNPs
0.96601,All SNPs
0.96601,All SNPs
0.96601,All SNPs
6.9111,All SNPs
6.9111,All SNPs
6.9111,All SNPs
6.9111,All SNPs
6.9111,All SNPs
6.9111,All SNPs
6.9111,All SNPs
6.9111,All SNPs
6.9111,All SNPs
6.9111,All SNPs
6.9111,All SNPs
0.19825,All SNPs
0.19825,All SNPs
0.19825,All SNPs
0.19825,All SNPs
0.19825,All SNPs
0.19825,All SNPs
0.19825,All SNPs
1.0415,All SNPs
0.74772,All SNPs
0.4687,All SNPs
1.08,All SNPs
1.08,All SNPs
1.2778,All SNPs
1.2567,All SNPs
1.2567,All SNPs
5.7216,All SNPs
5.7216,All SNPs
1.1433,All SNPs
1.0029,All SNPs
1.0029,All SNPs
1.0029,All SNPs
3.8491,All SNPs
3.8491,All SNPs
3.8491,All SNPs
3.8491,All SNPs
3.8491,All SNPs
1.0077,All SNPs
0.061894,All SNPs
0.061894,All SNPs
1.167,All SNPs
1.167,All SNPs
1.0569,All SNPs
1.0569,All SNPs
5.4731,All SNPs
5.4731,All SNPs
3.3783,All SNPs
3.3783,All SNPs
3.3783,All SNPs
3.3783,All SNPs
3.3783,All SNPs
3.3783,All SNPs
3.3783,All SNPs
3.3783,All SNPs
3.3783,All SNPs
3.3783,All SNPs
3.3783,All SNPs
3.3783,All SNPs
3.3783,All SNPs
3.3783,All SNPs
3.3783,All SNPs
1.2462,All SNPs
1.0217,All SNPs
1.0217,All SNPs
5.7081,All SNPs
4.6282,All SNPs
4.6282,All SNPs
4.6282,All SNPs
4.6282,All SNPs
4.6282,All SNPs
4.6282,All SNPs
4.6282,All SNPs
0.39303,All SNPs
0.39303,All SNPs
0.39303,All SNPs
0.39303,All SNPs
0.39303,All SNPs
0.39303,All SNPs
0.39303,All SNPs
0.39303,All SNPs
0.39303,All SNPs
0.39303,All SNPs
0.88805,All SNPs
0.10009,All SNPs
0.10009,All SNPs
0.10009,All SNPs
0.10009,All SNPs
0.10009,All SNPs
1.0685,All SNPs
0.78921,All SNPs
0.69376,All SNPs
5.1034,All SNPs
5.1034,All SNPs
3.6485,All SNPs
0.44295,All SNPs
0.44295,All SNPs
0.44295,All SNPs
0.44295,All SNPs
0.44295,All SNPs
0.86688,All SNPs
1.2023,All SNPs
1.2023,All SNPs
0.69613,All SNPs
0.081685,All SNPs
0.081685,All SNPs
4.0382,All SNPs
4.0382,All SNPs
4.0382,All SNPs
4.0382,All SNPs
4.0382,All SNPs
4.0382,All SNPs
4.0382,All SNPs
5.4608,All SNPs
3.838,All SNPs
0.46488,All SNPs
0.46488,All SNPs
3.8577,All SNPs
7.6955,All SNPs
7.6955,All SNPs
7.6955,All SNPs
7.6955,All SNPs
7.6955,All SNPs
7.6955,All SNPs
7.6955,All SNPs
7.6955,All SNPs
7.6955,All SNPs
7.6955,All SNPs
7.6955,All SNPs
7.6955,All SNPs
7.6955,All SNPs
7.6955,All SNPs
7.6955,All SNPs
7.6955,All SNPs
7.6955,All SNPs
0.70819,All SNPs
0.70819,All SNPs
0.70819,All SNPs
0.70819,All SNPs
0.70819,All SNPs
0.70819,All SNPs
0.70819,All SNPs
0.70819,All SNPs
0.70819,All SNPs
0.70819,All SNPs
0.70819,All SNPs
0.70819,All SNPs
0.91863,All SNPs
0.91863,All SNPs
0.91863,All SNPs
0.91863,All SNPs
0.91863,All SNPs
0.91863,All SNPs
0.91863,All SNPs
0.91863,All SNPs
0.91863,All SNPs
5.5549,All SNPs
5.8435,All SNPs
5.8435,All SNPs
0.012975,All SNPs
0.84372,All SNPs
0.84372,All SNPs
0.84372,All SNPs
1.1716,All SNPs
0.14782,All SNPs
3.414,All SNPs
4.4867,All SNPs
4.4867,All SNPs
4.4867,All SNPs
4.4867,All SNPs
4.4867,All SNPs
4.4867,All SNPs
0.64584,All SNPs
0.64584,All SNPs
0.64584,All SNPs
3.5964,All SNPs
3.5964,All SNPs
3.5964,All SNPs
3.5964,All SNPs
3.5964,All SNPs
4.1484,All SNPs
4.1484,All SNPs
4.1484,All SNPs
4.1484,All SNPs
4.1484,All SNPs
4.1484,All SNPs
4.1484,All SNPs
4.1484,All SNPs
4.1484,All SNPs
4.1484,All SNPs
4.1484,All SNPs
4.1484,All SNPs
4.1484,All SNPs
4.1484,All SNPs
4.1484,All SNPs
4.1484,All SNPs
4.1484,All SNPs
4.1484,All SNPs
1.3183,All SNPs
1.3183,All SNPs
4.699,All SNPs
4.699,All SNPs
4.699,All SNPs
4.699,All SNPs
4.699,All SNPs
4.699,All SNPs
4.699,All SNPs
1.0046,All SNPs
1.0046,All SNPs
1.0046,All SNPs
1.0046,All SNPs
1.0046,All SNPs
5.712,All SNPs
5.712,All SNPs
3.4058,All SNPs
3.4058,All SNPs
3.4058,All SNPs
8.3322,All SNPs
8.3322,All SNPs
0.72763,All SNPs
0.72763,All SNPs
0.72763,All SNPs
0.72763,All SNPs
0.72763,All SNPs
0.72763,All SNPs
0.72763,All SNPs
0.72763,All SNPs
0.72763,All SNPs
0.72763,All SNPs
0.72763,All SNPs
0.72763,All SNPs
0.72763,All SNPs
0.72763,All SNPs
0.72763,All SNPs
0.72763,All SNPs
0.72763,All SNPs
0.72763,All SNPs
0.72763,All SNPs
0.72763,All SNPs
0.72763,All SNPs
0.72763,All SNPs
0.72763,All SNPs
0.72763,All SNPs
0.72763,All SNPs
0.72763,All SNPs
0.72763,All SNPs
0.72763,All SNPs
0.72763,All SNPs
0.72763,All SNPs
0.72763,All SNPs
0.72763,All SNPs
0.72763,All SNPs
0.72763,All SNPs
0.72763,All SNPs
0.72763,All SNPs
5.6771,All SNPs
5.6771,All SNPs
1.1377,All SNPs
1.091,All SNPs
1.091,All SNPs
1.091,All SNPs
0.55672,All SNPs
0.55672,All SNPs
0.55672,All SNPs
0.55672,All SNPs
0.96169,All SNPs
0.28033,All SNPs
1.3298,All SNPs
4.8228,All SNPs
8.1453,All SNPs
8.1453,All SNPs
1.3424,All SNPs
1.3424,All SNPs
1.0675,All SNPs
1.0675,All SNPs
1.0675,All SNPs
1.0675,All SNPs
5.1197,All SNPs
5.1197,All SNPs
5.1197,All SNPs
5.1197,All SNPs
5.1197,All SNPs
5.1197,All SNPs
5.1197,All SNPs
5.1197,All SNPs
5.1197,All SNPs
5.1197,All SNPs
5.1197,All SNPs
5.1197,All SNPs
5.1197,All SNPs
5.1197,All SNPs
5.1197,All SNPs
5.1197,All SNPs
5.1197,All SNPs
1.3036,All SNPs
4.7411,All SNPs
4.7411,All SNPs
5.331,All SNPs
5.331,All SNPs
5.331,All SNPs
1.0275,All SNPs
6.3171,All SNPs
4.0903,All SNPs
0.84894,All SNPs
0.84894,All SNPs
1.3105,All SNPs
3.8627,All SNPs
3.8627,All SNPs
3.8627,All SNPs
3.8627,All SNPs
3.4142,All SNPs
0.10217,All SNPs
5.1786,All SNPs
5.1786,All SNPs
5.1786,All SNPs
5.1786,All SNPs
5.1786,All SNPs
5.1786,All SNPs
5.1786,All SNPs
5.1786,All SNPs
5.1786,All SNPs
5.1786,All SNPs
5.1786,All SNPs
5.1786,All SNPs
5.1786,All SNPs
5.1786,All SNPs
5.1786,All SNPs
1.2203,All SNPs
1.2203,All SNPs
1.2902,All SNPs
1.2902,All SNPs
1.2902,All SNPs
1.2902,All SNPs
1.2902,All SNPs
1.2902,All SNPs
1.2902,All SNPs
1.2902,All SNPs
1.2902,All SNPs
1.2902,All SNPs
1.2902,All SNPs
1.2902,All SNPs
4.3004,All SNPs
4.3004,All SNPs
4.3004,All SNPs
4.3004,All SNPs
4.3004,All SNPs
4.3004,All SNPs
4.3204,All SNPs
4.3204,All SNPs
4.3204,All SNPs
4.0667,All SNPs
4.0667,All SNPs
4.0667,All SNPs
4.0667,All SNPs
4.0667,All SNPs
4.0667,All SNPs
1.0655,All SNPs
1.0655,All SNPs
1.0655,All SNPs
1.0655,All SNPs
1.0655,All SNPs
0.20772,All SNPs
0.20772,All SNPs
6.1717,All SNPs
6.1717,All SNPs
6.1717,All SNPs
6.1717,All SNPs
6.1717,All SNPs
4.272,All SNPs
4.272,All SNPs
4.272,All SNPs
4.272,All SNPs
1.2719,All SNPs
1.2719,All SNPs
3.3921,All SNPs
3.3921,All SNPs
1.1153,All SNPs
4.4528,All SNPs
0.30522,All SNPs
0.29177,All SNPs
0.29177,All SNPs
0.29177,All SNPs
0.29177,All SNPs
0.29177,All SNPs
0.29177,All SNPs
0.29177,All SNPs
0.29177,All SNPs
0.29177,All SNPs
0.29177,All SNPs
0.29177,All SNPs
0.29177,All SNPs
0.29177,All SNPs
0.29177,All SNPs
0.29177,All SNPs
0.29177,All SNPs
0.29177,All SNPs
0.29177,All SNPs
0.29177,All SNPs
0.29177,All SNPs
0.29177,All SNPs
0.29177,All SNPs
0.29177,All SNPs
0.29177,All SNPs
0.29177,All SNPs
0.29177,All SNPs
0.29177,All SNPs
0.29177,All SNPs
0.29177,All SNPs
0.29177,All SNPs
0.29177,All SNPs
0.29177,All SNPs
0.29177,All SNPs
0.29177,All SNPs
0.29177,All SNPs
0.29177,All SNPs
0.29177,All SNPs
0.29177,All SNPs
0.29177,All SNPs
0.29177,All SNPs
0.29177,All SNPs
0.29177,All SNPs
0.29177,All SNPs
0.29177,All SNPs
0.29177,All SNPs
0.29177,All SNPs
0.29177,All SNPs
3.9494,All SNPs
3.9494,All SNPs
3.9494,All SNPs
3.9494,All SNPs
3.9494,All SNPs
3.9494,All SNPs
3.9494,All SNPs
3.9494,All SNPs
3.9494,All SNPs
3.9494,All SNPs
0.82016,All SNPs
0.82016,All SNPs
6.0958,All SNPs
6.0958,All SNPs
6.0958,All SNPs
6.0958,All SNPs
4.51,All SNPs
4.51,All SNPs
4.51,All SNPs
4.51,All SNPs
4.51,All SNPs
7.4703,All SNPs
1.1469,All SNPs
4.1554,All SNPs
4.1554,All SNPs
1.0075,All SNPs
4.666,All SNPs
4.666,All SNPs
4.666,All SNPs
4.666,All SNPs
4.666,All SNPs
4.666,All SNPs
4.666,All SNPs
4.666,All SNPs
1.2017,All SNPs
0.077736,All SNPs
0.55032,All SNPs
1.2182,All SNPs
1.2182,All SNPs
1.2182,All SNPs
5.82,All SNPs
5.82,All SNPs
1.0378,All SNPs
1.0378,All SNPs
1.0378,All SNPs
0.82014,All SNPs
1.025,All SNPs
1.025,All SNPs
1.025,All SNPs
1.025,All SNPs
1.025,All SNPs
0.70967,All SNPs
0.70967,All SNPs
0.70967,All SNPs
0.70967,All SNPs
0.92925,All SNPs
4.1401,All SNPs
4.1401,All SNPs
4.1401,All SNPs
4.1401,All SNPs
4.1401,All SNPs
0.12814,All SNPs
0.054593,All SNPs
0.054593,All SNPs
0.054593,All SNPs
0.054593,All SNPs
0.054593,All SNPs
0.054593,All SNPs
5.9313,All SNPs
7.619,All SNPs
0.79099,All SNPs
0.79099,All SNPs
0.79099,All SNPs
0.79099,All SNPs
0.79099,All SNPs
0.79099,All SNPs
0.79099,All SNPs
0.79099,All SNPs
0.79099,All SNPs
4.3096,All SNPs
0.52048,All SNPs
0.52048,All SNPs
0.52048,All SNPs
0.52048,All SNPs
0.52048,All SNPs
0.52048,All SNPs
0.52048,All SNPs
0.52048,All SNPs
0.52048,All SNPs
0.52048,All SNPs
0.52048,All SNPs
0.52048,All SNPs
0.52048,All SNPs
0.52048,All SNPs
3.8325,All SNPs
5.9641,All SNPs
0.92868,All SNPs
3.9174,All SNPs
0.81946,All SNPs
0.81946,All SNPs
0.81946,All SNPs
0.81946,All SNPs
0.81946,All SNPs
0.81946,All SNPs
0.81946,All SNPs
0.81946,All SNPs
0.81946,All SNPs
0.81946,All SNPs
0.81946,All SNPs
5.2545,All SNPs
5.2545,All SNPs
5.2545,All SNPs
0.84785,All SNPs
0.84785,All SNPs
0.84785,All SNPs
7.3629,All SNPs
4.2792,All SNPs
4.3758,All SNPs
4.3758,All SNPs
1.1283,All SNPs
1.1283,All SNPs
1.1283,All SNPs
1.1283,All SNPs
1.1283,All SNPs
1.1283,All SNPs
3.3847,All SNPs
3.3847,All SNPs
3.3847,All SNPs
3.9086,All SNPs
3.9086,All SNPs
0.71329,All SNPs
0.71329,All SNPs
0.71329,All SNPs
0.89274,All SNPs
0.89274,All SNPs
0.89274,All SNPs
0.89274,All SNPs
0.22324,All SNPs
0.22324,All SNPs
0.22324,All SNPs
0.22324,All SNPs
0.22324,All SNPs
0.22324,All SNPs
0.22324,All SNPs
0.22324,All SNPs
0.22324,All SNPs
0.22324,All SNPs
0.22324,All SNPs
0.74273,All SNPs
0.75915,All SNPs
3.3843,All SNPs
3.3843,All SNPs
3.3843,All SNPs
3.3843,All SNPs
3.3843,All SNPs
3.3843,All SNPs
3.3843,All SNPs
3.3843,All SNPs
3.3843,All SNPs
4.9371,All SNPs
4.9371,All SNPs
4.9371,All SNPs
4.9371,All SNPs
4.9371,All SNPs
4.9371,All SNPs
4.9371,All SNPs
7.9656,All SNPs
0.98642,All SNPs
1.2965,All SNPs
6.086,All SNPs
6.086,All SNPs
4.4852,All SNPs
4.4852,All SNPs
4.4852,All SNPs
4.4852,All SNPs
4.4852,All SNPs
0.87317,All SNPs
4.0525,All SNPs
4.3418,All SNPs
4.3418,All SNPs
4.0353,All SNPs
0.52231,All SNPs
0.8116,All SNPs
0.25997,All SNPs
0.25997,All SNPs
7.2104,All SNPs
1.2669,All SNPs
1.2669,All SNPs
1.115,All SNPs
1.3008,All SNPs
1.3008,All SNPs
1.3008,All SNPs
4.6617,All SNPs
0.67454,All SNPs
0.67454,All SNPs
0.67454,All SNPs
0.67454,All SNPs
0.67454,All SNPs
0.67454,All SNPs
0.67454,All SNPs
0.67454,All SNPs
0.67454,All SNPs
1.0849,All SNPs
5.6111,All SNPs
5.6111,All SNPs
5.6111,All SNPs
5.6111,All SNPs
5.6111,All SNPs
5.6111,All SNPs
5.6111,All SNPs
5.6111,All SNPs
5.4807,All SNPs
5.4807,All SNPs
1.2317,All SNPs
3.8056,All SNPs
3.8056,All SNPs
3.8056,All SNPs
3.8056,All SNPs
3.8056,All SNPs
3.8056,All SNPs
3.8056,All SNPs
0.6495,All SNPs
0.6495,All SNPs
1.3455,All SNPs
1.1861,All SNPs
1.1861,All SNPs
1.1861,All SNPs
6.3814,All SNPs
6.3814,All SNPs
6.3814,All SNPs
6.3814,All SNPs
6.3814,All SNPs
6.3814,All SNPs
6.3814,All SNPs
6.3814,All SNPs
6.3814,All SNPs
6.3814,All SNPs
6.3814,All SNPs
6.3814,All SNPs
4.527,All SNPs
4.527,All SNPs
4.527,All SNPs
4.527,All SNPs
4.527,All SNPs
4.527,All SNPs
4.527,All SNPs
4.527,All SNPs
4.527,All SNPs
0.046043,All SNPs
0.046043,All SNPs
0.046043,All SNPs
0.046043,All SNPs
0.046043,All SNPs
5.0621,All SNPs
5.0621,All SNPs
5.0621,All SNPs
5.0621,All SNPs
5.0621,All SNPs
5.0621,All SNPs
5.0621,All SNPs
5.0621,All SNPs
5.0621,All SNPs
5.0621,All SNPs
5.0621,All SNPs
5.0621,All SNPs
3.8383,All SNPs
3.8383,All SNPs
5.3909,All SNPs
3.3888,All SNPs
4.302,All SNPs
4.4112,All SNPs
5.7967,All SNPs
5.7967,All SNPs
5.7967,All SNPs
5.7967,All SNPs
5.7967,All SNPs
1.2455,All SNPs
0.22644,All SNPs
0.22644,All SNPs
0.22644,All SNPs
4.3845,All SNPs
4.3845,All SNPs
6.1781,All SNPs
1.2142,All SNPs
1.2142,All SNPs
0.49514,All SNPs
0.49514,All SNPs
0.49514,All SNPs
0.42143,All SNPs
3.4816,All SNPs
4.6461,All SNPs
4.6461,All SNPs
4.6461,All SNPs
4.6461,All SNPs
4.6461,All SNPs
4.6461,All SNPs
4.6461,All SNPs
4.6461,All SNPs
4.6461,All SNPs
4.6461,All SNPs
4.6461,All SNPs
4.6461,All SNPs
4.6461,All SNPs
4.6461,All SNPs
4.6461,All SNPs
4.6461,All SNPs
4.6461,All SNPs
4.6461,All SNPs
4.6461,All SNPs
4.6461,All SNPs
4.6461,All SNPs
4.6461,All SNPs
4.6461,All SNPs
4.6461,All SNPs
4.6461,All SNPs
4.6461,All SNPs
4.6461,All SNPs
4.6461,All SNPs
4.6461,All SNPs
4.6461,All SNPs
4.6461,All SNPs
4.6461,All SNPs
4.6461,All SNPs
4.6461,All SNPs
4.6461,All SNPs
4.6461,All SNPs
4.6461,All SNPs
4.6461,All SNPs
4.6461,All SNPs
4.6461,All SNPs
4.6461,All SNPs
4.6461,All SNPs
4.6461,All SNPs
4.6461,All SNPs
4.6461,All SNPs
4.6461,All SNPs
4.6461,All SNPs
4.6461,All SNPs
4.6461,All SNPs
4.6461,All SNPs
4.6461,All SNPs
4.6461,All SNPs
4.6461,All SNPs
4.6461,All SNPs
4.6461,All SNPs
4.6461,All SNPs
4.6461,All SNPs
4.6461,All SNPs
4.6461,All SNPs
4.6461,All SNPs
4.6461,All SNPs
4.6461,All SNPs
4.6461,All SNPs
4.6461,All SNPs
0.16224,All SNPs
0.93211,All SNPs
0.094993,All SNPs
1.3517,All SNPs
5.6728,All SNPs
5.6728,All SNPs
5.6728,All SNPs
4.8428,All SNPs
0.66921,All SNPs
0.79371,All SNPs
0.79371,All SNPs
3.6859,All SNPs
1.0811,All SNPs
1.0811,All SNPs
1.0811,All SNPs
1.0811,All SNPs
1.0811,All SNPs
1.0811,All SNPs
1.0811,All SNPs
1.0811,All SNPs
1.0811,All SNPs
1.0811,All SNPs
1.0811,All SNPs
1.0811,All SNPs
1.0811,All SNPs
4.5532,All SNPs
4.5532,All SNPs
1.2987,All SNPs
1.2987,All SNPs
1.1937,All SNPs
1.1937,All SNPs
1.1857,All SNPs
1.1857,All SNPs
1.1857,All SNPs
1.1857,All SNPs
1.1857,All SNPs
1.1857,All SNPs
1.1857,All SNPs
1.1857,All SNPs
1.1857,All SNPs
1.1857,All SNPs
1.1857,All SNPs
1.1857,All SNPs
1.1857,All SNPs
1.1857,All SNPs
1.1857,All SNPs
1.1857,All SNPs
1.1857,All SNPs
1.1857,All SNPs
1.1857,All SNPs
1.1857,All SNPs
1.1857,All SNPs
1.1857,All SNPs
1.1857,All SNPs
1.1857,All SNPs
1.1857,All SNPs
1.1857,All SNPs
1.1857,All SNPs
5.5445,All SNPs
5.5445,All SNPs
0.51803,All SNPs
0.51803,All SNPs
0.51803,All SNPs
0.51803,All SNPs
0.51803,All SNPs
0.51803,All SNPs
0.51803,All SNPs
0.36313,All SNPs
1.2341,All SNPs
1.2341,All SNPs
1.2341,All SNPs
1.2341,All SNPs
1.2341,All SNPs
0.78438,All SNPs
0.78438,All SNPs
6.2515,All SNPs
6.2515,All SNPs
6.2515,All SNPs
6.2515,All SNPs
6.2515,All SNPs
6.2515,All SNPs
6.2515,All SNPs
6.2515,All SNPs
6.2515,All SNPs
6.2515,All SNPs
6.2515,All SNPs
6.2515,All SNPs
6.2515,All SNPs
6.2515,All SNPs
6.2515,All SNPs
6.2515,All SNPs
6.2515,All SNPs
6.2515,All SNPs
6.2515,All SNPs
6.2515,All SNPs
6.2515,All SNPs
6.2515,All SNPs
6.2515,All SNPs
6.2515,All SNPs
6.2515,All SNPs
6.2515,All SNPs
6.2515,All SNPs
6.2515,All SNPs
6.2515,All SNPs
6.2515,All SNPs
6.2515,All SNPs
0.64171,All SNPs
3.4371,All SNPs
3.4371,All SNPs
3.4371,All SNPs
3.4371,All SNPs
3.4371,All SNPs
3.4371,All SNPs
3.4371,All SNPs
3.4371,All SNPs
3.4371,All SNPs
3.4371,All SNPs
3.4371,All SNPs
3.4371,All SNPs
3.4371,All SNPs
3.4371,All SNPs
3.4371,All SNPs
3.4371,All SNPs
3.4371,All SNPs
3.4371,All SNPs
3.4371,All SNPs
3.4371,All SNPs
3.4371,All SNPs
3.4371,All SNPs
3.4371,All SNPs
3.4371,All SNPs
3.4371,All SNPs
3.4814,All SNPs
3.4814,All SNPs
3.4814,All SNPs
3.4814,All SNPs
3.4814,All SNPs
3.4814,All SNPs
1.2894,All SNPs
1.2894,All SNPs
0.76864,All SNPs
0.76864,All SNPs
6.1487,All SNPs
6.1487,All SNPs
6.1487,All SNPs
6.1487,All SNPs
6.1487,All SNPs
6.1487,All SNPs
6.1487,All SNPs
6.1487,All SNPs
3.8867,All SNPs
3.8867,All SNPs
3.8867,All SNPs
3.8867,All SNPs
3.8867,All SNPs
3.8867,All SNPs
3.8867,All SNPs
3.9759,All SNPs
6.5228,All SNPs
6.5228,All SNPs
6.5228,All SNPs
6.5228,All SNPs
6.5228,All SNPs
3.6827,All SNPs
3.6827,All SNPs
0.74268,All SNPs
0.16325,All SNPs
0.16325,All SNPs
4.9875,All SNPs
0.91351,All SNPs
0.91351,All SNPs
4.1012,All SNPs
4.1012,All SNPs
4.1012,All SNPs
4.1012,All SNPs
4.1012,All SNPs
4.1012,All SNPs
4.1012,All SNPs
7.218,All SNPs
7.218,All SNPs
7.218,All SNPs
7.218,All SNPs
7.218,All SNPs
5.679,All SNPs
0.25341,All SNPs
0.25341,All SNPs
0.41951,All SNPs
1.3056,All SNPs
1.3056,All SNPs
1.3056,All SNPs
1.3056,All SNPs
1.1821,All SNPs
1.1821,All SNPs
1.1821,All SNPs
1.1821,All SNPs
1.1821,All SNPs
0.6618,All SNPs
0.6618,All SNPs
5.1018,All SNPs
5.1018,All SNPs
5.1018,All SNPs
5.1018,All SNPs
5.1018,All SNPs
5.1018,All SNPs
5.1018,All SNPs
5.1018,All SNPs
5.1018,All SNPs
5.1018,All SNPs
5.1018,All SNPs
5.1018,All SNPs
5.1018,All SNPs
5.1018,All SNPs
5.1018,All SNPs
5.1018,All SNPs
5.1018,All SNPs
5.1018,All SNPs
5.1018,All SNPs
5.1018,All SNPs
0.92777,All SNPs
0.92777,All SNPs
0.54073,All SNPs
0.54073,All SNPs
0.54073,All SNPs
0.54073,All SNPs
0.54073,All SNPs
4.7939,All SNPs
1.2504,All SNPs
1.2504,All SNPs
1.2175,All SNPs
1.2175,All SNPs
0.96042,All SNPs
0.96042,All SNPs
0.96042,All SNPs
0.96042,All SNPs
0.96042,All SNPs
0.96042,All SNPs
5.0774,All SNPs
5.0774,All SNPs
5.0774,All SNPs
5.0774,All SNPs
5.0774,All SNPs
5.0774,All SNPs
5.0774,All SNPs
5.0774,All SNPs
5.0774,All SNPs
0.023289,All SNPs
0.023289,All SNPs
0.023289,All SNPs
0.93451,All SNPs
0.93451,All SNPs
0.93451,All SNPs
0.93451,All SNPs
6.179,All SNPs
3.6454,All SNPs
3.6454,All SNPs
3.6454,All SNPs
0.66079,All SNPs
0.70497,All SNPs
0.70497,All SNPs
0.70497,All SNPs
1.2282,All SNPs
0.37786,All SNPs
6.2144,All SNPs
6.2144,All SNPs
6.2144,All SNPs
6.2144,All SNPs
0.99382,All SNPs
4.7413,All SNPs
0.45184,All SNPs
1.1711,All SNPs
1.3269,All SNPs
1.3269,All SNPs
1.3269,All SNPs
1.3269,All SNPs
1.3269,All SNPs
1.3269,All SNPs
1.3269,All SNPs
1.3269,All SNPs
1.3269,All SNPs
1.3269,All SNPs
1.3269,All SNPs
1.3269,All SNPs
1.3269,All SNPs
1.3269,All SNPs
1.3269,All SNPs
0.91744,All SNPs
0.54938,All SNPs
5.6081,All SNPs
9.0064,All SNPs
5.0068,All SNPs
3.4735,All SNPs
7.0826,All SNPs
7.0826,All SNPs
7.0826,All SNPs
0.14586,All SNPs
3.8221,All SNPs
1.1408,All SNPs
1.1408,All SNPs
1.1408,All SNPs
1.1408,All SNPs
1.1248,All SNPs
0.050444,All SNPs
0.050444,All SNPs
1.0751,All SNPs
1.0751,All SNPs
4.3076,All SNPs
4.3076,All SNPs
4.3076,All SNPs
4.3076,All SNPs
4.3076,All SNPs
4.3076,All SNPs
4.3076,All SNPs
4.3076,All SNPs
4.3076,All SNPs
4.3076,All SNPs
4.3076,All SNPs
4.3076,All SNPs
4.3076,All SNPs
4.3076,All SNPs
3.3868,All SNPs
3.814,All SNPs
3.814,All SNPs
3.814,All SNPs
3.814,All SNPs
3.814,All SNPs
3.814,All SNPs
3.814,All SNPs
3.814,All SNPs
3.814,All SNPs
3.814,All SNPs
3.814,All SNPs
3.814,All SNPs
3.814,All SNPs
1.1854,All SNPs
1.1854,All SNPs
1.1854,All SNPs
1.1854,All SNPs
1.1854,All SNPs
4.0177,All SNPs
5.8737,All SNPs
1.3287,All SNPs
0.79242,All SNPs
3.9318,All SNPs
3.9318,All SNPs
3.9318,All SNPs
3.9318,All SNPs
6.0507,All SNPs
6.0507,All SNPs
6.0507,All SNPs
3.3702,All SNPs
3.3702,All SNPs
4.5725,All SNPs
0.90002,All SNPs
0.90002,All SNPs
0.90002,All SNPs
0.90002,All SNPs
0.90002,All SNPs
0.90002,All SNPs
0.90002,All SNPs
0.90002,All SNPs
0.28968,All SNPs
0.28968,All SNPs
0.28968,All SNPs
1.1272,All SNPs
1.1272,All SNPs
1.1272,All SNPs
1.1272,All SNPs
1.1272,All SNPs
1.1272,All SNPs
1.1272,All SNPs
6.5746,All SNPs
1.1565,All SNPs
1.1565,All SNPs
1.1565,All SNPs
1.1565,All SNPs
1.1864,All SNPs
1.1864,All SNPs
0.5471,All SNPs
4.8894,All SNPs
1.1205,All SNPs
1.1205,All SNPs
7.6303,All SNPs
0.85263,All SNPs
0.85263,All SNPs
0.85263,All SNPs
0.85263,All SNPs
0.85263,All SNPs
0.85263,All SNPs
1.2933,All SNPs
9.2039,All SNPs
9.2039,All SNPs
9.2039,All SNPs
4.3089,All SNPs
4.3089,All SNPs
4.3742,All SNPs
4.3742,All SNPs
4.3742,All SNPs
4.3742,All SNPs
4.3742,All SNPs
4.3742,All SNPs
4.3742,All SNPs
4.3742,All SNPs
4.3742,All SNPs
4.3742,All SNPs
4.3742,All SNPs
4.3742,All SNPs
4.3742,All SNPs
4.3742,All SNPs
4.3742,All SNPs
4.3742,All SNPs
4.3742,All SNPs
4.3742,All SNPs
4.3742,All SNPs
4.3742,All SNPs
4.3742,All SNPs
4.3742,All SNPs
4.3742,All SNPs
4.3742,All SNPs
4.3742,All SNPs
4.3742,All SNPs
4.3742,All SNPs
4.3742,All SNPs
4.3742,All SNPs
4.3742,All SNPs
4.3742,All SNPs
4.3742,All SNPs
4.3742,All SNPs
4.3742,All SNPs
4.3742,All SNPs
4.3742,All SNPs
4.3742,All SNPs
4.3742,All SNPs
0.90579,All SNPs
1.1534,All SNPs
1.1534,All SNPs
1.1534,All SNPs
1.1534,All SNPs
1.1534,All SNPs
1.1534,All SNPs
1.1534,All SNPs
1.1534,All SNPs
1.1534,All SNPs
1.1534,All SNPs
1.1534,All SNPs
1.1534,All SNPs
1.1639,All SNPs
1.1639,All SNPs
1.1639,All SNPs
1.1639,All SNPs
1.0621,All SNPs
5.2494,All SNPs
3.5281,All SNPs
3.5281,All SNPs
3.5281,All SNPs
3.5281,All SNPs
3.5281,All SNPs
3.5281,All SNPs
3.5281,All SNPs
3.5281,All SNPs
3.5281,All SNPs
3.5281,All SNPs
3.5281,All SNPs
3.5281,All SNPs
3.5281,All SNPs
3.5281,All SNPs
3.5281,All SNPs
3.5281,All SNPs
3.5281,All SNPs
3.5281,All SNPs
3.5281,All SNPs
3.5281,All SNPs
3.5281,All SNPs
3.5281,All SNPs
3.5281,All SNPs
3.5281,All SNPs
3.5281,All SNPs
3.5281,All SNPs
3.5281,All SNPs
3.5281,All SNPs
3.5281,All SNPs
3.5281,All SNPs
3.5281,All SNPs
3.5281,All SNPs
3.5281,All SNPs
3.5281,All SNPs
3.5281,All SNPs
3.5281,All SNPs
3.5281,All SNPs
3.5281,All SNPs
3.5281,All SNPs
3.5281,All SNPs
3.5281,All SNPs
3.5281,All SNPs
3.5281,All SNPs
3.5281,All SNPs
3.5281,All SNPs
3.5281,All SNPs
3.5281,All SNPs
3.5281,All SNPs
3.5281,All SNPs
3.5281,All SNPs
3.5281,All SNPs
3.5281,All SNPs
3.5281,All SNPs
3.5281,All SNPs
3.5281,All SNPs
3.5281,All SNPs
3.5281,All SNPs
3.5281,All SNPs
3.5281,All SNPs
3.5281,All SNPs
3.5281,All SNPs
3.5281,All SNPs
3.5281,All SNPs
3.5281,All SNPs
1.1228,All SNPs
1.1228,All SNPs
1.1228,All SNPs
4.174,All SNPs
4.174,All SNPs
4.174,All SNPs
4.174,All SNPs
4.174,All SNPs
4.174,All SNPs
4.174,All SNPs
4.174,All SNPs
4.174,All SNPs
4.174,All SNPs
4.174,All SNPs
4.174,All SNPs
4.174,All SNPs
4.174,All SNPs
4.174,All SNPs
4.174,All SNPs
4.174,All SNPs
4.174,All SNPs
4.174,All SNPs
4.174,All SNPs
4.174,All SNPs
4.174,All SNPs
4.174,All SNPs
4.174,All SNPs
4.174,All SNPs
7.4178,All SNPs
6.4814,All SNPs
6.4814,All SNPs
5.8354,All SNPs
5.8354,All SNPs
0.86878,All SNPs
0.86878,All SNPs
0.86878,All SNPs
0.86878,All SNPs
0.86878,All SNPs
0.86878,All SNPs
0.86878,All SNPs
3.6598,All SNPs
3.6598,All SNPs
0.96438,All SNPs
0.96438,All SNPs
0.96438,All SNPs
0.96438,All SNPs
0.96438,All SNPs
0.96438,All SNPs
0.96438,All SNPs
0.96438,All SNPs
0.96438,All SNPs
4.2717,All SNPs
4.2717,All SNPs
0.89003,All SNPs
0.89003,All SNPs
0.89003,All SNPs
0.89003,All SNPs
0.89003,All SNPs
0.89003,All SNPs
0.99829,All SNPs
4.6697,All SNPs
6.1078,All SNPs
6.1078,All SNPs
6.1078,All SNPs
6.1078,All SNPs
6.1078,All SNPs
6.1078,All SNPs
6.1078,All SNPs
6.1078,All SNPs
6.1078,All SNPs
6.1078,All SNPs
6.1078,All SNPs
6.1078,All SNPs
4.2139,All SNPs
4.2139,All SNPs
4.2139,All SNPs
3.9551,All SNPs
3.9551,All SNPs
3.9551,All SNPs
3.9551,All SNPs
3.9551,All SNPs
3.9551,All SNPs
3.9551,All SNPs
3.9551,All SNPs
3.9551,All SNPs
3.9551,All SNPs
3.9551,All SNPs
3.9551,All SNPs
0.74026,All SNPs
0.74026,All SNPs
0.74026,All SNPs
0.74026,All SNPs
0.74026,All SNPs
4.2568,All SNPs
7.2,All SNPs
1.229,All SNPs
1.229,All SNPs
4.8523,All SNPs
0.41769,All SNPs
0.41769,All SNPs
0.41769,All SNPs
4.5151,All SNPs
4.5151,All SNPs
4.5151,All SNPs
3.7584,All SNPs
3.4236,All SNPs
3.4236,All SNPs
3.4236,All SNPs
6.1308,All SNPs
6.1308,All SNPs
6.1308,All SNPs
0.10371,All SNPs
0.10371,All SNPs
0.10371,All SNPs
0.10371,All SNPs
0.10371,All SNPs
4.9847,All SNPs
4.9847,All SNPs
4.9847,All SNPs
9.4708,All SNPs
9.4708,All SNPs
9.4708,All SNPs
9.4708,All SNPs
9.4708,All SNPs
9.4708,All SNPs
9.4708,All SNPs
9.4708,All SNPs
9.4708,All SNPs
9.4708,All SNPs
9.4708,All SNPs
9.4708,All SNPs
9.4708,All SNPs
9.4708,All SNPs
9.4708,All SNPs
9.4708,All SNPs
0.31187,All SNPs
0.31187,All SNPs
0.31187,All SNPs
0.31187,All SNPs
0.31187,All SNPs
1.1948,All SNPs
0.88422,All SNPs
1.1868,All SNPs
1.1868,All SNPs
1.1868,All SNPs
1.1868,All SNPs
1.1868,All SNPs
1.1868,All SNPs
1.1868,All SNPs
1.1868,All SNPs
4.2347,All SNPs
4.2347,All SNPs
4.2347,All SNPs
4.2347,All SNPs
4.2347,All SNPs
4.2347,All SNPs
4.2347,All SNPs
4.2347,All SNPs
4.2347,All SNPs
4.2347,All SNPs
4.2347,All SNPs
4.2347,All SNPs
4.2347,All SNPs
4.2347,All SNPs
4.2347,All SNPs
4.2347,All SNPs
4.2347,All SNPs
4.2347,All SNPs
4.2347,All SNPs
4.2347,All SNPs
4.2347,All SNPs
4.2347,All SNPs
4.2347,All SNPs
4.2347,All SNPs
4.2347,All SNPs
4.2347,All SNPs
4.2347,All SNPs
4.2347,All SNPs
4.2347,All SNPs
4.2347,All SNPs
4.2347,All SNPs
4.2347,All SNPs
4.2347,All SNPs
4.2347,All SNPs
4.2347,All SNPs
4.2347,All SNPs
4.2347,All SNPs
4.2347,All SNPs
4.2347,All SNPs
4.2347,All SNPs
4.2347,All SNPs
4.2347,All SNPs
4.2347,All SNPs
4.2347,All SNPs
3.563,All SNPs
6.2357,All SNPs
6.2357,All SNPs
6.2357,All SNPs
6.2357,All SNPs
6.2357,All SNPs
0.73547,All SNPs
0.90068,All SNPs
0.90068,All SNPs
5.2383,All SNPs
0.20315,All SNPs
0.20315,All SNPs
0.20315,All SNPs
0.56969,All SNPs
3.4642,All SNPs
3.4642,All SNPs
3.4642,All SNPs
3.4642,All SNPs
3.4642,All SNPs
0.48135,All SNPs
1.2625,All SNPs
1.2625,All SNPs
1.2625,All SNPs
1.2625,All SNPs
1.2625,All SNPs
0.25809,All SNPs
4.2768,All SNPs
4.2768,All SNPs
5.8225,All SNPs
5.8225,All SNPs
5.8225,All SNPs
5.8225,All SNPs
5.8225,All SNPs
5.8225,All SNPs
5.8225,All SNPs
5.8225,All SNPs
0.56184,All SNPs
0.56184,All SNPs
4.3447,All SNPs
4.3447,All SNPs
4.3447,All SNPs
3.9188,All SNPs
0.90702,All SNPs
0.90702,All SNPs
0.90702,All SNPs
1.1156,All SNPs
3.6992,All SNPs
3.6992,All SNPs
1.1211,All SNPs
1.1211,All SNPs
1.1211,All SNPs
1.1211,All SNPs
3.7151,All SNPs
1.3195,All SNPs
1.3195,All SNPs
1.3195,All SNPs
1.3195,All SNPs
1.3195,All SNPs
1.3195,All SNPs
1.3195,All SNPs
1.3195,All SNPs
0.72453,All SNPs
0.72453,All SNPs
0.72453,All SNPs
1.2815,All SNPs
0.058354,All SNPs
0.058354,All SNPs
4.7374,All SNPs
4.7374,All SNPs
4.7374,All SNPs
4.7374,All SNPs
4.7374,All SNPs
4.7374,All SNPs
4.7374,All SNPs
3.8301,All SNPs
4.8929,All SNPs
4.8929,All SNPs
4.8929,All SNPs
8.3888,All SNPs
8.3888,All SNPs
8.3888,All SNPs
5.2369,All SNPs
5.2369,All SNPs
5.2369,All SNPs
5.2369,All SNPs
5.2369,All SNPs
0.53096,All SNPs
0.53096,All SNPs
0.90503,All SNPs
0.90503,All SNPs
0.90503,All SNPs
0.90503,All SNPs
0.90503,All SNPs
0.90503,All SNPs
0.90503,All SNPs
0.90503,All SNPs
0.90503,All SNPs
0.90503,All SNPs
0.90503,All SNPs
0.90503,All SNPs
0.90503,All SNPs
0.90503,All SNPs
0.90503,All SNPs
0.90503,All SNPs
0.90503,All SNPs
0.90503,All SNPs
0.90503,All SNPs
0.90503,All SNPs
0.90503,All SNPs
0.90503,All SNPs
0.90503,All SNPs
0.90503,All SNPs
0.90503,All SNPs
0.90503,All SNPs
0.90503,All SNPs
0.90503,All SNPs
0.90503,All SNPs
0.90503,All SNPs
0.90503,All SNPs
0.90503,All SNPs
0.90503,All SNPs
0.90503,All SNPs
0.90503,All SNPs
0.90503,All SNPs
0.90503,All SNPs
0.90503,All SNPs
0.90503,All SNPs
0.90503,All SNPs
0.90503,All SNPs
0.90503,All SNPs
0.90503,All SNPs
0.90503,All SNPs
0.90503,All SNPs
0.90503,All SNPs
0.90503,All SNPs
0.74044,All SNPs
0.74044,All SNPs
0.74044,All SNPs
0.74044,All SNPs
0.74044,All SNPs
0.74044,All SNPs
0.74044,All SNPs
0.74044,All SNPs
0.74044,All SNPs
0.74044,All SNPs
0.74044,All SNPs
0.74044,All SNPs
0.74044,All SNPs
0.74044,All SNPs
0.74044,All SNPs
0.74044,All SNPs
0.74044,All SNPs
0.74044,All SNPs
0.74044,All SNPs
0.74044,All SNPs
0.74044,All SNPs
0.74044,All SNPs
0.74044,All SNPs
0.74044,All SNPs
0.74044,All SNPs
0.74044,All SNPs
0.74044,All SNPs
0.74044,All SNPs
0.74044,All SNPs
0.74044,All SNPs
0.74044,All SNPs
0.74044,All SNPs
0.74044,All SNPs
0.74044,All SNPs
0.74044,All SNPs
0.74044,All SNPs
0.74044,All SNPs
0.74044,All SNPs
0.74044,All SNPs
0.74044,All SNPs
0.52142,All SNPs
0.52142,All SNPs
0.52142,All SNPs
0.52142,All SNPs
0.52142,All SNPs
0.52142,All SNPs
0.52142,All SNPs
0.52142,All SNPs
0.52142,All SNPs
0.52142,All SNPs
0.52142,All SNPs
0.52142,All SNPs
1.07,All SNPs
1.07,All SNPs
1.07,All SNPs
1.07,All SNPs
1.07,All SNPs
0.78279,All SNPs
0.78279,All SNPs
0.78279,All SNPs
4.2838,All SNPs
4.2838,All SNPs
4.2838,All SNPs
4.6971,All SNPs
4.6923,All SNPs
0.54879,All SNPs
1.0527,All SNPs
0.38735,All SNPs
3.4572,All SNPs
3.7141,All SNPs
3.8408,All SNPs
3.8408,All SNPs
3.8408,All SNPs
3.8408,All SNPs
3.8408,All SNPs
3.8408,All SNPs
3.9271,All SNPs
1.1669,All SNPs
4.5871,All SNPs
4.5871,All SNPs
4.2361,All SNPs
4.2361,All SNPs
4.2421,All SNPs
4.2421,All SNPs
4.2421,All SNPs
4.2421,All SNPs
4.2421,All SNPs
4.2421,All SNPs
4.2421,All SNPs
4.2421,All SNPs
4.2421,All SNPs
4.2421,All SNPs
4.2421,All SNPs
4.2421,All SNPs
4.2421,All SNPs
4.2421,All SNPs
4.2421,All SNPs
4.2421,All SNPs
4.2975,All SNPs
0.70721,All SNPs
0.11467,All SNPs
0.66432,All SNPs
0.66432,All SNPs
4.1126,All SNPs
1.2953,All SNPs
1.2953,All SNPs
1.1461,All SNPs
1.1461,All SNPs
4.9905,All SNPs
0.80588,All SNPs
3.4045,All SNPs
0.53184,All SNPs
0.53184,All SNPs
0.53184,All SNPs
0.53184,All SNPs
0.53184,All SNPs
1.3002,All SNPs
1.3002,All SNPs
1.3002,All SNPs
1.3002,All SNPs
1.3264,All SNPs
1.3264,All SNPs
1.3264,All SNPs
1.3258,All SNPs
1.3258,All SNPs
1.3258,All SNPs
7.1234,All SNPs
7.1234,All SNPs
7.1234,All SNPs
0.61596,All SNPs
1.128,All SNPs
3.4292,All SNPs
3.4292,All SNPs
8.7159,All SNPs
0.8052,All SNPs
0.8052,All SNPs
0.8052,All SNPs
4.8696,All SNPs
4.8696,All SNPs
4.7818,All SNPs
1.2087,All SNPs
3.9542,All SNPs
3.9542,All SNPs
3.9542,All SNPs
3.9542,All SNPs
3.9542,All SNPs
3.9542,All SNPs
3.9542,All SNPs
3.9542,All SNPs
3.9542,All SNPs
4.2458,All SNPs
4.2458,All SNPs
4.2458,All SNPs
4.2458,All SNPs
4.2458,All SNPs
4.2458,All SNPs
4.2458,All SNPs
4.2458,All SNPs
4.2458,All SNPs
1.1029,All SNPs
1.1029,All SNPs
1.1029,All SNPs
1.1029,All SNPs
1.1029,All SNPs
5.1051,All SNPs
5.1051,All SNPs
6.5266,All SNPs
4.5954,All SNPs
4.5954,All SNPs
4.5954,All SNPs
4.5954,All SNPs
4.5954,All SNPs
4.5954,All SNPs
4.5954,All SNPs
4.5954,All SNPs
1.2934,All SNPs
1.2934,All SNPs
6.2693,All SNPs
6.2693,All SNPs
6.2693,All SNPs
6.2693,All SNPs
4.9307,All SNPs
4.9307,All SNPs
4.9307,All SNPs
3.5179,All SNPs
1.3529,All SNPs
1.3529,All SNPs
0.33204,All SNPs
0.33204,All SNPs
4.1438,All SNPs
4.1438,All SNPs
4.1438,All SNPs
3.5234,All SNPs
3.5234,All SNPs
3.5234,All SNPs
0.82561,All SNPs
0.82561,All SNPs
0.82561,All SNPs
0.82561,All SNPs
0.82561,All SNPs
0.82561,All SNPs
0.82561,All SNPs
3.9045,All SNPs
3.9045,All SNPs
3.9045,All SNPs
3.9045,All SNPs
3.9045,All SNPs
3.9045,All SNPs
3.9045,All SNPs
3.9045,All SNPs
1.0744,All SNPs
0.77053,All SNPs
0.77053,All SNPs
0.53812,All SNPs
6.4501,All SNPs
6.4501,All SNPs
6.4501,All SNPs
6.4501,All SNPs
6.4501,All SNPs
6.4501,All SNPs
6.4501,All SNPs
6.4501,All SNPs
6.4501,All SNPs
6.4501,All SNPs
6.4501,All SNPs
6.4199,All SNPs
3.5727,All SNPs
1.0021,All SNPs
1.0021,All SNPs
1.0021,All SNPs
1.0021,All SNPs
0.82718,All SNPs
0.82718,All SNPs
0.82718,All SNPs
0.82718,All SNPs
0.82718,All SNPs
0.82718,All SNPs
0.82718,All SNPs
0.82718,All SNPs
0.82718,All SNPs
0.82718,All SNPs
0.82718,All SNPs
0.82718,All SNPs
0.82718,All SNPs
0.82718,All SNPs
0.82718,All SNPs
1.1353,All SNPs
5.403,All SNPs
0.63477,All SNPs
0.28915,All SNPs
0.28915,All SNPs
0.28915,All SNPs
0.28915,All SNPs
0.28915,All SNPs
0.28915,All SNPs
0.28915,All SNPs
0.28915,All SNPs
0.28915,All SNPs
0.28915,All SNPs
0.28915,All SNPs
1.2772,All SNPs
1.1295,All SNPs
1.1295,All SNPs
1.1295,All SNPs
1.1295,All SNPs
1.1295,All SNPs
1.1295,All SNPs
1.1295,All SNPs
1.1295,All SNPs
7.324,All SNPs
7.324,All SNPs
7.324,All SNPs
7.324,All SNPs
7.324,All SNPs
7.324,All SNPs
7.324,All SNPs
0.13433,All SNPs
0.13433,All SNPs
0.13433,All SNPs
0.13433,All SNPs
0.13433,All SNPs
0.13433,All SNPs
0.13433,All SNPs
0.13433,All SNPs
0.27297,All SNPs
0.27297,All SNPs
1.0471,All SNPs
1.0471,All SNPs
0.55824,All SNPs
0.55824,All SNPs
0.55824,All SNPs
0.55824,All SNPs
0.55824,All SNPs
0.55824,All SNPs
0.55824,All SNPs
0.55824,All SNPs
0.55824,All SNPs
8.6531,All SNPs
0.28676,All SNPs
0.28676,All SNPs
3.4173,All SNPs
3.4173,All SNPs
5.6609,All SNPs
0.90484,All SNPs
3.9298,All SNPs
3.9298,All SNPs
4.8792,All SNPs
4.8792,All SNPs
0.75783,All SNPs
4.2007,All SNPs
4.2007,All SNPs
0.86369,All SNPs
0.53621,All SNPs
0.53621,All SNPs
0.53621,All SNPs
4.4551,All SNPs
5.1668,All SNPs
3.7564,All SNPs
3.7564,All SNPs
3.7564,All SNPs
6.7753,All SNPs
6.7753,All SNPs
6.7753,All SNPs
6.7753,All SNPs
6.7753,All SNPs
6.7753,All SNPs
6.7753,All SNPs
6.7753,All SNPs
6.7753,All SNPs
6.7753,All SNPs
1.2727,All SNPs
0.58331,All SNPs
0.58331,All SNPs
0.58331,All SNPs
0.58331,All SNPs
0.58331,All SNPs
0.58331,All SNPs
0.58331,All SNPs
0.58331,All SNPs
0.58331,All SNPs
0.58331,All SNPs
0.58331,All SNPs
0.80931,All SNPs
0.25385,All SNPs
0.25385,All SNPs
0.25385,All SNPs
0.25385,All SNPs
0.25385,All SNPs
0.25385,All SNPs
0.25385,All SNPs
0.25385,All SNPs
0.25385,All SNPs
0.25385,All SNPs
0.25385,All SNPs
0.25385,All SNPs
0.25385,All SNPs
0.25385,All SNPs
0.25385,All SNPs
0.25385,All SNPs
0.37373,All SNPs
7.0754,All SNPs
7.0754,All SNPs
0.72376,All SNPs
0.72376,All SNPs
0.72376,All SNPs
0.72376,All SNPs
0.72376,All SNPs
0.72376,All SNPs
0.72376,All SNPs
0.72376,All SNPs
0.72376,All SNPs
0.72376,All SNPs
0.72376,All SNPs
1.0863,All SNPs
1.2579,All SNPs
5.8814,All SNPs
5.8814,All SNPs
5.8814,All SNPs
5.8814,All SNPs
5.8814,All SNPs
5.8814,All SNPs
0.87773,All SNPs
0.87773,All SNPs
0.87773,All SNPs
0.87773,All SNPs
0.87773,All SNPs
0.87773,All SNPs
0.87773,All SNPs
0.87773,All SNPs
0.87773,All SNPs
0.87773,All SNPs
0.87773,All SNPs
3.5548,All SNPs
0.79111,All SNPs
0.74971,All SNPs
0.74971,All SNPs
0.74971,All SNPs
0.74971,All SNPs
0.74971,All SNPs
0.74971,All SNPs
0.74971,All SNPs
0.74971,All SNPs
0.74971,All SNPs
0.74971,All SNPs
0.74971,All SNPs
0.74971,All SNPs
0.74971,All SNPs
0.74971,All SNPs
8.0289,All SNPs
8.0289,All SNPs
6.0004,All SNPs
6.0004,All SNPs
3.7643,All SNPs
3.7643,All SNPs
3.7643,All SNPs
3.7643,All SNPs
3.7643,All SNPs
3.7643,All SNPs
3.7643,All SNPs
3.7643,All SNPs
3.7643,All SNPs
3.7643,All SNPs
7.0417,All SNPs
7.0417,All SNPs
7.0417,All SNPs
7.0417,All SNPs
7.0417,All SNPs
7.0417,All SNPs
1.2855,All SNPs
1.2855,All SNPs
1.2855,All SNPs
1.2855,All SNPs
1.2855,All SNPs
1.2855,All SNPs
1.2855,All SNPs
1.2855,All SNPs
1.2855,All SNPs
1.2855,All SNPs
1.2855,All SNPs
1.2855,All SNPs
1.2855,All SNPs
1.2855,All SNPs
1.2855,All SNPs
1.2855,All SNPs
1.2855,All SNPs
1.2855,All SNPs
1.2855,All SNPs
1.2855,All SNPs
1.2855,All SNPs
1.2855,All SNPs
1.2855,All SNPs
1.2855,All SNPs
1.2855,All SNPs
1.2855,All SNPs
1.2855,All SNPs
1.2855,All SNPs
1.2855,All SNPs
1.2855,All SNPs
1.2855,All SNPs
1.2855,All SNPs
1.2855,All SNPs
3.8526,All SNPs
3.8526,All SNPs
3.8526,All SNPs
3.8526,All SNPs
3.8526,All SNPs
3.8526,All SNPs
3.8526,All SNPs
3.8526,All SNPs
3.8526,All SNPs
3.8526,All SNPs
3.8526,All SNPs
3.8526,All SNPs
3.8526,All SNPs
3.8526,All SNPs
3.8526,All SNPs
3.8526,All SNPs
3.8526,All SNPs
3.8526,All SNPs
3.8526,All SNPs
3.8526,All SNPs
3.8526,All SNPs
3.8526,All SNPs
3.8526,All SNPs
3.8526,All SNPs
3.8526,All SNPs
3.8526,All SNPs
3.8526,All SNPs
3.8526,All SNPs
3.8526,All SNPs
3.8526,All SNPs
3.8526,All SNPs
3.8526,All SNPs
3.8526,All SNPs
3.8526,All SNPs
3.8526,All SNPs
3.8526,All SNPs
3.8526,All SNPs
3.8526,All SNPs
3.8526,All SNPs
3.8526,All SNPs
3.8526,All SNPs
3.8526,All SNPs
3.8526,All SNPs
3.8526,All SNPs
3.8526,All SNPs
3.8526,All SNPs
3.8526,All SNPs
3.8526,All SNPs
3.8526,All SNPs
3.8526,All SNPs
0.28314,All SNPs
3.9935,All SNPs
3.9935,All SNPs
0.47457,All SNPs
0.47457,All SNPs
0.47457,All SNPs
0.47457,All SNPs
0.47457,All SNPs
0.47457,All SNPs
0.47457,All SNPs
0.47457,All SNPs
0.47457,All SNPs
0.47457,All SNPs
0.47457,All SNPs
0.47457,All SNPs
0.47457,All SNPs
0.47457,All SNPs
0.47457,All SNPs
1.0479,All SNPs
1.0479,All SNPs
1.0479,All SNPs
1.0479,All SNPs
1.0479,All SNPs
1.0479,All SNPs
0.88389,All SNPs
6.5597,All SNPs
0.71496,All SNPs
3.9511,All SNPs
3.9511,All SNPs
3.9511,All SNPs
3.9511,All SNPs
0.8953,All SNPs
0.8953,All SNPs
0.8953,All SNPs
1.3176,All SNPs
1.3176,All SNPs
1.3176,All SNPs
1.3176,All SNPs
1.3176,All SNPs
1.3176,All SNPs
1.3176,All SNPs
1.3176,All SNPs
1.3176,All SNPs
0.68622,All SNPs
0.68622,All SNPs
0.68622,All SNPs
0.68622,All SNPs
0.52917,All SNPs
0.52917,All SNPs
0.52917,All SNPs
0.60968,All SNPs
0.60968,All SNPs
0.60968,All SNPs
0.60968,All SNPs
0.15283,All SNPs
0.64408,All SNPs
0.64408,All SNPs
1.176,All SNPs
1.176,All SNPs
1.176,All SNPs
3.59,All SNPs
3.59,All SNPs
3.59,All SNPs
3.59,All SNPs
3.59,All SNPs
3.59,All SNPs
3.59,All SNPs
3.59,All SNPs
3.59,All SNPs
3.59,All SNPs
3.59,All SNPs
3.59,All SNPs
4.7494,All SNPs
1.1451,All SNPs
1.1451,All SNPs
1.2639,All SNPs
0.70528,All SNPs
5.7997,All SNPs
1.1079,All SNPs
1.1079,All SNPs
1.1079,All SNPs
1.1079,All SNPs
1.1079,All SNPs
1.1079,All SNPs
1.1079,All SNPs
1.1079,All SNPs
1.1079,All SNPs
4.1955,All SNPs
4.1955,All SNPs
4.1955,All SNPs
4.1955,All SNPs
4.1955,All SNPs
4.1955,All SNPs
4.1955,All SNPs
4.1955,All SNPs
4.1955,All SNPs
4.2461,All SNPs
4.2461,All SNPs
4.2461,All SNPs
4.2461,All SNPs
4.2461,All SNPs
4.2461,All SNPs
4.2461,All SNPs
0.98773,All SNPs
4.5214,All SNPs
4.5214,All SNPs
4.5214,All SNPs
1.1824,All SNPs
1.1824,All SNPs
1.1824,All SNPs
1.3514,All SNPs
0.76756,All SNPs
4.9102,All SNPs
4.9102,All SNPs
4.9102,All SNPs
4.9102,All SNPs
1.1141,All SNPs
1.1141,All SNPs
0.92087,All SNPs
0.92087,All SNPs
0.92087,All SNPs
0.92087,All SNPs
0.92087,All SNPs
0.92087,All SNPs
0.92087,All SNPs
0.92087,All SNPs
0.92087,All SNPs
0.92087,All SNPs
1.1349,All SNPs
5.0209,All SNPs
7.7516,All SNPs
7.7516,All SNPs
7.7516,All SNPs
7.7516,All SNPs
7.7516,All SNPs
7.7516,All SNPs
7.7516,All SNPs
7.7516,All SNPs
7.7516,All SNPs
7.7516,All SNPs
1.1464,All SNPs
1.1464,All SNPs
7.0615,All SNPs
7.0615,All SNPs
7.0615,All SNPs
7.0615,All SNPs
7.0615,All SNPs
7.0615,All SNPs
7.0615,All SNPs
7.0615,All SNPs
7.0615,All SNPs
7.0615,All SNPs
7.0615,All SNPs
7.0615,All SNPs
7.0615,All SNPs
6.9175,All SNPs
4.6898,All SNPs
4.6898,All SNPs
4.6898,All SNPs
0.95972,All SNPs
0.95972,All SNPs
0.95972,All SNPs
0.95972,All SNPs
0.95972,All SNPs
0.95972,All SNPs
0.95972,All SNPs
0.95972,All SNPs
0.95972,All SNPs
0.95972,All SNPs
0.95972,All SNPs
0.95972,All SNPs
0.95972,All SNPs
0.95972,All SNPs
0.95972,All SNPs
0.95972,All SNPs
0.95972,All SNPs
6.0071,All SNPs
1.031,All SNPs
1.031,All SNPs
1.031,All SNPs
0.65505,All SNPs
1.0479,All SNPs
1.0479,All SNPs
1.0479,All SNPs
1.0479,All SNPs
1.0479,All SNPs
1.0479,All SNPs
1.0479,All SNPs
1.0479,All SNPs
1.0479,All SNPs
1.0479,All SNPs
1.0479,All SNPs
1.0479,All SNPs
1.0479,All SNPs
1.0479,All SNPs
1.0479,All SNPs
1.0479,All SNPs
1.0479,All SNPs
1.0479,All SNPs
1.0479,All SNPs
1.0479,All SNPs
0.66517,All SNPs
0.66517,All SNPs
0.66517,All SNPs
0.66517,All SNPs
0.66517,All SNPs
0.66517,All SNPs
1.2074,All SNPs
7.3086,All SNPs
7.3086,All SNPs
7.3086,All SNPs
7.3086,All SNPs
7.3086,All SNPs
7.3086,All SNPs
5.6452,All SNPs
5.6452,All SNPs
1.2416,All SNPs
1.2416,All SNPs
1.2416,All SNPs
1.2416,All SNPs
1.2416,All SNPs
1.2416,All SNPs
1.2416,All SNPs
1.2416,All SNPs
1.2416,All SNPs
1.2416,All SNPs
1.2416,All SNPs
1.2416,All SNPs
1.2416,All SNPs
1.2416,All SNPs
1.2416,All SNPs
1.2416,All SNPs
1.2416,All SNPs
1.2416,All SNPs
1.2416,All SNPs
1.2416,All SNPs
1.2416,All SNPs
4.3466,All SNPs
1.2031,All SNPs
1.2031,All SNPs
1.2031,All SNPs
1.2031,All SNPs
1.2031,All SNPs
1.2031,All SNPs
1.2031,All SNPs
1.2031,All SNPs
1.2031,All SNPs
1.2031,All SNPs
1.2031,All SNPs
5.0248,All SNPs
5.0248,All SNPs
5.0248,All SNPs
5.0248,All SNPs
5.0248,All SNPs
5.0248,All SNPs
5.0248,All SNPs
5.0248,All SNPs
5.0248,All SNPs
5.0248,All SNPs
5.0248,All SNPs
5.0248,All SNPs
5.0248,All SNPs
5.0248,All SNPs
5.0248,All SNPs
5.0248,All SNPs
0.70155,All SNPs
0.70155,All SNPs
0.70155,All SNPs
4.9745,All SNPs
4.2226,All SNPs
4.2226,All SNPs
4.2226,All SNPs
4.2226,All SNPs
4.2226,All SNPs
4.1691,All SNPs
4.1691,All SNPs
4.1691,All SNPs
1.2236,All SNPs
1.3336,All SNPs
1.3336,All SNPs
1.3336,All SNPs
1.3336,All SNPs
1.3336,All SNPs
1.3336,All SNPs
1.3336,All SNPs
1.3336,All SNPs
5.915,All SNPs
0.93013,All SNPs
0.93013,All SNPs
0.35326,All SNPs
3.6886,All SNPs
1.1962,All SNPs
1.1962,All SNPs
1.1962,All SNPs
1.1962,All SNPs
1.1962,All SNPs
1.1962,All SNPs
1.1962,All SNPs
6.7621,All SNPs
4.0276,All SNPs
4.0081,All SNPs
0.4408,All SNPs
0.4408,All SNPs
0.4408,All SNPs
0.4408,All SNPs
0.4408,All SNPs
0.4408,All SNPs
0.4408,All SNPs
0.51524,All SNPs
0.51524,All SNPs
0.51524,All SNPs
1.0869,All SNPs
1.0869,All SNPs
1.2301,All SNPs
1.2301,All SNPs
1.2301,All SNPs
1.2301,All SNPs
3.5583,All SNPs
3.5583,All SNPs
3.5583,All SNPs
3.5583,All SNPs
3.5583,All SNPs
3.5583,All SNPs
0.67655,All SNPs
0.67655,All SNPs
4.4411,All SNPs
4.4411,All SNPs
4.4411,All SNPs
4.4411,All SNPs
4.1152,All SNPs
4.1152,All SNPs
4.1152,All SNPs
4.1152,All SNPs
0.91271,All SNPs
0.91271,All SNPs
0.91271,All SNPs
0.91271,All SNPs
0.91271,All SNPs
0.91271,All SNPs
0.91271,All SNPs
0.91271,All SNPs
0.91271,All SNPs
0.91271,All SNPs
0.91271,All SNPs
0.91271,All SNPs
0.91271,All SNPs
0.91271,All SNPs
0.91271,All SNPs
0.91271,All SNPs
0.70068,All SNPs
0.80168,All SNPs
0.80168,All SNPs
0.80168,All SNPs
0.034845,All SNPs
0.034845,All SNPs
1.1524,All SNPs
1.1524,All SNPs
1.1524,All SNPs
1.1524,All SNPs
1.1524,All SNPs
1.1524,All SNPs
1.1524,All SNPs
0.97908,All SNPs
6.6133,All SNPs
1.2087,All SNPs
0.56938,All SNPs
0.56938,All SNPs
0.56938,All SNPs
0.56938,All SNPs
0.91376,All SNPs
0.91376,All SNPs
0.48737,All SNPs
0.48737,All SNPs
0.48737,All SNPs
0.48737,All SNPs
4.2205,All SNPs
4.2205,All SNPs
0.13073,All SNPs
5.4154,All SNPs
3.4969,All SNPs
4.3175,All SNPs
3.9097,All SNPs
3.9097,All SNPs
3.9097,All SNPs
3.9097,All SNPs
3.9097,All SNPs
3.9097,All SNPs
3.9097,All SNPs
3.9097,All SNPs
3.9097,All SNPs
3.6825,All SNPs
3.6825,All SNPs
3.6825,All SNPs
3.6825,All SNPs
3.6825,All SNPs
5.3275,All SNPs
5.3275,All SNPs
5.3275,All SNPs
7.7197,All SNPs
7.7197,All SNPs
7.7197,All SNPs
6.1257,All SNPs
6.1257,All SNPs
6.1257,All SNPs
6.1257,All SNPs
6.1257,All SNPs
6.1257,All SNPs
6.1257,All SNPs
4.1911,All SNPs
4.1911,All SNPs
4.1911,All SNPs
4.1911,All SNPs
4.1911,All SNPs
4.1911,All SNPs
4.1911,All SNPs
4.1911,All SNPs
3.7718,All SNPs
3.5041,All SNPs
3.5041,All SNPs
3.5041,All SNPs
3.5041,All SNPs
3.5041,All SNPs
3.5041,All SNPs
3.5041,All SNPs
3.5041,All SNPs
3.5041,All SNPs
3.5041,All SNPs
3.5041,All SNPs
3.5041,All SNPs
3.5041,All SNPs
3.5041,All SNPs
3.5041,All SNPs
3.5041,All SNPs
3.5041,All SNPs
3.5041,All SNPs
3.5041,All SNPs
3.5041,All SNPs
3.5041,All SNPs
3.5041,All SNPs
3.5041,All SNPs
3.5041,All SNPs
3.5041,All SNPs
3.5041,All SNPs
3.5041,All SNPs
3.5041,All SNPs
3.5041,All SNPs
3.5041,All SNPs
3.5041,All SNPs
3.5041,All SNPs
3.5041,All SNPs
3.5041,All SNPs
3.5041,All SNPs
3.5041,All SNPs
3.5041,All SNPs
3.5041,All SNPs
3.5041,All SNPs
3.5041,All SNPs
3.5041,All SNPs
3.5041,All SNPs
3.5041,All SNPs
3.5041,All SNPs
3.5041,All SNPs
3.5041,All SNPs
3.5041,All SNPs
3.5041,All SNPs
3.5041,All SNPs
3.5041,All SNPs
3.5041,All SNPs
3.5041,All SNPs
3.5041,All SNPs
3.5041,All SNPs
3.5041,All SNPs
3.5041,All SNPs
3.5041,All SNPs
3.5041,All SNPs
3.5041,All SNPs
3.5041,All SNPs
3.5041,All SNPs
3.5041,All SNPs
3.5041,All SNPs
3.5041,All SNPs
4.9354,All SNPs
5.2359,All SNPs
3.858,All SNPs
5.8519,All SNPs
5.8519,All SNPs
5.8519,All SNPs
0.64006,All SNPs
4.5999,All SNPs
4.5999,All SNPs
0.667,All SNPs
3.4658,All SNPs
3.4658,All SNPs
1.1168,All SNPs
1.1168,All SNPs
1.1168,All SNPs
0.95131,All SNPs
0.95131,All SNPs
0.95131,All SNPs
0.95131,All SNPs
0.95131,All SNPs
0.95131,All SNPs
0.95131,All SNPs
0.95131,All SNPs
0.2295,All SNPs
0.2295,All SNPs
0.2295,All SNPs
1.1319,All SNPs
1.1319,All SNPs
1.1319,All SNPs
1.1405,All SNPs
1.1405,All SNPs
1.1405,All SNPs
4.0943,All SNPs
4.0943,All SNPs
4.0943,All SNPs
4.0943,All SNPs
4.0943,All SNPs
4.0943,All SNPs
4.0943,All SNPs
4.0943,All SNPs
4.0943,All SNPs
4.0943,All SNPs
4.0943,All SNPs
0.77039,All SNPs
0.77039,All SNPs
0.77039,All SNPs
0.77039,All SNPs
0.77039,All SNPs
0.77039,All SNPs
0.77039,All SNPs
5.6775,All SNPs
5.6775,All SNPs
5.6775,All SNPs
5.6775,All SNPs
5.6775,All SNPs
5.6775,All SNPs
5.6775,All SNPs
5.6775,All SNPs
5.6775,All SNPs
5.6775,All SNPs
5.6775,All SNPs
5.6775,All SNPs
5.6775,All SNPs
5.6775,All SNPs
5.6775,All SNPs
5.6775,All SNPs
5.8086,All SNPs
5.8086,All SNPs
5.8086,All SNPs
5.8086,All SNPs
5.8086,All SNPs
5.8086,All SNPs
5.8086,All SNPs
5.8086,All SNPs
5.8086,All SNPs
1.1739,All SNPs
1.1739,All SNPs
1.1739,All SNPs
1.1739,All SNPs
1.1739,All SNPs
0.4965,All SNPs
0.4965,All SNPs
0.4965,All SNPs
0.4965,All SNPs
0.4965,All SNPs
0.4965,All SNPs
0.4965,All SNPs
0.4965,All SNPs
0.4965,All SNPs
0.4965,All SNPs
0.4965,All SNPs
0.4965,All SNPs
0.4965,All SNPs
3.5824,All SNPs
3.5824,All SNPs
3.5824,All SNPs
0.96035,All SNPs
0.96035,All SNPs
0.96035,All SNPs
0.96035,All SNPs
0.96035,All SNPs
0.96035,All SNPs
0.96035,All SNPs
0.96035,All SNPs
0.96035,All SNPs
4.3338,All SNPs
4.3338,All SNPs
4.3338,All SNPs
5.3277,All SNPs
5.3277,All SNPs
3.6401,All SNPs
3.6401,All SNPs
3.6401,All SNPs
3.6401,All SNPs
3.6401,All SNPs
3.6401,All SNPs
3.6401,All SNPs
3.6401,All SNPs
3.6401,All SNPs
3.6401,All SNPs
3.6401,All SNPs
3.6401,All SNPs
1.2409,All SNPs
1.2409,All SNPs
1.2409,All SNPs
1.2409,All SNPs
1.2409,All SNPs
1.2409,All SNPs
1.2409,All SNPs
1.2409,All SNPs
1.2409,All SNPs
1.2409,All SNPs
1.2409,All SNPs
1.2409,All SNPs
1.2409,All SNPs
1.2409,All SNPs
1.2409,All SNPs
1.2409,All SNPs
1.2409,All SNPs
1.2409,All SNPs
1.2409,All SNPs
1.2409,All SNPs
3.7237,All SNPs
3.7237,All SNPs
3.7237,All SNPs
3.7237,All SNPs
3.7237,All SNPs
3.7237,All SNPs
3.7237,All SNPs
3.7237,All SNPs
3.7237,All SNPs
3.7237,All SNPs
0.63268,All SNPs
0.63268,All SNPs
0.15964,All SNPs
0.15964,All SNPs
0.35065,All SNPs
0.10729,All SNPs
1.1757,All SNPs
1.1757,All SNPs
1.1757,All SNPs
1.1757,All SNPs
0.48842,All SNPs
0.48842,All SNPs
3.5855,All SNPs
0.58822,All SNPs
0.58822,All SNPs
6.373,All SNPs
6.373,All SNPs
6.373,All SNPs
1.2207,All SNPs
4.3472,All SNPs
0.83345,All SNPs
0.83345,All SNPs
0.83345,All SNPs
3.759,All SNPs
3.759,All SNPs
4.2378,All SNPs
4.2378,All SNPs
4.2378,All SNPs
4.2378,All SNPs
4.2378,All SNPs
4.2378,All SNPs
4.2378,All SNPs
5.5189,All SNPs
5.5189,All SNPs
5.5189,All SNPs
5.5189,All SNPs
5.5189,All SNPs
5.5189,All SNPs
5.5189,All SNPs
3.6987,All SNPs
3.6987,All SNPs
0.036364,All SNPs
5.0034,All SNPs
5.0034,All SNPs
0.11233,All SNPs
0.11233,All SNPs
0.11233,All SNPs
0.11233,All SNPs
0.11233,All SNPs
0.81862,All SNPs
0.81862,All SNPs
0.81862,All SNPs
4.8943,All SNPs
4.8943,All SNPs
4.8943,All SNPs
4.8943,All SNPs
4.0741,All SNPs
4.0741,All SNPs
4.0741,All SNPs
4.0741,All SNPs
4.0741,All SNPs
4.0741,All SNPs
4.0741,All SNPs
4.0741,All SNPs
4.0741,All SNPs
4.0741,All SNPs
4.0741,All SNPs
4.0741,All SNPs
4.0741,All SNPs
4.0741,All SNPs
4.0741,All SNPs
4.0741,All SNPs
4.0741,All SNPs
0.96025,All SNPs
1.2801,All SNPs
4.1297,All SNPs
4.1297,All SNPs
4.1297,All SNPs
4.1297,All SNPs
4.1297,All SNPs
4.1297,All SNPs
4.1297,All SNPs
4.1297,All SNPs
4.1297,All SNPs
4.1297,All SNPs
4.1297,All SNPs
4.512,All SNPs
4.512,All SNPs
0.87011,All SNPs
5.6028,All SNPs
5.6028,All SNPs
5.6028,All SNPs
5.6028,All SNPs
5.2627,All SNPs
4.8863,All SNPs
4.8863,All SNPs
0.055502,All SNPs
0.055502,All SNPs
0.055502,All SNPs
7.3756,All SNPs
7.3756,All SNPs
7.3756,All SNPs
0.78703,All SNPs
0.78703,All SNPs
0.78703,All SNPs
0.78703,All SNPs
0.78703,All SNPs
0.78703,All SNPs
0.78703,All SNPs
0.78703,All SNPs
1.2592,All SNPs
1.2282,All SNPs
1.2282,All SNPs
3.3664,All SNPs
3.3664,All SNPs
3.3664,All SNPs
3.3664,All SNPs
3.3664,All SNPs
3.3664,All SNPs
3.3664,All SNPs
3.3664,All SNPs
3.3664,All SNPs
3.3664,All SNPs
3.3664,All SNPs
3.3664,All SNPs
3.3664,All SNPs
3.3664,All SNPs
3.3664,All SNPs
3.3664,All SNPs
3.3664,All SNPs
3.5849,All SNPs
3.5849,All SNPs
0.3141,All SNPs
0.3141,All SNPs
0.3141,All SNPs
0.3141,All SNPs
0.3141,All SNPs
0.3141,All SNPs
0.3141,All SNPs
0.84984,All SNPs
0.84984,All SNPs
0.84984,All SNPs
0.84984,All SNPs
0.84984,All SNPs
1.2517,All SNPs
1.2517,All SNPs
1.2517,All SNPs
1.2517,All SNPs
0.26894,All SNPs
0.26894,All SNPs
0.26894,All SNPs
0.26894,All SNPs
0.081638,All SNPs
0.081638,All SNPs
0.081638,All SNPs
0.081638,All SNPs
0.081638,All SNPs
0.081638,All SNPs
0.081638,All SNPs
7.1196,All SNPs
7.1196,All SNPs
7.1196,All SNPs
7.1196,All SNPs
3.4983,All SNPs
3.4983,All SNPs
3.4983,All SNPs
3.4983,All SNPs
3.4983,All SNPs
3.4983,All SNPs
3.4983,All SNPs
3.4983,All SNPs
3.4983,All SNPs
3.4983,All SNPs
3.4983,All SNPs
3.4983,All SNPs
3.4983,All SNPs
3.4983,All SNPs
3.4983,All SNPs
3.4983,All SNPs
3.4983,All SNPs
3.4983,All SNPs
3.4983,All SNPs
3.4983,All SNPs
3.4983,All SNPs
3.4983,All SNPs
0.88558,All SNPs
0.88558,All SNPs
0.88558,All SNPs
0.88558,All SNPs
0.88558,All SNPs
0.88558,All SNPs
5.4849,All SNPs
5.4849,All SNPs
5.4849,All SNPs
5.4849,All SNPs
5.4849,All SNPs
5.4849,All SNPs
1.2269,All SNPs
1.2269,All SNPs
1.2269,All SNPs
1.2269,All SNPs
1.2269,All SNPs
1.2269,All SNPs
1.2269,All SNPs
1.2269,All SNPs
1.2269,All SNPs
1.2269,All SNPs
5.5987,All SNPs
5.5987,All SNPs
5.5987,All SNPs
5.5987,All SNPs
0.92902,All SNPs
0.92902,All SNPs
0.92902,All SNPs
0.92902,All SNPs
0.92902,All SNPs
0.92902,All SNPs
0.92902,All SNPs
0.92902,All SNPs
0.92902,All SNPs
0.9572,All SNPs
3.4562,All SNPs
3.4562,All SNPs
0.22244,All SNPs
0.22244,All SNPs
0.22244,All SNPs
0.22244,All SNPs
0.22244,All SNPs
4.3943,All SNPs
4.3943,All SNPs
4.3943,All SNPs
0.1849,All SNPs
6.4166,All SNPs
6.4166,All SNPs
5.572,All SNPs
4.1205,All SNPs
4.1205,All SNPs
4.1205,All SNPs
3.436,All SNPs
0.91045,All SNPs
5.1939,All SNPs
5.1939,All SNPs
5.1939,All SNPs
5.1939,All SNPs
5.1939,All SNPs
5.1939,All SNPs
5.1939,All SNPs
5.1939,All SNPs
5.1939,All SNPs
5.1939,All SNPs
5.1939,All SNPs
5.1939,All SNPs
4.0778,All SNPs
4.0778,All SNPs
4.0778,All SNPs
4.0778,All SNPs
4.0778,All SNPs
4.0778,All SNPs
4.0778,All SNPs
0.022892,All SNPs
4.847,All SNPs
4.847,All SNPs
4.847,All SNPs
6.3556,All SNPs
6.3556,All SNPs
6.3556,All SNPs
6.3556,All SNPs
6.3556,All SNPs
4.779,All SNPs
5.5538,All SNPs
5.5538,All SNPs
5.5538,All SNPs
3.6187,All SNPs
5.154,All SNPs
5.154,All SNPs
5.154,All SNPs
5.154,All SNPs
5.154,All SNPs
5.154,All SNPs
5.154,All SNPs
5.154,All SNPs
5.154,All SNPs
5.154,All SNPs
5.154,All SNPs
5.154,All SNPs
5.154,All SNPs
5.154,All SNPs
5.154,All SNPs
5.154,All SNPs
5.154,All SNPs
5.154,All SNPs
5.154,All SNPs
5.154,All SNPs
5.154,All SNPs
5.154,All SNPs
5.154,All SNPs
5.154,All SNPs
5.154,All SNPs
5.154,All SNPs
5.154,All SNPs
5.154,All SNPs
5.154,All SNPs
5.154,All SNPs
5.154,All SNPs
5.154,All SNPs
5.154,All SNPs
5.154,All SNPs
5.154,All SNPs
5.154,All SNPs
5.154,All SNPs
5.154,All SNPs
5.154,All SNPs
5.154,All SNPs
5.154,All SNPs
5.154,All SNPs
5.154,All SNPs
5.154,All SNPs
5.154,All SNPs
5.154,All SNPs
5.154,All SNPs
5.154,All SNPs
5.154,All SNPs
5.154,All SNPs
5.154,All SNPs
5.154,All SNPs
5.154,All SNPs
5.154,All SNPs
5.154,All SNPs
4.443,All SNPs
4.443,All SNPs
4.443,All SNPs
4.443,All SNPs
3.4058,All SNPs
3.4058,All SNPs
6.1223,All SNPs
5.3359,All SNPs
4.3051,All SNPs
4.2014,All SNPs
4.2014,All SNPs
1.184,All SNPs
1.184,All SNPs
1.184,All SNPs
3.9861,All SNPs
3.9861,All SNPs
3.9861,All SNPs
3.9861,All SNPs
3.9861,All SNPs
5.4818,All SNPs
5.2234,All SNPs
5.2234,All SNPs
5.2234,All SNPs
5.2234,All SNPs
5.2234,All SNPs
5.2234,All SNPs
5.2234,All SNPs
5.2234,All SNPs
5.2234,All SNPs
5.2234,All SNPs
5.2234,All SNPs
5.2234,All SNPs
5.2234,All SNPs
5.2234,All SNPs
5.2234,All SNPs
5.2234,All SNPs
5.2234,All SNPs
5.2234,All SNPs
5.2234,All SNPs
5.2234,All SNPs
5.2234,All SNPs
5.2234,All SNPs
5.2234,All SNPs
5.2234,All SNPs
5.2234,All SNPs
5.2234,All SNPs
5.2234,All SNPs
5.2234,All SNPs
5.2234,All SNPs
5.2234,All SNPs
5.2234,All SNPs
5.2234,All SNPs
5.2234,All SNPs
5.2234,All SNPs
5.2234,All SNPs
5.2234,All SNPs
5.2234,All SNPs
5.2234,All SNPs
5.2234,All SNPs
5.2234,All SNPs
5.2234,All SNPs
5.2234,All SNPs
5.2234,All SNPs
5.2234,All SNPs
5.2234,All SNPs
5.2234,All SNPs
5.2234,All SNPs
5.2234,All SNPs
5.2234,All SNPs
5.2234,All SNPs
5.2234,All SNPs
5.2234,All SNPs
5.2234,All SNPs
5.2234,All SNPs
5.2234,All SNPs
5.2234,All SNPs
5.2234,All SNPs
5.2234,All SNPs
5.2234,All SNPs
5.2234,All SNPs
5.2234,All SNPs
5.2234,All SNPs
5.2234,All SNPs
5.2234,All SNPs
5.0651,All SNPs
0.5712,All SNPs
0.5712,All SNPs
0.5712,All SNPs
0.5712,All SNPs
0.5712,All SNPs
0.5712,All SNPs
0.5712,All SNPs
0.5712,All SNPs
0.5712,All SNPs
0.5712,All SNPs
0.5712,All SNPs
0.5712,All SNPs
0.5712,All SNPs
0.5712,All SNPs
0.5712,All SNPs
0.5712,All SNPs
0.5712,All SNPs
0.5712,All SNPs
0.5712,All SNPs
0.5712,All SNPs
0.5712,All SNPs
0.5712,All SNPs
0.5712,All SNPs
0.5712,All SNPs
0.5712,All SNPs
3.3718,All SNPs
3.3718,All SNPs
3.3718,All SNPs
0.61424,All SNPs
1.1593,All SNPs
1.0336,All SNPs
0.79035,All SNPs
0.79035,All SNPs
0.79035,All SNPs
5.898,All SNPs
0.66488,All SNPs
0.66488,All SNPs
0.66488,All SNPs
0.66488,All SNPs
0.66488,All SNPs
0.66488,All SNPs
0.66488,All SNPs
0.33735,All SNPs
0.33735,All SNPs
0.33735,All SNPs
0.33735,All SNPs
0.33735,All SNPs
0.33735,All SNPs
5.3739,All SNPs
5.3739,All SNPs
5.3739,All SNPs
5.3739,All SNPs
5.3739,All SNPs
5.3739,All SNPs
3.4919,All SNPs
0.61263,All SNPs
6.6685,All SNPs
6.6685,All SNPs
6.6685,All SNPs
3.8114,All SNPs
3.8114,All SNPs
3.8114,All SNPs
3.8114,All SNPs
3.8114,All SNPs
3.8114,All SNPs
3.8114,All SNPs
3.8114,All SNPs
1.188,All SNPs
0.14651,All SNPs
1.2444,All SNPs
1.2444,All SNPs
1.2444,All SNPs
1.2444,All SNPs
1.2444,All SNPs
1.2444,All SNPs
1.2444,All SNPs
1.2444,All SNPs
4.3959,All SNPs
4.3959,All SNPs
3.867,All SNPs
5.4059,All SNPs
5.4059,All SNPs
5.4059,All SNPs
1.1768,All SNPs
1.1768,All SNPs
1.1768,All SNPs
1.1768,All SNPs
1.1768,All SNPs
0.8269,All SNPs
1.3066,All SNPs
4.9566,All SNPs
0.42909,All SNPs
1.1978,All SNPs
1.1978,All SNPs
0.98974,All SNPs
0.98974,All SNPs
0.98974,All SNPs
1.1061,All SNPs
0.56205,All SNPs
0.56205,All SNPs
0.56205,All SNPs
0.56205,All SNPs
0.56205,All SNPs
4.8079,All SNPs
3.7689,All SNPs
0.98213,All SNPs
0.98213,All SNPs
1.1395,All SNPs
0.91137,All SNPs
0.91137,All SNPs
0.91137,All SNPs
0.91137,All SNPs
0.91137,All SNPs
1.1056,All SNPs
1.1056,All SNPs
1.1056,All SNPs
1.1056,All SNPs
1.1056,All SNPs
3.7184,All SNPs
4.2859,All SNPs
4.2859,All SNPs
4.2859,All SNPs
4.2859,All SNPs
4.2859,All SNPs
4.2859,All SNPs
4.2859,All SNPs
0.089282,All SNPs
0.089282,All SNPs
0.089282,All SNPs
0.089282,All SNPs
0.089282,All SNPs
0.089282,All SNPs
0.089282,All SNPs
4.7221,All SNPs
4.7221,All SNPs
4.7221,All SNPs
4.7221,All SNPs
4.7221,All SNPs
4.7221,All SNPs
4.7221,All SNPs
4.7221,All SNPs
4.7221,All SNPs
4.7221,All SNPs
4.7221,All SNPs
4.7221,All SNPs
4.7221,All SNPs
4.7221,All SNPs
4.7221,All SNPs
0.65544,All SNPs
0.65544,All SNPs
0.65544,All SNPs
0.65544,All SNPs
0.65544,All SNPs
0.65544,All SNPs
0.65544,All SNPs
0.65544,All SNPs
0.56078,All SNPs
0.44766,All SNPs
3.4733,All SNPs
3.4733,All SNPs
3.4733,All SNPs
3.4733,All SNPs
3.4733,All SNPs
3.4733,All SNPs
5.3791,All SNPs
5.3791,All SNPs
5.3791,All SNPs
5.3791,All SNPs
5.3791,All SNPs
5.3791,All SNPs
5.3791,All SNPs
5.3791,All SNPs
5.3791,All SNPs
3.5795,All SNPs
0.33566,All SNPs
0.10466,All SNPs
0.059997,All SNPs
0.059997,All SNPs
0.059997,All SNPs
4.3083,All SNPs
4.3083,All SNPs
4.3083,All SNPs
4.3083,All SNPs
4.3083,All SNPs
4.3083,All SNPs
5.1758,All SNPs
5.1758,All SNPs
5.1758,All SNPs
5.1758,All SNPs
5.1758,All SNPs
5.1758,All SNPs
5.1758,All SNPs
5.1758,All SNPs
5.1758,All SNPs
5.1758,All SNPs
5.1758,All SNPs
1.2914,All SNPs
1.2914,All SNPs
1.2914,All SNPs
5.2225,All SNPs
5.9302,All SNPs
1.0754,All SNPs
1.0754,All SNPs
1.0754,All SNPs
1.0754,All SNPs
1.0754,All SNPs
1.0754,All SNPs
1.0754,All SNPs
1.0754,All SNPs
0.75078,All SNPs
4.0289,All SNPs
4.0289,All SNPs
4.0289,All SNPs
4.0289,All SNPs
4.0289,All SNPs
4.0289,All SNPs
4.6733,All SNPs
4.6733,All SNPs
4.6733,All SNPs
4.9524,All SNPs
4.9524,All SNPs
4.9524,All SNPs
7.3598,All SNPs
7.3598,All SNPs
6.6705,All SNPs
0.93143,All SNPs
0.93143,All SNPs
0.93143,All SNPs
0.93143,All SNPs
1.0659,All SNPs
4.5242,All SNPs
0.46369,All SNPs
4.458,All SNPs
4.458,All SNPs
4.458,All SNPs
8.6946,All SNPs
8.6946,All SNPs
8.6946,All SNPs
8.6946,All SNPs
8.6946,All SNPs
8.6946,All SNPs
8.6946,All SNPs
4.0507,All SNPs
4.3804,All SNPs
4.3804,All SNPs
4.3804,All SNPs
4.3804,All SNPs
4.3804,All SNPs
4.3804,All SNPs
4.3804,All SNPs
4.3804,All SNPs
5.3353,All SNPs
5.3353,All SNPs
5.3353,All SNPs
1.1285,All SNPs
1.3172,All SNPs
3.9144,All SNPs
3.9144,All SNPs
1.3305,All SNPs
1.3305,All SNPs
1.3305,All SNPs
1.3305,All SNPs
1.3305,All SNPs
0.64837,All SNPs
0.64837,All SNPs
0.07097,All SNPs
0.07097,All SNPs
6.0258,All SNPs
6.0258,All SNPs
6.0258,All SNPs
6.0258,All SNPs
6.0258,All SNPs
6.0258,All SNPs
6.0258,All SNPs
6.0258,All SNPs
6.0258,All SNPs
6.0258,All SNPs
6.0258,All SNPs
3.4391,All SNPs
0.86216,All SNPs
0.86216,All SNPs
6.1659,All SNPs
6.1659,All SNPs
6.1659,All SNPs
0.21486,All SNPs
0.71083,All SNPs
3.4418,All SNPs
3.4175,All SNPs
3.4175,All SNPs
3.4175,All SNPs
3.4175,All SNPs
3.4175,All SNPs
3.4175,All SNPs
3.4175,All SNPs
3.4175,All SNPs
3.4175,All SNPs
4.5582,All SNPs
4.5582,All SNPs
4.5582,All SNPs
4.5582,All SNPs
1.0839,All SNPs
1.0839,All SNPs
1.2023,All SNPs
1.2023,All SNPs
1.2023,All SNPs
1.2023,All SNPs
1.2023,All SNPs
1.2023,All SNPs
1.2023,All SNPs
1.2023,All SNPs
5.3331,All SNPs
0.70289,All SNPs
0.97354,All SNPs
1.0055,All SNPs
1.0055,All SNPs
1.0055,All SNPs
5.0036,All SNPs
5.0036,All SNPs
5.0036,All SNPs
5.0036,All SNPs
5.0036,All SNPs
5.0036,All SNPs
5.0036,All SNPs
5.0036,All SNPs
4.605,All SNPs
4.605,All SNPs
4.605,All SNPs
4.605,All SNPs
4.605,All SNPs
4.605,All SNPs
4.605,All SNPs
4.605,All SNPs
0.83332,All SNPs
0.83332,All SNPs
0.83332,All SNPs
0.83332,All SNPs
6.5694,All SNPs
6.5694,All SNPs
6.5694,All SNPs
6.5694,All SNPs
6.5694,All SNPs
6.5694,All SNPs
6.5694,All SNPs
6.5694,All SNPs
6.5694,All SNPs
6.5694,All SNPs
6.5694,All SNPs
6.2556e-05,All SNPs
6.2556e-05,All SNPs
4.8135,All SNPs
0.72673,All SNPs
0.72673,All SNPs
0.72673,All SNPs
1.1889,All SNPs
1.1889,All SNPs
3.3737,All SNPs
5.3949,All SNPs
5.3949,All SNPs
3.4185,All SNPs
6.1008,All SNPs
6.1008,All SNPs
6.1008,All SNPs
6.1008,All SNPs
1.0628,All SNPs
1.2616,All SNPs
6.311,All SNPs
6.311,All SNPs
6.311,All SNPs
1.0299,All SNPs
1.0299,All SNPs
1.0299,All SNPs
1.0299,All SNPs
0.81124,All SNPs
0.81124,All SNPs
0.81124,All SNPs
0.81124,All SNPs
0.81124,All SNPs
5.1879,All SNPs
1.0236,All SNPs
1.0236,All SNPs
1.0236,All SNPs
1.0236,All SNPs
1.0236,All SNPs
1.0236,All SNPs
1.0236,All SNPs
0.94073,All SNPs
0.94073,All SNPs
1.2926,All SNPs
1.2926,All SNPs
1.2926,All SNPs
1.2926,All SNPs
1.2926,All SNPs
0.7167,All SNPs
0.7167,All SNPs
0.7167,All SNPs
1.1836,All SNPs
1.1836,All SNPs
1.1836,All SNPs
1.1836,All SNPs
1.1836,All SNPs
1.1836,All SNPs
1.1836,All SNPs
1.2518,All SNPs
1.2518,All SNPs
1.2518,All SNPs
1.2518,All SNPs
1.2518,All SNPs
1.2518,All SNPs
5.5999,All SNPs
5.5999,All SNPs
5.5999,All SNPs
5.5999,All SNPs
5.5999,All SNPs
5.5999,All SNPs
5.5999,All SNPs
5.5999,All SNPs
5.4117,All SNPs
5.4117,All SNPs
5.4117,All SNPs
1.1535,All SNPs
1.1535,All SNPs
1.1535,All SNPs
1.1535,All SNPs
1.1535,All SNPs
1.1535,All SNPs
1.2447,All SNPs
1.2447,All SNPs
1.2447,All SNPs
1.2447,All SNPs
1.2447,All SNPs
1.2447,All SNPs
1.2447,All SNPs
1.2447,All SNPs
1.2447,All SNPs
1.2447,All SNPs
0.88578,All SNPs
0.88578,All SNPs
0.88578,All SNPs
0.88578,All SNPs
0.88578,All SNPs
0.88578,All SNPs
0.88578,All SNPs
0.88578,All SNPs
0.88578,All SNPs
4.2687,All SNPs
4.2687,All SNPs
4.2687,All SNPs
4.2687,All SNPs
4.2687,All SNPs
4.2687,All SNPs
4.2687,All SNPs
4.2687,All SNPs
3.4291,All SNPs
5.2571,All SNPs
5.2571,All SNPs
5.2571,All SNPs
0.52277,All SNPs
0.055959,All SNPs
0.055959,All SNPs
0.055959,All SNPs
8.4758,All SNPs
0.89145,All SNPs
0.12785,All SNPs
0.12785,All SNPs
0.12785,All SNPs
3.4655,All SNPs
3.4655,All SNPs
3.4655,All SNPs
4.3712,All SNPs
4.3712,All SNPs
4.1948,All SNPs
4.1948,All SNPs
4.1948,All SNPs
4.1948,All SNPs
4.1948,All SNPs
4.1948,All SNPs
4.1948,All SNPs
4.1948,All SNPs
4.4213,All SNPs
4.4213,All SNPs
4.4213,All SNPs
4.4213,All SNPs
4.4213,All SNPs
5.4211,All SNPs
1.319,All SNPs
1.319,All SNPs
1.319,All SNPs
1.319,All SNPs
1.319,All SNPs
1.319,All SNPs
1.319,All SNPs
1.319,All SNPs
1.319,All SNPs
1.319,All SNPs
1.319,All SNPs
1.319,All SNPs
1.319,All SNPs
1.319,All SNPs
4.2815,All SNPs
4.2815,All SNPs
4.2908,All SNPs
4.2908,All SNPs
4.2908,All SNPs
4.2908,All SNPs
4.2908,All SNPs
4.2068,All SNPs
4.2068,All SNPs
1.1744,All SNPs
1.1744,All SNPs
1.1744,All SNPs
1.1744,All SNPs
1.1744,All SNPs
1.1744,All SNPs
1.1744,All SNPs
1.1744,All SNPs
4.6673,All SNPs
4.6673,All SNPs
4.4671,All SNPs
1.1945,All SNPs
0.31291,All SNPs
0.31291,All SNPs
0.31291,All SNPs
0.31291,All SNPs
0.31291,All SNPs
1.2015,All SNPs
1.2015,All SNPs
1.2015,All SNPs
1.2015,All SNPs
1.2015,All SNPs
1.2015,All SNPs
1.2015,All SNPs
1.2015,All SNPs
1.2015,All SNPs
1.2015,All SNPs
1.2015,All SNPs
1.2015,All SNPs
1.2015,All SNPs
1.2015,All SNPs
1.2015,All SNPs
1.2015,All SNPs
1.2015,All SNPs
1.2015,All SNPs
1.2015,All SNPs
1.2015,All SNPs
5.6109,All SNPs
5.6109,All SNPs
5.6109,All SNPs
5.6109,All SNPs
5.6109,All SNPs
5.6109,All SNPs
5.6109,All SNPs
5.6109,All SNPs
5.6109,All SNPs
4.8326,All SNPs
4.8326,All SNPs
4.8326,All SNPs
4.8326,All SNPs
4.8326,All SNPs
4.8326,All SNPs
4.8326,All SNPs
4.8326,All SNPs
4.8326,All SNPs
4.8326,All SNPs
4.8326,All SNPs
4.8326,All SNPs
4.8326,All SNPs
4.8326,All SNPs
4.7204,All SNPs
4.0194,All SNPs
4.0194,All SNPs
4.0194,All SNPs
7.4413,All SNPs
7.4413,All SNPs
7.4413,All SNPs
7.4413,All SNPs
7.4413,All SNPs
7.4413,All SNPs
7.4413,All SNPs
0.44453,All SNPs
0.44453,All SNPs
0.44453,All SNPs
0.44453,All SNPs
0.44453,All SNPs
3.3828,All SNPs
0.72681,All SNPs
0.85098,All SNPs
0.85098,All SNPs
0.59279,All SNPs
0.59279,All SNPs
3.6253,All SNPs
3.6253,All SNPs
1.1639,All SNPs
0.73699,All SNPs
0.73699,All SNPs
0.73699,All SNPs
0.73699,All SNPs
0.73699,All SNPs
0.73699,All SNPs
4.6724,All SNPs
4.6724,All SNPs
4.6724,All SNPs
4.6724,All SNPs
4.6724,All SNPs
4.6724,All SNPs
4.6724,All SNPs
4.6724,All SNPs
4.6724,All SNPs
4.6724,All SNPs
4.6724,All SNPs
7.1462,All SNPs
0.27804,All SNPs
0.27804,All SNPs
0.27804,All SNPs
4.1762,All SNPs
1.332,All SNPs
0.28522,All SNPs
0.28522,All SNPs
0.28522,All SNPs
0.28522,All SNPs
0.28522,All SNPs
0.28522,All SNPs
4.6674,All SNPs
4.6674,All SNPs
4.6674,All SNPs
4.6674,All SNPs
4.6674,All SNPs
4.6674,All SNPs
4.6674,All SNPs
4.6674,All SNPs
4.6674,All SNPs
4.6674,All SNPs
4.6674,All SNPs
4.6674,All SNPs
4.6674,All SNPs
4.6674,All SNPs
4.6674,All SNPs
4.6674,All SNPs
4.6674,All SNPs
4.6674,All SNPs
4.6674,All SNPs
4.6674,All SNPs
4.6674,All SNPs
4.6674,All SNPs
4.6674,All SNPs
4.6674,All SNPs
4.6674,All SNPs
4.6674,All SNPs
4.6674,All SNPs
4.6674,All SNPs
4.6674,All SNPs
4.6674,All SNPs
4.6674,All SNPs
4.6674,All SNPs
4.6674,All SNPs
4.6674,All SNPs
4.6674,All SNPs
4.6674,All SNPs
4.6674,All SNPs
4.6674,All SNPs
4.6674,All SNPs
4.6674,All SNPs
4.6674,All SNPs
4.6674,All SNPs
4.6674,All SNPs
4.6674,All SNPs
4.6674,All SNPs
4.6674,All SNPs
4.6674,All SNPs
4.6674,All SNPs
4.3919,All SNPs
4.3919,All SNPs
4.3919,All SNPs
4.3919,All SNPs
4.3919,All SNPs
4.3919,All SNPs
4.3919,All SNPs
4.3919,All SNPs
4.3919,All SNPs
4.3919,All SNPs
4.3919,All SNPs
4.3919,All SNPs
4.3919,All SNPs
5.1332,All SNPs
5.1332,All SNPs
5.1332,All SNPs
0.3167,All SNPs
3.5306,All SNPs
3.5306,All SNPs
3.5343,All SNPs
5.3829,All SNPs
5.3829,All SNPs
5.3829,All SNPs
1.0393,All SNPs
1.0393,All SNPs
1.0393,All SNPs
1.0393,All SNPs
1.0393,All SNPs
5.8515,All SNPs
6.3591,All SNPs
6.3591,All SNPs
6.3591,All SNPs
6.3591,All SNPs
6.3591,All SNPs
6.3591,All SNPs
1.2899,All SNPs
1.2899,All SNPs
1.2899,All SNPs
6.2,All SNPs
6.1924,All SNPs
0.78176,All SNPs
0.83659,All SNPs
0.83659,All SNPs
0.83659,All SNPs
0.83659,All SNPs
3.9818,All SNPs
3.9818,All SNPs
3.5848,All SNPs
0.32064,All SNPs
0.079924,All SNPs
0.079924,All SNPs
0.079924,All SNPs
0.079924,All SNPs
0.079924,All SNPs
0.079924,All SNPs
0.079924,All SNPs
0.079924,All SNPs
0.079924,All SNPs
0.25584,All SNPs
0.25584,All SNPs
5.415,All SNPs
5.415,All SNPs
1.0718,All SNPs
0.087411,All SNPs
0.087411,All SNPs
0.63814,All SNPs
0.63814,All SNPs
0.63814,All SNPs
0.63814,All SNPs
0.63814,All SNPs
0.63814,All SNPs
0.63814,All SNPs
0.63814,All SNPs
0.63814,All SNPs
0.63814,All SNPs
0.63814,All SNPs
0.63814,All SNPs
0.63814,All SNPs
0.63814,All SNPs
0.63814,All SNPs
0.63814,All SNPs
0.63814,All SNPs
5.1095,All SNPs
5.1095,All SNPs
1.1681,All SNPs
1.1681,All SNPs
1.1681,All SNPs
1.1681,All SNPs
1.1681,All SNPs
1.1681,All SNPs
1.1681,All SNPs
1.1681,All SNPs
1.1681,All SNPs
1.1681,All SNPs
0.49387,All SNPs
0.49387,All SNPs
0.49387,All SNPs
4.5828,All SNPs
4.5828,All SNPs
4.5828,All SNPs
4.5828,All SNPs
4.5828,All SNPs
4.5828,All SNPs
4.5828,All SNPs
4.5828,All SNPs
1.2103,All SNPs
1.2103,All SNPs
1.0324,All SNPs
1.0324,All SNPs
3.9372,All SNPs
3.9372,All SNPs
3.9372,All SNPs
3.9372,All SNPs
0.34726,All SNPs
0.34726,All SNPs
5.4292,All SNPs
1.2021,All SNPs
1.2021,All SNPs
3.7844,All SNPs
6.2819,All SNPs
6.2819,All SNPs
6.2819,All SNPs
6.2819,All SNPs
6.2819,All SNPs
6.2819,All SNPs
6.2819,All SNPs
6.7011,All SNPs
6.7011,All SNPs
6.7011,All SNPs
6.7011,All SNPs
6.3068,All SNPs
6.3068,All SNPs
6.3068,All SNPs
6.3068,All SNPs
6.3068,All SNPs
6.3068,All SNPs
6.3068,All SNPs
6.3068,All SNPs
6.3068,All SNPs
6.3068,All SNPs
6.3068,All SNPs
0.82822,All SNPs
1.108,All SNPs
1.108,All SNPs
4.0807,All SNPs
0.79331,All SNPs
0.79331,All SNPs
0.76063,All SNPs
5.6496,All SNPs
5.6496,All SNPs
0.5217,All SNPs
1.134,All SNPs
3.865,All SNPs
3.865,All SNPs
3.865,All SNPs
3.865,All SNPs
1.3049,All SNPs
5.0538,All SNPs
5.0538,All SNPs
5.0538,All SNPs
7.4819,All SNPs
5.759,All SNPs
5.759,All SNPs
5.759,All SNPs
5.759,All SNPs
4.3075,All SNPs
4.7041,All SNPs
4.7041,All SNPs
4.7041,All SNPs
4.7041,All SNPs
4.7041,All SNPs
4.7041,All SNPs
4.1879,All SNPs
5.2467,All SNPs
3.4887,All SNPs
3.4887,All SNPs
3.4887,All SNPs
3.4887,All SNPs
3.4887,All SNPs
3.4887,All SNPs
5.1489,All SNPs
0.24566,All SNPs
0.24566,All SNPs
0.24566,All SNPs
0.50044,All SNPs
0.50044,All SNPs
0.50044,All SNPs
4.4381,All SNPs
3.5831,All SNPs
4.4275,All SNPs
6.4841,All SNPs
0.44117,All SNPs
0.44117,All SNPs
5.7875,All SNPs
5.7875,All SNPs
0.59236,All SNPs
0.59236,All SNPs
0.59236,All SNPs
0.59236,All SNPs
0.59236,All SNPs
5.5299,All SNPs
5.5299,All SNPs
5.5299,All SNPs
5.5299,All SNPs
5.5299,All SNPs
5.5299,All SNPs
5.5299,All SNPs
5.5299,All SNPs
5.5299,All SNPs
5.5299,All SNPs
5.5299,All SNPs
5.5299,All SNPs
5.5299,All SNPs
5.5299,All SNPs
5.5299,All SNPs
5.5299,All SNPs
1.3414,All SNPs
0.8145,All SNPs
0.8145,All SNPs
0.8145,All SNPs
0.8145,All SNPs
0.8145,All SNPs
0.8145,All SNPs
0.8145,All SNPs
0.8145,All SNPs
0.8145,All SNPs
0.8145,All SNPs
0.8145,All SNPs
0.8145,All SNPs
0.45507,All SNPs
4.0164,All SNPs
6.0689,All SNPs
6.0689,All SNPs
5.5347,All SNPs
5.1497,All SNPs
5.1497,All SNPs
5.1497,All SNPs
5.1497,All SNPs
3.7826,All SNPs
3.3632,All SNPs
3.3632,All SNPs
3.3632,All SNPs
3.3632,All SNPs
3.3632,All SNPs
3.3632,All SNPs
3.3632,All SNPs
3.3632,All SNPs
3.6691,All SNPs
3.6004,All SNPs
3.6004,All SNPs
3.6004,All SNPs
3.6004,All SNPs
3.6004,All SNPs
3.6004,All SNPs
1.268,All SNPs
3.7569,All SNPs
3.7569,All SNPs
3.7569,All SNPs
3.7569,All SNPs
3.7569,All SNPs
5.0133,All SNPs
5.3504,All SNPs
5.3504,All SNPs
5.3504,All SNPs
5.3504,All SNPs
5.3504,All SNPs
7.6126,All SNPs
7.6126,All SNPs
3.7192,All SNPs
0.72747,All SNPs
6.3168,All SNPs
6.3168,All SNPs
6.3168,All SNPs
6.3168,All SNPs
6.3168,All SNPs
6.3168,All SNPs
6.3168,All SNPs
6.3168,All SNPs
6.3168,All SNPs
6.3168,All SNPs
6.3168,All SNPs
6.3168,All SNPs
6.3168,All SNPs
6.3168,All SNPs
6.3168,All SNPs
6.3168,All SNPs
6.3168,All SNPs
6.3168,All SNPs
6.3168,All SNPs
6.3168,All SNPs
6.3168,All SNPs
6.3168,All SNPs
6.3168,All SNPs
6.3168,All SNPs
6.3168,All SNPs
6.3168,All SNPs
6.3168,All SNPs
6.3168,All SNPs
6.3168,All SNPs
6.3168,All SNPs
6.3168,All SNPs
6.3168,All SNPs
6.3168,All SNPs
6.3168,All SNPs
3.5763,All SNPs
4.205,All SNPs
3.6843,All SNPs
3.6843,All SNPs
3.6843,All SNPs
3.6843,All SNPs
3.6843,All SNPs
3.6843,All SNPs
5.0231,All SNPs
5.0231,All SNPs
5.0231,All SNPs
5.0231,All SNPs
5.0231,All SNPs
5.1747,All SNPs
5.1747,All SNPs
5.1747,All SNPs
5.1747,All SNPs
5.1747,All SNPs
5.1747,All SNPs
5.4016,All SNPs
5.4016,All SNPs
5.4016,All SNPs
5.4016,All SNPs
5.4016,All SNPs
5.4016,All SNPs
5.4016,All SNPs
5.4016,All SNPs
5.4016,All SNPs
0.70384,All SNPs
0.70384,All SNPs
0.70384,All SNPs
0.70384,All SNPs
0.70384,All SNPs
0.70384,All SNPs
0.70384,All SNPs
0.70384,All SNPs
0.70384,All SNPs
1.3127,All SNPs
4.52,All SNPs
4.52,All SNPs
4.52,All SNPs
4.52,All SNPs
3.9892,All SNPs
1.3195,All SNPs
1.3195,All SNPs
1.3195,All SNPs
1.3195,All SNPs
1.3195,All SNPs
0.38919,All SNPs
0.38919,All SNPs
0.38919,All SNPs
0.38919,All SNPs
0.38919,All SNPs
0.38919,All SNPs
0.38919,All SNPs
0.38919,All SNPs
0.38919,All SNPs
1.1328,All SNPs
5.9963,All SNPs
5.9963,All SNPs
5.9963,All SNPs
6.3967,All SNPs
1.314,All SNPs
1.314,All SNPs
1.314,All SNPs
1.314,All SNPs
1.314,All SNPs
1.314,All SNPs
1.314,All SNPs
4.5613,All SNPs
0.22364,All SNPs
0.22364,All SNPs
0.22364,All SNPs
1.3474,All SNPs
1.3474,All SNPs
1.3474,All SNPs
1.3474,All SNPs
0.78348,All SNPs
0.78348,All SNPs
0.78348,All SNPs
0.5646,All SNPs
0.5646,All SNPs
0.5646,All SNPs
0.5646,All SNPs
6.5006,All SNPs
6.5006,All SNPs
6.5006,All SNPs
6.1984,All SNPs
6.1169,All SNPs
6.1169,All SNPs
6.1169,All SNPs
6.1169,All SNPs
6.1169,All SNPs
6.1169,All SNPs
6.1169,All SNPs
6.1169,All SNPs
6.1169,All SNPs
6.1169,All SNPs
6.1169,All SNPs
6.1169,All SNPs
9.4194,All SNPs
9.4194,All SNPs
9.4194,All SNPs
9.4194,All SNPs
9.4194,All SNPs
9.4194,All SNPs
9.4194,All SNPs
9.4194,All SNPs
1.2105,All SNPs
1.2105,All SNPs
1.2105,All SNPs
0.97136,All SNPs
0.97136,All SNPs
0.97136,All SNPs
0.38833,All SNPs
0.38833,All SNPs
3.8536,All SNPs
3.8536,All SNPs
3.8536,All SNPs
3.8536,All SNPs
3.8536,All SNPs
3.8536,All SNPs
3.8536,All SNPs
3.8536,All SNPs
3.8536,All SNPs
3.8536,All SNPs
8.5745,All SNPs
8.5745,All SNPs
1.0675,All SNPs
4.6543,All SNPs
4.6543,All SNPs
0.97927,All SNPs
1.3001,All SNPs
1.3001,All SNPs
1.1257,All SNPs
1.1257,All SNPs
1.1257,All SNPs
0.9274,All SNPs
0.9274,All SNPs
0.97519,All SNPs
0.97519,All SNPs
0.97519,All SNPs
0.53806,All SNPs
0.53806,All SNPs
0.53806,All SNPs
0.53806,All SNPs
0.53806,All SNPs
4.8358,All SNPs
1.2326,All SNPs
0.58368,All SNPs
0.58368,All SNPs
0.58368,All SNPs
3.4786,All SNPs
3.4786,All SNPs
0.8508,All SNPs
6.1672,All SNPs
0.75213,All SNPs
0.75213,All SNPs
0.75213,All SNPs
0.99711,All SNPs
0.99711,All SNPs
0.99711,All SNPs
4.5508,All SNPs
4.5508,All SNPs
4.5508,All SNPs
4.5508,All SNPs
4.5508,All SNPs
4.5508,All SNPs
7.8921,All SNPs
7.8921,All SNPs
7.8921,All SNPs
7.8921,All SNPs
7.8921,All SNPs
0.56161,All SNPs
0.56161,All SNPs
3.8281,All SNPs
3.8281,All SNPs
3.8281,All SNPs
3.8281,All SNPs
3.795,All SNPs
3.795,All SNPs
0.82575,All SNPs
6.0592,All SNPs
10.031,All SNPs
4.2451,All SNPs
4.2451,All SNPs
3.6184,All SNPs
3.6184,All SNPs
3.6184,All SNPs
3.6184,All SNPs
3.6184,All SNPs
3.6184,All SNPs
3.6184,All SNPs
3.6184,All SNPs
0.35468,All SNPs
0.31076,All SNPs
0.31076,All SNPs
0.31076,All SNPs
0.31076,All SNPs
9.6991,All SNPs
1.3127,All SNPs
1.3127,All SNPs
1.3127,All SNPs
1.3127,All SNPs
1.3127,All SNPs
1.3127,All SNPs
1.3127,All SNPs
1.2432,All SNPs
1.2432,All SNPs
1.2432,All SNPs
1.2432,All SNPs
1.2432,All SNPs
0.63793,All SNPs
0.63793,All SNPs
0.63793,All SNPs
0.63793,All SNPs
0.63793,All SNPs
0.63793,All SNPs
0.63793,All SNPs
0.63793,All SNPs
3.4772,All SNPs
3.4772,All SNPs
1.2477,All SNPs
1.2477,All SNPs
1.0108,All SNPs
1.0108,All SNPs
1.0108,All SNPs
1.0108,All SNPs
1.0108,All SNPs
1.0108,All SNPs
1.0108,All SNPs
1.0108,All SNPs
1.0108,All SNPs
0.033848,All SNPs
0.033848,All SNPs
0.033848,All SNPs
1.0708,All SNPs
1.0708,All SNPs
1.0708,All SNPs
1.0708,All SNPs
1.0708,All SNPs
1.0708,All SNPs
1.0708,All SNPs
1.0708,All SNPs
1.0708,All SNPs
1.0708,All SNPs
1.0708,All SNPs
1.0708,All SNPs
1.0708,All SNPs
1.0708,All SNPs
1.0708,All SNPs
1.0708,All SNPs
1.0708,All SNPs
1.0708,All SNPs
1.0708,All SNPs
1.0708,All SNPs
1.0708,All SNPs
1.0708,All SNPs
1.0708,All SNPs
1.0708,All SNPs
1.0708,All SNPs
1.0708,All SNPs
1.0708,All SNPs
1.0708,All SNPs
1.0708,All SNPs
1.0708,All SNPs
1.0708,All SNPs
1.0708,All SNPs
1.2985,All SNPs
1.2985,All SNPs
0.9324,All SNPs
0.9324,All SNPs
0.9324,All SNPs
0.9324,All SNPs
0.9324,All SNPs
6.7304,All SNPs
6.7304,All SNPs
6.7304,All SNPs
6.7304,All SNPs
7.7608,All SNPs
5.2887,All SNPs
5.2887,All SNPs
6.9984,All SNPs
6.9984,All SNPs
6.9984,All SNPs
6.9984,All SNPs
0.8713,All SNPs
0.8713,All SNPs
0.8713,All SNPs
0.8713,All SNPs
0.8713,All SNPs
0.8713,All SNPs
0.8713,All SNPs
0.8713,All SNPs
0.8713,All SNPs
0.8713,All SNPs
5.7491,All SNPs
5.7491,All SNPs
3.8706,All SNPs
3.8706,All SNPs
3.8706,All SNPs
3.8706,All SNPs
3.8706,All SNPs
3.8706,All SNPs
9.5023,All SNPs
0.019851,All SNPs
0.019851,All SNPs
4.3578,All SNPs
4.3578,All SNPs
4.3578,All SNPs
3.9087,All SNPs
0.70613,All SNPs
0.30322,All SNPs
0.30322,All SNPs
0.30322,All SNPs
0.30322,All SNPs
0.30322,All SNPs
0.30322,All SNPs
0.30322,All SNPs
0.30322,All SNPs
0.30322,All SNPs
0.30322,All SNPs
0.30322,All SNPs
0.30322,All SNPs
0.30322,All SNPs
0.30322,All SNPs
0.30322,All SNPs
0.30322,All SNPs
0.30322,All SNPs
3.4043,All SNPs
3.4612,All SNPs
3.4612,All SNPs
3.4612,All SNPs
3.4612,All SNPs
3.4612,All SNPs
1.0965,All SNPs
1.0965,All SNPs
1.0965,All SNPs
1.0965,All SNPs
1.0965,All SNPs
1.0965,All SNPs
1.0965,All SNPs
1.0965,All SNPs
1.0965,All SNPs
1.0965,All SNPs
1.0965,All SNPs
1.0965,All SNPs
1.0965,All SNPs
1.0965,All SNPs
1.0965,All SNPs
1.0965,All SNPs
1.0965,All SNPs
1.0965,All SNPs
1.0965,All SNPs
1.0965,All SNPs
1.0965,All SNPs
1.0965,All SNPs
1.0965,All SNPs
1.0965,All SNPs
1.0965,All SNPs
1.0965,All SNPs
1.0965,All SNPs
1.0965,All SNPs
1.0965,All SNPs
1.0965,All SNPs
1.0965,All SNPs
1.0965,All SNPs
0.14808,All SNPs
0.14808,All SNPs
0.14808,All SNPs
0.14808,All SNPs
1.0341,All SNPs
1.0341,All SNPs
1.0341,All SNPs
5.2992,All SNPs
5.2992,All SNPs
5.2992,All SNPs
5.2992,All SNPs
5.2992,All SNPs
5.2992,All SNPs
5.2992,All SNPs
5.2992,All SNPs
0.67646,All SNPs
0.67646,All SNPs
0.67646,All SNPs
0.67646,All SNPs
0.67646,All SNPs
1.3111,All SNPs
1.0585,All SNPs
0.81643,All SNPs
0.81643,All SNPs
0.95424,All SNPs
0.95424,All SNPs
4.0635,All SNPs
4.0635,All SNPs
0.73441,All SNPs
6.3551,All SNPs
4.618,All SNPs
4.618,All SNPs
4.618,All SNPs
4.618,All SNPs
3.5051,All SNPs
3.5051,All SNPs
3.5051,All SNPs
0.54852,All SNPs
0.54852,All SNPs
0.54852,All SNPs
0.54852,All SNPs
1.074,All SNPs
1.074,All SNPs
1.074,All SNPs
1.074,All SNPs
1.074,All SNPs
1.074,All SNPs
1.074,All SNPs
1.074,All SNPs
1.074,All SNPs
1.074,All SNPs
1.074,All SNPs
1.074,All SNPs
1.074,All SNPs
0.97258,All SNPs
6.442,All SNPs
0.91517,All SNPs
0.91517,All SNPs
0.91517,All SNPs
0.91517,All SNPs
0.91517,All SNPs
0.91517,All SNPs
0.91517,All SNPs
4.6525,All SNPs
4.6525,All SNPs
4.6525,All SNPs
4.6525,All SNPs
4.6525,All SNPs
0.79547,All SNPs
0.79547,All SNPs
0.79547,All SNPs
0.79547,All SNPs
0.79547,All SNPs
0.23622,All SNPs
0.23622,All SNPs
0.23622,All SNPs
0.23622,All SNPs
4.4873,All SNPs
1.351,All SNPs
5.3976,All SNPs
5.3976,All SNPs
5.3976,All SNPs
5.3976,All SNPs
0.94409,All SNPs
0.94409,All SNPs
0.94409,All SNPs
6.1665,All SNPs
0.40791,All SNPs
0.40791,All SNPs
0.40791,All SNPs
0.40791,All SNPs
0.40791,All SNPs
0.40791,All SNPs
6.2124,All SNPs
6.2124,All SNPs
6.2124,All SNPs
6.2124,All SNPs
6.2124,All SNPs
6.2124,All SNPs
6.2124,All SNPs
6.2124,All SNPs
6.2124,All SNPs
6.2124,All SNPs
6.2124,All SNPs
6.2124,All SNPs
6.2124,All SNPs
6.2124,All SNPs
6.2124,All SNPs
6.2124,All SNPs
6.2124,All SNPs
6.2124,All SNPs
6.2124,All SNPs
6.2124,All SNPs
6.2124,All SNPs
3.9077,All SNPs
6.1031,All SNPs
6.1031,All SNPs
6.1031,All SNPs
6.1031,All SNPs
0.57003,All SNPs
0.57003,All SNPs
0.3614,All SNPs
0.3614,All SNPs
0.3614,All SNPs
0.3614,All SNPs
0.3614,All SNPs
0.3614,All SNPs
0.3614,All SNPs
0.3614,All SNPs
0.3614,All SNPs
0.3614,All SNPs
0.3614,All SNPs
0.3614,All SNPs
0.3614,All SNPs
0.3614,All SNPs
0.3614,All SNPs
0.3614,All SNPs
0.3614,All SNPs
0.3614,All SNPs
0.3614,All SNPs
0.3614,All SNPs
1.292,All SNPs
1.292,All SNPs
1.292,All SNPs
1.292,All SNPs
1.292,All SNPs
1.292,All SNPs
1.292,All SNPs
1.292,All SNPs
3.5152,All SNPs
4.2108,All SNPs
4.2108,All SNPs
4.2108,All SNPs
4.2108,All SNPs
0.64197,All SNPs
0.64197,All SNPs
0.64197,All SNPs
0.64197,All SNPs
0.64197,All SNPs
0.64197,All SNPs
0.64197,All SNPs
0.64197,All SNPs
0.64197,All SNPs
0.64197,All SNPs
0.64197,All SNPs
0.64197,All SNPs
1.1746,All SNPs
3.8176,All SNPs
3.8176,All SNPs
3.8176,All SNPs
3.8176,All SNPs
1.0657,All SNPs
1.0657,All SNPs
1.2716,All SNPs
6.1206,All SNPs
6.1206,All SNPs
5.2114,All SNPs
4.603,All SNPs
1.1659,All SNPs
3.4174,All SNPs
3.4174,All SNPs
3.4174,All SNPs
3.3964,All SNPs
6.2649,All SNPs
6.2649,All SNPs
6.2649,All SNPs
6.2649,All SNPs
6.2649,All SNPs
5.662,All SNPs
5.662,All SNPs
4.8933,All SNPs
6.6878,All SNPs
6.6878,All SNPs
6.6878,All SNPs
6.6878,All SNPs
6.6878,All SNPs
6.6878,All SNPs
0.2196,All SNPs
3.8366,All SNPs
3.8068,All SNPs
3.8068,All SNPs
3.8068,All SNPs
0.91924,All SNPs
0.91924,All SNPs
3.6142,All SNPs
1.1841,All SNPs
7.1511,All SNPs
7.1511,All SNPs
7.1511,All SNPs
4.5239,All SNPs
0.55028,All SNPs
1.152,All SNPs
1.152,All SNPs
1.152,All SNPs
3.8916,All SNPs
3.5954,All SNPs
3.5954,All SNPs
0.10954,All SNPs
0.10954,All SNPs
0.10954,All SNPs
0.10954,All SNPs
0.10954,All SNPs
0.91615,All SNPs
0.91615,All SNPs
0.91615,All SNPs
0.91615,All SNPs
0.91615,All SNPs
0.91615,All SNPs
0.91615,All SNPs
0.91615,All SNPs
0.91615,All SNPs
1.1432,All SNPs
1.1432,All SNPs
1.1432,All SNPs
1.1432,All SNPs
1.1432,All SNPs
1.1432,All SNPs
0.67001,All SNPs
0.19674,All SNPs
0.19674,All SNPs
0.19674,All SNPs
3.5127,All SNPs
3.5127,All SNPs
3.5127,All SNPs
3.5127,All SNPs
3.5127,All SNPs
3.5127,All SNPs
3.5127,All SNPs
3.7502,All SNPs
3.7502,All SNPs
0.78685,All SNPs
1.3206,All SNPs
1.3206,All SNPs
1.3206,All SNPs
1.3206,All SNPs
1.3206,All SNPs
0.99101,All SNPs
0.99101,All SNPs
0.99101,All SNPs
5.5847,All SNPs
5.5847,All SNPs
5.5847,All SNPs
5.5847,All SNPs
5.5847,All SNPs
4.6855,All SNPs
6.7415,All SNPs
6.7415,All SNPs
1.1937,All SNPs
1.1937,All SNPs
1.1937,All SNPs
7.3615,All SNPs
7.3615,All SNPs
4.1167,All SNPs
4.1167,All SNPs
4.1167,All SNPs
4.1167,All SNPs
4.1167,All SNPs
4.1167,All SNPs
1.0147,All SNPs
0.79388,All SNPs
0.79388,All SNPs
0.79388,All SNPs
0.79388,All SNPs
0.79388,All SNPs
0.79388,All SNPs
0.79388,All SNPs
0.79388,All SNPs
0.79388,All SNPs
3.6675,All SNPs
3.6675,All SNPs
3.5925,All SNPs
5.6094,All SNPs
5.6094,All SNPs
5.6094,All SNPs
4.3078,All SNPs
4.3078,All SNPs
4.3078,All SNPs
0.78347,All SNPs
0.78347,All SNPs
0.78347,All SNPs
0.78347,All SNPs
0.78347,All SNPs
0.78347,All SNPs
0.78347,All SNPs
0.78347,All SNPs
0.78347,All SNPs
0.78347,All SNPs
0.78347,All SNPs
0.78347,All SNPs
0.78347,All SNPs
3.4406,All SNPs
3.4406,All SNPs
3.4406,All SNPs
3.4406,All SNPs
3.4406,All SNPs
3.4406,All SNPs
3.4406,All SNPs
3.4406,All SNPs
3.4406,All SNPs
3.4406,All SNPs
3.4406,All SNPs
3.4406,All SNPs
3.4406,All SNPs
3.4406,All SNPs
3.4406,All SNPs
3.4406,All SNPs
3.4406,All SNPs
3.4406,All SNPs
3.4406,All SNPs
3.4406,All SNPs
3.4406,All SNPs
7.4994,All SNPs
7.4994,All SNPs
7.4994,All SNPs
7.4994,All SNPs
7.4994,All SNPs
0.88088,All SNPs
0.88088,All SNPs
1.2647,All SNPs
1.2647,All SNPs
1.2647,All SNPs
1.2647,All SNPs
3.8961,All SNPs
3.8961,All SNPs
3.8961,All SNPs
3.8961,All SNPs
3.8961,All SNPs
3.8961,All SNPs
4.7199,All SNPs
4.7199,All SNPs
4.7199,All SNPs
4.193,All SNPs
4.193,All SNPs
4.193,All SNPs
4.193,All SNPs
4.193,All SNPs
4.193,All SNPs
1.0839,All SNPs
1.0839,All SNPs
1.0839,All SNPs
1.0839,All SNPs
0.72371,All SNPs
0.72371,All SNPs
0.72371,All SNPs
0.72371,All SNPs
0.72371,All SNPs
0.91506,All SNPs
0.80985,All SNPs
0.80985,All SNPs
1.3036,All SNPs
1.3036,All SNPs
1.3036,All SNPs
1.3036,All SNPs
1.3036,All SNPs
1.3036,All SNPs
1.3036,All SNPs
1.3036,All SNPs
1.3036,All SNPs
1.1287,All SNPs
0.9504,All SNPs
0.9504,All SNPs
0.9504,All SNPs
3.4562,All SNPs
3.4562,All SNPs
3.4562,All SNPs
3.4562,All SNPs
6.7489,All SNPs
1.3409,All SNPs
1.3409,All SNPs
1.3409,All SNPs
3.6356,All SNPs
3.6356,All SNPs
1.2006,All SNPs
1.2006,All SNPs
1.2006,All SNPs
1.194,All SNPs
1.194,All SNPs
1.194,All SNPs
1.194,All SNPs
1.194,All SNPs
1.194,All SNPs
1.194,All SNPs
1.194,All SNPs
1.194,All SNPs
1.194,All SNPs
6.5949,All SNPs
6.5949,All SNPs
6.5949,All SNPs
3.4572,All SNPs
3.4572,All SNPs
3.4572,All SNPs
3.4572,All SNPs
0.73225,All SNPs
0.73225,All SNPs
0.69475,All SNPs
0.69475,All SNPs
0.69475,All SNPs
0.69475,All SNPs
0.69475,All SNPs
0.69475,All SNPs
0.69475,All SNPs
0.69475,All SNPs
3.6973,All SNPs
3.6973,All SNPs
6.7728,All SNPs
4.8063,All SNPs
5.0681,All SNPs
5.0681,All SNPs
4.9392,All SNPs
4.9392,All SNPs
4.9392,All SNPs
4.9392,All SNPs
4.9392,All SNPs
4.9392,All SNPs
4.9392,All SNPs
4.9392,All SNPs
3.389,All SNPs
3.389,All SNPs
3.389,All SNPs
3.389,All SNPs
3.389,All SNPs
3.389,All SNPs
3.389,All SNPs
3.389,All SNPs
3.389,All SNPs
3.389,All SNPs
3.389,All SNPs
3.389,All SNPs
3.389,All SNPs
0.86821,All SNPs
7.0882,All SNPs
7.0882,All SNPs
7.0882,All SNPs
7.0882,All SNPs
7.0882,All SNPs
5.3314,All SNPs
4.2383,All SNPs
0.74528,All SNPs
0.74528,All SNPs
0.74528,All SNPs
0.74528,All SNPs
0.74528,All SNPs
0.41619,All SNPs
0.41619,All SNPs
0.41619,All SNPs
0.41619,All SNPs
0.41619,All SNPs
0.41619,All SNPs
0.41619,All SNPs
0.41619,All SNPs
0.81643,All SNPs
1.0563,All SNPs
1.0563,All SNPs
5.2809,All SNPs
5.543,All SNPs
5.543,All SNPs
5.543,All SNPs
4.318,All SNPs
1.3167,All SNPs
1.3167,All SNPs
1.3167,All SNPs
1.3167,All SNPs
1.3167,All SNPs
1.3167,All SNPs
1.3167,All SNPs
1.3167,All SNPs
1.3167,All SNPs
1.3167,All SNPs
1.3167,All SNPs
1.3167,All SNPs
1.3167,All SNPs
1.3167,All SNPs
1.3167,All SNPs
1.3167,All SNPs
1.3167,All SNPs
1.3167,All SNPs
1.3167,All SNPs
1.3167,All SNPs
1.3167,All SNPs
1.3167,All SNPs
1.3167,All SNPs
1.3167,All SNPs
1.3167,All SNPs
1.3167,All SNPs
1.3167,All SNPs
1.3167,All SNPs
1.3167,All SNPs
1.3167,All SNPs
1.3167,All SNPs
1.3167,All SNPs
1.3167,All SNPs
3.3651,All SNPs
3.6194,All SNPs
4.5143,All SNPs
1.2015,All SNPs
1.2015,All SNPs
4.45,All SNPs
0.35643,All SNPs
0.77864,All SNPs
0.77864,All SNPs
0.77864,All SNPs
0.77864,All SNPs
0.77864,All SNPs
0.77864,All SNPs
0.77864,All SNPs
0.77864,All SNPs
0.77864,All SNPs
0.77864,All SNPs
0.77864,All SNPs
3.9913,All SNPs
3.5084,All SNPs
3.5084,All SNPs
3.5084,All SNPs
3.5084,All SNPs
5.7917,All SNPs
5.7917,All SNPs
5.7917,All SNPs
5.7917,All SNPs
5.7917,All SNPs
5.7917,All SNPs
5.7917,All SNPs
5.7917,All SNPs
5.7917,All SNPs
5.7917,All SNPs
5.7917,All SNPs
5.7917,All SNPs
5.7917,All SNPs
5.7917,All SNPs
5.7917,All SNPs
5.7917,All SNPs
5.7917,All SNPs
1.0752,All SNPs
1.0752,All SNPs
3.4268,All SNPs
3.4268,All SNPs
0.36254,All SNPs
0.36254,All SNPs
0.36254,All SNPs
1.0981,All SNPs
1.0569,All SNPs
0.63396,All SNPs
4.065,All SNPs
4.065,All SNPs
4.065,All SNPs
1.1338,All SNPs
1.1338,All SNPs
1.1321,All SNPs
6.2737,All SNPs
6.1473,All SNPs
6.1473,All SNPs
6.1473,All SNPs
6.5675,All SNPs
0.80944,All SNPs
0.80944,All SNPs
0.80944,All SNPs
6.2332,All SNPs
6.2332,All SNPs
6.2332,All SNPs
7.3223,All SNPs
3.7305,All SNPs
3.7305,All SNPs
4.8695,All SNPs
4.8695,All SNPs
4.8695,All SNPs
5.9372,All SNPs
5.9372,All SNPs
5.9372,All SNPs
5.9372,All SNPs
3.4825,All SNPs
3.6678,All SNPs
3.6678,All SNPs
3.6678,All SNPs
3.6678,All SNPs
3.6678,All SNPs
3.6678,All SNPs
3.6678,All SNPs
3.6678,All SNPs
3.6678,All SNPs
3.6678,All SNPs
3.6678,All SNPs
3.6678,All SNPs
3.6678,All SNPs
3.6678,All SNPs
8.2891,All SNPs
8.2891,All SNPs
6.229,All SNPs
4.232,All SNPs
4.232,All SNPs
4.232,All SNPs
4.232,All SNPs
5.7811,All SNPs
0.87737,All SNPs
0.87737,All SNPs
0.87737,All SNPs
0.87737,All SNPs
0.87737,All SNPs
0.87737,All SNPs
0.87737,All SNPs
5.0456,All SNPs
5.0456,All SNPs
7.3144,All SNPs
7.3144,All SNPs
0.21413,All SNPs
0.21413,All SNPs
0.21413,All SNPs
0.21413,All SNPs
0.21413,All SNPs
0.86633,All SNPs
0.86633,All SNPs
0.86633,All SNPs
1.2754,All SNPs
1.2754,All SNPs
1.2754,All SNPs
1.2754,All SNPs
1.2754,All SNPs
0.72434,All SNPs
0.72434,All SNPs
0.72434,All SNPs
0.72434,All SNPs
0.72434,All SNPs
1.2686,All SNPs
1.2686,All SNPs
1.2686,All SNPs
1.2686,All SNPs
1.2686,All SNPs
1.2686,All SNPs
1.2686,All SNPs
1.2686,All SNPs
4.3214,All SNPs
4.3214,All SNPs
4.3214,All SNPs
4.3214,All SNPs
6.0876,All SNPs
5.8322,All SNPs
5.8322,All SNPs
0.40646,All SNPs
0.40646,All SNPs
1.2857,All SNPs
1.2857,All SNPs
1.2857,All SNPs
1.2857,All SNPs
1.2857,All SNPs
1.2857,All SNPs
1.2857,All SNPs
1.2857,All SNPs
1.2857,All SNPs
1.2857,All SNPs
1.2857,All SNPs
1.3112,All SNPs
5.4675,All SNPs
1.0747,All SNPs
1.1858,All SNPs
1.1858,All SNPs
1.1858,All SNPs
1.1858,All SNPs
1.1858,All SNPs
1.1858,All SNPs
1.1858,All SNPs
1.1858,All SNPs
1.1858,All SNPs
1.1858,All SNPs
1.1858,All SNPs
1.1858,All SNPs
1.1858,All SNPs
4.7472,All SNPs
4.7472,All SNPs
7.6256,All SNPs
7.6256,All SNPs
7.6256,All SNPs
0.41358,All SNPs
0.41358,All SNPs
0.54729,All SNPs
0.54729,All SNPs
3.6465,All SNPs
4.3931,All SNPs
4.1885,All SNPs
4.1885,All SNPs
0.56068,All SNPs
0.92899,All SNPs
0.92899,All SNPs
0.92899,All SNPs
0.92899,All SNPs
0.92899,All SNPs
0.92899,All SNPs
0.92899,All SNPs
0.92899,All SNPs
0.92899,All SNPs
0.92899,All SNPs
0.92899,All SNPs
0.92899,All SNPs
0.92899,All SNPs
0.92899,All SNPs
0.92899,All SNPs
0.92899,All SNPs
0.92899,All SNPs
0.92899,All SNPs
0.92899,All SNPs
0.92899,All SNPs
0.92899,All SNPs
0.92899,All SNPs
0.92899,All SNPs
0.92899,All SNPs
0.92899,All SNPs
0.92899,All SNPs
0.92899,All SNPs
0.92899,All SNPs
0.92899,All SNPs
0.92899,All SNPs
0.92899,All SNPs
0.92899,All SNPs
0.92899,All SNPs
0.92899,All SNPs
0.92899,All SNPs
0.92899,All SNPs
0.92899,All SNPs
0.92899,All SNPs
0.92899,All SNPs
0.92899,All SNPs
0.92899,All SNPs
0.92899,All SNPs
0.92899,All SNPs
0.92899,All SNPs
0.92899,All SNPs
0.92899,All SNPs
0.92899,All SNPs
6.2838,All SNPs
6.2838,All SNPs
6.2838,All SNPs
6.2838,All SNPs
6.2838,All SNPs
5.3878,All SNPs
5.3878,All SNPs
1.0978,All SNPs
1.0978,All SNPs
1.0978,All SNPs
0.63151,All SNPs
6.9067,All SNPs
6.9067,All SNPs
6.9067,All SNPs
6.9067,All SNPs
6.9067,All SNPs
6.9067,All SNPs
6.9067,All SNPs
6.9067,All SNPs
6.9067,All SNPs
6.9067,All SNPs
6.9067,All SNPs
6.9067,All SNPs
6.9067,All SNPs
4.4023,All SNPs
5.4472,All SNPs
1.0482,All SNPs
1.0482,All SNPs
1.0482,All SNPs
1.0482,All SNPs
1.0482,All SNPs
1.0482,All SNPs
1.0482,All SNPs
1.0482,All SNPs
1.0482,All SNPs
1.0482,All SNPs
1.0482,All SNPs
1.0482,All SNPs
1.0482,All SNPs
1.0482,All SNPs
1.0482,All SNPs
1.0482,All SNPs
1.0482,All SNPs
1.0482,All SNPs
1.0482,All SNPs
1.0482,All SNPs
1.0482,All SNPs
1.0482,All SNPs
1.0482,All SNPs
1.0482,All SNPs
1.0482,All SNPs
1.0482,All SNPs
1.0482,All SNPs
1.0482,All SNPs
1.0482,All SNPs
1.0482,All SNPs
1.0482,All SNPs
1.0482,All SNPs
1.0482,All SNPs
1.0482,All SNPs
1.0482,All SNPs
1.0482,All SNPs
1.0482,All SNPs
1.0482,All SNPs
1.0482,All SNPs
1.0482,All SNPs
1.0482,All SNPs
1.0482,All SNPs
1.0482,All SNPs
1.0482,All SNPs
1.0482,All SNPs
1.0482,All SNPs
1.0482,All SNPs
1.0482,All SNPs
1.0482,All SNPs
1.0482,All SNPs
1.0482,All SNPs
6.7085,All SNPs
6.7085,All SNPs
6.7085,All SNPs
6.7085,All SNPs
6.7085,All SNPs
6.7085,All SNPs
6.7085,All SNPs
3.5946,All SNPs
3.5946,All SNPs
3.5946,All SNPs
4.8447,All SNPs
4.8447,All SNPs
4.8447,All SNPs
4.8447,All SNPs
4.8447,All SNPs
0.70773,All SNPs
0.70773,All SNPs
3.5924,All SNPs
3.5924,All SNPs
3.5924,All SNPs
0.79285,All SNPs
6.3209,All SNPs
6.3209,All SNPs
0.43507,All SNPs
0.43507,All SNPs
0.43507,All SNPs
0.43507,All SNPs
0.43507,All SNPs
0.43507,All SNPs
0.43507,All SNPs
0.43507,All SNPs
0.43507,All SNPs
0.43507,All SNPs
0.43507,All SNPs
0.43507,All SNPs
0.43507,All SNPs
1.2977,All SNPs
5.1941,All SNPs
5.1941,All SNPs
5.1941,All SNPs
5.1941,All SNPs
5.1941,All SNPs
3.6822,All SNPs
3.6822,All SNPs
3.6822,All SNPs
4.42,All SNPs
3.4849,All SNPs
3.4847,All SNPs
0.80625,All SNPs
0.80625,All SNPs
0.80625,All SNPs
0.80625,All SNPs
0.80625,All SNPs
0.80625,All SNPs
0.80625,All SNPs
0.80625,All SNPs
0.80625,All SNPs
0.80625,All SNPs
0.80625,All SNPs
0.80625,All SNPs
0.80625,All SNPs
0.80625,All SNPs
0.80625,All SNPs
0.80625,All SNPs
0.80625,All SNPs
0.80625,All SNPs
0.80625,All SNPs
0.80625,All SNPs
0.80625,All SNPs
0.80625,All SNPs
0.80625,All SNPs
0.80625,All SNPs
0.80625,All SNPs
0.80625,All SNPs
0.80625,All SNPs
0.80625,All SNPs
0.80625,All SNPs
0.80625,All SNPs
0.80625,All SNPs
0.80625,All SNPs
0.80625,All SNPs
0.80625,All SNPs
0.86831,All SNPs
0.86831,All SNPs
0.86831,All SNPs
0.86831,All SNPs
4.9684,All SNPs
4.9684,All SNPs
4.9684,All SNPs
4.9684,All SNPs
0.77421,All SNPs
0.77421,All SNPs
4.7898,All SNPs
4.7898,All SNPs
4.7898,All SNPs
0.9475,All SNPs
0.9475,All SNPs
0.61983,All SNPs
0.61983,All SNPs
0.96747,All SNPs
3.4693,All SNPs
3.4693,All SNPs
3.4693,All SNPs
3.4693,All SNPs
3.4693,All SNPs
0.35044,All SNPs
0.35044,All SNPs
5.175,All SNPs
3.5882,All SNPs
3.5882,All SNPs
1.0794,All SNPs
1.0794,All SNPs
1.0794,All SNPs
6.6002,All SNPs
6.6002,All SNPs
6.6002,All SNPs
6.6002,All SNPs
5.5573,All SNPs
5.5573,All SNPs
0.25796,All SNPs
0.25796,All SNPs
0.25796,All SNPs
0.25796,All SNPs
0.25796,All SNPs
0.81608,All SNPs
0.81608,All SNPs
0.81608,All SNPs
0.81608,All SNPs
4.9003,All SNPs
4.9003,All SNPs
4.9003,All SNPs
4.9003,All SNPs
4.9003,All SNPs
4.9003,All SNPs
4.9003,All SNPs
4.9003,All SNPs
4.9003,All SNPs
4.9003,All SNPs
4.9003,All SNPs
4.9003,All SNPs
4.9003,All SNPs
4.9003,All SNPs
4.9003,All SNPs
1.0388,All SNPs
5.3288,All SNPs
5.3288,All SNPs
5.3288,All SNPs
5.3288,All SNPs
5.3288,All SNPs
5.3288,All SNPs
5.3288,All SNPs
5.3288,All SNPs
5.2882,All SNPs
3.9195,All SNPs
0.33964,All SNPs
0.33964,All SNPs
3.4328,All SNPs
4.7917,All SNPs
4.7917,All SNPs
4.7917,All SNPs
0.78725,All SNPs
0.78725,All SNPs
0.78725,All SNPs
4.112,All SNPs
5.9544,All SNPs
5.9544,All SNPs
5.9544,All SNPs
5.9544,All SNPs
4.4299,All SNPs
4.4299,All SNPs
4.4299,All SNPs
4.4299,All SNPs
4.6703,All SNPs
4.6703,All SNPs
4.6703,All SNPs
4.6703,All SNPs
4.6703,All SNPs
4.6703,All SNPs
4.6703,All SNPs
4.6703,All SNPs
4.6703,All SNPs
1.1906,All SNPs
1.1906,All SNPs
1.1906,All SNPs
1.1906,All SNPs
1.1906,All SNPs
1.1906,All SNPs
1.1906,All SNPs
1.1906,All SNPs
1.1906,All SNPs
1.1906,All SNPs
1.1906,All SNPs
1.1906,All SNPs
1.1906,All SNPs
1.1906,All SNPs
1.1906,All SNPs
1.1906,All SNPs
1.1906,All SNPs
1.1906,All SNPs
1.1906,All SNPs
1.1906,All SNPs
1.1906,All SNPs
1.1906,All SNPs
1.1906,All SNPs
1.1906,All SNPs
1.1906,All SNPs
1.1906,All SNPs
1.1906,All SNPs
1.1906,All SNPs
1.1906,All SNPs
1.1906,All SNPs
1.3099,All SNPs
0.0031962,All SNPs
1.1476,All SNPs
5.0591,All SNPs
5.0591,All SNPs
5.0591,All SNPs
5.0591,All SNPs
5.0591,All SNPs
4.2153,All SNPs
4.4662,All SNPs
4.4662,All SNPs
4.4662,All SNPs
4.4662,All SNPs
4.4662,All SNPs
4.543,All SNPs
4.543,All SNPs
4.543,All SNPs
7.4523,All SNPs
7.4523,All SNPs
0.50739,All SNPs
6.3982,All SNPs
0.52149,All SNPs
0.52149,All SNPs
0.52149,All SNPs
0.52149,All SNPs
0.52149,All SNPs
0.95987,All SNPs
0.95987,All SNPs
1.1771,All SNPs
1.1771,All SNPs
1.1771,All SNPs
5.3721,All SNPs
5.3721,All SNPs
4.4074,All SNPs
4.4074,All SNPs
4.4074,All SNPs
4.4074,All SNPs
4.4074,All SNPs
0.86186,All SNPs
0.86186,All SNPs
0.86186,All SNPs
0.86186,All SNPs
0.86186,All SNPs
0.86186,All SNPs
0.86186,All SNPs
0.86186,All SNPs
0.86186,All SNPs
0.86186,All SNPs
0.86186,All SNPs
0.86186,All SNPs
0.86186,All SNPs
0.86186,All SNPs
0.86186,All SNPs
0.86186,All SNPs
0.86186,All SNPs
5.0777,All SNPs
4.7294,All SNPs
0.93108,All SNPs
0.93108,All SNPs
0.84257,All SNPs
0.84257,All SNPs
0.84257,All SNPs
1.2503,All SNPs
1.1448,All SNPs
1.1448,All SNPs
1.1448,All SNPs
1.1448,All SNPs
1.1448,All SNPs
0.85306,All SNPs
0.47457,All SNPs
0.47457,All SNPs
1.1434,All SNPs
3.7203,All SNPs
3.7203,All SNPs
0.2843,All SNPs
0.2843,All SNPs
4.7217,All SNPs
4.9556,All SNPs
4.9556,All SNPs
4.9556,All SNPs
4.9556,All SNPs
4.9556,All SNPs
4.9556,All SNPs
4.9556,All SNPs
4.9556,All SNPs
4.9556,All SNPs
4.9556,All SNPs
4.9556,All SNPs
4.9556,All SNPs
4.7304,All SNPs
4.7304,All SNPs
4.7304,All SNPs
4.7304,All SNPs
4.7304,All SNPs
4.7304,All SNPs
4.7304,All SNPs
4.7304,All SNPs
4.7304,All SNPs
4.7304,All SNPs
4.7304,All SNPs
4.7304,All SNPs
5.1461,All SNPs
5.1461,All SNPs
0.53043,All SNPs
0.58883,All SNPs
1.1017,All SNPs
1.2144,All SNPs
4.5066,All SNPs
4.5066,All SNPs
4.5066,All SNPs
4.5066,All SNPs
4.5066,All SNPs
4.5066,All SNPs
4.5066,All SNPs
4.5066,All SNPs
4.5066,All SNPs
4.5066,All SNPs
7.2609,All SNPs
0.56041,All SNPs
0.46163,All SNPs
0.46163,All SNPs
0.46163,All SNPs
4.7943,All SNPs
3.416,All SNPs
3.416,All SNPs
0.84296,All SNPs
0.84296,All SNPs
0.84296,All SNPs
0.84296,All SNPs
0.84296,All SNPs
0.84296,All SNPs
0.84296,All SNPs
0.84296,All SNPs
0.5975,All SNPs
0.5975,All SNPs
